primaryTitle;titleType;startYear;runtimeMinutes;genre;director;averageRating;numVotes
The Shawshank Redemption;movie;1994;142;Drama;Frank Darabont;9.3;3105778
The Dark Knight;movie;2008;152;Action;Christopher Nolan;9.1;3080730
The Godfather;movie;1972;175;Crime;Francis Ford Coppola;9.2;2164601
The Lord of the Rings: The Return of the King;movie;2003;201;Adventure;Peter Jackson;9.0;2110658
Inception;movie;2010;148;Action;Christopher Nolan;8.8;2736172
The Lord of the Rings: The Fellowship of the Ring;movie;2001;178;Adventure;Peter Jackson;8.9;2144943
Fight Club;movie;1999;139;Crime;David Fincher;8.8;2520805
Forrest Gump;movie;1994;142;Drama;Robert Zemeckis;8.8;2425013
Pulp Fiction;movie;1994;154;Crime;Quentin Tarantino;8.8;2373494
Schindler's List;movie;1993;195;Biography;Steven Spielberg;9.0;1548471
Interstellar;movie;2014;169;Adventure;Christopher Nolan;8.7;2413156
The Godfather Part II;movie;1974;202;Crime;Francis Ford Coppola;9.0;1454624
The Lord of the Rings: The Two Towers;movie;2002;179;Adventure;Peter Jackson;8.8;1904333
The Matrix;movie;1999;136;Action;Lana Wachowski;8.7;2191266
Se7en;movie;1995;127;Crime;David Fincher;8.6;1955166
12 Angry Men;movie;1957;96;Crime;Sidney Lumet;9.0;950542
Star Wars: Episode V - The Empire Strikes Back;movie;1980;124;Action;Irvin Kershner;8.7;1467628
The Silence of the Lambs;movie;1991;118;Crime;Jonathan Demme;8.6;1666468
Saving Private Ryan;movie;1998;169;Drama;Steven Spielberg;8.6;1596083
Goodfellas;movie;1990;145;Biography;Martin Scorsese;8.7;1352177
Django Unchained;movie;2012;165;Drama;Quentin Tarantino;8.5;1826870
Star Wars: Episode IV - A New Hope;movie;1977;121;Action;George Lucas;8.6;1534192
Gladiator;movie;2000;155;Action;Ridley Scott;8.5;1797075
The Green Mile;movie;1999;189;Crime;Frank Darabont;8.6;1514560
The Dark Knight Rises;movie;2012;164;Action;Christopher Nolan;8.4;1945230
One Flew Over the Cuckoo's Nest;movie;1975;133;Drama;Milos Forman;8.7;1132887
The Prestige;movie;2006;130;Drama;Christopher Nolan;8.5;1543429
The Departed;movie;2006;151;Crime;Martin Scorsese;8.5;1514772
Terminator 2: Judgment Day;movie;1991;137;Action;James Cameron;8.6;1252840
Inglourious Basterds;movie;2009;153;Adventure;Quentin Tarantino;8.4;1722538
The Good, the Bad and the Ugly;movie;1966;178;Adventure;Sergio Leone;8.8;869530
Back to the Future;movie;1985;116;Adventure;Robert Zemeckis;8.5;1405040
Léon: The Professional;movie;1994;110;Action;Luc Besson;8.5;1321757
American History X;movie;1998;119;Crime;Tony Kaye;8.5;1247166
The Lion King;movie;1994;88;Adventure;Roger Allers;8.5;1224939
The Usual Suspects;movie;1995;106;Crime;Bryan Singer;8.5;1208848
Memento;movie;2000;113;Drama;Christopher Nolan;8.4;1401293
Avengers: Endgame;movie;2019;181;Action;Anthony Russo;8.4;1392054
Joker;movie;2019;122;Crime;Todd Phillips;8.3;1644032
Avengers: Infinity War;movie;2018;149;Action;Anthony Russo;8.4;1322530
Parasite;movie;2019;132;Drama;Bong Joon Ho;8.5;1104260
Whiplash;movie;2014;106;Drama;Damien Chazelle;8.5;1103142
Spirited Away;movie;2001;124;Adventure;Hayao Miyazaki;8.6;933000
WALL·E;movie;2008;98;Adventure;Andrew Stanton;8.4;1283536
The Wolf of Wall Street;movie;2013;180;Biography;Martin Scorsese;8.2;1724939
Alien;movie;1979;117;Horror;Ridley Scott;8.5;1036027
Batman Begins;movie;2005;140;Action;Christopher Nolan;8.2;1673916
The Shining;movie;1980;146;Drama;Stanley Kubrick;8.4;1187551
City of God;movie;2002;130;Crime;Fernando Meirelles;8.6;850552
The Intouchables;movie;2011;112;Comedy;Olivier Nakache;8.5;996262
The Pianist;movie;2002;150;Biography;Roman Polanski;8.5;985597
Shutter Island;movie;2010;138;Drama;Martin Scorsese;8.2;1585046
Life Is Beautiful;movie;1997;116;Comedy;Roberto Benigni;8.6;791418
Raiders of the Lost Ark;movie;1981;115;Action;Steven Spielberg;8.4;1088887
American Beauty;movie;1999;122;Drama;Sam Mendes;8.3;1261973
Up;movie;2009;96;Adventure;Pete Docter;8.3;1203585
Star Wars: Episode VI - Return of the Jedi;movie;1983;131;Action;Richard Marquand;8.3;1183131
Good Will Hunting;movie;1997;126;Drama;Gus Van Sant;8.3;1166507
Eternal Sunshine of the Spotless Mind;movie;2004;108;Drama;Michel Gondry;8.3;1154989
Reservoir Dogs;movie;1992;99;Crime;Quentin Tarantino;8.3;1148012
Toy Story;movie;1995;81;Adventure;John Lasseter;8.3;1142983
Braveheart;movie;1995;178;Biography;Mel Gibson;8.3;1142110
The Truman Show;movie;1998;103;Comedy;Peter Weir;8.2;1319393
Kill Bill: Vol. 1;movie;2003;111;Action;Quentin Tarantino;8.2;1270212
Psycho;movie;1960;109;Drama;Alfred Hitchcock;8.5;764744
Finding Nemo;movie;2003;100;Adventure;Andrew Stanton;8.2;1178637
Scarface;movie;1983;170;Crime;Brian De Palma;8.3;987169
No Country for Old Men;movie;2007;122;Crime;Ethan Coen;8.2;1150471
Jurassic Park;movie;1993;127;Action;Steven Spielberg;8.2;1146545
Aliens;movie;1986;137;Action;James Cameron;8.4;821891
Requiem for a Dream;movie;2000;102;Drama;Darren Aronofsky;8.3;952867
Toy Story 3;movie;2010;103;Adventure;Lee Unkrich;8.3;946838
Oppenheimer;movie;2023;180;Biography;Christopher Nolan;8.3;943996
The Sixth Sense;movie;1999;107;Drama;M. Night Shyamalan;8.2;1116387
Dune: Part Two;movie;2024;166;Action;Denis Villeneuve;8.5;670363
Pirates of the Caribbean: The Curse of the Black Pearl;movie;2003;143;Action;Gore Verbinski;8.1;1289373
The Avengers;movie;2012;143;Action;Joss Whedon;8.0;1529007
Spider-Man: Into the Spider-Verse;movie;2018;117;Action;Bob Persichetti;8.4;753967
Apocalypse Now;movie;1979;147;Drama;Francis Ford Coppola;8.4;752888
Casablanca;movie;1942;102;Drama;Michael Curtiz;8.5;640934
V for Vendetta;movie;2005;132;Action;James McTeigue;8.1;1227711
A Beautiful Mind;movie;2001;135;Biography;Ron Howard;8.2;1034662
It's a Wonderful Life;movie;1946;130;Drama;Frank Capra;8.6;535178
Catch Me If You Can;movie;2002;141;Biography;Steven Spielberg;8.1;1191285
Die Hard;movie;1988;132;Action;John McTiernan;8.2;1002792
Taxi Driver;movie;1976;114;Crime;Martin Scorsese;8.2;997949
Mad Max: Fury Road;movie;2015;120;Action;George Miller;8.1;1183496
Spider-Man: No Way Home;movie;2021;148;Action;Jon Watts;8.2;980350
Amélie;movie;2001;122;Comedy;Jean-Pierre Jeunet;8.3;826803
Gone Girl;movie;2014;149;Drama;David Fincher;8.1;1140090
Snatch;movie;2000;102;Comedy;Guy Ritchie;8.2;958248
Guardians of the Galaxy;movie;2014;121;Action;James Gunn;8.0;1336718
The Kashmir Files;movie;2022;170;Drama;Vivek Agnihotri;8.5;577438
Coco;movie;2017;105;Adventure;Lee Unkrich;8.4;670892
A Clockwork Orange;movie;1971;136;Crime;Stanley Kubrick;8.2;921754
Heat;movie;1995;170;Action;Michael Mann;8.3;775503
2001: A Space Odyssey;movie;1968;149;Adventure;Stanley Kubrick;8.3;765226
Rear Window;movie;1954;112;Drama;Alfred Hitchcock;8.5;555497
Prisoners;movie;2013;153;Crime;Denis Villeneuve;8.2;896905
Monsters, Inc.;movie;2001;92;Adventure;Pete Docter;8.1;1046361
Deadpool;movie;2016;108;Action;Tim Miller;8.0;1226317
Avatar;movie;2009;162;Action;James Cameron;7.9;1447936
Harry Potter and the Deathly Hallows: Part 2;movie;2011;130;Adventure;David Yates;8.1;1016127
Indiana Jones and the Last Crusade;movie;1989;127;Action;Steven Spielberg;8.2;849019
Full Metal Jacket;movie;1987;116;Drama;Stanley Kubrick;8.2;834092
The Terminator;movie;1984;107;Action;James Cameron;8.1;979713
Oldboy;movie;2003;120;Action;Park Chan-wook;8.3;695116
Titanic;movie;1997;194;Drama;James Cameron;7.9;1358374
Top Gun: Maverick;movie;2022;130;Action;Joseph Kosinski;8.2;806461
The Grand Budapest Hotel;movie;2014;99;Comedy;Wes Anderson;8.1;942672
Spider-Man: Across the Spider-Verse;movie;2023;140;Action;Joaquim Dos Santos;8.5;483177
Ratatouille;movie;2007;111;Adventure;Brad Bird;8.1;908818
Logan;movie;2017;137;Action;James Mangold;8.1;905140
The Big Lebowski;movie;1998;117;Comedy;Joel Coen;8.1;901375
Inside Out;movie;2015;95;Adventure;Pete Docter;8.1;886420
1917;movie;2019;119;Action;Sam Mendes;8.2;744957
How to Train Your Dragon;movie;2010;98;Action;Dean DeBlois;8.1;868334
Pan's Labyrinth;movie;2006;118;Drama;Guillermo del Toro;8.2;733259
Seven Samurai;movie;1954;207;Action;Akira Kurosawa;8.6;391161
Blade Runner;movie;1982;117;Action;Ridley Scott;8.1;865316
Gran Torino;movie;2008;116;Drama;Clint Eastwood;8.1;848748
Iron Man;movie;2008;126;Action;Jon Favreau;7.9;1194233
The Martian;movie;2015;144;Adventure;Ridley Scott;8.0;982228
Dune: Part One;movie;2021;155;Action;Denis Villeneuve;8.0;980384
There Will Be Blood;movie;2007;158;Drama;Paul Thomas Anderson;8.2;685537
The Revenant;movie;2015;156;Adventure;Alejandro G. Iñárritu;8.0;924436
Green Book;movie;2018;130;Biography;Peter Farrelly;8.2;655781
12 Years a Slave;movie;2013;134;Biography;Steve McQueen;8.1;773014
Fargo;movie;1996;98;Crime;Joel Coen;8.1;766371
L.A. Confidential;movie;1997;138;Crime;Curtis Hanson;8.2;648554
Slumdog Millionaire;movie;2008;120;Crime;Danny Boyle;8.0;900802
3 Idiots;movie;2009;170;Comedy;Rajkumar Hirani;8.4;468580
Trainspotting;movie;1996;93;Crime;Danny Boyle;8.1;757712
Donnie Darko;movie;2001;113;Drama;Richard Kelly;8.0;893961
Million Dollar Baby;movie;2004;132;Drama;Clint Eastwood;8.1;754469
Dr. Strangelove or: How I Learned to Stop Worrying and Love the Bomb;movie;1964;95;Comedy;Stanley Kubrick;8.3;543825
The Incredibles;movie;2004;115;Action;Brad Bird;8.0;874360
Amadeus;movie;1984;160;Biography;Milos Forman;8.4;455514
Black Swan;movie;2010;108;Drama;Darren Aronofsky;8.0;871116
The Imitation Game;movie;2014;114;Biography;Morten Tyldum;8.0;863083
Jaws;movie;1975;124;Adventure;Steven Spielberg;8.1;718010
Kill Bill: Vol. 2;movie;2004;137;Action;Quentin Tarantino;8.0;848469
Casino;movie;1995;178;Crime;Martin Scorsese;8.2;603199
Once Upon a Time in the West;movie;1968;166;Drama;Sergio Leone;8.5;374608
Monty Python and the Holy Grail;movie;1975;91;Adventure;Terry Gilliam;8.2;594555
The Lives of Others;movie;2006;137;Drama;Florian Henckel von Donnersmarck;8.4;433171
Sin City;movie;2005;124;Crime;Frank Miller;8.0;813394
Grave of the Fireflies;movie;1988;88;Animation;Isao Takahata;8.5;363720
Rocky;movie;1976;120;Drama;John G. Avildsen;8.1;672131
Hacksaw Ridge;movie;2016;139;Biography;Mel Gibson;8.1;654717
Princess Mononoke;movie;1997;133;Adventure;Hayao Miyazaki;8.3;469823
Lock, Stock and Two Smoking Barrels;movie;1998;107;Comedy;Guy Ritchie;8.1;641329
Thor: Ragnarok;movie;2017;130;Action;Taika Waititi;7.9;872109
La La Land;movie;2016;128;Comedy;Damien Chazelle;8.0;735037
Blade Runner 2049;movie;2017;164;Action;Denis Villeneuve;8.0;729312
Groundhog Day;movie;1993;101;Comedy;Harold Ramis;8.0;726640
Casino Royale;movie;2006;144;Action;Martin Campbell;8.0;726624
The King's Speech;movie;2010;118;Biography;Tom Hooper;8.0;726068
Dead Poets Society;movie;1989;128;Comedy;Peter Weir;8.1;614481
Her;movie;2013;126;Drama;Spike Jonze;8.0;712548
The Thing;movie;1982;109;Horror;John Carpenter;8.2;509224
Your Name.;movie;2016;106;Animation;Makoto Shinkai;8.4;371539
Arrival;movie;2016;116;Drama;Denis Villeneuve;7.9;835727
Knives Out;movie;2019;130;Comedy;Rian Johnson;7.9;833061
Three Billboards Outside Ebbing, Missouri;movie;2017;115;Comedy;Martin McDonagh;8.1;592440
Into the Wild;movie;2007;148;Adventure;Sean Penn;8.0;687342
Howl's Moving Castle;movie;2004;119;Adventure;Hayao Miyazaki;8.2;495207
Cinema Paradiso;movie;1988;174;Drama;Giuseppe Tornatore;8.5;307424
The Bourne Ultimatum;movie;2007;115;Action;Paul Greengrass;8.0;675959
Citizen Kane;movie;1941;119;Drama;Orson Welles;8.2;486771
12 Monkeys;movie;1995;129;Mystery;Terry Gilliam;8.0;670100
Shrek;movie;2001;90;Adventure;Andrew Adamson;7.9;788432
Edge of Tomorrow;movie;2014;113;Action;Doug Liman;7.9;786157
X-Men: Days of Future Past;movie;2014;132;Action;Bryan Singer;7.9;777721
Once Upon a Time in America;movie;1984;229;Crime;Sergio Leone;8.3;400633
The Hobbit: An Unexpected Journey;movie;2012;169;Adventure;Peter Jackson;7.8;912247
Rush;movie;2013;123;Biography;Ron Howard;8.1;546165
The Hunt;movie;2012;115;Drama;Thomas Vinterberg;8.3;396644
Captain America: Civil War;movie;2016;147;Action;Anthony Russo;7.8;905033
Ford v Ferrari;movie;2019;152;Action;James Mangold;8.1;544154
Unforgiven;movie;1992;130;Drama;Clint Eastwood;8.2;460336
The Batman;movie;2022;176;Action;Matt Reeves;7.8;897573
Harry Potter and the Prisoner of Azkaban;movie;2004;142;Adventure;Alfonso Cuarón;7.9;743418
District 9;movie;2009;112;Action;Neill Blomkamp;7.9;742264
Vertigo;movie;1958;128;Mystery;Alfred Hitchcock;8.2;451205
Spotlight;movie;2015;129;Biography;Tom McCarthy;8.1;525557
Blood Diamond;movie;2006;143;Adventure;Edward Zwick;8.0;614931
Warrior;movie;2011;140;Action;Gavin O'Connor;8.1;520644
The Help;movie;2011;146;Drama;Tate Taylor;8.1;520012
Modern Times;movie;1936;87;Comedy;Charles Chaplin;8.5;277442
The Pursuit of Happyness;movie;2006;117;Biography;Gabriele Muccino;8.0;603122
Star Wars: Episode VII - The Force Awakens;movie;2015;138;Action;J.J. Abrams;7.7;1010577
Zootopia;movie;2016;108;Action;Byron Howard;8.0;593577
North by Northwest;movie;1959;136;Adventure;Alfred Hitchcock;8.3;364329
Life of Pi;movie;2012;127;Adventure;Ang Lee;7.9;691086
Jai Bhim;movie;2021;164;Crime;T.J. Gnanavel;8.6;229623
The Exorcist;movie;1973;122;Horror;William Friedkin;8.1;486447
Rain Man;movie;1988;133;Drama;Barry Levinson;8.0;572567
The Social Network;movie;2010;120;Biography;David Fincher;7.8;801955
Captain America: The Winter Soldier;movie;2014;136;Action;Anthony Russo;7.7;950853
Dunkirk;movie;2017;106;Action;Christopher Nolan;7.8;786802
To Kill a Mockingbird;movie;1962;129;Crime;Robert Mulligan;8.3;346654
Room;movie;2015;118;Drama;Lenny Abrahamson;8.1;473156
Stand by Me;movie;1986;89;Adventure;Rob Reiner;8.1;472979
Get Out;movie;2017;104;Horror;Jordan Peele;7.8;781416
Toy Story 2;movie;1999;92;Adventure;John Lasseter;7.9;654375
Harry Potter and the Sorcerer's Stone;movie;2001;152;Adventure;Chris Columbus;7.7;920765
Platoon;movie;1986;120;Drama;Oliver Stone;8.1;462671
Downfall;movie;2004;156;Biography;Oliver Hirschbiegel;8.2;393449
The Hangover;movie;2009;100;Comedy;Todd Phillips;7.7;904465
Skyfall;movie;2012;143;Action;Sam Mendes;7.8;758227
Lawrence of Arabia;movie;1962;227;Adventure;David Lean;8.3;334141
The Wizard of Oz;movie;1939;102;Adventure;Victor Fleming;8.1;457082
Star Trek;movie;2009;127;Action;J.J. Abrams;7.9;632896
Bohemian Rhapsody;movie;2018;134;Biography;Bryan Singer;7.9;630828
Drive;movie;2011;100;Action;Nicolas Winding Refn;7.8;746569
Gravity;movie;2013;91;Drama;Alfonso Cuarón;7.7;888938
Das Boot;movie;1981;149;Drama;Wolfgang Petersen;8.4;282638
The Hobbit: The Desolation of Smaug;movie;2013;161;Adventure;Peter Jackson;7.8;740218
Rogue One: A Star Wars Story;movie;2016;133;Action;Gareth Edwards;7.8;738281
The Curious Case of Benjamin Button;movie;2008;166;Drama;David Fincher;7.8;731628
The Hateful Eight;movie;2015;168;Crime;Quentin Tarantino;7.8;704528
Beauty and the Beast;movie;1991;84;Animation;Gary Trousdale;8.0;497845
Aladdin;movie;1992;90;Adventure;Ron Clements;8.0;491771
My Neighbor Totoro;movie;1988;86;Adventure;Hayao Miyazaki;8.1;417578
The Perks of Being a Wallflower;movie;2012;103;Drama;Stephen Chbosky;7.9;579199
Cast Away;movie;2000;143;Adventure;Robert Zemeckis;7.8;675526
Gone with the Wind;movie;1939;238;Drama;Victor Fleming;8.2;350734
The Notebook;movie;2004;123;Drama;Nick Cassavetes;7.8;668302
The Princess Bride;movie;1987;98;Adventure;Rob Reiner;8.0;474077
Big Fish;movie;2003;125;Adventure;Tim Burton;8.0;473267
Raging Bull;movie;1980;129;Biography;Martin Scorsese;8.1;401487
Sunset Boulevard;movie;1950;110;Drama;Billy Wilder;8.4;253066
Children of Men;movie;2006;109;Drama;Alfonso Cuarón;7.9;555380
The Great Dictator;movie;1940;125;Comedy;Charles Chaplin;8.4;252147
Once Upon a Time... in Hollywood;movie;2019;161;Comedy;Quentin Tarantino;7.6;930886
Nightcrawler;movie;2014;117;Crime;Dan Gilroy;7.8;649444
Silver Linings Playbook;movie;2012;122;Comedy;David O. Russell;7.7;764794
Kingsman: The Secret Service;movie;2014;129;Action;Matthew Vaughn;7.7;762752
Dallas Buyers Club;movie;2013;117;Biography;Jean-Marc Vallée;7.9;539895
Hotel Rwanda;movie;2004;121;Biography;Terry George;8.1;387244
X-Men: First Class;movie;2011;131;Action;Matthew Vaughn;7.7;754142
Star Wars: Episode III - Revenge of the Sith;movie;2005;140;Action;George Lucas;7.6;899990
300;movie;2006;117;Action;Zack Snyder;7.6;899829
City Lights;movie;1931;87;Comedy;Charles Chaplin;8.5;210010
Shaun of the Dead;movie;2004;99;Comedy;Edgar Wright;7.8;627614
12th Fail;movie;2023;147;Biography;Vidhu Vinod Chopra;8.7;157060
The Deer Hunter;movie;1978;183;Drama;Michael Cimino;8.1;380375
Singin' in the Rain;movie;1952;103;Comedy;Stanley Donen;8.3;276589
Harry Potter and the Goblet of Fire;movie;2005;157;Adventure;Mike Newell;7.7;730537
A Separation;movie;2011;123;Drama;Asghar Farhadi;8.3;273050
Back to the Future Part II;movie;1989;108;Adventure;Robert Zemeckis;7.8;607092
Chinatown;movie;1974;130;Drama;Roman Polanski;8.1;370161
Mystic River;movie;2003;138;Crime;Clint Eastwood;7.9;511203
The Bourne Identity;movie;2002;119;Action;Doug Liman;7.8;601737
Monty Python's Life of Brian;movie;1979;94;Comedy;Terry Jones;8.0;431252
Before Sunrise;movie;1995;101;Comedy;Richard Linklater;8.1;366696
Paths of Glory;movie;1957;88;Drama;Stanley Kubrick;8.4;230799
Home Alone;movie;1990;103;Comedy;Chris Columbus;7.7;707283
Everything Everywhere All at Once;movie;2022;139;Action;Daniel Kwan;7.8;593430
Soul;movie;2020;100;Adventure;Pete Docter;8.0;417213
Birdman or (The Unexpected Virtue of Ignorance);movie;2014;119;Comedy;Alejandro G. Iñárritu;7.7;688662
In Bruges;movie;2008;107;Comedy;Martin McDonagh;7.9;484658
Some Like It Hot;movie;1959;121;Comedy;Billy Wilder;8.2;299351
Guardians of the Galaxy Vol. 2;movie;2017;136;Action;James Gunn;7.6;809562
American Psycho;movie;2000;102;Crime;Mary Harron;7.6;801339
Jojo Rabbit;movie;2019;108;Comedy;Taika Waititi;7.9;475799
The Sting;movie;1973;129;Comedy;George Roy Hill;8.2;294513
For a Few Dollars More;movie;1965;132;Drama;Sergio Leone;8.2;293743
Hot Fuzz;movie;2007;121;Action;Edgar Wright;7.8;557759
Taken;movie;2008;90;Action;Pierre Morel;7.7;662134
Ocean's Eleven;movie;2001;116;Crime;Steven Soderbergh;7.7;657820
Argo;movie;2012;120;Biography;Ben Affleck;7.7;657459
Edward Scissorhands;movie;1990;105;Drama;Tim Burton;7.8;553072
Zack Snyder's Justice League;movie;2021;242;Action;Zack Snyder;7.9;464559
Zodiac;movie;2007;157;Crime;David Fincher;7.7;650333
Little Miss Sunshine;movie;2006;101;Comedy;Jonathan Dayton;7.8;545892
Hachi: A Dog's Tale;movie;2009;93;Biography;Lasse Hallström;8.1;334108
E.T. the Extra-Terrestrial;movie;1982;115;Adventure;Steven Spielberg;7.9;460804
Harry Potter and the Deathly Hallows: Part 1;movie;2010;146;Adventure;David Yates;7.7;643456
Big Hero 6;movie;2014;102;Action;Don Hall;7.8;539480
Guardians of the Galaxy Vol. 3;movie;2023;150;Action;James Gunn;7.9;448551
Ex Machina;movie;2014;108;Drama;Alex Garland;7.7;624825
The Elephant Man;movie;1980;124;Biography;David Lynch;8.2;276802
Incendies;movie;2010;131;Drama;Denis Villeneuve;8.3;237450
The Big Short;movie;2015;130;Biography;Adam McKay;7.8;522466
The Girl with the Dragon Tattoo;movie;2011;158;Crime;David Fincher;7.8;519566
The Great Escape;movie;1963;172;Adventure;John Sturges;8.2;272467
Deadpool 2;movie;2018;119;Action;David Leitch;7.6;726660
Dangal;movie;2016;161;Action;Nitesh Tiwari;8.3;232733
Captain Phillips;movie;2013;134;Action;Paul Greengrass;7.8;512425
Doctor Strange;movie;2016;115;Action;Scott Derrickson;7.5;859945
Training Day;movie;2001;122;Crime;Antoine Fuqua;7.8;503969
Before Sunset;movie;2004;80;Drama;Richard Linklater;8.1;307448
Scent of a Woman;movie;1992;156;Drama;Martin Brest;8.0;358293
Like Stars on Earth;movie;2007;162;Drama;Aamir Khan;8.3;225312
The Last Samurai;movie;2003;154;Action;Edward Zwick;7.8;494872
Mulholland Drive;movie;2001;147;Drama;David Lynch;7.9;415695
Predator;movie;1987;107;Action;John McTiernan;7.8;486076
Superbad;movie;2007;113;Comedy;Greg Mottola;7.6;675894
American Gangster;movie;2007;157;Biography;Ridley Scott;7.8;477400
Ghostbusters;movie;1984;105;Action;Ivan Reitman;7.8;476433
John Wick;movie;2014;101;Action;Chad Stahelski;7.5;802158
Magnolia;movie;1999;188;Drama;Paul Thomas Anderson;8.0;342728
The Nightmare Before Christmas;movie;1993;76;Animation;Henry Selick;7.9;400153
The Apartment;movie;1960;125;Comedy;Billy Wilder;8.3;213053
Spider-Man;movie;2002;121;Action;Sam Raimi;7.4;941150
The Breakfast Club;movie;1985;97;Comedy;John Hughes;7.8;463841
The Irishman;movie;2019;209;Biography;Martin Scorsese;7.8;460605
The Sound of Music;movie;1965;174;Biography;Robert Wise;8.1;282708
Harry Potter and the Half-Blood Prince;movie;2009;153;Action;David Yates;7.6;639813
Spider-Man 2;movie;2004;127;Action;Sam Raimi;7.5;762552
The Hunger Games: Catching Fire;movie;2013;146;Action;Francis Lawrence;7.5;757871
Tangled;movie;2010;100;Adventure;Nathan Greno;7.7;530518
The Secret in Their Eyes;movie;2009;129;Drama;Juan José Campanella;8.2;236983
Boyhood;movie;2014;165;Drama;Richard Linklater;7.9;377889
The Gentlemen;movie;2019;113;Action;Guy Ritchie;7.8;442447
Harry Potter and the Chamber of Secrets;movie;2002;161;Adventure;Chris Columbus;7.5;743352
Despicable Me;movie;2010;95;Adventure;Pierre Coffin;7.6;618730
Sicario;movie;2015;121;Action;Denis Villeneuve;7.7;519324
Lost in Translation;movie;2003;102;Comedy;Sofia Coppola;7.7;517635
Kick-Ass;movie;2010;117;Action;Matthew Vaughn;7.6;614173
Soorarai Pottru;movie;2020;153;Drama;Sudha Kongara;8.6;129651
Minority Report;movie;2002;145;Action;Steven Spielberg;7.6;610076
Ben-Hur;movie;1959;212;Adventure;William Wyler;8.1;266624
Metropolis;movie;1927;153;Drama;Fritz Lang;8.3;197124
Marriage Story;movie;2019;137;Drama;Noah Baumbach;7.9;364927
Watchmen;movie;2009;162;Action;Zack Snyder;7.6;603735
500 Days of Summer;movie;2009;95;Comedy;Marc Webb;7.6;602308
Star Trek Into Darkness;movie;2013;132;Action;J.J. Abrams;7.7;506403
The Bourne Supremacy;movie;2004;108;Action;Paul Greengrass;7.7;504785
Rise of the Planet of the Apes;movie;2011;105;Action;Rupert Wyatt;7.6;598045
The Theory of Everything;movie;2014;123;Biography;James Marsh;7.7;502097
About Time;movie;2013;123;Comedy;Richard Curtis;7.8;420767
Dances with Wolves;movie;1990;181;Adventure;Kevin Costner;8.0;304375
Fury;movie;2014;134;Action;David Ayer;7.6;591003
Sherlock Holmes;movie;2009;128;Action;Guy Ritchie;7.5;696779
Klaus;movie;2019;96;Adventure;Sergio Pablos;8.2;220365
The Graduate;movie;1967;106;Comedy;Mike Nichols;8.0;299303
The Father;movie;2020;97;Drama;Florian Zeller;8.2;219962
Wreck-It Ralph;movie;2012;101;Adventure;Rich Moore;7.7;487037
Ferris Bueller's Day Off;movie;1986;103;Comedy;John Hughes;7.8;407924
Memories of Murder;movie;2003;132;Crime;Bong Joon Ho;8.1;252309
The Iron Giant;movie;1999;86;Action;Brad Bird;8.1;251278
Harry Potter and the Order of the Phoenix;movie;2007;138;Action;David Yates;7.5;678942
Avengers: Age of Ultron;movie;2015;141;Action;Joss Whedon;7.3;976902
Pirates of the Caribbean: Dead Man's Chest;movie;2006;151;Action;Gore Verbinski;7.4;808759
The Fighter;movie;2010;116;Action;David O. Russell;7.8;402577
Kung Fu Panda;movie;2008;92;Action;Mark Osborne;7.6;561729
Baby Driver;movie;2017;113;Action;Edgar Wright;7.5;664728
The Bridge on the River Kwai;movie;1957;161;Adventure;David Lean;8.1;245036
Dog Day Afternoon;movie;1975;125;Biography;Sidney Lumet;8.0;285945
How to Train Your Dragon 2;movie;2014;102;Action;Dean DeBlois;7.8;391559
Zombieland;movie;2009;88;Action;Ruben Fleischer;7.5;653924
M;movie;1931;99;Crime;Fritz Lang;8.3;179461
The Butterfly Effect;movie;2004;113;Drama;Eric Bress;7.6;546670
Moon;movie;2009;97;Drama;Duncan Jones;7.8;389560
The Game;movie;1997;129;Drama;David Fincher;7.7;459714
Crash;movie;2004;112;Crime;Paul Haggis;7.7;458145
Witness for the Prosecution;movie;1957;116;Crime;Billy Wilder;8.4;154112
Spider-Man: Homecoming;movie;2017;133;Action;Jon Watts;7.4;773878
The Wrestler;movie;2008;109;Drama;Darren Aronofsky;7.9;328036
Double Indemnity;movie;1944;107;Crime;Billy Wilder;8.3;177199
A Quiet Place;movie;2018;90;Drama;John Krasinski;7.5;640182
The Fifth Element;movie;1997;126;Action;Luc Besson;7.6;533837
Moonrise Kingdom;movie;2012;94;Adventure;Wes Anderson;7.8;378194
Black Hawk Down;movie;2001;144;Action;Ridley Scott;7.7;445731
Dial M for Murder;movie;1954;105;Crime;Alfred Hitchcock;8.2;200822
Wild Tales;movie;2014;122;Comedy;Damián Szifron;8.1;232844
The Wild Robot;movie;2024;102;Adventure;Chris Sanders;8.2;199080
Amores Perros;movie;2000;154;Drama;Alejandro G. Iñárritu;8.0;269655
Black Panther;movie;2018;134;Action;Ryan Coogler;7.3;890603
The Hunger Games;movie;2012;142;Action;Gary Ross;7.2;1057990
Pride & Prejudice;movie;2005;129;Drama;Joe Wright;7.8;363474
Almost Famous;movie;2000;122;Adventure;Cameron Crowe;7.9;309051
Lion;movie;2016;118;Biography;Garth Davis;8.0;262401
The Conjuring;movie;2013;112;Horror;James Wan;7.5;602661
Dawn of the Planet of the Apes;movie;2014;130;Action;Matt Reeves;7.6;504706
Saw;movie;2004;103;Horror;James Wan;7.6;498001
Poor Things;movie;2023;141;Comedy;Yorgos Lanthimos;7.8;355018
Moneyball;movie;2011;133;Biography;Bennett Miller;7.6;495992
Bicycle Thieves;movie;1948;89;Drama;Vittorio De Sica;8.2;188719
Frozen;movie;2013;102;Adventure;Chris Buck;7.4;697706
Apocalypto;movie;2006;139;Action;Mel Gibson;7.8;349735
La haine;movie;1995;98;Crime;Mathieu Kassovitz;8.1;217505
Boogie Nights;movie;1997;155;Drama;Paul Thomas Anderson;7.9;296646
The Untouchables;movie;1987;119;Crime;Brian De Palma;7.8;347947
Mission: Impossible - Fallout;movie;2018;147;Action;Christopher McQuarrie;7.7;410124
Call Me by Your Name;movie;2017;132;Drama;Luca Guadagnino;7.8;347115
Rosemary's Baby;movie;1968;137;Drama;Roman Polanski;8.0;251992
Man on Fire;movie;2004;146;Action;Tony Scott;7.7;409033
PK;movie;2014;153;Comedy;Rajkumar Hirani;8.1;215591
Brokeback Mountain;movie;2005;134;Drama;Ang Lee;7.7;407795
Fantastic Mr. Fox;movie;2009;87;Adventure;Wes Anderson;7.9;293975
The Lego Movie;movie;2014;100;Action;Phil Lord;7.7;407602
Source Code;movie;2011;93;Action;Duncan Jones;7.5;573567
Manchester by the Sea;movie;2016;137;Drama;Kenneth Lonergan;7.8;344023
Crouching Tiger, Hidden Dragon;movie;2000;120;Action;Ang Lee;7.9;290695
The Seventh Seal;movie;1957;96;Drama;Ingmar Bergman;8.1;211924
The Fugitive;movie;1993;130;Action;Andrew Davis;7.8;338726
Love Actually;movie;2003;135;Comedy;Richard Curtis;7.5;563104
Gandhi;movie;1982;191;Biography;Richard Attenborough;8.0;245335
Annie Hall;movie;1977;93;Comedy;Woody Allen;7.9;286317
Indiana Jones and the Temple of Doom;movie;1984;118;Action;Steven Spielberg;7.5;558672
Midnight in Paris;movie;2011;94;Comedy;Woody Allen;7.6;465147
Ice Age;movie;2002;81;Adventure;Chris Wedge;7.5;551639
Ip Man;movie;2008;106;Action;Wilson Yip;8.0;240446
Avatar: The Way of Water;movie;2022;192;Action;James Cameron;7.5;547118
Butch Cassidy and the Sundance Kid;movie;1969;110;Adventure;George Roy Hill;8.0;235681
Limitless;movie;2011;105;Sci-Fi;Neil Burger;7.4;636616
Deadpool & Wolverine;movie;2024;128;Action;Shawn Levy;7.5;531602
Atonement;movie;2007;123;Drama;Joe Wright;7.8;320107
The Godfather Part III;movie;1990;162;Crime;Francis Ford Coppola;7.6;445184
In the Name of the Father;movie;1993;133;Biography;Jim Sheridan;8.1;199018
Mary and Max;movie;2009;92;Animation;Adam Elliot;8.1;198740
Barry Lyndon;movie;1975;185;Adventure;Stanley Kubrick;8.1;197928
A Star Is Born;movie;2018;136;Drama;Bradley Cooper;7.6;440883
Looper;movie;2012;119;Action;Rian Johnson;7.4;621823
28 Days Later;movie;2002;113;Drama;Danny Boyle;7.5;520251
Serenity;movie;2005;119;Action;Joss Whedon;7.8;312655
The Machinist;movie;2004;101;Drama;Brad Anderson;7.6;434431
Spider-Man: Far from Home;movie;2019;129;Action;Jon Watts;7.4;614591
The Handmaiden;movie;2016;145;Drama;Park Chan-wook;8.1;194057
Being John Malkovich;movie;1999;113;Comedy;Spike Jonze;7.7;365208
The Chaos Class;movie;1975;85;Comedy;Ertem Egilmez;9.2;45116
Rashomon;movie;1950;88;Crime;Akira Kurosawa;8.1;192463
The Third Man;movie;1949;104;Drama;Carol Reed;8.1;192002
Back to the Future Part III;movie;1990;118;Adventure;Robert Zemeckis;7.5;507907
Wonder Woman;movie;2017;141;Action;Patty Jenkins;7.3;727109
The Hobbit: The Battle of the Five Armies;movie;2014;144;Adventure;Peter Jackson;7.4;605042
Moana;movie;2016;107;Adventure;Ron Clements;7.6;426185
X2: X-Men United;movie;2003;134;Action;Bryan Singer;7.4;603567
Die Hard with a Vengeance;movie;1995;128;Action;John McTiernan;7.6;424210
Crazy, Stupid, Love.;movie;2011;118;Comedy;Glenn Ficarra;7.4;601684
K.G.F: Chapter 2;movie;2022;166;Action;Prashanth Neel;8.2;163470
Akira;movie;1988;124;Action;Katsuhiro Ôtomo;8.0;220267
I Am Legend;movie;2007;101;Drama;Francis Lawrence;7.2;860675
The Fault in Our Stars;movie;2014;126;Drama;Josh Boone;7.6;418932
True Romance;movie;1993;119;Crime;Tony Scott;7.9;255912
Inside Man;movie;2006;129;Crime;Spike Lee;7.6;417963
The Others;movie;2001;104;Horror;Alejandro Amenábar;7.6;417030
Gangs of New York;movie;2002;167;Crime;Martin Scorsese;7.5;494337
Donnie Brasco;movie;1997;127;Biography;Mike Newell;7.7;349258
The Hurt Locker;movie;2008;131;Drama;Kathryn Bigelow;7.5;488744
Scott Pilgrim vs. the World;movie;2010;112;Action;Edgar Wright;7.5;487807
Capernaum;movie;2018;126;Drama;Nadine Labaki;8.4;119460
O Brother, Where Art Thou?;movie;2000;107;Adventure;Joel Coen;7.7;345595
Dil Bechara;movie;2020;101;Comedy;Mukesh Chhabra;8.3;136733
A Fistful of Dollars;movie;1964;99;Drama;Sergio Leone;7.9;248253
Network;movie;1976;121;Drama;Sidney Lumet;8.1;182426
Coraline;movie;2009;100;Animation;Henry Selick;7.8;290124
Gattaca;movie;1997;106;Drama;Andrew Niccol;7.7;340178
X-Men;movie;2000;104;Action;Bryan Singer;7.3;681248
Juno;movie;2007;96;Comedy;Jason Reitman;7.4;566756
Mulan;movie;1998;87;Adventure;Tony Bancroft;7.7;337691
Shershaah;movie;2021;135;Action;Vishnuvardhan;8.3;133913
Carlito's Way;movie;1993;144;Crime;Brian De Palma;7.9;243262
Lucky Number Slevin;movie;2006;110;Crime;Paul McGuigan;7.7;335298
Hamilton;movie;2020;160;Biography;Thomas Kail;8.3;133377
Planet of the Apes;movie;1968;112;Adventure;Franklin J. Schaffner;8.0;207377
All Quiet on the Western Front;movie;2022;148;Drama;Edward Berger;7.8;283786
John Wick: Chapter 4;movie;2023;169;Action;Chad Stahelski;7.6;394715
The Invisible Guest;movie;2016;106;Crime;Oriol Paulo;8.0;207028
Mission: Impossible - Ghost Protocol;movie;2011;132;Action;Brad Bird;7.4;557013
Cinderella Man;movie;2005;144;Biography;Ron Howard;8.0;206244
As Good as It Gets;movie;1997;139;Comedy;James L. Brooks;7.7;332153
John Wick: Chapter 2;movie;2017;122;Action;Chad Stahelski;7.4;554440
Apollo 13;movie;1995;140;Adventure;Ron Howard;7.7;330452
Hidden Figures;movie;2016;127;Biography;Theodore Melfi;7.8;280434
Halloween;movie;1978;91;Horror;John Carpenter;7.7;328714
It;movie;2017;135;Horror;Andy Muschietti;7.3;658532
On the Waterfront;movie;1954;108;Crime;Elia Kazan;8.1;174844
Collateral;movie;2004;120;Action;Michael Mann;7.5;457400
Walk the Line;movie;2005;136;Biography;James Mangold;7.8;276830
Men in Black;movie;1997;98;Action;Barry Sonnenfeld;7.3;649706
Iron Man 3;movie;2013;130;Action;Shane Black;7.1;945884
Shrek 2;movie;2004;93;Adventure;Andrew Adamson;7.4;540963
Little Women;movie;2019;135;Drama;Greta Gerwig;7.8;273977
Tenet;movie;2020;150;Action;Christopher Nolan;7.3;644298
The Blind Side;movie;2009;129;Biography;John Lee Hancock;7.6;379712
Ran;movie;1985;160;Action;Akira Kurosawa;8.2;147310
The Goonies;movie;1985;114;Adventure;Richard Donner;7.7;318220
All About Eve;movie;1950;138;Drama;Joseph L. Mankiewicz;8.2;146768
Ant-Man;movie;2015;117;Action;Peyton Reed;7.2;763861
Ready Player One;movie;2018;140;Action;Steven Spielberg;7.4;527291
Cool Hand Luke;movie;1967;127;Crime;Stuart Rosenberg;8.0;195525
Harakiri;movie;1962;133;Drama;Masaki Kobayashi;8.6;83466
True Grit;movie;2010;110;Drama;Ethan Coen;7.6;370549
The Terminal;movie;2004;128;Comedy;Steven Spielberg;7.4;522786
The Town;movie;2010;125;Crime;Ben Affleck;7.5;438263
Now You See Me;movie;2013;115;Crime;Louis Leterrier;7.2;750031
Castle in the Sky;movie;1986;124;Adventure;Hayao Miyazaki;8.0;193803
Nausicaä of the Valley of the Wind;movie;1984;117;Adventure;Hayao Miyazaki;8.0;193224
The Blues Brothers;movie;1980;133;Adventure;John Landis;7.9;225108
The Kid;movie;1921;68;Comedy;Charles Chaplin;8.2;143192
The Devil's Advocate;movie;1997;144;Drama;Taylor Hackford;7.5;432071
A Few Good Men;movie;1992;138;Drama;Rob Reiner;7.7;307706
Wind River;movie;2017;107;Crime;Taylor Sheridan;7.7;303835
Batman;movie;1989;126;Action;Tim Burton;7.5;425085
Yojimbo;movie;1961;110;Action;Akira Kurosawa;8.2;140093
Split;movie;2016;117;Horror;M. Night Shyamalan;7.3;603528
Troy;movie;2004;163;Action;Wolfgang Petersen;7.3;602122
The Treasure of the Sierra Madre;movie;1948;126;Adventure;John Huston;8.2;139162
Misery;movie;1990;107;Drama;Rob Reiner;7.8;254962
Rebecca;movie;1940;130;Drama;Alfred Hitchcock;8.1;160521
127 Hours;movie;2010;94;Biography;Danny Boyle;7.5;418532
Lord of War;movie;2005;122;Crime;Andrew Niccol;7.6;352872
The Artist;movie;2011;100;Comedy;Michel Hazanavicius;7.8;253540
Sherlock Holmes: A Game of Shadows;movie;2011;129;Action;Guy Ritchie;7.4;496438
50/50;movie;2011;100;Comedy;Jonathan Levine;7.6;349570
Man of Steel;movie;2013;143;Action;Zack Snyder;7.1;854145
First Blood;movie;1982;93;Action;Ted Kotcheff;7.7;294144
3:10 to Yuma;movie;2007;122;Action;James Mangold;7.6;346281
CODA;movie;2021;111;Comedy;Sian Heder;8.0;182533
Eyes Wide Shut;movie;1999;159;Drama;Stanley Kubrick;7.5;408656
In the Mood for Love;movie;2000;98;Drama;Wong Kar-Wai;8.0;182154
Captain Fantastic;movie;2016;118;Comedy;Matt Ross;7.8;246622
Come and See;movie;1985;142;Drama;Elem Klimov;8.3;116575
Bridge of Spies;movie;2015;142;Drama;Steven Spielberg;7.6;339782
The Holdovers;movie;2023;133;Comedy;Alexander Payne;7.9;208623
Remember the Titans;movie;2000;113;Biography;Boaz Yakin;7.8;244020
The Illusionist;movie;2006;110;Drama;Neil Burger;7.5;400175
JFK;movie;1991;189;Drama;Oliver Stone;8.0;178603
The Banshees of Inisherin;movie;2022;114;Comedy;Martin McDonagh;7.7;285782
The Aviator;movie;2004;170;Biography;Martin Scorsese;7.5;399424
Young Frankenstein;movie;1974;106;Comedy;Mel Brooks;8.0;177423
Jackie Brown;movie;1997;154;Crime;Quentin Tarantino;7.5;395489
Willy Wonka & the Chocolate Factory;movie;1971;100;Adventure;Mel Stuart;7.8;240091
Borat;movie;2006;84;Comedy;Larry Charles;7.4;466868
American Sniper;movie;2014;133;Action;Clint Eastwood;7.3;557970
John Wick: Chapter 3 - Parabellum;movie;2019;130;Action;Chad Stahelski;7.4;465984
Airplane!;movie;1980;88;Comedy;Jim Abrahams;7.7;280031
The Royal Tenenbaums;movie;2001;110;Comedy;Wes Anderson;7.6;327376
Creed;movie;2015;133;Action;Ryan Coogler;7.6;327227
Let the Right One In;movie;2008;114;Drama;Tomas Alfredson;7.8;236128
A Silent Voice: The Movie;movie;2016;130;Animation;Naoko Yamada;8.2;128983
The Matrix Reloaded;movie;2003;138;Action;Lana Wachowski;7.2;659262
Baahubali 2: The Conclusion;movie;2017;167;Action;S.S. Rajamouli;8.2;127785
Seven Pounds;movie;2008;123;Drama;Gabriele Muccino;7.6;322795
Don't Look Up;movie;2021;138;Comedy;Adam McKay;7.2;650962
Changeling;movie;2008;141;Biography;Clint Eastwood;7.7;272358
Primal Fear;movie;1996;129;Crime;Gregory Hoblit;7.7;271339
Thor;movie;2011;115;Action;Kenneth Branagh;7.0;947051
Straight Outta Compton;movie;2015;147;Biography;F. Gary Gray;7.8;230128
Philadelphia;movie;1993;125;Drama;Jonathan Demme;7.7;269472
Total Recall;movie;1990;113;Action;Paul Verhoeven;7.5;373970
The Girl with the Dragon Tattoo;movie;2009;152;Crime;Niels Arden Oplev;7.8;228170
Senna;movie;2010;106;Biography;Asif Kapadia;8.5;82533
The Boy in the Striped Pajamas;movie;2008;94;Drama;Mark Herman;7.7;266319
Mission: Impossible - Dead Reckoning Part One;movie;2023;163;Action;Christopher McQuarrie;7.6;313194
Dogville;movie;2003;171;Crime;Lars von Trier;8.0;165990
21 Jump Street;movie;2012;109;Action;Phil Lord;7.2;630708
What's Eating Gilbert Grape;movie;1993;118;Drama;Lasse Hallström;7.7;264751
The Great Gatsby;movie;2013;143;Drama;Baz Luhrmann;7.2;629254
Mission: Impossible - Rogue Nation;movie;2015;131;Action;Christopher McQuarrie;7.4;438134
Interview with the Vampire;movie;1994;123;Drama;Neil Jordan;7.5;368171
Hero;movie;2002;107;Action;Yimou Zhang;7.9;192026
Moulin Rouge!;movie;2001;127;Drama;Baz Luhrmann;7.6;309969
Wonder;movie;2017;113;Drama;Stephen Chbosky;7.9;191575
When Harry Met Sally...;movie;1989;95;Comedy;Rob Reiner;7.7;260592
10 Things I Hate About You;movie;1999;97;Comedy;Gil Junger;7.4;432026
Cars;movie;2006;116;Adventure;John Lasseter;7.3;516049
The Little Mermaid;movie;1989;83;Adventure;Ron Clements;7.6;305892
Gone Baby Gone;movie;2007;114;Crime;Ben Affleck;7.6;304753
I'm Still Here;movie;2024;137;Biography;Walter Salles;8.2;120807
Toy Story 4;movie;2019;100;Adventure;Josh Cooley;7.6;303933
Incredibles 2;movie;2018;118;Action;Brad Bird;7.5;359281
Bullet Train;movie;2022;127;Action;David Leitch;7.3;509555
Scream;movie;1996;111;Horror;Wes Craven;7.4;426351
Office Space;movie;1999;89;Comedy;Mike Judge;7.6;302969
Brazil;movie;1985;132;Drama;Terry Gilliam;7.8;219131
Les Misérables;movie;2012;158;Drama;Tom Hooper;7.5;357518
RoboCop;movie;1987;102;Action;Paul Verhoeven;7.6;301879
Sita Ramam;movie;2022;163;Action;Hanu Raghavapudi;8.5;78995
Pirates of the Caribbean: At World's End;movie;2007;169;Action;Gore Verbinski;7.1;729454
Mr. Nobody;movie;2009;141;Drama;Jaco Van Dormael;7.7;254380
Road to Perdition;movie;2002;117;Crime;Sam Mendes;7.6;296347
Stardust;movie;2007;127;Adventure;Matthew Vaughn;7.6;294887
The Man from Earth;movie;2007;87;Drama;Richard Schenkman;7.8;213499
Paris, Texas;movie;1984;145;Drama;Wim Wenders;8.1;135430
Puss in Boots: The Last Wish;movie;2022;102;Action;Joel Crawford;7.8;213309
Train to Busan;movie;2016;118;Action;Yeon Sang-ho;7.6;293838
Before Midnight;movie;2013;109;Drama;Richard Linklater;7.9;181954
Roman Holiday;movie;1953;118;Comedy;William Wyler;8.0;155783
Hugo;movie;2011;126;Adventure;Martin Scorsese;7.5;345532
Beetlejuice;movie;1988;92;Comedy;Tim Burton;7.4;409123
Transformers;movie;2007;144;Action;Michael Bay;7.1;705207
Lethal Weapon;movie;1987;109;Action;Richard Donner;7.6;290282
Stalker;movie;1979;162;Drama;Andrei Tarkovsky;8.0;153491
Sinners;movie;2025;137;Action;Ryan Coogler;7.6;286741
The Nice Guys;movie;2016;116;Action;Shane Black;7.4;402151
Ikiru;movie;1952;143;Drama;Akira Kurosawa;8.3;99115
End of Watch;movie;2012;109;Action;David Ayer;7.6;285718
The Greatest Showman;movie;2017;105;Biography;Michael Gracey;7.5;336429
Bowling for Columbine;movie;2002;120;Crime;Michael Moore;8.0;151467
Shang-Chi and the Legend of the Ten Rings;movie;2021;132;Action;Destin Daniel Cretton;7.3;474837
A Christmas Story;movie;1983;93;Comedy;Bob Clark;7.9;175871
Isle of Dogs;movie;2018;101;Adventure;Wes Anderson;7.8;204710
No Time to Die;movie;2021;163;Action;Cary Joji Fukunaga;7.3;472489
The Mountain II;movie;2016;135;Action;Alper Caglar;8.2;112045
Clerks;movie;1994;92;Comedy;Kevin Smith;7.7;238225
Andhadhun;movie;2018;139;Crime;Sriram Raghavan;8.2;111487
Blue Velvet;movie;1986;120;Crime;David Lynch;7.7;237039
The Shape of Water;movie;2017;123;Drama;Guillermo del Toro;7.3;465602
Baahubali: The Beginning;movie;2015;159;Action;S.S. Rajamouli;8.0;148444
The Maltese Falcon;movie;1941;100;Crime;John Huston;7.9;172268
Kantara;movie;2022;148;Action;Rishab Shetty;8.2;110527
Mr. Smith Goes to Washington;movie;1939;129;Comedy;Frank Capra;8.1;127553
Gangs of Wasseypur;movie;2012;321;Action;Anurag Kashyap;8.2;110452
Babel;movie;2006;143;Drama;Alejandro G. Iñárritu;7.5;325762
Unbreakable;movie;2000;106;Drama;M. Night Shyamalan;7.3;461204
Lagaan: Once Upon a Time in India;movie;2001;224;Drama;Ashutosh Gowariker;8.1;126254
Cloud Atlas;movie;2012;172;Drama;Tom Tykwer;7.4;383266
Eastern Promises;movie;2007;100;Crime;David Cronenberg;7.6;273241
The Gold Rush;movie;1925;95;Adventure;Charles Chaplin;8.1;126022
The Equalizer;movie;2014;132;Action;Antoine Fuqua;7.3;454352
Rang De Basanti;movie;2006;167;Comedy;Rakeysh Omprakash Mehra;8.1;125251
Ghost in the Shell;movie;1995;83;Action;Mamoru Oshii;7.9;168544
The Reader;movie;2008;124;Drama;Stephen Daldry;7.6;270813
Lone Survivor;movie;2013;121;Action;Peter Berg;7.5;319023
Hell or High Water;movie;2016;102;Crime;David Mackenzie;7.6;269993
Despicable Me 2;movie;2013;98;Adventure;Pierre Coffin;7.3;450260
Who Framed Roger Rabbit;movie;1988;104;Adventure;Robert Zemeckis;7.7;228890
Judgment at Nuremberg;movie;1961;179;Drama;Stanley Kramer;8.3;93738
Papillon;movie;1973;151;Biography;Franklin J. Schaffner;8.0;143740
Mary Poppins;movie;1964;139;Comedy;Robert Stevenson;7.8;194751
K.G.F: Chapter 1;movie;2018;154;Action;Prashanth Neel;8.2;107331
Nobody;movie;2021;92;Action;Ilya Naishuller;7.4;374993
Captain America: The First Avenger;movie;2011;124;Action;Joe Johnston;6.9;948099
The Rock;movie;1996;136;Action;Michael Bay;7.4;373972
Fear and Loathing in Las Vegas;movie;1998;118;Adventure;Terry Gilliam;7.5;314116
Fantastic Beasts and Where to Find Them;movie;2016;132;Adventure;David Yates;7.2;531279
Wild Strawberries;movie;1957;92;Drama;Ingmar Bergman;8.1;122255
World War Z;movie;2013;116;Action;Marc Forster;7.0;765373
South Park: Bigger, Longer & Uncut;movie;1999;81;Animation;Trey Parker;7.7;222334
Ed Wood;movie;1994;127;Biography;Tim Burton;7.8;189613
Rocketry: The Nambi Effect;movie;2022;157;Biography;Madhavan;8.6;61156
Rope;movie;1948;80;Crime;Alfred Hitchcock;7.9;162331
Hereditary;movie;2018;127;Drama;Ari Aster;7.3;434701
Dumb and Dumber;movie;1994;107;Comedy;Peter Farrelly;7.3;434594
The Insider;movie;1999;157;Biography;Michael Mann;7.8;188929
Contact;movie;1997;150;Drama;Robert Zemeckis;7.5;306872
F1: The Movie;movie;2025;155;Action;Joseph Kosinski;7.7;220951
BlacKkKlansman;movie;2018;135;Biography;Spike Lee;7.5;306633
Drishyam;movie;2015;163;Crime;Nishikant Kamat;8.2;104223
The Boondock Saints;movie;1999;108;Action;Troy Duffy;7.6;259327
Iron Man 2;movie;2010;124;Action;Jon Favreau;6.9;917503
Swades;movie;2004;189;Drama;Ashutosh Gowariker;8.2;103782
Furiosa: A Mad Max Saga;movie;2024;148;Action;George Miller;7.5;304204
Persona;movie;1966;83;Drama;Ingmar Bergman;8.0;137930
American Hustle;movie;2013;138;Crime;David O. Russell;7.2;513115
Another Round;movie;2020;117;Comedy;Thomas Vinterberg;7.7;218331
Tombstone;movie;1993;130;Biography;George P. Cosmatos;7.8;186043
Fast Five;movie;2011;130;Action;Justin Lin;7.3;425862
Up in the Air;movie;2009;109;Comedy;Jason Reitman;7.4;357309
Lady Bird;movie;2017;94;Comedy;Greta Gerwig;7.4;356310
It Happened One Night;movie;1934;105;Comedy;Frank Capra;8.1;117962
Mission: Impossible;movie;1996;110;Action;Brian De Palma;7.2;507178
The Whale;movie;2022;117;Drama;Darren Aronofsky;7.6;253865
Infernal Affairs;movie;2002;101;Crime;Wai Keung Lau;8.0;136158
I, Robot;movie;2004;115;Action;Alex Proyas;7.1;603915
Face/Off;movie;1997;138;Action;John Woo;7.3;419264
21 Grams;movie;2003;124;Crime;Alejandro G. Iñárritu;7.6;251230
RRR;movie;2022;187;Action;S.S. Rajamouli;7.8;182191
Kiki's Delivery Service;movie;1989;103;Animation;Hayao Miyazaki;7.8;181630
This Is Spinal Tap;movie;1984;82;Comedy;Rob Reiner;7.9;155263
Goldfinger;movie;1964;110;Action;Guy Hamilton;7.7;211724
Speed;movie;1994;116;Action;Jan de Bont;7.3;414561
Adaptation.;movie;2002;115;Comedy;Spike Jonze;7.7;211149
Three Colors: Red;movie;1994;99;Drama;Krzysztof Kieslowski;8.1;115042
Moonlight;movie;2016;111;Drama;Barry Jenkins;7.4;345829
Killers of the Flower Moon;movie;2023;206;Crime;Martin Scorsese;7.5;291334
The 400 Blows;movie;1959;99;Crime;François Truffaut;8.0;132560
Enemy at the Gates;movie;2001;131;Action;Jean-Jacques Annaud;7.5;289219
My Father and My Son;movie;2005;112;Drama;Çagan Irmak;8.2;98835
Uncut Gems;movie;2019;135;Crime;Benny Safdie;7.4;341203
Vikram;movie;2022;175;Action;Lokesh Kanagaraj;8.3;85654
A Bronx Tale;movie;1993;121;Crime;Robert De Niro;7.8;177302
Sleepy Hollow;movie;1999;105;Fantasy;Tim Burton;7.3;404780
8½;movie;1963;138;Drama;Federico Fellini;8.0;130760
Law Abiding Citizen;movie;2009;109;Action;F. Gary Gray;7.4;338286
Blow;movie;2001;124;Biography;Ted Demme;7.5;284478
Sweeney Todd: The Demon Barber of Fleet Street;movie;2007;116;Drama;Tim Burton;7.3;401265
Letters from Iwo Jima;movie;2006;141;Action;Clint Eastwood;7.8;175115
Spartacus;movie;1960;197;Adventure;Stanley Kubrick;7.9;149603
Zero Dark Thirty;movie;2012;157;Drama;Kathryn Bigelow;7.4;334155
Nocturnal Animals;movie;2016;116;Drama;Tom Ford;7.4;332696
Prometheus;movie;2012;124;Adventure;Ridley Scott;7.0;686049
The Trial of the Chicago 7;movie;2020;129;Drama;Aaron Sorkin;7.7;202163
The Menu;movie;2022;107;Comedy;Mark Mylod;7.2;472224
Awakenings;movie;1990;121;Biography;Penny Marshall;7.8;172611
Match Point;movie;2005;124;Drama;Woody Allen;7.6;235851
Flight;movie;2012;138;Drama;Robert Zemeckis;7.3;391507
Strangers on a Train;movie;1951;101;Crime;Alfred Hitchcock;7.9;146997
Predestination;movie;2014;97;Action;Michael Spierig;7.4;327325
Snow White and the Seven Dwarfs;movie;1937;83;Adventure;William Cottrell;7.6;234071
Perfume: The Story of a Murderer;movie;2006;147;Crime;Tom Tykwer;7.5;275369
King Kong;movie;2005;187;Action;Peter Jackson;7.2;463760
Munna Bhai M.B.B.S.;movie;2003;156;Comedy;Rajkumar Hirani;8.2;94453
The Accountant;movie;2016;128;Action;Gavin O'Connor;7.3;384121
Bajrangi Bhaijaan;movie;2015;163;Action;Kabir Khan;8.1;107411
Zindagi Na Milegi Dobara;movie;2011;155;Comedy;Zoya Akhtar;8.2;93073
War for the Planet of the Apes;movie;2017;140;Action;Matt Reeves;7.4;320518
Me Before You;movie;2016;110;Drama;Thea Sharrock;7.4;319841
Corpse Bride;movie;2005;77;Animation;Tim Burton;7.4;319045
Society of the Snow;movie;2023;144;Adventure;J.A. Bayona;7.8;166559
Close Encounters of the Third Kind;movie;1977;138;Drama;Steven Spielberg;7.6;228397
The Grapes of Wrath;movie;1940;129;Drama;John Ford;8.1;106598
Portrait of a Lady on Fire;movie;2019;122;Drama;Céline Sciamma;8.0;122697
Demon Slayer: Kimetsu no Yaiba - The Movie: Mugen Train;movie;2020;117;Action;Haruo Sotozaki;8.2;92150
The Raid: Redemption;movie;2011;101;Action;Gareth Evans;7.6;226708
Sully;movie;2016;96;Biography;Clint Eastwood;7.4;315829
Boyz n the Hood;movie;1991;112;Crime;John Singleton;7.8;164682
Evil Dead II;movie;1987;84;Comedy;Sam Raimi;7.7;192118
The Suicide Squad;movie;2021;132;Action;James Gunn;7.2;445791
Do the Right Thing;movie;1989;120;Comedy;Spike Lee;8.0;121157
Kramer vs. Kramer;movie;1979;105;Drama;Robert Benton;7.8;163018
The General;movie;1926;78;Action;Clyde Bruckman;8.1;104224
Dark City;movie;1998;100;Fantasy;Alex Proyas;7.6;222376
Past Lives;movie;2023;105;Drama;Celine Song;7.8;161572
Independence Day;movie;1996;145;Action;Roland Emmerich;7.0;635445
Falling Down;movie;1993;113;Crime;Joel Schumacher;7.6;220742
The Impossible;movie;2012;114;Drama;J.A. Bayona;7.5;258851
I Saw the Devil;movie;2010;144;Action;Kim Jee-woon;7.8;160018
The Raid 2;movie;2014;150;Action;Gareth Evans;7.9;137125
The Secret Life of Walter Mitty;movie;2013;114;Adventure;Ben Stiller;7.3;362046
The Fly;movie;1986;96;Drama;David Cronenberg;7.6;218265
I, Tonya;movie;2017;119;Biography;Craig Gillespie;7.5;256386
The Simpsons Movie;movie;2007;87;Adventure;David Silverman;7.3;359810
Equilibrium;movie;2002;107;Action;Kurt Wimmer;7.3;358123
One Battle After Another;movie;2025;161;Action;Paul Thomas Anderson;8.4;67003
The Birds;movie;1963;119;Drama;Alfred Hitchcock;7.6;215809
Finding Neverland;movie;2004;106;Biography;Marc Forster;7.6;215791
Children of Heaven;movie;1997;89;Drama;Majid Majidi;8.2;87688
Run Lola Run;movie;1998;80;Action;Tom Tykwer;7.6;215186
Elite Squad;movie;2007;115;Action;José Padilha;8.0;116450
The Amazing Spider-Man;movie;2012;136;Action;Marc Webb;6.9;746092
All the President's Men;movie;1976;138;Drama;Alan J. Pakula;7.9;134097
The Favourite;movie;2018;119;Biography;Yorgos Lanthimos;7.5;251527
The Naked Gun: From the Files of Police Squad!;movie;1988;85;Comedy;David Zucker;7.6;213482
Dazed and Confused;movie;1993;103;Comedy;Richard Linklater;7.6;212451
Master and Commander: The Far Side of the World;movie;2003;138;Action;Peter Weir;7.5;250116
777 Charlie;movie;2022;164;Adventure;Kiranraj K;8.7;44967
Munich;movie;2005;164;Drama;Steven Spielberg;7.5;249564
Maharaja;movie;2024;141;Action;Nithilan Saminathan;8.3;74875
Sleepers;movie;1996;147;Crime;Barry Levinson;7.5;247865
Mahavatar Narsimha;movie;2024;130;Action;Ashwin Kumar;8.8;39528
What We Do in the Shadows;movie;2014;86;Comedy;Jemaine Clement;7.6;210210
Monsters University;movie;2013;104;Adventure;Dan Scanlon;7.2;415124
The Road Warrior;movie;1981;96;Action;George Miller;7.6;209962
Kung Fu Panda 2;movie;2011;90;Action;Jennifer Yuh Nelson;7.3;346264
The Thin Red Line;movie;1998;170;Drama;Terrence Malick;7.6;209197
The Jungle Book;movie;1967;78;Adventure;Wolfgang Reitherman;7.6;209178
Godzilla Minus One;movie;2023;124;Action;Takashi Yamazaki;7.7;178394
The Lighthouse;movie;2019;109;Drama;Robert Eggers;7.4;290788
Dirty Harry;movie;1971;102;Action;Don Siegel;7.7;177655
Manhattan;movie;1979;96;Comedy;Woody Allen;7.8;152110
The 40-Year-Old Virgin;movie;2005;116;Comedy;Judd Apatow;7.1;491694
Perfect Blue;movie;1997;81;Animation;Satoshi Kon;8.0;112552
The Diving Bell and the Butterfly;movie;2007;112;Biography;Julian Schnabel;8.0;112194
Jurassic World;movie;2015;124;Action;Colin Trevorrow;6.9;715550
High and Low;movie;1963;143;Crime;Akira Kurosawa;8.4;64420
The Mummy;movie;1999;124;Action;Stephen Sommers;7.1;489208
Kingdom of Heaven;movie;2005;144;Action;Ridley Scott;7.3;341474
Glory;movie;1989;122;Biography;Edward Zwick;7.8;150797
Stranger Than Fiction;movie;2006;113;Comedy;Marc Forster;7.5;242744
Glass Onion;movie;2022;139;Comedy;Rian Johnson;7.1;487272
Rushmore;movie;1998;93;Comedy;Wes Anderson;7.6;205639
Starship Troopers;movie;1997;129;Action;Paul Verhoeven;7.3;339560
Hunt for the Wilderpeople;movie;2016;101;Adventure;Taika Waititi;7.8;149719
A Nightmare on Elm Street;movie;1984;91;Horror;Wes Craven;7.4;282657
The Last King of Scotland;movie;2006;123;Biography;Kevin Macdonald;7.6;202992
Die Hard 2;movie;1990;124;Action;Renny Harlin;7.2;400143
Erin Brockovich;movie;2000;131;Biography;Steven Soderbergh;7.5;238416
Oblivion;movie;2013;124;Action;Joseph Kosinski;7.0;577319
Tropic Thunder;movie;2008;107;Action;Ben Stiller;7.1;477716
Night of the Living Dead;movie;1968;96;Horror;George A. Romero;7.8;147308
The Last of the Mohicans;movie;1992;112;Action;Michael Mann;7.6;201346
Ted;movie;2012;106;Comedy;Seth MacFarlane;6.9;694905
National Lampoon's Christmas Vacation;movie;1989;97;Comedy;Jeremiah S. Chechik;7.5;236713
Free Guy;movie;2021;115;Action;Shawn Levy;7.1;473764
The Conjuring 2;movie;2016;134;Horror;James Wan;7.3;330799
Inside Job;movie;2010;109;Crime;Charles Ferguson;8.2;81955
Mean Girls;movie;2004;97;Comedy;Mark Waters;7.1;471987
Thank You for Smoking;movie;2005;92;Comedy;Jason Reitman;7.5;233816
Brave;movie;2012;93;Action;Mark Andrews;7.1;468849
Inside Out 2;movie;2024;96;Adventure;Kelsey Mann;7.5;232752
El Camino;movie;2019;122;Crime;Vince Gilligan;7.3;325936
Midsommar;movie;2019;148;Drama;Ari Aster;7.1;463246
Chhichhore;movie;2019;143;Comedy;Nitesh Tiwari;8.3;70251
Promising Young Woman;movie;2020;113;Crime;Emerald Fennell;7.5;230263
The Straight Story;movie;1999;112;Biography;David Lynch;8.0;106097
Barfi!;movie;2012;151;Comedy;Anurag Basu;8.1;91640
Dancer in the Dark;movie;2000;135;Crime;Lars von Trier;7.9;121992
Upgrade;movie;2018;100;Action;Leigh Whannell;7.5;227595
Traffic;movie;2000;147;Crime;Steven Soderbergh;7.5;227224
A History of Violence;movie;2005;96;Action;David Cronenberg;7.4;267865
My Name Is Khan;movie;2010;165;Drama;Karan Johar;7.9;121261
The Night of the Hunter;movie;1955;92;Crime;Charles Laughton;8.0;104722
The Crow;movie;1994;102;Action;Alex Proyas;7.5;226270
Megamind;movie;2010;95;Action;Tom McGrath;7.3;317129
The Hunt for Red October;movie;1990;135;Action;John McTiernan;7.5;226091
Alita: Battle Angel;movie;2019;122;Action;Robert Rodriguez;7.3;316932
10 Cloverfield Lane;movie;2016;103;Drama;Dan Trachtenberg;7.2;376500
Talk to Her;movie;2002;112;Drama;Pedro Almodóvar;7.9;120684
Sound of Metal;movie;2019;120;Drama;Darius Marder;7.7;163291
The Talented Mr. Ripley;movie;1999;139;Crime;Anthony Minghella;7.4;264973
Persepolis;movie;2007;96;Animation;Vincent Paronnaud;8.0;103857
Ray;movie;2004;152;Biography;Taylor Hackford;7.7;162817
Uri: The Surgical Strike;movie;2019;138;Action;Aditya Dhar;8.2;78069
Notting Hill;movie;1999;124;Comedy;Roger Michell;7.2;373018
Top Gun;movie;1986;109;Action;Tony Scott;7.0;538007
Hera Pheri;movie;2000;156;Action;Priyadarshan;8.2;77959
25th Hour;movie;2002;135;Drama;Spike Lee;7.6;189590
Sling Blade;movie;1996;135;Drama;Billy Bob Thornton;8.0;103031
Searching;movie;2018;102;Drama;Aneesh Chaganty;7.6;189088
Rango;movie;2011;107;Action;Gore Verbinski;7.3;310781
Chak De! India;movie;2007;153;Drama;Shimit Amin;8.1;89076
Blazing Saddles;movie;1974;93;Comedy;Mel Brooks;7.7;160991
A Streetcar Named Desire;movie;1951;122;Drama;Elia Kazan;7.9;118549
Dracula;movie;1992;128;Fantasy;Francis Ford Coppola;7.4;260557
Thelma & Louise;movie;1991;130;Adventure;Ridley Scott;7.6;187374
Kung Fu Hustle;movie;2004;99;Action;Stephen Chow;7.7;159876
Bhaag Milkha Bhaag;movie;2013;186;Biography;Rakeysh Omprakash Mehra;8.2;76274
Good Bye Lenin!;movie;2003;121;Comedy;Wolfgang Becker;7.7;157726
The Place Beyond the Pines;movie;2012;140;Crime;Derek Cianfrance;7.3;303690
Jerry Maguire;movie;1996;139;Comedy;Cameron Crowe;7.3;303442
From Dusk Till Dawn;movie;1996;108;Action;Robert Rodriguez;7.2;361313
Furious 7;movie;2015;137;Action;James Wan;7.1;432357
The Best Offer;movie;2013;131;Crime;Giuseppe Tornatore;7.8;134845
Live Free or Die Hard;movie;2007;128;Action;Len Wiseman;7.1;431626
The Man Who Shot Liberty Valance;movie;1962;123;Drama;John Ford;8.1;86949
The Jungle Book;movie;2016;106;Action;Jon Favreau;7.3;301925
The Count of Monte Cristo;movie;2002;131;Action;Kevin Reynolds;7.7;156728
Dawn of the Dead;movie;1978;127;Horror;George A. Romero;7.8;134286
Searching for Sugar Man;movie;2012;86;Biography;Malik Bendjelloul;8.2;75384
Anatomy of a Fall;movie;2023;151;Crime;Justine Triet;7.6;182849
We're the Millers;movie;2013;110;Comedy;Rawson Marshall Thurber;7.0;514092
High Noon;movie;1952;85;Drama;Fred Zinnemann;7.9;114795
Sideways;movie;2004;127;Comedy;Alexander Payne;7.5;213592
The Devil Wears Prada;movie;2006;109;Comedy;David Frankel;7.0;511708
The Celebration;movie;1998;101;Drama;;8.0;98860
Mirror Game;movie;2016;147;Crime;Amitabh Reza Chowdhury;8.9;30775
True Lies;movie;1994;141;Action;James Cameron;7.3;295712
Touch of Evil;movie;1958;95;Crime;Orson Welles;7.9;113531
Ponyo;movie;2008;101;Adventure;Hayao Miyazaki;7.6;179384
The Man from U.N.C.L.E.;movie;2015;116;Action;Guy Ritchie;7.2;351088
A Wednesday;movie;2008;104;Action;Neeraj Pandey;8.1;84893
School of Rock;movie;2003;109;Comedy;Richard Linklater;7.2;350368
Patton;movie;1970;172;Biography;Franklin J. Schaffner;7.9;112793
Kiss Kiss Bang Bang;movie;2005;103;Comedy;Shane Black;7.4;246158
The Evil Dead;movie;1981;85;Horror;Sam Raimi;7.4;246009
Notorious;movie;1946;102;Drama;Alfred Hitchcock;7.9;112135
The Skin I Live In;movie;2011;120;Drama;Pedro Almodóvar;7.6;176721
Snowpiercer;movie;2013;126;Action;Bong Joon Ho;7.1;412230
8 Mile;movie;2002;110;Drama;Curtis Hanson;7.2;344115
Roma;movie;2018;135;Drama;Alfonso Cuarón;7.6;175864
Midnight Cowboy;movie;1969;113;Drama;John Schlesinger;7.8;128900
Free Solo;movie;2018;100;Adventure;Jimmy Chin;8.1;83224
The King of Comedy;movie;1982;109;Comedy;Martin Scorsese;7.8;128483
Billy Elliot;movie;2000;110;Drama;Stephen Daldry;7.7;149429
Cruella;movie;2021;134;Adventure;Craig Gillespie;7.3;287051
The Emperor's New Groove;movie;2000;78;Adventure;Mark Dindal;7.4;242072
The Substance;movie;2024;141;Drama;Coralie Fargeat;7.2;341435
Tucker and Dale vs Evil;movie;2010;89;Comedy;Eli Craig;7.5;204929
The Abyss;movie;1989;140;Adventure;James Cameron;7.5;204747
Identity;movie;2003;90;Mystery;James Mangold;7.3;284905
Battle Royale;movie;2000;114;Action;Kinji Fukasaku;7.5;203309
Planes, Trains & Automobiles;movie;1987;93;Comedy;John Hughes;7.6;172756
Amour;movie;2012;127;Drama;Michael Haneke;7.9;109238
Miller's Crossing;movie;1990;115;Crime;Joel Coen;7.7;147421
Jumanji;movie;1995;104;Adventure;Joe Johnston;7.1;402799
Weapons;movie;2025;128;Horror;Zach Cregger;7.6;172285
The French Connection;movie;1971;104;Action;William Friedkin;7.7;147288
Passengers;movie;2016;116;Drama;Morten Tyldum;7.0;483105
Ant-Man and the Wasp;movie;2018;118;Action;Peyton Reed;7.0;482444
Lilo & Stitch;movie;2002;85;Adventure;Dean DeBlois;7.4;237802
Lincoln;movie;2012;150;Biography;Steven Spielberg;7.3;281285
Insomnia;movie;2002;118;Drama;Christopher Nolan;7.2;334668
Tumbbad;movie;2018;108;Drama;Rahi Anil Barve;8.2;70920
Breakfast at Tiffany's;movie;1961;115;Comedy;Blake Edwards;7.5;201063
A.I. Artificial Intelligence;movie;2001;146;Adventure;Steven Spielberg;7.2;334299
The Assassination of Jesse James by the Coward Robert Ford;movie;2007;160;Biography;Andrew Dominik;7.5;200616
Blue Is the Warmest Colour;movie;2013;180;Drama;Abdellatif Kechiche;7.6;170833
The Cabin in the Woods;movie;2011;95;Horror;Drew Goddard;7.0;479799
Star Wars: Episode VIII - The Last Jedi;movie;2017;152;Action;Rian Johnson;6.8;704813
Darkest Hour;movie;2017;125;Biography;Joe Wright;7.4;236144
The Fall;movie;2006;117;Adventure;Tarsem Singh;7.8;125123
A Man Called Otto;movie;2022;126;Comedy;Marc Forster;7.5;199786
Mississippi Burning;movie;1988;128;Crime;Alan Parker;7.8;124680
A Bug's Life;movie;1998;95;Adventure;John Lasseter;7.2;331381
Anchorman: The Legend of Ron Burgundy;movie;2004;94;Comedy;Adam McKay;7.1;394693
The Ring;movie;2002;115;Horror;Gore Verbinski;7.1;394552
Kubo and the Two Strings;movie;2016;101;Action;Travis Knight;7.7;144455
Once;movie;2006;86;Drama;John Carney;7.8;124017
Chungking Express;movie;1994;102;Comedy;Wong Kar-Wai;7.9;106809
Pretty Woman;movie;1990;119;Comedy;Garry Marshall;7.1;393449
The Covenant;movie;2023;123;Action;Guy Ritchie;7.5;196818
Serpico;movie;1973;130;Biography;Sidney Lumet;7.7;143351
Me and Earl and the Dying Girl;movie;2015;105;Comedy;Alfonso Gomez-Rejon;7.7;143285
Sing Street;movie;2016;106;Comedy;John Carney;7.9;105945
Finding Dory;movie;2016;97;Adventure;Andrew Stanton;7.2;325359
Hercules;movie;1997;93;Action;Ron Clements;7.3;272669
Grindhouse;movie;2007;191;Horror;Robert Rodriguez;7.5;195257
Southpaw;movie;2015;124;Action;Antoine Fuqua;7.3;272484
Lost Highway;movie;1997;134;Drama;David Lynch;7.6;165926
Legends of the Fall;movie;1994;133;Drama;Edward Zwick;7.5;194738
The Cove;movie;2009;92;Biography;Louie Psihoyos;8.4;52695
A Time to Kill;movie;1996;149;Crime;Joel Schumacher;7.5;194227
Enemy of the State;movie;1998;132;Action;Tony Scott;7.3;270827
Farha;movie;2021;92;Drama;Darin J. Sallam;8.0;90620
Anora;movie;2024;139;Comedy;Sean Baker;7.4;228602
Elite Squad 2: The Enemy Within;movie;2010;115;Crime;José Padilha;8.0;90438
Garden State;movie;2004;102;Comedy;Zach Braff;7.4;227449
Nosferatu: A Symphony of Horror;movie;1922;94;Fantasy;F.W. Murnau;7.8;120729
Beverly Hills Cop;movie;1984;105;Action;Martin Brest;7.4;227238
American Pie;movie;1999;95;Comedy;Paul Weitz;7.0;458963
Grease;movie;1978;110;Comedy;Randal Kleiser;7.2;319379
Empire of the Sun;movie;1987;153;Drama;Steven Spielberg;7.7;140183
The Bucket List;movie;2007;97;Adventure;Rob Reiner;7.3;268119
The Killing;movie;1956;84;Crime;Stanley Kubrick;7.9;103649
Spring, Summer, Fall, Winter... and Spring;movie;2003;103;Drama;Kim Ki-duk;8.0;89704
Pacific Rim;movie;2013;131;Action;Guillermo del Toro;6.9;550668
The Mask;movie;1994;101;Comedy;Chuck Russell;7.0;455855
Solaris;movie;1972;167;Adventure;Andrei Tarkovsky;7.9;103197
The Passion of the Christ;movie;2004;127;Drama;Mel Gibson;7.3;266108
Gremlins;movie;1984;106;Comedy;Joe Dante;7.3;265470
The Lincoln Lawyer;movie;2011;118;Crime;Brad Furman;7.3;265158
The Karate Kid;movie;1984;126;Action;John G. Avildsen;7.3;265065
Pink Floyd: The Wall;movie;1982;95;Drama;Alan Parker;8.0;88634
Real Steel;movie;2011;127;Action;Shawn Levy;7.1;374651
Y tu mamá también;movie;2001;106;Drama;Alfonso Cuarón;7.7;137673
Tarzan;movie;1999;88;Adventure;Chris Buck;7.3;263130
Carrie;movie;1976;98;Horror;Brian De Palma;7.4;221947
A Quiet Place Part II;movie;2020;97;Drama;John Krasinski;7.2;311282
Conclave;movie;2024;120;Drama;Edward Berger;7.4;221106
I Am Sam;movie;2001;132;Drama;Jessie Nelson;7.6;159868
The Sea Inside;movie;2004;126;Biography;Alejandro Amenábar;8.0;87763
Shooter;movie;2007;124;Action;Antoine Fuqua;7.1;370635
The Best Years of Our Lives;movie;1946;170;Drama;William Wyler;8.1;75924
Three Colors: Blue;movie;1993;98;Drama;Krzysztof Kieslowski;7.8;116697
Tokyo Story;movie;1953;137;Drama;Yasujirô Ozu;8.1;75627
Blackfish;movie;2013;83;Documentary;Gabriela Cowperthwaite;8.1;75585
The Patriot;movie;2000;165;Action;Roland Emmerich;7.2;307353
Red Dragon;movie;2002;124;Crime;Brett Ratner;7.2;306362
The Descendants;movie;2011;115;Comedy;Alexander Payne;7.3;257554
The Mist;movie;2007;126;Horror;Frank Darabont;7.1;364876
Cloverfield;movie;2008;85;Action;Matt Reeves;7.0;438049
Dear Zachary: A Letter to a Son About His Father;movie;2008;95;Biography;Kurt Kuenne;8.5;44246
Milk;movie;2008;128;Biography;Gus Van Sant;7.5;184176
Doctor Strange in the Multiverse of Madness;movie;2022;126;Action;Sam Raimi;6.9;528159
Easy A;movie;2010;92;Comedy;Will Gluck;7.0;436467
Star Trek II: The Wrath of Khan;movie;1982;113;Action;Nicholas Meyer;7.7;133881
The Judge;movie;2014;141;Crime;David Dobkin;7.4;215884
Sense and Sensibility;movie;1995;136;Drama;Ang Lee;7.7;133632
Luca;movie;2021;95;Adventure;Enrico Casarosa;7.4;215609
The Conversation;movie;1974;113;Drama;Francis Ford Coppola;7.7;133433
The Bandit;movie;1996;128;Crime;Yavuz Turgul;8.1;74482
This Is England;movie;2006;101;Crime;Shane Meadows;7.7;133372
Elvis;movie;2022;159;Biography;Baz Luhrmann;7.3;254393
Fast & Furious 6;movie;2013;130;Action;Justin Lin;7.0;433284
Big;movie;1988;104;Comedy;Penny Marshall;7.3;253601
Raatchasan;movie;2018;146;Crime;Ram Kumar;8.3;56589
Gifted;movie;2017;101;Drama;Marc Webb;7.6;154643
22 Jump Street;movie;2014;112;Action;Phil Lord;7.0;429024
Barbie;movie;2023;114;Adventure;Greta Gerwig;6.8;627816
The Adventures of Tintin;movie;2011;107;Action;Steven Spielberg;7.3;251412
La Dolce Vita;movie;1960;174;Comedy;Federico Fellini;8.0;84436
My Cousin Vinny;movie;1992;120;Comedy;Jonathan Lynn;7.6;153385
Thor: The Dark World;movie;2013;112;Action;Alan Taylor;6.7;762529
REC;movie;2007;78;Horror;Jaume Balagueró;7.4;211036
Kaithi;movie;2019;145;Action;Lokesh Kanagaraj;8.4;49033
The Battle of Algiers;movie;1966;121;Drama;Gillo Pontecorvo;8.1;73132
The English Patient;movie;1996;162;Drama;Anthony Minghella;7.4;210618
Neon Genesis Evangelion: The End of Evangelion;movie;1997;87;Action;Hideaki Anno;8.1;73001
96;movie;2018;158;Drama;C. Prem Kumar;8.5;43035
Beauty and the Beast;movie;2017;129;Adventure;Bill Condon;7.1;352278
The Sandlot;movie;1993;101;Comedy;David Mickey Evans;7.8;111353
Who's Afraid of Virginia Woolf?;movie;1966;131;Drama;Mike Nichols;8.0;83106
Trading Places;movie;1983;116;Comedy;John Landis;7.5;176606
Diabolique;movie;1955;117;Crime;Henri-Georges Clouzot;8.1;72159
Chef;movie;2014;114;Adventure;Jon Favreau;7.3;245721
Flow;movie;2024;85;Adventure;Gints Zilbalodis;7.9;95672
Baraka;movie;1992;96;Documentary;Ron Fricke;8.5;42536
Lost Ladies;movie;2023;122;Comedy;Kiran Rao;8.3;54939
The Wages of Fear;movie;1953;156;Adventure;Henri-Georges Clouzot;8.1;71861
Meet Joe Black;movie;1998;178;Drama;Martin Brest;7.2;290591
Rocky II;movie;1979;119;Drama;Sylvester Stallone;7.3;244299
Dilwale Dulhania Le Jayenge;movie;1995;181;Drama;Aditya Chopra;8.0;82361
Dara of Jasenovac;movie;2020;130;Drama;Predrag Antonijevic;8.0;82231
Pitch Perfect;movie;2012;112;Comedy;Jason Moore;7.1;345085
Palm Springs;movie;2020;90;Comedy;Max Barbakow;7.4;205675
Batman Returns;movie;1992;126;Action;Tim Burton;7.1;344482
King Kong;movie;1933;100;Adventure;;7.9;94566
Short Term 12;movie;2013;96;Drama;Destin Daniel Cretton;7.9;94538
Encanto;movie;2021;102;Animation;Jared Bush;7.2;287750
Saving Mr. Banks;movie;2013;125;Biography;John Lee Hancock;7.5;174012
Nebraska;movie;2013;115;Drama;Alexander Payne;7.7;127061
Army of Darkness;movie;1992;81;Comedy;Sam Raimi;7.4;204606
Demon Slayer: Kimetsu no Yaiba- The Movie - Infinity Castle;movie;2025;155;Action;Haruo Sotozaki;8.5;42031
There's Something About Mary;movie;1998;119;Comedy;Bobby Farrelly;7.1;342896
Superman;movie;1978;143;Action;Richard Donner;7.4;204118
The Big Sleep;movie;1946;114;Crime;Howard Hawks;7.9;94138
Paddington 2;movie;2017;103;Adventure;Paul King;7.8;109016
The Wind Rises;movie;2013;126;Animation;Hayao Miyazaki;7.8;109003
All Quiet on the Western Front;movie;1930;152;Drama;Lewis Milestone;8.1;70836
The Wild Bunch;movie;1969;135;Action;Sam Peckinpah;7.9;93911
The Texas Chain Saw Massacre;movie;1974;83;Horror;Tobe Hooper;7.4;203421
Deja Vu;movie;2006;126;Action;Tony Scott;7.1;340704
Bonnie and Clyde;movie;1967;111;Action;Arthur Penn;7.7;126124
Tosun Pasha;movie;1976;90;Comedy;Kartal Tibet;8.9;25859
Queen;movie;2013;146;Adventure;Vikas Bahl;8.1;70452
Dawn of the Dead;movie;2004;101;Action;Zack Snyder;7.2;284319
Shazam!;movie;2019;132;Action;David F. Sandberg;7.0;406410
All About My Mother;movie;1999;101;Comedy;Pedro Almodóvar;7.8;108010
Jumanji: Welcome to the Jungle;movie;2017;119;Action;Jake Kasdan;6.9;489246
October Sky;movie;1999;108;Biography;Joe Johnston;7.8;107821
Shoplifters;movie;2018;121;Crime;Hirokazu Koreeda;7.9;92965
Fanny and Alexander;movie;1982;188;Drama;Ingmar Bergman;8.1;70085
Attack on Titan the Movie: The Last Attack;movie;2024;145;Action;Yûichirô Hayashi;9.1;20521
Dogma;movie;1999;130;Adventure;Kevin Smith;7.3;236978
Sunshine;movie;2007;107;Sci-Fi;Danny Boyle;7.2;281381
The Italian Job;movie;2003;111;Action;F. Gary Gray;7.0;402196
K-PAX;movie;2001;120;Drama;Iain Softley;7.4;200073
The Name of the Rose;movie;1986;130;Drama;Jean-Jacques Annaud;7.7;124340
Drishyam;movie;2013;160;Crime;Jeethu Joseph;8.4;46754
Glengarry Glen Ross;movie;1992;100;Crime;James Foley;7.7;124098
GoldenEye;movie;1995;130;Action;Martin Campbell;7.2;280106
Horrible Bosses;movie;2011;98;Comedy;Seth Gordon;6.9;482842
Doctor Sleep;movie;2019;152;Drama;Mike Flanagan;7.3;235700
Molly's Game;movie;2017;140;Biography;Aaron Sorkin;7.4;199125
OMG: Oh My God!;movie;2012;125;Comedy;Umesh Shukla;8.1;69363
Miracle in Cell No. 7;movie;2019;132;Drama;Mehmet Ada Öztekin;8.2;60509
Pinocchio;movie;1940;88;Adventure;Norman Ferguson;7.5;169018
Constantine;movie;2005;121;Action;Francis Lawrence;7.0;399317
Elf;movie;2003;97;Adventure;Jon Favreau;7.1;332517
The Two Popes;movie;2019;125;Biography;Fernando Meirelles;7.6;144045
Cape Fear;movie;1991;128;Crime;Martin Scorsese;7.3;234495
A Prophet;movie;2009;155;Crime;Jacques Audiard;7.8;106092
My Octopus Teacher;movie;2020;85;Documentary;Pippa Ehrlich;8.1;69103
Perfect Days;movie;2023;124;Drama;Wim Wenders;7.9;91575
The Florida Project;movie;2017;111;Drama;Sean Baker;7.6;142948
Kahaani;movie;2012;122;Mystery;Sujoy Ghosh;8.1;68651
High Fidelity;movie;2000;113;Comedy;Stephen Frears;7.4;196858
Mud;movie;2012;130;Adventure;Jeff Nichols;7.4;196661
Revolutionary Road;movie;2008;119;Drama;Sam Mendes;7.3;232245
Dil Chahta Hai;movie;2001;183;Comedy;Farhan Akhtar;8.0;78726
Wedding Crashers;movie;2005;119;Comedy;David Dobkin;7.0;391377
RocknRolla;movie;2008;114;Action;Guy Ritchie;7.2;272659
Sicko;movie;2007;123;Documentary;Michael Moore;8.0;77953
The Hustler;movie;1961;134;Drama;Robert Rossen;7.9;89818
The Lobster;movie;2015;119;Drama;Yorgos Lanthimos;7.1;324227
Girl, Interrupted;movie;1999;127;Biography;James Mangold;7.3;228887
A Walk to Remember;movie;2002;101;Drama;Adam Shankman;7.3;228655
Don't Breathe;movie;2016;88;Crime;Fede Alvarez;7.1;323018
Madagascar;movie;2005;86;Adventure;Eric Darnell;6.9;466492
Blade;movie;1998;120;Action;Stephen Norrington;7.1;322732
In the Heat of the Night;movie;1967;110;Drama;Norman Jewison;7.9;89040
Jack Reacher;movie;2012;130;Action;Christopher McQuarrie;7.0;383836
A Fish Called Wanda;movie;1988;108;Comedy;Charles Crichton;7.5;162517
Superman;movie;2025;129;Action;James Gunn;7.1;317733
The Passion of Joan of Arc;movie;1928;114;Biography;Carl Theodor Dreyer;8.1;66479
The Mitchells vs. the Machines;movie;2021;114;Adventure;Michael Rianda;7.6;137980
Dungeons & Dragons: Honor Among Thieves;movie;2023;134;Action;John Francis Daley;7.2;266273
The Road;movie;2009;111;Drama;John Hillcoat;7.2;266093
Anatomy of a Murder;movie;1959;161;Drama;Otto Preminger;8.0;76219
The Searchers;movie;1956;119;Adventure;John Ford;7.8;101663
The Descent;movie;2005;99;Adventure;Neil Marshall;7.2;264854
Forgetting Sarah Marshall;movie;2008;111;Comedy;Nicholas Stoller;7.1;315385
Escape from Alcatraz;movie;1979;112;Biography;Don Siegel;7.5;160330
The Last Emperor;movie;1987;163;Biography;Bernardo Bertolucci;7.7;117307
Super 8;movie;2011;112;Action;J.J. Abrams;7.0;376705
Air;movie;2023;111;Drama;Ben Affleck;7.4;188063
Galaxy Quest;movie;1999;102;Adventure;Dean Parisot;7.4;188054
Natural Born Killers;movie;1994;119;Crime;Oliver Stone;7.2;263360
Star Trek: First Contact;movie;1996;111;Action;Jonathan Frakes;7.6;136149
Blue Valentine;movie;2010;112;Drama;Derek Cianfrance;7.3;221280
The Worst Person in the World;movie;2021;128;Comedy;Joachim Trier;7.7;116591
The Maze Runner;movie;2014;113;Action;Wes Ball;6.8;545523
Aquaman;movie;2018;143;Action;James Wan;6.8;544507
The Chronicles of Narnia: The Lion, the Witch and the Wardrobe;movie;2005;143;Adventure;Andrew Adamson;6.9;449196
Meet the Parents;movie;2000;108;Comedy;Jay Roach;7.0;372212
Lawless;movie;2012;116;Biography;John Hillcoat;7.2;260317
Sardar Udham;movie;2021;164;Crime;Shoojit Sircar;8.3;49807
Drishyam 2;movie;2021;152;Crime;Jeethu Joseph;8.4;43771
Wicked;movie;2024;160;Fantasy;Jon M. Chu;7.4;185339
The Cabinet of Dr. Caligari;movie;1920;67;Horror;Robert Wiene;8.0;74465
Mrs. Doubtfire;movie;1993;125;Comedy;Chris Columbus;7.1;308524
Point Break;movie;1991;122;Action;Kathryn Bigelow;7.3;218158
Burn After Reading;movie;2008;96;Comedy;Ethan Coen;7.0;369452
Star Wars: Episode II - Attack of the Clones;movie;2002;142;Action;George Lucas;6.6;802679
Blue Jasmine;movie;2013;98;Comedy;Woody Allen;7.3;217939
Dredd;movie;2012;95;Action;Pete Travis;7.1;307916
Brooklyn;movie;2015;117;Drama;John Crowley;7.5;156702
Doctor Zhivago;movie;1965;197;Drama;David Lean;7.9;85502
Barton Fink;movie;1991;116;Comedy;Joel Coen;7.6;133830
Sound of Freedom;movie;2023;131;Biography;Alejandro Monteverde;7.6;133490
Wallace & Gromit: The Curse of the Were-Rabbit;movie;2005;85;Adventure;Steve Box;7.5;155083
M.S. Dhoni: The Untold Story;movie;2016;184;Biography;Neeraj Pandey;8.0;73433
Onward;movie;2020;102;Adventure;Dan Scanlon;7.4;182084
How to Train Your Dragon;movie;2025;125;Action;Dean DeBlois;7.8;97827
Captain Marvel;movie;2019;123;Action;Anna Boden;6.7;644520
Sherlock Jr.;movie;1924;45;Action;Buster Keaton;8.1;63686
Home Alone 2: Lost in New York;movie;1992;120;Adventure;Chris Columbus;6.9;435848
Chicago;movie;2002;113;Comedy;Rob Marshall;7.2;252807
The Intern;movie;2015;121;Comedy;Nancy Meyers;7.1;301123
The Next Three Days;movie;2010;133;Action;Paul Haggis;7.3;213108
O.J.: Made in America;movie;2016;467;Biography;Ezra Edelman;8.9;23461
Porco Rosso;movie;1992;94;Adventure;Hayao Miyazaki;7.7;112438
First Man;movie;2018;141;Biography;Damien Chazelle;7.3;212536
The Legend of 1900;movie;1998;169;Drama;Giuseppe Tornatore;8.0;72375
The Manchurian Candidate;movie;1962;126;Drama;John Frankenheimer;7.9;83381
Phone Booth;movie;2002;81;Crime;Joel Schumacher;7.1;297713
Rio Bravo;movie;1959;141;Western;Howard Hawks;8.0;71923
The Rocky Horror Picture Show;movie;1975;100;Comedy;Jim Sharman;7.4;177816
We Need to Talk About Kevin;movie;2011;112;Drama;Lynne Ramsay;7.4;177242
The Holiday;movie;2006;136;Comedy;Nancy Meyers;7.0;352926
The Ten Commandments;movie;1956;220;Adventure;Cecil B. DeMille;7.9;82265
Wings of Desire;movie;1987;128;Drama;Wim Wenders;7.9;82182
King Richard;movie;2021;144;Biography;Reinaldo Marcus Green;7.5;149599
Vikram Vedha;movie;2017;147;Action;Gayatri;8.2;54051
Being There;movie;1979;130;Comedy;Hal Ashby;7.9;81504
Fantasia;movie;1940;124;Animation;;7.7;109243
Still Alice;movie;2014;101;Drama;Richard Glatzer;7.5;148705
Sholay;movie;1975;162;Action;Ramesh Sippy;8.1;61537
Maleficent;movie;2014;97;Adventure;Robert Stromberg;6.9;418099
Rocketman;movie;2019;121;Biography;Dexter Fletcher;7.3;205652
The Big Sick;movie;2017;120;Comedy;Michael Showalter;7.5;148362
Mission: Impossible III;movie;2006;126;Action;J.J. Abrams;6.9;417434
Begin Again;movie;2013;104;Comedy;John Carney;7.4;173921
The Magnificent Seven;movie;1960;128;Action;John Sturges;7.7;108440
Deliverance;movie;1972;109;Adventure;John Boorman;7.6;126308
Malcolm X;movie;1992;202;Biography;Spike Lee;7.7;108428
Detachment;movie;2011;98;Drama;Tony Kaye;7.7;108328
G.O.R.A.;movie;2004;127;Adventure;Ömer Faruk Sorak;8.0;70110
West Side Story;movie;1961;153;Crime;Jerome Robbins;7.6;125775
Robin Hood;movie;1973;83;Adventure;Wolfgang Reitherman;7.5;146795
The Motorcycle Diaries;movie;2004;126;Adventure;Walter Salles;7.7;107711
Paprika;movie;2006;90;Animation;Satoshi Kon;7.7;107561
War Dogs;movie;2016;114;Biography;Todd Phillips;7.1;286243
Kal Ho Naa Ho;movie;2003;186;Comedy;Nikkhil Advani;7.9;80125
The Book Thief;movie;2013;131;Drama;Brian Percival;7.5;146123
How to Train Your Dragon: The Hidden World;movie;2019;104;Action;Dean DeBlois;7.4;171552
Star Wars: Episode I - The Phantom Menace;movie;1999;136;Action;George Lucas;6.5;906674
Seven Psychopaths;movie;2012;110;Comedy;Martin McDonagh;7.1;284113
The Witch;movie;2015;92;Drama;Robert Eggers;7.0;339830
The Hours;movie;2002;110;Drama;Stephen Daldry;7.5;145330
La Strada;movie;1954;108;Drama;Federico Fellini;8.0;68968
Nosferatu;movie;2024;132;Fantasy;Robert Eggers;7.2;237783
Inside Llewyn Davis;movie;2013;104;Drama;Ethan Coen;7.4;169550
My Fair Lady;movie;1964;170;Drama;George Cukor;7.7;106056
The Last Duel;movie;2021;152;Drama;Ridley Scott;7.3;199617
Charade;movie;1963;113;Comedy;Stanley Donen;7.8;91198
Guillermo del Toro's Pinocchio;movie;2022;117;Adventure;Guillermo del Toro;7.6;123123
The Orphanage;movie;2007;105;Drama;J.A. Bayona;7.4;168688
Green Street Hooligans;movie;2005;109;Crime;Lexi Alexander;7.4;168418
RED;movie;2010;111;Action;Robert Schwentke;7.0;334695
Doubt;movie;2008;104;Drama;John Patrick Shanley;7.5;143177
The Omen;movie;1976;111;Horror;Richard Donner;7.5;143097
Spectre;movie;2015;148;Action;Sam Mendes;6.8;485676
Lethal Weapon 2;movie;1989;114;Action;Richard Donner;7.3;197776
X-Men: Apocalypse;movie;2016;144;Action;Bryan Singer;6.8;484821
Solo: A Star Wars Story;movie;2018;135;Action;Ron Howard;6.9;401014
The Remains of the Day;movie;1993;134;Drama;James Ivory;7.8;90311
Leaving Las Vegas;movie;1995;111;Drama;Mike Figgis;7.5;142344
Vicky Cristina Barcelona;movie;2008;96;Comedy;Woody Allen;7.1;277437
The Invisible Man;movie;2020;124;Drama;Leigh Whannell;7.1;276247
Nomadland;movie;2020;107;Drama;Chloé Zhao;7.3;195964
Arsenic and Old Lace;movie;1944;118;Comedy;Frank Capra;7.9;77642
The Great Beauty;movie;2013;141;Drama;Paolo Sorrentino;7.7;103996
Kantara A Legend: Chapter 1;movie;2025;165;Action;Rishab Shetty;8.7;27561
Flipped;movie;2010;90;Comedy;Rob Reiner;7.7;103937
Pleasantville;movie;1998;124;Comedy;Gary Ross;7.5;141271
Knocked Up;movie;2007;129;Comedy;Judd Apatow;6.9;394749
Aftersun;movie;2022;102;Drama;Charlotte Wells;7.6;120458
Death Proof;movie;2007;127;Drama;Quentin Tarantino;7.0;328325
Fracture;movie;2007;113;Crime;Gregory Hoblit;7.2;230348
Dirty Dancing;movie;1987;100;Drama;Emile Ardolino;7.1;273860
Samsara;movie;2011;102;Documentary;Ron Fricke;8.4;39406
The Wave;movie;2008;107;Drama;Dennis Gansel;7.6;119788
Song of the Sea;movie;2014;93;Adventure;Tomm Moore;8.0;66645
One Hundred and One Dalmatians;movie;1961;79;Adventure;Clyde Geronimi;7.3;192331
The Color Purple;movie;1985;154;Drama;Steven Spielberg;7.7;102196
Demon Slayer: Kimetsu no Yaiba - Tsuzumi Mansion Arc;movie;2021;87;Action;Haruo Sotozaki;8.5;34484
The Darjeeling Limited;movie;2007;91;Adventure;Wes Anderson;7.2;227138
Ramayana: The Legend of Prince Rama;movie;1993;135;Action;Ram Mohan;9.1;17295
Valkyrie;movie;2008;121;Drama;Bryan Singer;7.1;270005
The Way Way Back;movie;2013;103;Comedy;Nat Faxon;7.4;162401
What Ever Happened to Baby Jane?;movie;1962;134;Drama;Robert Aldrich;8.0;66026
Enter the Dragon;movie;1973;102;Action;Robert Clouse;7.6;118233
Punch-Drunk Love;movie;2002;95;Comedy;Paul Thomas Anderson;7.3;190909
Dark Waters;movie;2019;126;Biography;Todd Haynes;7.6;118126
Pi;movie;1998;84;Drama;Darren Aronofsky;7.3;190863
Alien: Romulus;movie;2024;119;Horror;Fede Alvarez;7.1;268804
The Matrix Revolutions;movie;2003;129;Action;Lana Wachowski;6.7;566594
Poltergeist;movie;1982;114;Horror;Tobe Hooper;7.3;190548
Drishyam 2;movie;2022;140;Crime;Abhishek Pathak;8.2;50129
Rush Hour;movie;1998;98;Action;Brett Ratner;7.0;318864
The Age of Adaline;movie;2015;112;Drama;Lee Toland Krieger;7.2;223714
Ocean's Thirteen;movie;2007;122;Crime;Steven Soderbergh;6.9;381541
Charlie and the Chocolate Factory;movie;2005;115;Adventure;Tim Burton;6.7;559173
Field of Dreams;movie;1989;107;Drama;Phil Alden Robinson;7.5;136291
The Peanut Butter Falcon;movie;2019;97;Adventure;Tyler Nilson;7.6;116580
Bruce Almighty;movie;2003;101;Comedy;Tom Shadyac;6.8;459246
Mommy;movie;2014;139;Drama;Xavier Dolan;8.0;64629
The Lego Batman Movie;movie;2017;104;Action;Chris McKay;7.3;186847
The Platform;movie;2019;94;Horror;Galder Gaztelu-Urrutia;7.0;314202
Nights of Cabiria;movie;1957;110;Drama;Federico Fellini;8.1;56106
Paper Moon;movie;1973;102;Comedy;Peter Bogdanovich;8.1;56099
Frost/Nixon;movie;2008;122;Biography;Ron Howard;7.6;115096
Fahrenheit 9/11;movie;2004;122;Documentary;Michael Moore;7.5;134335
Coach Carter;movie;2005;136;Biography;Thomas Carter;7.3;185386
Sunrise;movie;1927;94;Drama;F.W. Murnau;8.1;55934
The Life Aquatic with Steve Zissou;movie;2004;119;Action;Wes Anderson;7.2;218467
United 93;movie;2006;111;Action;Paul Greengrass;7.6;114377
Harold and Maude;movie;1971;91;Comedy;Hal Ashby;7.8;84823
The Outlaw Josey Wales;movie;1976;135;Drama;Clint Eastwood;7.8;84733
The Experiment;movie;2001;120;Drama;Oliver Hirschbiegel;7.7;98139
Le Samouraï;movie;1967;101;Crime;Jean-Pierre Melville;8.0;63771
Raya and the Last Dragon;movie;2021;107;Action;Don Hall;7.3;183844
National Treasure;movie;2004;131;Action;Jon Turteltaub;6.9;371167
The Secret World of Arrietty;movie;2010;94;Adventure;Hiromasa Yonebayashi;7.6;113736
Cinderella;movie;1950;74;Animation;Clyde Geronimi;7.3;183497
Prey;movie;2022;100;Action;Dan Trachtenberg;7.1;257923
Cube;movie;1997;90;Horror;Vincenzo Natali;7.1;257869
Phantom Thread;movie;2017;130;Drama;Paul Thomas Anderson;7.4;155366
Underground;movie;1995;167;Comedy;Emir Kusturica;8.0;63369
The Fast and the Furious;movie;2001;106;Action;Rob Cohen;6.8;445837
Pineapple Express;movie;2008;111;Action;David Gordon Green;6.9;368483
Love, Simon;movie;2018;110;Comedy;Greg Berlanti;7.5;131889
My Left Foot;movie;1989;103;Biography;Jim Sheridan;7.8;83651
The Fountain;movie;2006;97;Drama;Darren Aronofsky;7.1;255349
Hotel Transylvania;movie;2012;91;Animation;Genndy Tartakovsky;7.0;304021
Hellboy;movie;2004;122;Action;Guillermo del Toro;6.9;364902
An American Werewolf in London;movie;1981;97;Comedy;John Landis;7.5;130862
Shame;movie;2011;101;Drama;Steve McQueen;7.2;213785
The Fabelmans;movie;2022;151;Drama;Steven Spielberg;7.5;130758
The Life of David Gale;movie;2003;130;Crime;Alan Parker;7.5;130635
The Iron Claw;movie;2023;132;Biography;Sean Durkin;7.6;111782
Volver;movie;2006;121;Comedy;Pedro Almodóvar;7.6;111382
Waltz with Bashir;movie;2008;90;Animation;Ari Folman;8.0;62111
Ghost;movie;1990;126;Drama;Jerry Zucker;7.1;250592
Monty Python's the Meaning of Life;movie;1983;107;Comedy;Terry Jones;7.5;128579
Asuran;movie;2019;141;Action;Vetrimaaran;8.4;36417
Special 26;movie;2013;144;Crime;Neeraj Pandey;8.0;61508
Underworld;movie;2003;121;Action;Len Wiseman;7.0;296586
Happy Gilmore;movie;1996;92;Comedy;Dennis Dugan;7.0;296536
Ayla: The Daughter of War;movie;2017;125;Biography;Can Ulkay;8.2;46863
Triangle of Sadness;movie;2022;147;Comedy;Ruben Östlund;7.2;208632
Liar Liar;movie;1997;86;Comedy;Tom Shadyac;6.9;355149
The Chaos Class Failed the Class;movie;1975;95;Comedy;Ertem Egilmez;8.6;28382
Hellboy II: The Golden Army;movie;2008;120;Action;Guillermo del Toro;7.0;295594
Exit Through the Gift Shop;movie;2010;87;Comedy;Banksy;7.9;70344
Chocolat;movie;2000;121;Drama;Lasse Hallström;7.2;208109
Closer;movie;2004;104;Drama;Mike Nichols;7.1;247186
Wolf Children;movie;2012;117;Animation;Mamoru Hosoda;8.1;53242
The Wolverine;movie;2013;126;Action;James Mangold;6.7;517114
The Croods;movie;2013;98;Adventure;Kirk DeMicco;7.1;246178
The Message;movie;1976;177;Biography;Moustapha Akkad;8.1;53108
13 Hours: The Secret Soldiers of Benghazi;movie;2016;144;Action;Michael Bay;7.3;174721
The White Ribbon;movie;2009;144;Drama;Michael Haneke;7.8;80473
Whisper of the Heart;movie;1995;111;Animation;Yoshifumi Kondô;7.8;80424
tick, tick... BOOM!;movie;2021;115;Biography;Lin-Manuel Miranda;7.5;126137
Hannah and Her Sisters;movie;1986;107;Comedy;Woody Allen;7.8;79991
Layer Cake;movie;2004;105;Crime;Matthew Vaughn;7.2;204819
Rise of the Guardians;movie;2012;97;Action;Peter Ramsey;7.2;204757
Everest;movie;2015;121;Adventure;Baltasar Kormákur;7.1;243052
The Foster Brothers;movie;1976;80;Comedy;Ertem Egilmez;8.8;22114
Ronin;movie;1998;122;Action;John Frankenheimer;7.2;204195
Breathless;movie;1960;90;Crime;;7.7;92211
Invictus;movie;2009;134;Biography;Clint Eastwood;7.3;172455
Haider;movie;2014;160;Action;Vishal Bhardwaj;8.0;59973
Wall Street;movie;1987;126;Crime;Oliver Stone;7.3;171906
The Northman;movie;2022;137;Action;Robert Eggers;7.0;288078
Ace Ventura: Pet Detective;movie;1994;86;Comedy;Tom Shadyac;6.9;344855
The Tale of The Princess Kaguya;movie;2013;137;Animation;Isao Takahata;8.0;59708
Philomena;movie;2013;98;Biography;Stephen Frears;7.6;106327
Shakespeare in Love;movie;1998;123;Comedy;John Madden;7.1;240226
The Hurricane;movie;1999;146;Biography;Norman Jewison;7.6;106269
Andrei Rublev;movie;1966;189;Biography;Andrei Tarkovsky;8.0;59563
Rocky Balboa;movie;2006;102;Drama;Sylvester Stallone;7.1;239792
Citizenfour;movie;2014;114;Biography;Laura Poitras;8.0;59453
Snowden;movie;2016;134;Biography;Oliver Stone;7.3;170070
Monster;movie;2003;109;Biography;Patty Jenkins;7.3;169790
Anbe Sivam;movie;2003;160;Adventure;Sundar C.;8.6;27494
The Disaster Artist;movie;2017;104;Biography;James Franco;7.3;169690
The King;movie;2019;140;Biography;David Michôd;7.3;169656
The Chaser;movie;2008;125;Action;Na Hong-jin;7.8;78187
Throne of Blood;movie;1957;110;Drama;Akira Kurosawa;8.0;58979
Memoirs of a Geisha;movie;2005;145;Drama;Rob Marshall;7.3;169004
Basic Instinct;movie;1992;127;Drama;Paul Verhoeven;7.1;236807
The Ides of March;movie;2011;101;Drama;George Clooney;7.1;236691
Beasts of No Nation;movie;2015;137;Drama;Cary Joji Fukunaga;7.7;89969
Coming to America;movie;1988;117;Comedy;John Landis;7.1;235431
Signs;movie;2002;106;Drama;M. Night Shyamalan;6.8;406159
The Founder;movie;2016;115;Biography;John Lee Hancock;7.2;197870
Tangerines;movie;2013;87;Drama;Zaza Urushadze;8.1;51035
50 First Dates;movie;2004;99;Comedy;Peter Segal;6.8;405378
Men in Black³;movie;2012;106;Action;Barry Sonnenfeld;6.8;404917
The Philadelphia Story;movie;1940;112;Comedy;George Cukor;7.8;77274
Man on the Moon;movie;1999;118;Biography;Milos Forman;7.4;141920
The Adjustment Bureau;movie;2011;106;Crime;George Nolfi;7.0;279179
Step Brothers;movie;2008;98;Comedy;Adam McKay;6.9;334809
A Single Man;movie;2009;99;Drama;Tom Ford;7.5;121003
The Muppet Christmas Carol;movie;1992;85;Comedy;Brian Henson;7.8;77016
Nayakan;movie;1987;145;Crime;Mani Ratnam;8.6;27040
Con Air;movie;1997;115;Action;Simon West;6.9;334099
The NeverEnding Story;movie;1984;102;Adventure;Wolfgang Petersen;7.3;166361
Fried Green Tomatoes;movie;1991;130;Drama;Jon Avnet;7.7;89075
Pirates of the Caribbean: On Stranger Tides;movie;2011;136;Action;Rob Marshall;6.6;595069
Black Cat, White Cat;movie;1998;127;Comedy;Emir Kusturica;8.0;58071
Rounders;movie;1998;121;Crime;John Dahl;7.3;166169
Little Children;movie;2006;137;Drama;Todd Field;7.5;120577
Winter Sleep;movie;2014;196;Drama;Nuri Bilge Ceylan;8.0;58028
The Day the Earth Stood Still;movie;1951;92;Drama;Robert Wise;7.7;88789
The Super Mario Bros. Movie;movie;2023;92;Adventure;Aaron Horvath;7.0;276902
Venom;movie;2018;112;Action;Ruben Fleischer;6.6;590696
The Bank Job;movie;2008;111;Crime;Roger Donaldson;7.2;195096
Public Enemies;movie;2009;140;Biography;Michael Mann;6.9;331236
Yes Man;movie;2008;104;Comedy;Peyton Reed;6.8;398803
Unbroken;movie;2014;137;Biography;Angelina Jolie;7.2;194429
Lars and the Real Girl;movie;2007;106;Comedy;Craig Gillespie;7.3;164428
Wrath of Man;movie;2021;119;Action;Guy Ritchie;7.1;230623
Thirteen Lives;movie;2022;147;Biography;Ron Howard;7.8;75954
The Man Who Wasn't There;movie;2001;116;Crime;Joel Coen;7.5;118955
Andaz Apna Apna;movie;1994;160;Action;Rajkumar Santoshi;8.0;57264
Chronicle;movie;2012;84;Adventure;Josh Trank;7.0;273774
Koyaanisqatsi;movie;1982;86;Documentary;Godfrey Reggio;8.2;43798
Rebel Without a Cause;movie;1955;111;Drama;Nicholas Ray;7.6;101830
House of Flying Daggers;movie;2004;119;Action;Yimou Zhang;7.5;118699
The African Queen;movie;1951;105;Adventure;John Huston;7.7;87607
The Negotiator;movie;1998;140;Action;F. Gary Gray;7.3;163201
Alice in Wonderland;movie;1951;75;Adventure;Clyde Geronimi;7.3;163009
Orphan;movie;2009;123;Horror;Jaume Collet-Serra;7.0;272071
Departures;movie;2008;130;Drama;Yôjirô Takita;8.0;56769
Good Morning, Vietnam;movie;1987;121;Biography;Barry Levinson;7.3;162144
Peter Pan;movie;1953;77;Adventure;Clyde Geronimi;7.3;162060
Bambi;movie;1942;69;Adventure;James Algar;7.3;162038
4 Months, 3 Weeks and 2 Days;movie;2007;113;Drama;Cristian Mungiu;7.9;65121
In Time;movie;2011;109;Action;Andrew Niccol;6.7;474082
Spy;movie;2015;120;Action;Paul Feig;7.0;270665
Enchanted;movie;2007;107;Adventure;Kevin Lima;7.1;226294
American Made;movie;2017;115;Action;Doug Liman;7.1;226277
Breaking the Waves;movie;1996;153;Drama;Lars von Trier;7.8;74738
The Warriors;movie;1979;93;Action;Walter Hill;7.5;117035
The Amazing Spider-Man 2;movie;2014;142;Action;Marc Webb;6.6;574333
Armageddon;movie;1998;151;Action;Michael Bay;6.7;471189
The Act of Killing;movie;2012;117;Biography;Joshua Oppenheimer;8.2;43182
Austin Powers: International Man of Mystery;movie;1997;89;Adventure;Jay Roach;7.0;268853
Thunderbolts*;movie;2025;127;Action;Jake Schreier;7.1;225109
Stop Making Sense;movie;1984;88;Documentary;Jonathan Demme;8.7;23301
Udaan;movie;2010;134;Drama;Vikramaditya Motwane;8.1;49076
The Proposal;movie;2009;108;Comedy;Anne Fletcher;6.8;386767
Labyrinth;movie;1986;101;Adventure;Jim Henson;7.3;159954
Dr. No;movie;1962;110;Action;Terence Young;7.2;188760
Annihilation;movie;2018;115;Adventure;Alex Garland;6.8;385618
Star Trek Beyond;movie;2016;122;Action;Justin Lin;7.0;266783
Shadow of a Doubt;movie;1943;108;Drama;Alfred Hitchcock;7.8;73973
The Last Picture Show;movie;1971;118;Drama;Peter Bogdanovich;8.0;55830
Battleship Potemkin;movie;1925;66;Drama;Sergei Eisenstein;7.9;64109
Hustle;movie;2022;117;Comedy;Jeremiah Zagar;7.3;158878
X-Men: The Last Stand;movie;2006;104;Action;Brett Ratner;6.6;565136
Irreversible;movie;2002;97;Crime;Gaspar Noé;7.3;158646
Ip Man 2;movie;2010;108;Action;Wilson Yip;7.5;115004
Jab We Met;movie;2007;138;Comedy;Imtiaz Ali;7.9;63702
Chicken Run;movie;2000;84;Adventure;Peter Lord;7.1;221535
Raising Arizona;movie;1987;94;Comedy;Joel Coen;7.3;158058
Frankenstein;movie;1931;70;Drama;James Whale;7.7;84824
National Lampoon's Animal House;movie;1978;109;Comedy;John Landis;7.4;134357
Lady and the Tramp;movie;1955;76;Adventure;Clyde Geronimi;7.3;157924
Spaceballs;movie;1987;96;Adventure;Mel Brooks;7.1;220933
Pushpa: The Rise - Part 1;movie;2021;179;Action;Sukumar;7.6;98269
Bridge to Terabithia;movie;2007;96;Drama;Gabor Csupo;7.2;185989
To Be or Not to Be;movie;1942;99;Comedy;Ernst Lubitsch;8.1;48249
Us;movie;2019;116;Horror;Jordan Peele;6.8;378443
Lolita;movie;1962;153;Crime;Stanley Kubrick;7.5;113933
American Fiction;movie;2023;117;Comedy;Cord Jefferson;7.5;113886
Steve Jobs;movie;2015;122;Biography;Danny Boyle;7.2;184941
Crimson Tide;movie;1995;116;Action;Tony Scott;7.4;133065
Pitch Black;movie;2000;109;Horror;David Twohy;7.0;261033
The Incredible Hulk;movie;2008;112;Action;Louis Leterrier;6.6;553188
Team America: World Police;movie;2004;98;Action;Trey Parker;7.2;183584
Tron: Legacy;movie;2010;125;Action;Joseph Kosinski;6.8;372953
Baby;movie;2015;159;Action;Neeraj Pandey;7.9;62421
The World's End;movie;2013;109;Action;Edgar Wright;6.9;308881
The Virgin Suicides;movie;1999;97;Drama;Sofia Coppola;7.2;182383
Aladdin;movie;2019;128;Adventure;Guy Ritchie;6.9;308183
Black Book;movie;2006;145;Drama;Paul Verhoeven;7.7;82881
The Constant Gardener;movie;2005;129;Drama;Fernando Meirelles;7.3;154022
The Dirty Dozen;movie;1967;150;Action;Robert Aldrich;7.7;82690
The Princess and the Frog;movie;2009;97;Adventure;Ron Clements;7.2;181386
Badlands;movie;1973;94;Action;Terrence Malick;7.7;82622
Blood Simple;movie;1984;99;Crime;Joel Coen;7.5;111599
Michael Clayton;movie;2007;119;Crime;Tony Gilroy;7.2;181049
From Russia with Love;movie;1963;115;Action;Terence Young;7.3;153226
What Is a Woman?;movie;2022;95;Documentary;Justin Folk;8.1;47037
The Ballad of Buster Scruggs;movie;2018;133;Comedy;Ethan Coen;7.2;179435
Old School;movie;2003;88;Comedy;Todd Phillips;7.0;253520
Rambo;movie;2008;92;Action;Sylvester Stallone;7.0;253377
Civil War;movie;2024;109;Action;Alex Garland;7.0;252998
Headhunters;movie;2011;100;Action;Morten Tyldum;7.5;110185
The Bridges of Madison County;movie;1995;135;Drama;Clint Eastwood;7.6;94502
The Chorus;movie;2004;97;Drama;Christophe Barratier;7.8;70396
Nine Queens;movie;2000;114;Crime;Fabián Bielinsky;7.9;61075
Vanilla Sky;movie;2001;136;Fantasy;Cameron Crowe;6.9;301567
Saltburn;movie;2023;131;Drama;Emerald Fennell;7.0;251725
Pather Panchali;movie;1955;125;Drama;Satyajit Ray;8.2;40776
Paddington;movie;2014;95;Adventure;Paul King;7.3;150899
Carol;movie;2015;118;Drama;Todd Haynes;7.3;150662
Sarpatta Parambarai;movie;2021;173;Action;Pa. Ranjith;8.5;27988
Napoleon Dynamite;movie;2004;96;Comedy;Jared Hess;7.0;251001
The Hunger Games: Mockingjay - Part 1;movie;2014;123;Action;Francis Lawrence;6.6;533201
Stalag 17;movie;1953;120;Comedy;Billy Wilder;7.9;60686
Airlift;movie;2016;130;Drama;Raja Menon;7.9;60657
Kung Fu Panda 3;movie;2016;95;Action;Alessandro Carloni;7.1;209739
Good Time;movie;2017;102;Crime;Benny Safdie;7.3;149820
A League of Their Own;movie;1992;128;Comedy;Penny Marshall;7.4;127511
3-Iron;movie;2004;88;Crime;Kim Ki-duk;7.9;60465
Insidious;movie;2010;103;Horror;James Wan;6.8;358758
Lage Raho Munna Bhai;movie;2006;144;Comedy;Rajkumar Hirani;8.0;52593
The Chaos Class Is Waking Up;movie;1976;94;Comedy;Ertem Egilmez;8.7;21925
Harvey;movie;1950;104;Comedy;Henry Koster;7.9;60217
The Social Dilemma;movie;2020;94;Documentary;Jeff Orlowski-Yang;7.6;92933
The Ghost Writer;movie;2010;128;Crime;Roman Polanski;7.2;175341
Body of Lies;movie;2008;128;Action;Ridley Scott;7.0;247455
Bringing Up Baby;movie;1938;102;Comedy;Howard Hawks;7.8;69203
Dead Alive;movie;1992;104;Comedy;Peter Jackson;7.5;108048
The Little Mermaid;movie;2023;135;Adventure;Rob Marshall;7.2;175116
The Edge of Seventeen;movie;2016;104;Comedy;Kelly Fremon Craig;7.3;148241
About Elly;movie;2009;119;Drama;Asghar Farhadi;7.9;59982
They Shall Not Grow Old;movie;2018;99;Documentary;Peter Jackson;8.2;40103
The Book of Eli;movie;2010;118;Action;Albert Hughes;6.8;355383
Sing;movie;2016;108;Animation;Garth Jennings;7.1;206930
Togo;movie;2019;113;Adventure;Ericson Core;7.9;59714
Jacob's Ladder;movie;1990;113;Drama;Adrian Lyne;7.4;125508
Dead Man;movie;1995;121;Adventure;Jim Jarmusch;7.5;107312
Capote;movie;2005;114;Biography;Bennett Miller;7.3;147192
Desperado;movie;1995;104;Action;Robert Rodriguez;7.1;205520
42;movie;2013;128;Biography;Brian Helgeland;7.5;107018
Batman v Superman: Dawn of Justice;movie;2016;151;Action;Zack Snyder;6.4;781445
After Hours;movie;1985;97;Comedy;Martin Scorsese;7.6;91661
The Lost Boys;movie;1987;97;Comedy;Joel Schumacher;7.2;172831
The Man from Nowhere;movie;2010;119;Action;Lee Jeong-beom;7.7;78976
Boys Don't Cry;movie;1999;118;Biography;Kimberly Peirce;7.5;106680
Melancholia;movie;2011;135;Drama;Lars von Trier;7.1;204772
The Danish Girl;movie;2015;119;Biography;Tom Hooper;7.1;204754
Wanted;movie;2008;110;Action;Timur Bekmambetov;6.7;423747
Dead Man Walking;movie;1995;122;Crime;Tim Robbins;7.5;106339
Freedom Writers;movie;2007;123;Biography;Richard LaGravenese;7.6;91307
The Right Stuff;movie;1983;193;Adventure;Philip Kaufman;7.8;68030
Paan Singh Tomar;movie;2012;135;Action;Tigmanshu Dhulia;8.2;39479
Happiness;movie;1998;134;Comedy;Todd Solondz;7.7;78413
Vice;movie;2018;132;Biography;Adam McKay;7.2;171435
Barbarian;movie;2022;102;Horror;Zach Cregger;7.0;241662
Side Effects;movie;2013;106;Crime;Steven Soderbergh;7.1;202784
Mother;movie;2009;129;Crime;Bong Joon Ho;7.7;78247
War Horse;movie;2011;146;Adventure;Steven Spielberg;7.2;170883
Divergent;movie;2014;139;Action;Neil Burger;6.6;510746
Pink;movie;2016;136;Crime;Aniruddha Roy Chowdhury;8.0;51056
I, Daniel Blake;movie;2016;100;Drama;Ken Loach;7.8;67412
28 Weeks Later;movie;2007;99;Horror;Juan Carlos Fresnadillo;6.8;345232
Fiddler on the Roof;movie;1971;181;Drama;Norman Jewison;8.0;50947
Miracle on 34th Street;movie;1947;96;Comedy;George Seaton;7.9;58363
The Post;movie;2017;116;Biography;Steven Spielberg;7.2;169403
Matchstick Men;movie;2003;116;Comedy;Ridley Scott;7.3;143503
Malena;movie;2000;108;Drama;Giuseppe Tornatore;7.4;122220
Loving Vincent;movie;2017;94;Animation;DK Welchman;7.8;67010
Clerks II;movie;2006;97;Comedy;Kevin Smith;7.3;143396
Sleeping Beauty;movie;1959;75;Adventure;Les Clark;7.2;169088
Richard Jewell;movie;2019;131;Biography;Clint Eastwood;7.5;104400
Talk to Me;movie;2022;95;Horror;Danny Philippou;7.1;199989
20 Days in Mariupol;movie;2023;97;Documentary;Mstyslav Chernov;8.5;26747
13th;movie;2016;100;Crime;Ava DuVernay;8.2;38829
Mission: Impossible - The Final Reckoning;movie;2025;169;Action;Christopher McQuarrie;7.2;168451
Non-Stop;movie;2014;106;Action;Jaume Collet-Serra;6.9;284040
His Girl Friday;movie;1940;92;Comedy;Howard Hawks;7.8;66556
Babylon;movie;2022;189;Comedy;Damien Chazelle;7.1;198907
Secrets & Lies;movie;1996;136;Comedy;Mike Leigh;8.0;50403
Frequency;movie;2000;118;Crime;Gregory Hoblit;7.4;121213
Aguirre, the Wrath of God;movie;1972;95;Action;Werner Herzog;7.8;66298
Ghostbusters: Afterlife;movie;2021;124;Adventure;Jason Reitman;7.0;235791
War of the Worlds;movie;2005;117;Action;Steven Spielberg;6.6;498103
About a Boy;movie;2002;101;Comedy;Chris Weitz;7.1;197548
Synecdoche, New York;movie;2008;124;Drama;Charlie Kaufman;7.5;102860
Grizzly Man;movie;2005;103;Biography;Werner Herzog;7.8;65978
The Zone of Interest;movie;2023;105;Drama;Jonathan Glazer;7.3;141000
Tootsie;movie;1982;116;Comedy;Sydney Pollack;7.4;120123
Beautiful Boy;movie;2018;120;Biography;Felix van Groeningen;7.4;120067
The Island;movie;2005;136;Action;Michael Bay;6.8;336577
Icarus;movie;2017;120;Documentary;Bryan Fogel;7.9;57191
Ice Age: Dawn of the Dinosaurs;movie;2009;94;Adventure;Carlos Saldanha;6.9;279762
Open Your Eyes;movie;1997;119;Drama;Alejandro Amenábar;7.7;76000
The Master;movie;2012;138;Drama;Paul Thomas Anderson;7.1;196003
Coherence;movie;2013;89;Mystery;James Ward Byrkit;7.2;165370
The Wicker Man;movie;1973;88;Horror;Robin Hardy;7.5;102262
Perfect Strangers;movie;2016;96;Comedy;Paolo Genovese;7.7;75703
The Walk;movie;2015;123;Adventure;Robert Zemeckis;7.3;139969
Ghost Dog: The Way of the Samurai;movie;1999;116;Crime;Jim Jarmusch;7.5;102041
Jersey;movie;2019;157;Drama;Gowtam Tinnanuri;8.5;26266
The Adventures of Robin Hood;movie;1938;102;Action;Michael Curtiz;7.9;56883
Cloudy with a Chance of Meatballs;movie;2009;90;Adventure;Phil Lord;6.9;277621
The Transporter;movie;2002;92;Action;Louis Leterrier;6.8;333749
Paul;movie;2011;104;Adventure;Greg Mottola;6.9;277422
Only the Brave;movie;2017;134;Action;Joseph Kosinski;7.6;87435
The Lunchbox;movie;2013;104;Drama;Ritesh Batra;7.8;65297
Gangubai Kathiawadi;movie;2022;152;Biography;Sanjay Leela Bhansali;7.8;65279
Okja;movie;2017;120;Action;Bong Joon Ho;7.3;139429
Deepwater Horizon;movie;2016;107;Action;Peter Berg;7.1;194645
I Origins;movie;2014;106;Drama;Mike Cahill;7.3;138903
Midnight Run;movie;1988;126;Action;Martin Brest;7.5;101233
Planet Terror;movie;2007;105;Action;Robert Rodriguez;7.0;230428
Karthikeya 2;movie;2022;150;Action;Chandoo Mondeti;7.8;64904
Big Trouble in Little China;movie;1986;99;Action;John Carpenter;7.2;163331
Elysium;movie;2013;109;Action;Neill Blomkamp;6.6;485823
Central Station;movie;1998;110;Drama;Walter Salles;8.0;49005
Crank;movie;2006;88;Action;Mark Neveldine;6.9;273883
Mirror;movie;1975;107;Biography;Andrei Tarkovsky;7.9;56122
Cat on a Hot Tin Roof;movie;1958;108;Drama;Richard Brooks;7.9;55993
Cold Mountain;movie;2003;154;Adventure;Anthony Minghella;7.2;161955
Mr. Brooks;movie;2007;120;Crime;Bruce A. Evans;7.2;161843
Pride;movie;2014;119;Biography;Matthew Warchus;7.8;64224
Contagion;movie;2011;106;Drama;Steven Soderbergh;6.8;326974
Tremors;movie;1990;96;Comedy;Ron Underwood;7.2;161392
Veer-Zaara;movie;2004;192;Drama;Yash Chopra;7.8;64056
The Piano;movie;1993;121;Drama;Jane Campion;7.5;99531
The Da Vinci Code;movie;2006;149;Mystery;Ron Howard;6.6;477666
Clueless;movie;1995;97;Comedy;Amy Heckerling;6.9;270216
Kingsman: The Golden Circle;movie;2017;141;Action;Matthew Vaughn;6.7;392422
Game Night;movie;2018;100;Action;John Francis Daley;6.9;269653
The Red Shoes;movie;1948;135;Drama;Michael Powell;8.1;42237
Mr. & Mrs. Smith;movie;2005;120;Action;Doug Liman;6.5;577796
A Man Called Ove;movie;2015;116;Comedy;Hannes Holm;7.7;73004
Cabaret;movie;1972;124;Drama;Bob Fosse;7.8;63202
P.S. I Love You;movie;2007;126;Comedy;Richard LaGravenese;7.0;223423
Bridesmaids;movie;2011;125;Comedy;Paul Feig;6.8;320559
I Love You, Man;movie;2009;105;Comedy;John Hamburg;7.0;223143
Selma;movie;2014;128;Biography;Ava DuVernay;7.5;98167
The Kite Runner;movie;2007;128;Drama;Marc Forster;7.6;84317
They Live;movie;1988;94;Action;John Carpenter;7.2;158248
Rio;movie;2011;96;Adventure;Carlos Saldanha;6.9;266143
Tinker Tailor Soldier Spy;movie;2011;127;Drama;Tomas Alfredson;7.0;222414
The Lost World: Jurassic Park;movie;1997;129;Action;Steven Spielberg;6.6;469033
The Prince of Egypt;movie;1998;99;Adventure;Brenda Chapman;7.2;157976
Three Colors: White;movie;1994;92;Comedy;Krzysztof Kieslowski;7.6;84006
Laura;movie;1944;88;Drama;Otto Preminger;7.9;54503
The World's Fastest Indian;movie;2005;127;Biography;Roger Donaldson;7.8;62642
The Killing Fields;movie;1984;141;Biography;Roland Joffé;7.8;62636
We Were Soldiers;movie;2002;138;Action;Randall Wallace;7.2;157231
August Rush;movie;2007;114;Drama;Kirsten Sheridan;7.4;113618
Crimes and Misdemeanors;movie;1989;104;Comedy;Woody Allen;7.8;62518
The Marathon Family;movie;1982;92;Comedy;Slobodan Sijan;8.8;17820
Three Kings;movie;1999;114;Action;David O. Russell;7.1;185590
Brief Encounter;movie;1945;86;Drama;David Lean;8.0;47355
Ace in the Hole;movie;1951;111;Drama;Billy Wilder;8.1;41459
Black Widow;movie;2021;134;Action;Cate Shortland;6.6;464454
Jarhead;movie;2005;125;Biography;Sam Mendes;7.0;219753
Instant Family;movie;2018;118;Comedy;Sean Anders;7.3;132557
Guilty;movie;2015;132;Crime;Meghna Gulzar;8.1;41303
The Hangover Part II;movie;2011;102;Comedy;Todd Phillips;6.5;564499
Sicario: Day of the Soldado;movie;2018;122;Action;Stefano Sollima;7.1;184064
KPop Demon Hunters;movie;2025;95;Action;Chris Appelhans;7.6;82679
Batman: Mask of the Phantasm;movie;1993;76;Action;Kevin Altieri;7.8;61779
X-Men Origins: Wolverine;movie;2009;107;Action;Gavin Hood;6.5;560364
Mysterious Skin;movie;2004;105;Drama;Gregg Araki;7.6;82493
Ice Age: The Meltdown;movie;2006;91;Adventure;Carlos Saldanha;6.8;311869
Ghost World;movie;2001;111;Comedy;Terry Zwigoff;7.3;130864
The Hitman's Bodyguard;movie;2017;118;Action;Patrick Hughes;6.9;259008
Saban, Son of Saban;movie;1977;90;Comedy;Ertem Egilmez;8.7;19642
Autumn Sonata;movie;1978;99;Drama;Ingmar Bergman;8.1;40842
Kill Bill: The Whole Bloody Affair;movie;2006;247;Action;Quentin Tarantino;8.7;19617
Just Mercy;movie;2019;137;Biography;Destin Daniel Cretton;7.6;82011
Panic Room;movie;2002;112;Crime;David Fincher;6.8;310188
Bad Boys;movie;1995;119;Action;Michael Bay;6.8;309332
The Fisher King;movie;1991;137;Comedy;Terry Gilliam;7.5;95012
Stargate;movie;1994;121;Action;Roland Emmerich;7.0;215340
1408;movie;2007;104;Fantasy;Mikael Håfström;6.8;308555
Hannibal;movie;2001;131;Crime;Ridley Scott;6.8;308349
Thuppakki;movie;2012;165;Action;A.R. Murugadoss;8.1;40520
Dersu Uzala;movie;1975;142;Adventure;Akira Kurosawa;8.2;35599
The Grand Illusion;movie;1937;113;Drama;Jean Renoir;8.1;40512
A Knight's Tale;movie;2001;132;Action;Brian Helgeland;7.0;214007
Where the Crawdads Sing;movie;2022;125;Drama;Olivia Newman;7.2;152102
Nope;movie;2022;130;Horror;Jordan Peele;6.8;306728
The Basketball Diaries;movie;1995;102;Biography;Scott Kalvert;7.3;129096
Definitely, Maybe;movie;2008;112;Comedy;Adam Brooks;7.1;179826
Harold & Kumar Go to White Castle;movie;2004;88;Adventure;Danny Leiner;7.0;213466
This Is the End;movie;2013;107;Comedy;Evan Goldberg;6.6;448690
Sinister;movie;2012;110;Horror;Scott Derrickson;6.8;305852
Night on Earth;movie;1991;129;Comedy;Jim Jarmusch;7.7;69706
Kong: Skull Island;movie;2017;118;Action;Jordan Vogt-Roberts;6.7;367548
Fearless;movie;2006;104;Action;Ronny Yu;7.6;80521
Kaiva;movie;2023;138;Action;Jayathirtha;7.7;69365
Elizabeth;movie;1998;124;Biography;Shekhar Kapur;7.4;108977
My Sassy Girl;movie;2001;137;Comedy;Jae-young Kwak;7.9;52190
Allied;movie;2016;124;Action;Robert Zemeckis;7.1;177416
Funny Games;movie;1997;108;Crime;Michael Haneke;7.5;93104
La Vie En Rose;movie;2007;140;Biography;Olivier Dahan;7.5;93068
Delicatessen;movie;1991;99;Comedy;Marc Caro;7.5;93053
Head-On;movie;2004;121;Drama;Fatih Akin;7.8;59895
Four Weddings and a Funeral;movie;1994;117;Comedy;Mike Newell;7.1;176664
Article 15;movie;2019;130;Crime;Anubhav Sinha;8.1;39747
The Cider House Rules;movie;1999;126;Drama;Lasse Hallström;7.4;108214
Sleuth;movie;1972;138;Mystery;Joseph L. Mankiewicz;7.9;51916
Dumbo;movie;1941;64;Adventure;Samuel Armstrong;7.2;148838
Midnight Express;movie;1978;121;Biography;Alan Parker;7.5;92332
Following;movie;1998;69;Crime;Christopher Nolan;7.4;107617
Death at a Funeral;movie;2007;90;Comedy;Frank Oz;7.3;126082
Bad Times at the El Royale;movie;2018;141;Crime;Drew Goddard;7.1;175351
The Way Back;movie;2010;133;Adventure;Peter Weir;7.3;125906
National Lampoon's Vacation;movie;1983;98;Adventure;Harold Ramis;7.3;125846
The Killing of a Sacred Deer;movie;2017;121;Drama;Yorgos Lanthimos;7.0;207787
A Perfect World;movie;1993;138;Crime;Clint Eastwood;7.5;91797
Spy Game;movie;2001;126;Action;Tony Scott;7.1;174553
The Hidden Fortress;movie;1958;126;Adventure;Akira Kurosawa;8.0;44804
Chasing Amy;movie;1997;113;Comedy;Kevin Smith;7.2;147200
Tár;movie;2022;158;Drama;Todd Field;7.4;106307
The Salesman;movie;2016;124;Drama;Asghar Farhadi;7.7;67657
Minari;movie;2020;115;Drama;Lee Isaac Chung;7.4;105906
Lady Vengeance;movie;2005;115;Crime;Park Chan-wook;7.5;90582
Days of Heaven;movie;1978;94;Drama;Terrence Malick;7.7;67142
It Follows;movie;2014;100;Horror;David Robert Mitchell;6.8;291748
Rififi;movie;1955;118;Crime;Jules Dassin;8.1;38704
Fruitvale Station;movie;2013;85;Biography;Ryan Coogler;7.5;90101
The Best of Youth;movie;2003;374;Drama;Marco Tullio Giordana;8.4;26520
The Station Agent;movie;2003;89;Comedy;Tom McCarthy;7.6;77428
The Death of Stalin;movie;2017;107;Comedy;Armando Iannucci;7.3;122972
The Land Before Time;movie;1988;69;Adventure;Don Bluth;7.4;104891
A Very Long Engagement;movie;2004;133;Drama;Jean-Pierre Jeunet;7.6;77335
The Body;movie;2012;112;Crime;Oriol Paulo;7.6;77319
Treasure Planet;movie;2002;95;Adventure;Ron Clements;7.2;144059
Driving Miss Daisy;movie;1989;99;Comedy;Bruce Beresford;7.3;122263
Anastasia;movie;1997;94;Adventure;Don Bluth;7.2;143766
A Dog's Will;movie;2000;104;Comedy;Guel Arraes;8.6;20797
Home;movie;2009;118;Documentary;Yann Arthus-Bertrand;8.5;23366
The Magnificent Seven;movie;2016;132;Action;Antoine Fuqua;6.9;240604
Hotel Mumbai;movie;2018;123;Action;Anthony Maras;7.6;76815
Good Night, and Good Luck.;movie;2005;93;Biography;George Clooney;7.4;104107
No Man's Land;movie;2001;98;Comedy;Danis Tanovic;7.9;50027
Stagecoach;movie;1939;96;Adventure;John Ford;7.8;57457
Man with a Movie Camera;movie;1929;68;Documentary;Dziga Vertov;8.3;29684
American Graffiti;movie;1973;110;Comedy;George Lucas;7.4;103856
Rocky IV;movie;1985;91;Drama;Sylvester Stallone;6.9;239672
Resurrection;movie;2018;147;Drama;Ram;8.7;18472
Amy;movie;2015;128;Biography;Asif Kapadia;7.8;57312
#Home;movie;2021;158;Drama;Rojin Thomas;8.7;18437
The Lion King;movie;2019;118;Adventure;Jon Favreau;6.8;286665
Escape from New York;movie;1981;99;Action;John Carpenter;7.1;168492
Sanjuro;movie;1962;96;Action;Akira Kurosawa;8.0;43428
Hook;movie;1991;142;Adventure;Steven Spielberg;6.8;285659
Ralph Breaks the Internet;movie;2018;112;Adventure;Phil Johnston;7.0;199487
The Circus;movie;1928;72;Comedy;Charles Chaplin;8.1;37894
Out of the Past;movie;1947;97;Crime;Jacques Tourneur;8.0;43231
The Boy and the Heron;movie;2023;124;Adventure;Hayao Miyazaki;7.4;102714
Bride of Frankenstein;movie;1935;75;Drama;James Whale;7.8;56767
Patriots Day;movie;2016;133;Action;Peter Berg;7.3;120107
The Black Phone;movie;2021;103;Horror;Scott Derrickson;6.9;236317
Extraction;movie;2020;116;Action;Sam Hargrave;6.8;283185
Wolfwalkers;movie;2020;103;Action;Tomm Moore;8.0;42999
Locke;movie;2013;85;Drama;Steven Knight;7.1;166236
Precious;movie;2009;110;Drama;Lee Daniels;7.3;119550
White Heat;movie;1949;114;Action;Raoul Walsh;8.1;37664
Bird Box;movie;2018;124;Horror;Susanne Bier;6.6;412441
Brothers;movie;2009;105;Drama;Jim Sheridan;7.1;165892
Creed II;movie;2018;130;Action;Steven Caple Jr.;7.1;165883
The Day After Tomorrow;movie;2004;124;Action;Roland Emmerich;6.5;502904
An Education;movie;2009;100;Drama;Lone Scherfig;7.2;140332
Reign Over Me;movie;2007;124;Drama;Mike Binder;7.4;101859
The Boat That Rocked;movie;2009;117;Comedy;Richard Curtis;7.3;119246
Bridget Jones's Diary;movie;2001;97;Comedy;Sharon Maguire;6.8;281416
Cowboy Bebop: The Movie;movie;2001;115;Action;Shin'ichirô Watanabe;7.8;56314
Hoop Dreams;movie;1994;170;Documentary;Steve James;8.3;29135
Clue;movie;1985;94;Comedy;Jonathan Lynn;7.3;119016
Earthlings;movie;2005;95;Documentary;Shaun Monson;8.6;20330
The Return;movie;2003;110;Drama;Andrey Zvyagintsev;7.9;48938
Miss Sloane;movie;2016;132;Drama;John Madden;7.5;87029
Before the Devil Knows You're Dead;movie;2007;117;Crime;Sidney Lumet;7.3;118838
Eraserhead;movie;1977;89;Fantasy;David Lynch;7.2;139756
Tetris;movie;2023;118;Biography;Jon S. Baird;7.4;101405
Duck Soup;movie;1933;69;Comedy;Leo McCarey;7.7;64715
Love, Rosie;movie;2014;102;Comedy;Christian Ditter;7.1;165010
Chappie;movie;2015;120;Action;Neill Blomkamp;6.8;280294
The Tashkent Files;movie;2019;134;Drama;Vivek Agnihotri;8.1;37436
The Addams Family;movie;1991;99;Comedy;Barry Sonnenfeld;7.0;195848
State of Play;movie;2009;127;Crime;Kevin Macdonald;7.1;164948
The Queen;movie;2006;103;Biography;Stephen Frears;7.3;118582
All of Us Strangers;movie;2023;105;Drama;Andrew Haigh;7.6;74698
The Devil All the Time;movie;2020;138;Crime;Antonio Campos;7.1;164510
Demon Slayer: Kimetsu no Yaiba - Mt. Natagumo Arc;movie;2020;138;Action;Haruo Sotozaki;8.7;18030
Last Night in Soho;movie;2021;116;Drama;Edgar Wright;7.0;194708
Seven Years in Tibet;movie;1997;136;Adventure;Jean-Jacques Annaud;7.1;163999
The Girl Who Leapt Through Time;movie;2006;98;Adventure;Mamoru Hosoda;7.6;74368
Sabrina;movie;1954;113;Comedy;Billy Wilder;7.6;74325
Ivan's Childhood;movie;1962;95;Drama;Andrei Tarkovsky;8.0;42403
The Time Traveler's Wife;movie;2009;107;Drama;Robert Schwentke;7.1;163613
Black;movie;2005;122;Drama;Sanjay Leela Bhansali;8.1;37152
Enemy;movie;2013;91;Drama;Denis Villeneuve;6.9;231495
Raise the Red Lantern;movie;1991;125;Drama;Yimou Zhang;8.1;37129
Heretic;movie;2024;111;Horror;Scott Beck;7.0;193743
21;movie;2008;123;Crime;Robert Luketic;6.8;276910
The Shop Around the Corner;movie;1940;99;Comedy;Ernst Lubitsch;8.0;42265
Endless Corridor;movie;2014;52;Documentary;Aleksandras Brokas;8.0;42263
Frances Ha;movie;2012;86;Comedy;Noah Baumbach;7.4;100210
The Hole;movie;1960;131;Crime;Jacques Becker;8.5;22572
The King of the Street Cleaners;movie;1977;80;Comedy;Zeki Ökten;8.5;22520
Pariyerum Perumal;movie;2018;154;Drama;Mari Selvaraj;8.6;20042
The French Dispatch;movie;2021;107;Comedy;Wes Anderson;7.1;162455
Going Clear: Scientology & the Prison of Belief;movie;2015;119;Documentary;Alex Gibney;8.0;42117
Across the Universe;movie;2007;133;Drama;Julie Taymor;7.3;116783
Anand;movie;1971;122;Drama;Hrishikesh Mukherjee;8.1;36883
Tae Guk Gi: The Brotherhood of War;movie;2004;140;Action;Kang Je-kyu;8.0;42039
The Hunger Games: Mockingjay - Part 2;movie;2015;137;Action;Francis Lawrence;6.6;401769
Willow;movie;1988;126;Action;Ron Howard;7.2;137057
Unknown;movie;2011;113;Action;Jaume Collet-Serra;6.8;274659
About Schmidt;movie;2002;125;Drama;Alexander Payne;7.2;136866
Quantum of Solace;movie;2008;106;Action;Marc Forster;6.5;487301
The Fantastic Four: First Steps;movie;2025;114;Action;Matt Shakman;7.1;161104
Remember Me;movie;2010;113;Drama;Allen Coulter;7.1;160927
The Painted Veil;movie;2006;125;Drama;John Curran;7.4;98971
The Phantom of the Opera;movie;2004;143;Drama;Joel Schumacher;7.2;136065
Cell 211;movie;2009;113;Action;Daniel Monzón;7.6;72999
The Chaos Class Is on Vacation;movie;1977;97;Comedy;Ertem Egilmez;8.6;19815
Twin Peaks: Fire Walk with Me;movie;1992;134;Drama;David Lynch;7.3;115389
Matilda;movie;1996;98;Comedy;Danny DeVito;7.0;189720
Defiance;movie;2008;137;Action;Edward Zwick;7.1;159571
1: Nenokkadine;movie;2014;170;Action;Sukumar;7.9;47413
Disturbia;movie;2007;105;Crime;D.J. Caruso;6.8;269562
The Salt of the Earth;movie;2014;110;Biography;Juliano Ribeiro Salgado;8.4;24876
Final Destination;movie;2000;98;Horror;James Wong;6.7;324083
Who's Singin' Over There?;movie;1980;86;Adventure;Slobodan Sijan;8.7;17526
Kind Hearts and Coronets;movie;1949;106;Comedy;Robert Hamer;8.0;41208
A Monster Calls;movie;2016;108;Adventure;J.A. Bayona;7.4;97478
Quo Vadis, Aida?;movie;2020;101;Drama;Jasmila Zbanic;8.0;41115
Never Let Me Go;movie;2010;103;Drama;Mark Romanek;7.1;158051
Take Shelter;movie;2011;120;Drama;Jeff Nichols;7.3;113844
Friday;movie;1995;91;Comedy;F. Gary Gray;7.2;133779
Rocky III;movie;1982;99;Drama;Sylvester Stallone;6.9;223394
Biutiful;movie;2010;148;Drama;Alejandro G. Iñárritu;7.4;97022
Suspiria;movie;1977;92;Horror;Dario Argento;7.3;113549
Lilya 4-Ever;movie;2002;109;Crime;Lukas Moodysson;7.8;53793
Woman in the Dunes;movie;1964;147;Drama;Hiroshi Teshigahara;8.4;24686
Angels & Demons;movie;2009;138;Mystery;Ron Howard;6.7;321113
Farewell My Concubine;movie;1993;171;Drama;Kaige Chen;8.1;35872
The Longest Day;movie;1962;178;Action;Ken Annakin;7.7;61801
Jujutsu Kaisen 0;movie;2021;112;Action;Sunghoo Park;7.8;53645
Won't You Be My Neighbor?;movie;2018;95;Biography;Morgan Neville;8.3;27815
Rockstar;movie;2011;159;Drama;Imtiaz Ali;7.8;53581
Anniyan;movie;2005;181;Action;S. Shankar;8.4;24601
Freaks;movie;1932;64;Drama;Tod Browning;7.8;53459
Caddyshack;movie;1980;98;Comedy;Harold Ramis;7.2;132421
The Babadook;movie;2014;94;Drama;Jennifer Kent;6.8;264983
Judas and the Black Messiah;movie;2021;126;Biography;Shaka King;7.4;96084
Margin Call;movie;2011;107;Drama;J.C. Chandor;7.1;155872
Vizontele;movie;2001;110;Comedy;Yilmaz Erdogan;8.0;40552
Winter's Bone;movie;2010;100;Crime;Debra Granik;7.1;155572
Gol Maal;movie;1979;120;Comedy;Hrishikesh Mukherjee;8.5;21707
Control;movie;2007;122;Biography;Anton Corbijn;7.6;70765
Food, Inc.;movie;2008;94;Documentary;Robert Kenner;7.8;52982
Legend;movie;2015;132;Biography;Brian Helgeland;6.9;218343
Robin Hood: Prince of Thieves;movie;1991;143;Action;Kevin Reynolds;6.9;218205
Once Upon a Time in Anatolia;movie;2011;157;Crime;Nuri Bilge Ceylan;7.8;52773
Witness;movie;1985;112;Crime;Peter Weir;7.3;111085
Seaspiracy;movie;2021;89;Adventure;Ali Tabrizi;8.1;35237
Gully Boy;movie;2019;154;Drama;Zoya Akhtar;7.9;45891
The Little Prince;movie;2015;108;Adventure;Mark Osborne;7.6;70016
Silence;movie;2016;161;Drama;Martin Scorsese;7.2;130090
Lucy;movie;2014;89;Action;Luc Besson;6.4;566694
Licorice Pizza;movie;2021;133;Comedy;Paul Thomas Anderson;7.1;153448
The Gift;movie;2015;108;Drama;Joel Edgerton;7.0;181852
Men of Honor;movie;2000;129;Biography;George Tillman Jr.;7.2;129837
Man on Wire;movie;2008;94;Biography;James Marsh;7.7;60369
Ordinary People;movie;1980;124;Drama;Robert Redford;7.7;60357
A Simple Plan;movie;1998;121;Crime;Sam Raimi;7.5;80845
The Lady Vanishes;movie;1938;96;Crime;Alfred Hitchcock;7.7;60238
Shot Caller;movie;2017;121;Crime;Ric Roman Waugh;7.3;110084
The Wailing;movie;2016;156;Drama;Na Hong-jin;7.4;94037
The Hunchback of Notre Dame;movie;1996;91;Animation;Gary Trousdale;7.0;180652
The Lizard;movie;2004;115;Comedy;Kamal Tabrizi;8.4;24021
Tokyo Godfathers;movie;2003;92;Adventure;Satoshi Kon;7.8;52049
Inherit the Wind;movie;1960;128;Biography;Stanley Kramer;8.1;34783
Payback;movie;1999;100;Action;Brian Helgeland;7.1;151382
Wayne's World;movie;1992;94;Comedy;Penelope Spheeris;7.0;179491
Manjummel Boys;movie;2024;135;Adventure;Chidambaram;8.2;30542
Guess Who's Coming to Dinner;movie;1967;108;Comedy;Stanley Kramer;7.8;51852
It's Kind of a Funny Story;movie;2010;101;Comedy;Anna Boden;7.1;151076
John Q;movie;2002;116;Crime;Nick Cassavetes;7.1;150998
Oficina do Diabo;movie;2025;124;Drama;Filipe Valerim;8.1;34614
Black Friday;movie;2004;143;Action;Anurag Kashyap;8.4;23826
Waking Life;movie;2001;99;Animation;Richard Linklater;7.6;68828
Ghostbusters;movie;2016;117;Action;Paul Feig;6.8;255136
Disconnect;movie;2012;115;Crime;Henry Alex Rubin;7.5;79611
Premam;movie;2015;156;Comedy;Alphonse Puthren;8.3;26823
Pay It Forward;movie;2000;123;Drama;Mimi Leder;7.2;127375
Thani Oruvan;movie;2015;160;Action;Mohan Raja;8.4;23742
Spider-Man 3;movie;2007;139;Action;Sam Raimi;6.3;682062
Nightmare Alley;movie;2021;150;Crime;Guillermo del Toro;7.0;177790
Sympathy for Mr. Vengeance;movie;2002;129;Crime;Park Chan-wook;7.5;79304
The Day of the Jackal;movie;1973;143;Crime;Fred Zinnemann;7.8;51265
One Day;movie;2011;107;Drama;Lone Scherfig;7.0;176938
Warm Bodies;movie;2013;98;Comedy;Jonathan Levine;6.8;252276
Pretty Village, Pretty Flame;movie;1996;115;Drama;Srdjan Dragojevic;8.6;18652
The Other Guys;movie;2010;107;Action;Adam McKay;6.7;303114
The Triplets of Belleville;movie;2003;80;Adventure;Sylvain Chomet;7.7;58736
Rangasthalam;movie;2018;170;Action;Sukumar;8.2;30053
East of Eden;movie;1955;118;Drama;Elia Kazan;7.8;50909
Mean Streets;movie;1973;112;Crime;Martin Scorsese;7.2;125547
Masaan;movie;2015;109;Drama;Neeraj Ghaywan;8.1;34051
Dangerous Liaisons;movie;1988;119;Drama;Stephen Frears;7.5;78453
Sweet Smell of Success;movie;1957;96;Drama;Alexander Mackendrick;8.0;38755
A Man Escaped;movie;1956;101;Drama;Robert Bresson;8.2;29917
Time of the Gypsies;movie;1988;142;Comedy;Emir Kusturica;8.1;33968
Invasion of the Body Snatchers;movie;1956;80;Drama;Don Siegel;7.7;58308
Buried;movie;2010;95;Drama;Rodrigo Cortés;7.0;174488
Role Models;movie;2008;99;Comedy;David Wain;6.8;248698
Amarcord;movie;1973;123;Comedy;Federico Fellini;7.8;50549
Major;movie;2022;150;Action;Sashi Kiran Tikka;8.1;33807
Running Scared;movie;2006;122;Action;Wayne Kramer;7.3;105965
The Unbearable Weight of Massive Talent;movie;2022;107;Action;Tom Gormican;7.0;173906
Kumbalangi Nights;movie;2019;135;Comedy;Madhu C. Narayanan;8.5;20679
The Piano Teacher;movie;2001;131;Drama;Michael Haneke;7.5;77787
Logan Lucky;movie;2017;118;Action;Steven Soderbergh;7.0;173791
Marley & Me;movie;2008;115;Drama;David Frankel;7.0;173484
Hard Candy;movie;2005;104;Drama;David Slade;7.0;173075
The King of Kong: A Fistful of Quarters;movie;2007;79;Biography;Seth Gordon;8.0;38312
The Brutalist;movie;2024;216;Drama;Brady Corbet;7.3;105377
Adam's Apples;movie;2005;94;Comedy;Anders Thomas Jensen;7.7;57741
Eddie the Eagle;movie;2015;106;Adventure;Dexter Fletcher;7.3;105179
Bangalore Days;movie;2014;171;Comedy;Anjali Menon;8.3;26110
Fences;movie;2016;139;Drama;Denzel Washington;7.2;123315
Feyzo, the Polite One;movie;1978;83;Comedy;Atif Yilmaz;8.6;18290
Before the Flood;movie;2016;96;Documentary;Fisher Stevens;8.2;29464
Hancock;movie;2008;92;Action;Peter Berg;6.4;532180
Where Eagles Dare;movie;1968;158;Action;Brian G. Hutton;7.6;66354
The Butler;movie;2013;132;Biography;Lee Daniels;7.2;122584
The People vs. Larry Flynt;movie;1996;130;Biography;Milos Forman;7.3;104341
Born on the Fourth of July;movie;1989;145;Biography;Oliver Stone;7.2;122493
Victoria;movie;2015;138;Crime;Sebastian Schipper;7.6;66098
Crazy Rich Asians;movie;2018;120;Comedy;Jon M. Chu;6.9;203788
Wild;movie;2014;115;Adventure;Jean-Marc Vallée;7.1;144376
Ocean's Twelve;movie;2004;125;Crime;Steven Soderbergh;6.5;431691
Hard Boiled;movie;1992;128;Action;John Woo;7.7;57109
Au Revoir les Enfants;movie;1987;104;Drama;Louis Malle;8.0;37860
Star Wars: Episode IX - The Rise of Skywalker;movie;2019;141;Action;J.J. Abrams;6.4;527781
Z;movie;1969;127;Crime;Costa-Gavras;8.1;33215
Quiz Show;movie;1994;133;Biography;Robert Redford;7.5;76331
Bolt;movie;2008;96;Adventure;Byron Howard;6.8;242677
Master;movie;2021;179;Action;Lokesh Kanagaraj;7.4;88774
A Complete Unknown;movie;2024;141;Biography;James Mangold;7.3;103726
Easy Rider;movie;1969;95;Adventure;Dennis Hopper;7.2;121761
Grosse Pointe Blank;movie;1997;107;Action;George Armitage;7.3;103622
Warcraft;movie;2016;123;Action;Duncan Jones;6.7;291373
Sanju;movie;2018;155;Biography;Rajkumar Hirani;7.6;65580
Cinderella;movie;2015;105;Adventure;Kenneth Branagh;6.9;201968
Mad Max;movie;1979;88;Action;George Miller;6.8;241188
Hunger;movie;2008;96;Biography;Steve McQueen;7.5;75774
Notes on a Scandal;movie;2006;92;Crime;Richard Eyre;7.4;88065
The Exterminating Angel;movie;1962;95;Drama;Luis Buñuel;8.0;37451
Lucky Baskhar;movie;2024;148;Crime;Venky Atluri;8.0;37422
In the Line of Fire;movie;1993;128;Action;Wolfgang Petersen;7.2;120526
Vada Chennai;movie;2018;164;Action;Vetrimaaran;8.4;22655
Black Mirror: Bandersnatch;movie;2018;90;Drama;David Slade;7.1;142028
The Drop;movie;2014;106;Crime;Michaël R. Roskam;7.0;167860
The 39 Steps;movie;1935;86;Crime;Alfred Hitchcock;7.6;64872
Extraction II;movie;2023;122;Action;Sam Hargrave;7.0;167650
House of Sand and Fog;movie;2003;126;Crime;Vadim Perelman;7.5;74952
The Lost Weekend;movie;1945;101;Drama;Billy Wilder;7.9;42447
The Spectacular Now;movie;2013;95;Drama;James Ponsoldt;7.0;166793
My Sister's Keeper;movie;2009;109;Drama;Nick Cassavetes;7.3;101745
The Farewell;movie;2019;100;Comedy;Lulu Wang;7.5;74715
Hitch;movie;2005;118;Comedy;Andy Tennant;6.6;345033
The Host;movie;2006;120;Drama;Bong Joon Ho;7.1;140526
Felon;movie;2008;104;Action;Ric Roman Waugh;7.4;86891
The Fall Guy;movie;2024;126;Action;David Leitch;6.8;236698
Trumbo;movie;2015;124;Biography;Jay Roach;7.4;86751
Land of Mine;movie;2015;100;Drama;Martin Zandvliet;7.8;48373
I Want to Eat Your Pancreas;movie;2018;109;Animation;Jun'ichi Fujise;8.1;32390
An Inconvenient Truth;movie;2006;96;Documentary;Davis Guggenheim;7.4;86509
Challengers;movie;2024;131;Comedy;Luca Guadagnino;7.0;165616
Vishwaroopam;movie;2013;148;Action;Kamal Haasan;7.9;42099
The Dreamers;movie;2003;115;Drama;Bernardo Bertolucci;7.1;139623
Kaththi;movie;2014;166;Action;A.R. Murugadoss;8.1;32337
Drive My Car;movie;2021;179;Drama;Ryûsuke Hamaguchi;7.5;74184
Black Panther: Wakanda Forever;movie;2022;161;Action;Ryan Coogler;6.6;341898
The Full Monty;movie;1997;91;Comedy;Peter Cattaneo;7.2;118105
T2 Trainspotting;movie;2017;117;Comedy;Danny Boyle;7.1;139174
The Mule;movie;2018;116;Crime;Clint Eastwood;7.0;164781
Say Anything;movie;1989;100;Comedy;Cameron Crowe;7.3;100424
Frida;movie;2002;123;Biography;Julie Taymor;7.3;100412
Love Me If You Dare;movie;2003;93;Comedy;Yann Samuell;7.5;73823
Friends with Benefits;movie;2011;109;Comedy;Will Gluck;6.5;413783
The Guard;movie;2011;96;Comedy;John Michael McDonagh;7.3;100012
The Breath;movie;2009;128;Action;Levent Semerci;8.0;36509
Mid90s;movie;2018;85;Comedy;Jonah Hill;7.4;85491
I Was A Stranger;movie;2024;103;Drama;Brandt Andersen;9.3;8398
Fitzcarraldo;movie;1982;158;Adventure;Werner Herzog;7.9;41622
Submarine;movie;2010;97;Comedy;Richard Ayoade;7.3;99699
Dodgeball: A True Underdog Story;movie;2004;92;Comedy;Rawson Marshall Thurber;6.7;279202
Booksmart;movie;2019;102;Comedy;Olivia Wilde;7.1;137652
Bad Santa;movie;2003;92;Comedy;Terry Zwigoff;7.0;162633
Yi Yi;movie;2000;173;Drama;Edward Yang;8.1;31876
To Catch a Thief;movie;1955;106;Drama;Alfred Hitchcock;7.4;84945
The Man Who Would Be King;movie;1975;129;Adventure;John Huston;7.7;54476
Rudy;movie;1993;114;Biography;David Anspaugh;7.5;72859
Carnage;movie;2011;80;Comedy;Roman Polanski;7.1;136888
Super Size Me;movie;2004;100;Documentary;Morgan Spurlock;7.2;116018
The Broken Landlord;movie;1985;101;Comedy;Nesli Çölgeçen;8.6;17311
Riders of Justice;movie;2020;116;Action;Anders Thomas Jensen;7.5;72411
The A-Team;movie;2010;117;Action;Joe Carnahan;6.7;274688
Dirty Rotten Scoundrels;movie;1988;110;Comedy;Frank Oz;7.4;83984
A Series of Unfortunate Events;movie;2004;108;Adventure;Brad Silberling;6.8;228379
The Expendables 2;movie;2012;103;Action;Simon West;6.6;331163
Sing 2;movie;2021;110;Adventure;Garth Jennings;7.3;97811
Rescue Dawn;movie;2006;125;Adventure;Werner Herzog;7.2;114589
Bone Tomahawk;movie;2015;132;Drama;S. Craig Zahler;7.1;134990
The Killer;movie;1989;111;Action;John Woo;7.7;53706
Burning;movie;2018;148;Drama;Lee Chang-dong;7.4;83378
Night at the Museum;movie;2006;108;Adventure;Shawn Levy;6.5;399394
The Grey;movie;2011;117;Action;Joe Carnahan;6.7;270999
Super 30;movie;2019;154;Biography;Vikas Bahl;7.9;40516
Only Lovers Left Alive;movie;2013;123;Comedy;Jim Jarmusch;7.2;113437
Hi Nanna;movie;2023;155;Drama;Shouryuv;8.3;24242
We Bought a Zoo;movie;2011;124;Comedy;Cameron Crowe;7.0;157944
Jane Eyre;movie;2011;120;Drama;Cary Joji Fukunaga;7.3;96433
Best in Show;movie;2000;90;Comedy;Christopher Guest;7.5;70987
13 Assassins;movie;2010;141;Action;Takashi Miike;7.5;70855
Flags of Our Fathers;movie;2006;135;Action;Clint Eastwood;7.1;132915
Ready or Not;movie;2019;95;Action;Matt Bettinelli-Olpin;6.8;223402
Kagemusha: The Shadow Warrior;movie;1980;162;Drama;Akira Kurosawa;7.9;40199
Open Range;movie;2003;139;Action;Kevin Costner;7.4;82262
The Bourne Legacy;movie;2012;135;Action;Tony Gilroy;6.6;324325
Solo Leveling: ReAwakening;movie;2024;121;Action;Shunsuke Nakashige;8.7;15146
The Player;movie;1992;124;Comedy;Robert Altman;7.5;70573
Religulous;movie;2008;101;Comedy;Larry Charles;7.6;60911
Escape Plan;movie;2013;115;Action;Mikael Håfström;6.7;267501
St. Vincent;movie;2014;102;Comedy;Theodore Melfi;7.2;112069
Elemental;movie;2023;101;Adventure;Peter Sohn;7.0;156108
Mission Muh Dikhayi;movie;2025;53;Comedy;Suryansh Thakur;9.2;8938
A Serious Man;movie;2009;106;Comedy;Ethan Coen;7.0;155854
Let Me In;movie;2010;116;Drama;Matt Reeves;7.1;131660
Badhaai Ho;movie;2018;124;Comedy;Amit Ravindernath Sharma;7.9;39849
Star Trek IV: The Voyage Home;movie;1986;119;Adventure;Leonard Nimoy;7.3;95143
Maanaadu;movie;2021;147;Action;Venkat Prabhu;8.2;27018
Highlander;movie;1986;116;Action;Russell Mulcahy;7.0;155301
Repulsion;movie;1965;105;Drama;Roman Polanski;7.6;60359
Eye in the Sky;movie;2015;102;Action;Gavin Hood;7.3;94870
The Mauritanian;movie;2021;129;Biography;Kevin Macdonald;7.5;69865
Terminator Salvation;movie;2009;115;Action;McG;6.5;388441
Shaolin Soccer;movie;2001;87;Action;Stephen Chow;7.3;94730
The Birdcage;movie;1996;117;Comedy;Mike Nichols;7.2;111047
The Vanishing;movie;1988;107;Mystery;George Sluizer;7.7;52208
9;movie;2009;79;Action;Shane Acker;7.0;154691
Madagascar: Escape 2 Africa;movie;2008;89;Adventure;Eric Darnell;6.7;264101
The Past;movie;2013;130;Drama;Asghar Farhadi;7.7;52068
Mimi;movie;2021;132;Comedy;Rajesh Bhatia;7.8;45297
Videodrome;movie;1983;87;Drama;David Cronenberg;7.2;110393
Touching the Void;movie;2003;106;Adventure;Kevin Macdonald;7.9;39405
Wonka;movie;2023;116;Adventure;Paul King;6.9;182627
Close;movie;2022;104;Drama;Lukas Dhont;7.8;45128
Foxcatcher;movie;2014;134;Biography;Bennett Miller;7.0;153546
The Squid and the Whale;movie;2005;81;Comedy;Noah Baumbach;7.3;93866
Wild at Heart;movie;1990;125;Crime;David Lynch;7.2;109731
Election;movie;1999;103;Comedy;Alexander Payne;7.2;109667
The SpongeBob SquarePants Movie;movie;2004;87;Adventure;Stephen Hillenburg;7.2;109592
Paterson;movie;2016;118;Comedy;Jim Jarmusch;7.3;93443
Bullitt;movie;1968;114;Action;Peter Yates;7.4;80036
Nobody Knows;movie;2004;141;Drama;Hirokazu Koreeda;8.0;34289
Cruel Intentions;movie;1999;97;Drama;Roger Kumble;6.8;216476
Gran Turismo;movie;2023;134;Action;Neill Blomkamp;7.1;128598
Umberto D.;movie;1952;89;Drama;Vittorio De Sica;8.1;30053
Cries & Whispers;movie;1972;92;Drama;Ingmar Bergman;7.9;39014
Unstoppable;movie;2010;98;Action;Tony Scott;6.8;215655
Austin Powers: The Spy Who Shagged Me;movie;1999;95;Action;Jay Roach;6.7;258723
The Holy Mountain;movie;1973;114;Adventure;Alejandro Jodorowsky;7.7;51233
Leviathan;movie;2014;140;Crime;Andrey Zvyagintsev;7.6;59079
Menace II Society;movie;1993;97;Crime;Albert Hughes;7.5;68375
Khosla Ka Ghosla!;movie;2006;135;Comedy;Dibakar Banerjee;8.2;26428
Jumanji: The Next Level;movie;2019;123;Action;Jake Kasdan;6.6;310819
The Girl Next Door;movie;2004;109;Comedy;Luke Greenfield;6.7;256971
Transformers One;movie;2024;104;Action;Josh Cooley;7.6;58764
Finding Forrester;movie;2000;136;Drama;Gus Van Sant;7.3;92267
The Guilty;movie;2018;85;Crime;Gustav Möller;7.5;68015
Alice in Wonderland;movie;2010;108;Adventure;Tim Burton;6.4;460432
The Fox and the Hound;movie;1981;83;Adventure;Ted Berman;7.2;107999
Ruby Sparks;movie;2012;104;Comedy;Jonathan Dayton;7.2;107949
Once Were Warriors;movie;1994;102;Crime;Lee Tamahori;7.9;38631
Green Room;movie;2015;95;Crime;Jeremy Saulnier;7.0;150055
Godzilla;movie;2014;123;Action;Gareth Edwards;6.4;458224
Pirates of the Caribbean: Dead Men Tell No Tales;movie;2017;129;Action;Joachim Rønning;6.5;373733
Romeo + Juliet;movie;1996;120;Drama;Baz Luhrmann;6.7;254795
Shine;movie;1996;105;Biography;Scott Hicks;7.6;58301
Pearl;movie;2022;103;Drama;Ti West;7.0;149270
Rush Hour 2;movie;2001;90;Action;Brett Ratner;6.7;254372
Frozen II;movie;2019;103;Adventure;Chris Buck;6.8;211794
Madagascar 3: Europe's Most Wanted;movie;2012;93;Adventure;Eric Darnell;6.8;211681
The Purple Rose of Cairo;movie;1985;82;Comedy;Woody Allen;7.6;58128
The Vow;movie;2012;104;Drama;Michael Sucsy;6.8;211263
Den of Thieves;movie;2018;140;Action;Christian Gudegast;7.0;148690
The Unforgivable;movie;2021;112;Crime;Nora Fingscheidt;7.1;125691
Invasion of the Body Snatchers;movie;1978;115;Horror;Philip Kaufman;7.4;78036
The Interview;movie;2014;112;Action;Evan Goldberg;6.5;371060
Everything's Gonna Be Great;movie;1998;107;Comedy;Ömer Vargi;8.1;29434
English Vinglish;movie;2012;134;Comedy;Gauri Shinde;7.8;43662
In a Lonely Place;movie;1950;94;Drama;Nicholas Ray;7.9;38093
Down by Law;movie;1986;107;Comedy;Jim Jarmusch;7.6;57748
Ninja Scroll;movie;1993;94;Action;Yoshiaki Kawajiri;7.8;43574
Resident Evil;movie;2002;100;Action;Paul W.S. Anderson;6.6;303493
The Message;movie;1976;207;Biography;Moustapha Akkad;8.9;11616
The Hundred-Foot Journey;movie;2014;122;Comedy;Lasse Hallström;7.3;90328
The Conformist;movie;1970;113;Drama;Bernardo Bertolucci;7.9;37968
The Adam Project;movie;2022;106;Action;Shawn Levy;6.7;250880
Due Date;movie;2010;95;Comedy;Todd Phillips;6.5;367775
The Last Temptation of Christ;movie;1988;164;Drama;Martin Scorsese;7.5;66597
Suzume;movie;2022;122;Adventure;Makoto Shinkai;7.6;57519
Project X;movie;2012;88;Comedy;Nima Nourizadeh;6.7;250666
Close-Up;movie;1990;98;Biography;Abbas Kiarostami;8.2;25782
Red Beard;movie;1965;185;Drama;Akira Kurosawa;8.3;22810
The Virgin Spring;movie;1960;89;Drama;Ingmar Bergman;8.0;33213
Heathers;movie;1988;103;Comedy;Michael Lehmann;7.1;124273
Rome, Open City;movie;1945;103;Drama;Roberto Rossellini;8.0;33156
The Doors;movie;1991;140;Biography;Oliver Stone;7.2;105392
Bronson;movie;2008;92;Action;Nicolas Winding Refn;7.0;146631
Pain and Glory;movie;2019;113;Drama;Pedro Almodóvar;7.5;66233
The Rescue;movie;2021;107;Action;Jimmy Chin;8.3;22715
The Discreet Charm of the Bourgeoisie;movie;1972;102;Comedy;Luis Buñuel;7.7;49623
Kelly's Heroes;movie;1970;144;Adventure;Brian G. Hutton;7.6;57184
Weathering with You;movie;2019;112;Animation;Makoto Shinkai;7.5;66158
Four Lions;movie;2010;97;Comedy;Christopher Morris;7.3;89423
The Mask of Zorro;movie;1998;136;Action;Martin Campbell;6.8;206647
Blade II;movie;2002;117;Action;Guillermo del Toro;6.7;248025
The Jacket;movie;2005;103;Drama;John Maybury;7.1;123092
The Verdict;movie;1982;129;Drama;Sidney Lumet;7.7;49341
The Girl with the Red Scarf;movie;1977;90;Drama;Atif Yilmaz;8.5;17798
The Great Debaters;movie;2007;126;Biography;Denzel Washington;7.5;65611
Fast Times at Ridgemont High;movie;1982;90;Comedy;Amy Heckerling;7.1;122559
Caché;movie;2005;117;Drama;Michael Haneke;7.3;88888
Glass;movie;2019;129;Drama;M. Night Shyamalan;6.6;297576
Jean de Florette;movie;1986;120;Drama;Claude Berri;8.1;28811
Safe House;movie;2012;115;Action;Daniel Espinosa;6.7;246253
Hostiles;movie;2017;134;Drama;Scott Cooper;7.2;103983
The Aristocats;movie;1970;78;Adventure;Wolfgang Reitherman;7.1;122076
Secondhand Lions;movie;2003;109;Comedy;Tim McCanlies;7.5;65221
John Carter;movie;2012;132;Action;Andrew Stanton;6.6;295606
Conan the Barbarian;movie;1982;129;Adventure;John Milius;6.9;170529
The Wedding Singer;movie;1998;97;Comedy;Frank Coraci;6.9;170529
The Dictator;movie;2012;83;Comedy;Larry Charles;6.5;356566
King Arthur: Legend of the Sword;movie;2017;126;Action;Guy Ritchie;6.7;243277
The Best Exotic Marigold Hotel;movie;2011;124;Comedy;John Madden;7.2;102752
Chaplin;movie;1992;143;Biography;Richard Attenborough;7.5;64760
Love & Other Drugs;movie;2010;112;Comedy;Edward Zwick;6.7;242930
The Double Life of Véronique;movie;1991;98;Drama;Krzysztof Kieslowski;7.6;55940
The Power of the Dog;movie;2021;126;Drama;Jane Campion;6.8;202372
Robin Hood;movie;2010;140;Action;Ridley Scott;6.6;292733
Blood In, Blood Out;movie;1993;180;Biography;Taylor Hackford;7.9;36823
Cold War;movie;2018;89;Drama;Pawel Pawlikowski;7.5;64497
The Village;movie;2004;108;Drama;M. Night Shyamalan;6.6;291957
Sleepless in Seattle;movie;1993;105;Comedy;Nora Ephron;6.8;201488
Turning Red;movie;2022;100;Adventure;Domee Shi;6.9;168776
Saw II;movie;2005;93;Horror;Darren Lynn Bousman;6.6;291599
Rocco and His Brothers;movie;1960;179;Crime;Luchino Visconti;8.2;25025
Youth;movie;2015;124;Comedy;Paolo Sorrentino;7.3;87093
Sarfarosh;movie;1999;174;Action;John Mathew Matthan;8.1;28315
Children of Paradise;movie;1945;189;Drama;Marcel Carné;8.3;22117
The Man Who Knew Too Much;movie;1956;120;Crime;Alfred Hitchcock;7.4;74533
Focus;movie;2015;105;Comedy;Glenn Ficarra;6.6;290337
You've Got Mail;movie;1998;119;Comedy;Nora Ephron;6.7;240600
Army of Shadows;movie;1969;145;Drama;Jean-Pierre Melville;8.1;28258
Apollo 11;movie;2019;93;Documentary;Todd Douglas Miller;8.1;28217
Black Mass;movie;2015;123;Biography;Scott Cooper;6.8;200088
A Woman Under the Influence;movie;1974;155;Drama;John Cassavetes;8.0;32044
Manichithrathazhu;movie;1993;169;Comedy;Fazil;8.7;13904
Angel Heart;movie;1987;113;Horror;Alan Parker;7.2;101449
Dogtooth;movie;2009;97;Drama;Yorgos Lanthimos;7.1;119213
The City of Lost Children;movie;1995;112;Adventure;Marc Caro;7.4;74034
Marathon Man;movie;1976;125;Crime;John Schlesinger;7.4;73985
Amistad;movie;1997;155;Biography;Steven Spielberg;7.3;86187
The Devil's Backbone;movie;2001;106;Drama;Guillermo del Toro;7.4;73897
Hocus Pocus;movie;1993;96;Comedy;Kenny Ortega;6.9;166430
The Producers;movie;1967;88;Comedy;Mel Brooks;7.5;63603
A Taxi Driver;movie;2017;137;Action;Hun Jang;7.9;36321
WarGames;movie;1983;114;Action;John Badham;7.1;118311
Runaway Jury;movie;2003;127;Crime;Gary Fleder;7.1;118295
Naked;movie;1993;131;Comedy;Mike Leigh;7.7;47548
Eighth Grade;movie;2018;93;Comedy;Bo Burnham;7.3;85675
To Live;movie;1994;133;Drama;Yimou Zhang;8.3;21797
Gosford Park;movie;2001;137;Comedy;Robert Altman;7.2;100024
A Christmas Carol;movie;1951;86;Drama;Brian Desmond Hurst;8.1;27758
Bad Boys II;movie;2003;147;Action;Michael Bay;6.6;283872
The Cranes Are Flying;movie;1957;95;Drama;Mikhail Kalatozov;8.3;21679
The Fundamentals of Caring;movie;2016;97;Comedy;Rob Burnett;7.3;84978
Meiyazhagan;movie;2024;177;Drama;C. Prem Kumar;8.4;19194
2 Guns;movie;2013;109;Action;Baltasar Kormákur;6.7;234320
Ugetsu;movie;1953;96;Drama;Kenji Mizoguchi;8.1;27633
Belfast;movie;2021;98;Biography;Kenneth Branagh;7.2;99182
Vicky Donor;movie;2012;126;Comedy;Shoojit Sircar;7.7;46980
Uncle Buck;movie;1989;100;Comedy;John Hughes;7.1;116563
A Short Film About Love;movie;1988;87;Drama;Krzysztof Kieslowski;8.1;27586
Blow Out;movie;1981;108;Crime;Brian De Palma;7.4;72526
A Dog's Purpose;movie;2017;100;Adventure;Lasse Hallström;7.3;84514
Rust and Bone;movie;2012;120;Drama;Jacques Audiard;7.4;72423
The Postman;movie;1994;108;Biography;Michael Radford;7.8;40758
Salt;movie;2010;100;Action;Phillip Noyce;6.5;339646
Miracle;movie;2004;135;Biography;Gavin O'Connor;7.5;62109
The Kids Are All Right;movie;2010;106;Comedy;Lisa Cholodenko;7.0;136620
August: Osage County;movie;2013;121;Comedy;John Wells;7.2;98346
American Reunion;movie;2012;113;Comedy;Jon Hurwitz;6.7;231271
Late Night with the Devil;movie;2023;93;Horror;Cameron Cairnes;7.0;136115
Dead Man's Shoes;movie;2004;90;Crime;Shane Meadows;7.5;61887
The Kingdom;movie;2007;110;Action;Peter Berg;7.0;136096
Crazy Heart;movie;2009;112;Drama;Scott Cooper;7.2;97750
To All the Boys I've Loved Before;movie;2018;99;Comedy;Susan Johnson;7.0;135641
From Here to Eternity;movie;1953;118;Drama;Fred Zinnemann;7.6;53346
Frailty;movie;2001;100;Crime;Bill Paxton;7.2;97503
Winter on Fire: Ukraine's Fight for Freedom;movie;2015;102;Documentary;Evgeny Afineevsky;8.3;21270
When Marnie Was There;movie;2014;103;Animation;Hiromasa Yonebayashi;7.6;53247
March of the Penguins;movie;2005;80;Documentary;Luc Jacquet;7.5;61546
Blow-Up;movie;1966;111;Drama;Michelangelo Antonioni;7.4;71407
Cowspiracy: The Sustainability Secret;movie;2014;90;Documentary;Kip Andersen;8.1;27182
To Have and Have Not;movie;1944;100;Adventure;Howard Hawks;7.8;40227
Key Largo;movie;1948;100;Action;John Huston;7.7;46130
The Blue Elephant;movie;2014;170;Crime;Marwan Hamed;8.0;30744
Kuch Kuch Hota Hai;movie;1998;185;Comedy;Karan Johar;7.5;61182
The Tree of Life;movie;2011;139;Drama;Terrence Malick;6.8;190188
Sirf Ek Bandaa Kaafi Hai;movie;2023;132;Crime;Apoorv Singh Karki;8.0;30709
Beginners;movie;2010;105;Comedy;Mike Mills;7.2;96656
It: Chapter Two;movie;2019;169;Drama;Andy Muschietti;6.5;332620
Gangster Squad;movie;2013;113;Action;Ruben Fleischer;6.7;227231
Julie & Julia;movie;2009;123;Biography;Nora Ephron;7.0;133788
High Plains Drifter;movie;1973;105;Drama;Clint Eastwood;7.4;70657
A Moment to Remember;movie;2004;117;Drama;Park Kyung-Jin;8.1;26894
Ghajini;movie;2008;186;Action;A.R. Murugadoss;7.4;70570
Brick;movie;2005;110;Crime;Rian Johnson;7.1;112962
Sixteen Candles;movie;1984;93;Comedy;John Hughes;7.0;133272
Black Hawk Down;movie;1997;57;Documentary;Chris Mills;7.9;34716
Fail Safe;movie;1964;112;Drama;Sidney Lumet;8.1;26812
Arlington Road;movie;1999;117;Action;Mark Pellington;7.2;95889
Kai Po Che;movie;2013;120;Drama;Abhishek Kapoor;7.8;39640
Life;movie;2017;104;Horror;Daniel Espinosa;6.6;271640
The Firm;movie;1993;154;Drama;Sydney Pollack;6.9;157641
Mallrats;movie;1995;94;Comedy;Kevin Smith;7.0;132859
Belle de Jour;movie;1967;100;Drama;Luis Buñuel;7.6;52329
Fast & Furious;movie;2009;107;Action;Justin Lin;6.5;328315
The Sword in the Stone;movie;1963;79;Adventure;Wolfgang Reitherman;7.1;112048
Tell No One;movie;2006;131;Crime;Guillaume Canet;7.5;60249
The Silence of Swastika;movie;2021;56;Documentary;Anuj Bhardwaj;8.9;10663
The World of Apu;movie;1959;105;Drama;Satyajit Ray;8.4;18518
The Twilight Samurai;movie;2002;129;Drama;Yôji Yamada;8.1;26636
In the Heart of the Sea;movie;2015;122;Action;Ron Howard;6.9;156711
Zulu;movie;1964;138;Drama;Cy Endfield;7.7;45165
M*A*S*H;movie;1970;116;Comedy;Robert Altman;7.3;81200
Balkan Spy;movie;1984;95;Comedy;Dusan Kovacevic;8.7;13165
The Adventures of Priscilla, Queen of the Desert;movie;1994;104;Comedy;Stephan Elliott;7.5;59998
The Mission;movie;1986;125;Adventure;Roland Joffé;7.4;69581
Jiro Dreams of Sushi;movie;2011;81;Documentary;David Gelb;7.8;39252
The Fate of the Furious;movie;2017;136;Action;F. Gary Gray;6.6;268447
Fantastic Beasts: The Crimes of Grindelwald;movie;2018;134;Adventure;David Yates;6.5;325320
Mirage;movie;2018;128;Drama;Oriol Paulo;7.4;69472
The Thin Man;movie;1934;91;Comedy;W.S. Van Dyke;7.9;34277
Love and Monsters;movie;2020;109;Action;Michael Matthews;6.9;155614
Stuck in Love.;movie;2012;97;Comedy;Josh Boone;7.2;94543
The Quiet Man;movie;1952;129;Comedy;John Ford;7.7;44859
The Equalizer 2;movie;2018;121;Action;Antoine Fuqua;6.7;221536
Terms of Endearment;movie;1983;132;Comedy;James L. Brooks;7.4;69095
The Broken Circle Breakdown;movie;2012;111;Drama;Felix van Groeningen;7.7;44754
The Wild Pear Tree;movie;2018;188;Drama;Nuri Bilge Ceylan;8.0;29948
All That Jazz;movie;1979;123;Drama;Bob Fosse;7.8;38976
Nimona;movie;2023;101;Action;Nick Bruno;7.5;59415
5 Centimeters per Second;movie;2007;63;Animation;Makoto Shinkai;7.4;68869
The Young and the Damned;movie;1950;80;Crime;Luis Buñuel;8.2;23226
The Sacrifice;movie;1986;149;Drama;Andrei Tarkovsky;7.9;34014
Harry Brown;movie;2009;103;Action;Daniel Barber;7.2;93729
Downton Abbey;movie;2019;122;Drama;Michael Engler;7.4;68763
The Foreigner;movie;2017;113;Action;Martin Campbell;7.0;129889
Jo Jeeta Wohi Sikandar;movie;1992;174;Comedy;Mansoor Khan;8.1;26202
Five Feet Apart;movie;2019;116;Drama;Justin Baldoni;7.2;93460
The Beach;movie;2000;119;Adventure;Danny Boyle;6.6;264458
Zombieland: Double Tap;movie;2019;99;Action;Ruben Fleischer;6.7;219221
Papillon;movie;2017;133;Adventure;Michael Noer;7.2;93258
Jana Gana Mana;movie;2022;162;Drama;Dijo Jose Antony;8.3;20466
Charlie Wilson's War;movie;2007;102;Biography;Mike Nichols;7.0;129304
Broken Flowers;movie;2005;106;Comedy;Jim Jarmusch;7.1;109318
Mother!;movie;2017;121;Drama;Darren Aronofsky;6.6;262920
Confessions;movie;2010;106;Drama;Tetsuya Nakashima;7.7;44174
Enter the Void;movie;2009;161;Drama;Gaspar Noé;7.2;92797
Hiroshima Mon Amour;movie;1959;90;Drama;Alain Resnais;7.8;38490
Agent Sai Srinivasa Athreya;movie;2019;148;Comedy;Swaroop Rsj;8.3;20375
Ender's Game;movie;2013;114;Action;Gavin Hood;6.6;262171
Dev.D;movie;2009;144;Comedy;Anurag Kashyap;7.9;33615
Seabiscuit;movie;2003;140;Drama;Gary Ross;7.3;79140
Three Days of the Condor;movie;1975;117;Crime;Sydney Pollack;7.4;67949
The Guns of Navarone;movie;1961;158;Action;J. Lee Thompson;7.5;58574
A Beautiful Day in the Neighborhood;movie;2019;109;Biography;Marielle Heller;7.2;92531
The Leopard;movie;1963;186;Drama;Luchino Visconti;7.9;33588
Me, Myself & Irene;movie;2000;116;Comedy;Bobby Farrelly;6.6;261411
Evil;movie;2003;113;Drama;Mikael Håfström;7.7;43978
Atomic Blonde;movie;2017;115;Action;David Leitch;6.7;216538
The Polar Express;movie;2004;100;Adventure;Robert Zemeckis;6.6;260716
Spirit: Stallion of the Cimarron;movie;2002;83;Adventure;Kelly Asbury;7.2;92086
Yesterday;movie;2019;116;Comedy;Danny Boyle;6.8;180297
The Killer;movie;2023;118;Action;David Fincher;6.7;215985
Greyhound;movie;2020;91;Drama;Aaron Schneider;7.0;127543
Demolition;movie;2015;101;Comedy;Jean-Marc Vallée;7.0;127478
Murder on the Orient Express;movie;2017;114;Comedy;Kenneth Branagh;6.5;314884
Underworld: Evolution;movie;2006;106;Action;Len Wiseman;6.7;215585
Prince of Persia: The Sands of Time;movie;2010;116;Action;Mike Newell;6.5;314012
Monster;movie;2023;127;Drama;Hirokazu Koreeda;7.8;38052
Fallen Angels;movie;1995;99;Comedy;Wong Kar-Wai;7.5;58005
Straw Dogs;movie;1971;113;Crime;Sam Peckinpah;7.4;67264
Hellraiser;movie;1987;94;Horror;Clive Barker;6.9;150317
The Hitchhiker's Guide to the Galaxy;movie;2005;109;Adventure;Garth Jennings;6.7;214536
Swingers;movie;1996;96;Comedy;Doug Liman;7.2;91221
Calvary;movie;2014;102;Crime;John Michael McDonagh;7.4;66958
Dope;movie;2015;103;Adventure;Rick Famuyiwa;7.2;91147
The Wind that Shakes the Barley;movie;2006;127;Drama;Ken Loach;7.5;57710
Pocahontas;movie;1995;81;Adventure;Mike Gabriel;6.7;213513
The Boy Who Harnessed the Wind;movie;2019;113;Biography;Chiwetel Ejiofor;7.6;49921
The Big Blue;movie;1988;168;Adventure;Luc Besson;7.5;57656
The Flowers of War;movie;2011;146;Drama;Yimou Zhang;7.5;57630
Miracle in Cell No. 7;movie;2013;127;Comedy;Lee Hwan-kyung;8.1;25586
Daman;movie;2022;121;Adventure;Lenka Debiprasad;8.6;14181
Jodorowsky's Dune;movie;2013;90;Documentary;Frank Pavich;8.0;29008
Click;movie;2006;107;Comedy;Frank Coraci;6.4;378124
Zoolander;movie;2001;90;Comedy;Ben Stiller;6.5;310311
Hanna;movie;2011;111;Action;Joe Wright;6.7;212667
Happy Days;movie;1978;95;Comedy;Orhan Aksoy;8.7;12662
Show Me Love;movie;1998;89;Comedy;Lukas Moodysson;7.5;57366
The Rules of the Game;movie;1939;110;Comedy;Jean Renoir;7.9;32874
The Expendables;movie;2010;103;Action;Sylvester Stallone;6.4;375865
Winter Light;movie;1963;81;Drama;Ingmar Bergman;8.0;28745
The Blair Witch Project;movie;1999;81;Horror;Daniel Myrick;6.5;307077
A Bridge Too Far;movie;1977;175;Drama;Richard Attenborough;7.4;66046
Bill & Ted's Excellent Adventure;movie;1989;90;Adventure;Stephen Herek;6.9;147386
How to Lose a Guy in 10 Days;movie;2003;116;Comedy;Donald Petrie;6.5;306547
Maverick;movie;1994;127;Action;Richard Donner;7.0;124243
Short Cuts;movie;1993;188;Comedy;Robert Altman;7.6;49209
Jason Bourne;movie;2016;123;Action;Paul Greengrass;6.6;252865
Gone in 60 Seconds;movie;2000;118;Action;Dominic Sena;6.5;305738
The Girl Who Kicked the Hornet's Nest;movie;2009;147;Crime;Daniel Alfredson;7.3;76570
Who Am I;movie;2014;102;Crime;Baran bo Odar;7.4;65691
Buffalo '66;movie;1998;110;Comedy;Vincent Gallo;7.4;65644
Christopher Robin;movie;2018;104;Adventure;Marc Forster;7.2;89230
The Hudsucker Proxy;movie;1994;111;Comedy;Joel Coen;7.2;89077
Manhunter;movie;1986;120;Crime;Michael Mann;7.2;89000
Thalapathi;movie;1991;157;Action;Mani Ratnam;8.5;15565
Bad Education;movie;2004;106;Crime;Pedro Almodóvar;7.4;65339
Hearts of Darkness: A Filmmaker's Apocalypse;movie;1991;96;Documentary;Fax Bahr;8.1;25039
Vivre sa vie;movie;1962;85;Drama;Jean-Luc Godard;7.8;36958
Olympus Has Fallen;movie;2013;119;Action;Antoine Fuqua;6.5;302787
The Rainmaker;movie;1997;135;Crime;Francis Ford Coppola;7.2;88724
Nostalghia;movie;1983;125;Drama;Andrei Tarkovsky;7.9;32322
Forbidden Planet;movie;1956;98;Adventure;Fred M. Wilcox;7.5;56216
Adventureland;movie;2009;107;Comedy;Greg Mottola;6.8;173245
The Chronicles of Riddick;movie;2004;119;Action;David Twohy;6.6;249265
The Ninth Gate;movie;1999;133;Mystery;Roman Polanski;6.7;206855
West Side Story;movie;2021;156;Crime;Steven Spielberg;7.1;103727
Concussion;movie;2015;123;Biography;Peter Landesman;7.1;103719
The Old Guard;movie;2020;125;Action;Gina Prince-Bythewood;6.7;206214
Gaslight;movie;1944;114;Crime;George Cukor;7.8;36681
Sophie's Choice;movie;1982;150;Drama;Alan J. Pakula;7.5;55819
The Spy Who Loved Me;movie;1977;125;Action;Lewis Gilbert;7.0;121806
Twister;movie;1996;113;Action;Jan de Bont;6.6;247614
2046;movie;2004;129;Drama;Wong Kar-Wai;7.4;64634
Atlantis: The Lost Empire;movie;2001;95;Action;Gary Trousdale;6.9;144163
Tommy Boy;movie;1995;97;Adventure;Peter Segal;7.1;103084
Demolition Man;movie;1993;115;Action;Marco Brambilla;6.7;205201
Sansho the Bailiff;movie;1954;124;Drama;Kenji Mizoguchi;8.3;19404
Triangle;movie;2009;99;Fantasy;Christopher Smith;6.9;143807
Companion;movie;2025;97;Sci-Fi;Drew Hancock;6.9;143739
The Return of the Living Dead;movie;1985;91;Comedy;Dan O'Bannon;7.3;74960
The Tomorrow War;movie;2021;138;Action;Chris McKay;6.6;246356
Spellbound;movie;1945;111;Drama;Alfred Hitchcock;7.5;55466
White Christmas;movie;1954;120;Comedy;Michael Curtiz;7.5;55461
Miss Peregrine's Home for Peculiar Children;movie;2016;127;Adventure;Tim Burton;6.7;204139
Kick-Ass 2;movie;2013;103;Action;Jeff Wadlow;6.5;297313
A Scanner Darkly;movie;2006;100;Animation;Richard Linklater;7.0;120714
Mamma Mia!;movie;2008;108;Comedy;Phyllida Lloyd;6.5;296931
The Mummy Returns;movie;2001;130;Action;Stephen Sommers;6.4;361376
Filth;movie;2013;97;Action;Jon S. Baird;7.0;120549
Elephant;movie;2003;81;Crime;Gus Van Sant;7.1;102189
Bumblebee;movie;2018;114;Action;Travis Knight;6.7;203014
Sexy Beast;movie;2000;89;Crime;Jonathan Glazer;7.3;74237
The Big Heat;movie;1953;89;Crime;Fritz Lang;7.9;31658
Taste of Cherry;movie;1997;95;Drama;Abbas Kiarostami;7.7;41423
Hamlet;movie;1996;242;Drama;Kenneth Branagh;7.7;41356
Mickey 17;movie;2025;137;Adventure;Bong Joon Ho;6.7;201816
In the Loop;movie;2009;106;Comedy;Armando Iannucci;7.4;63501
The Lion in Winter;movie;1968;134;Biography;Anthony Harvey;7.8;36013
Beasts of the Southern Wild;movie;2012;93;Adventure;Benh Zeitlin;7.2;86310
Cool Runnings;movie;1993;98;Adventure;Jon Turteltaub;7.0;119333
Knockin' on Heaven's Door;movie;1997;87;Action;Thomas Jahn;7.8;35979
A Night at the Opera;movie;1935;96;Comedy;Sam Wood;7.8;35978
Safety Last!;movie;1923;74;Comedy;Fred C. Newmeyer;8.1;24320
The Girl Who Played with Fire;movie;2009;129;Action;Daniel Alfredson;7.1;100791
Warfare;movie;2025;95;Action;Alex Garland;7.2;85860
What Dreams May Come;movie;1998;113;Drama;Vincent Ward;7.0;118725
Viridiana;movie;1961;91;Drama;Luis Buñuel;8.0;27545
Chandu Champion;movie;2024;142;Action;Kabir Khan;7.8;35799
The Flash;movie;2023;144;Action;Andy Muschietti;6.6;240868
Babe;movie;1995;91;Comedy;Chris Noonan;6.9;140092
The Last Boy Scout;movie;1991;105;Action;Tony Scott;7.0;118108
The Frighteners;movie;1996;110;Comedy;Peter Jackson;7.1;100077
Terminator 3: Rise of the Machines;movie;2003;109;Action;Jonathan Mostow;6.3;431638
Over the Hedge;movie;2006;83;Adventure;Tim Johnson;6.7;198732
In Cold Blood;movie;1967;134;Biography;Richard Brooks;7.9;31096
Pardon;movie;2005;99;Comedy;Mert Baykal;8.1;24086
Four Brothers;movie;2005;109;Action;John Singleton;6.8;165708
The Muppets;movie;2011;103;Adventure;James Bobin;7.1;99690
Le Dîner de Cons;movie;1998;80;Comedy;Francis Veber;7.6;46741
EuroTrip;movie;2004;92;Comedy;Jeff Schaffer;6.6;238233
Shane;movie;1953;118;Drama;George Stevens;7.6;46709
Ida;movie;2013;82;Drama;Pawel Pawlikowski;7.4;62429
Enola Holmes;movie;2020;123;Adventure;Harry Bradbeer;6.6;237818
Super Troopers;movie;2001;100;Comedy;Jay Chandrasekhar;7.0;117224
Swiss Army Man;movie;2016;97;Comedy;Daniel Kwan;6.9;138706
Jay and Silent Bob Strike Back;movie;2001;104;Comedy;Kevin Smith;6.8;165028
Millennium Actress;movie;2001;87;Animation;Satoshi Kon;7.8;35304
The Bone Collector;movie;1999;118;Crime;Phillip Noyce;6.7;196616
A Matter of Life and Death;movie;1946;104;Drama;Michael Powell;8.0;27121
Le cercle rouge;movie;1970;140;Crime;Jean-Pierre Melville;7.9;30819
Elevator to the Gallows;movie;1958;91;Crime;Louis Malle;7.9;30801
Ghostbusters II;movie;1989;108;Action;Ivan Reitman;6.6;235860
Martyrs;movie;2008;99;Horror;Pascal Laugier;7.0;116312
Jules and Jim;movie;1962;105;Drama;François Truffaut;7.6;46292
Star Trek VI: The Undiscovered Country;movie;1991;110;Action;Nicholas Meyer;7.2;83948
Alien³;movie;1992;114;Action;David Fincher;6.4;346256
A Royal Affair;movie;2012;137;Biography;Nikolaj Arcel;7.5;53284
Syriana;movie;2005;128;Drama;Stephen Gaghan;6.9;137240
Now You See Me 2;movie;2016;129;Action;Jon M. Chu;6.4;345771
The Lake House;movie;2006;99;Drama;Alejandro Agresti;6.8;163178
Nymphomaniac: Vol. I;movie;2013;117;Drama;Lars von Trier;6.9;136631
C.R.A.Z.Y.;movie;2005;129;Comedy;Jean-Marc Vallée;7.8;34908
Ring;movie;1998;96;Horror;Hideo Nakata;7.2;83423
American Pie 2;movie;2001;108;Comedy;J.B. Rogers;6.5;282582
Mildred Pierce;movie;1945;111;Crime;Michael Curtiz;7.9;30543
ParaNorman;movie;2012;92;Adventure;Chris Butler;7.0;115102
The Naked Gun 2½: The Smell of Fear;movie;1991;85;Comedy;David Zucker;6.9;136267
Late Spring;movie;1949;110;Comedy;Yasujirô Ozu;8.2;20908
A Real Pain;movie;2024;90;Comedy;Jesse Eisenberg;7.0;114974
Excalibur;movie;1981;140;Adventure;John Boorman;7.3;71214
Juror #2;movie;2024;114;Crime;Clint Eastwood;7.0;114897
Strange Days;movie;1995;145;Crime;Kathryn Bigelow;7.2;83113
The Phantom of the Opera at the Royal Albert Hall;movie;2011;137;Drama;Nick Morris;8.8;10587
The Visitor;movie;2007;104;Drama;Tom McCarthy;7.6;45708
Kabhi Khushi Kabhie Gham...;movie;2001;210;Drama;Karan Johar;7.4;61065
Everything Is Illuminated;movie;2005;106;Comedy;Liev Schreiber;7.4;61028
The Outfit;movie;2022;105;Crime;Graham Moore;7.2;82859
Hindi Medium;movie;2017;132;Comedy;Saket Chaudhary;7.8;34656
Boiling Point;movie;2021;92;Drama;Philip Barantini;7.5;52639
The Art of Racing in the Rain;movie;2019;109;Comedy;Simon Curtis;7.6;45608
Toma;movie;2021;140;Biography;Dragan Bjelogrlic;8.6;13100
Kingdom of the Planet of the Apes;movie;2024;145;Action;Wes Ball;6.8;160909
Eight Below;movie;2006;120;Adventure;Frank Marshall;7.3;70734
Zelig;movie;1983;79;Comedy;Woody Allen;7.6;45501
The Dead Zone;movie;1983;103;Drama;David Cronenberg;7.2;82504
Ludo;movie;2020;150;Action;Anurag Basu;7.6;45458
Vampire Hunter D: Bloodlust;movie;2000;103;Action;Yoshiaki Kawajiri;7.7;39498
The Book of Life;movie;2014;95;Adventure;Jorge R. Gutiérrez;7.2;82353
Kireedam;movie;1989;124;Action;Sibi Malayil;8.9;9470
Audition;movie;1999;115;Drama;Takashi Miike;7.1;96430
Sullivan's Travels;movie;1941;90;Adventure;Preston Sturges;7.9;30130
The Ox-Bow Incident;movie;1943;75;Drama;William A. Wellman;8.0;26473
The X Files;movie;1998;121;Adventure;Rob Bowman;7.0;113365
Alien: Covenant;movie;2017;122;Horror;Ridley Scott;6.4;337227
Safety Not Guaranteed;movie;2012;86;Adventure;Colin Trevorrow;6.9;133973
A Man for All Seasons;movie;1966;120;Biography;Fred Zinnemann;7.7;39292
Minnal Murali;movie;2021;158;Action;Basil Joseph;7.8;34306
In America;movie;2002;105;Drama;Jim Sheridan;7.6;45153
The Creator;movie;2023;133;Action;Gareth Edwards;6.7;190501
Intoxicated by Love;movie;2024;118;Drama;Hasan Fathi;8.5;14512
Indiana Jones and the Kingdom of the Crystal Skull;movie;2008;122;Action;Steven Spielberg;6.2;507533
Cop Land;movie;1997;105;Crime;James Mangold;7.0;112779
Thunderball;movie;1965;130;Action;Terence Young;6.9;133373
Gladiator II;movie;2024;148;Action;Ridley Scott;6.5;275037
Brother Bear;movie;2003;85;Adventure;Aaron Blaise;6.9;133005
Mahanati;movie;2018;177;Biography;Nag Ashwin;8.4;16166
Major League;movie;1989;107;Comedy;David S. Ward;7.2;81257
The Autopsy of Jane Doe;movie;2016;86;Horror;André Øvredal;6.8;157962
Ad Astra;movie;2019;123;Adventure;James Gray;6.5;274213
Legally Blonde;movie;2001;96;Comedy;Robert Luketic;6.5;274072
Drag Me to Hell;movie;2009;99;Horror;Sam Raimi;6.6;226692
The Umbrellas of Cherbourg;movie;1964;91;Drama;Jacques Demy;7.8;33871
Pale Rider;movie;1985;115;Drama;Clint Eastwood;7.3;69137
Half Nelson;movie;2006;106;Drama;Ryan Fleck;7.1;94629
Hedwig and the Angry Inch;movie;2001;95;Comedy;John Cameron Mitchell;7.7;38740
A Simple Favor;movie;2018;117;Comedy;Paul Feig;6.7;187029
Horton Hears a Who!;movie;2008;86;Adventure;Jimmy Hayward;6.8;156263
Giant;movie;1956;201;Drama;George Stevens;7.6;44342
Unleashed;movie;2005;103;Action;Louis Leterrier;7.0;110885
Paris Is Burning;movie;1990;78;Documentary;Jennie Livingston;8.2;20251
Silenced;movie;2011;125;Crime;Hwang Dong-hyuk;8.0;25948
Operation 'Y' & Other Shurik's Adventures;movie;1965;95;Comedy;Leonid Gaidai;8.4;15973
La Femme Nikita;movie;1990;117;Action;Luc Besson;7.2;80130
The Fog of War;movie;2003;107;Biography;Errol Morris;8.0;25898
Day for Night;movie;1973;116;Comedy;François Truffaut;8.0;25889
Lethal Weapon 3;movie;1992;118;Action;Richard Donner;6.7;185717
Beauty and the Beast;movie;1946;93;Drama;Jean Cocteau;7.9;29403
Cashback;movie;2006;102;Comedy;Sean Ellis;7.1;93699
The Courier;movie;2020;112;Drama;Dominic Cooke;7.2;79922
Drunken Master II;movie;1994;102;Action;Chia-Liang Liu;7.5;50880
Top Secret!;movie;1984;90;Comedy;Jim Abrahams;7.2;79885
Withnail and I;movie;1987;107;Comedy;Bruce Robinson;7.5;50838
Godzilla;movie;1954;96;Horror;Ishirô Honda;7.6;44040
Shahid;movie;2012;129;Biography;Hansal Mehta;8.2;20139
Three Identical Strangers;movie;2018;96;Biography;Tim Wardle;7.6;44001
Arjun Reddy;movie;2017;182;Drama;Sandeep Reddy Vanga;7.9;29310
Devdas;movie;2002;185;Drama;Sanjay Leela Bhansali;7.5;50695
Bicentennial Man;movie;1999;132;Drama;Chris Columbus;6.9;129893
Any Given Sunday;movie;1999;162;Drama;Oliver Stone;6.9;129740
Commando;movie;1985;90;Action;Mark L. Lester;6.7;184295
The Garden of Words;movie;2013;46;Animation;Makoto Shinkai;7.4;58385
The Equalizer 3;movie;2023;109;Action;Antoine Fuqua;6.8;153650
The Tenant;movie;1976;126;Drama;Roman Polanski;7.5;50324
Shoah;movie;1985;566;Documentary;Claude Lanzmann;8.7;11290
A Hard Day's Night;movie;1964;87;Comedy;Richard Lester;7.5;50225
The Way He Looks;movie;2014;96;Drama;Daniel Ribeiro;7.9;29016
Fish Tank;movie;2009;123;Drama;Andrea Arnold;7.3;67485
Little Shop of Horrors;movie;1986;94;Comedy;Frank Oz;7.1;92176
Go;movie;1999;102;Comedy;Doug Liman;7.2;78564
Ali: Fear Eats the Soul;movie;1974;93;Drama;Rainer Werner Fassbinder;8.0;25449
Steel Magnolias;movie;1989;117;Comedy;Herbert Ross;7.3;67287
The Gray Man;movie;2022;122;Action;Joe Russo;6.5;264109
National Treasure: Book of Secrets;movie;2007;124;Action;Jon Turteltaub;6.5;263782
Wag the Dog;movie;1997;97;Comedy;Barry Levinson;7.1;91797
It's a Mad Mad Mad Mad World;movie;1963;210;Action;Stanley Kramer;7.5;49891
Patch Adams;movie;1998;115;Biography;Tom Shadyac;6.9;127782
Ivan Vasilyevich Changes His Profession;movie;1973;88;Adventure;Leonid Gaidai;8.2;19810
Through a Glass Darkly;movie;1961;90;Drama;Ingmar Bergman;7.9;28830
Little Women;movie;1994;115;Drama;Gillian Armstrong;7.3;67010
From Up on Poppy Hill;movie;2011;91;Animation;Gorô Miyazaki;7.4;57473
Anomalisa;movie;2015;90;Animation;Duke Johnson;7.2;77869
Manon of the Spring;movie;1986;113;Drama;Claude Berri;8.0;25223
Women on the Verge of a Nervous Breakdown;movie;1988;88;Comedy;Pedro Almodóvar;7.5;49555
Holes;movie;2003;117;Adventure;Andrew Davis;7.0;107229
Love and Death;movie;1975;85;Comedy;Woody Allen;7.6;42966
Forgotten;movie;2017;108;Crime;Jang Hang-jun;7.4;57303
Out of Africa;movie;1985;161;Biography;Sydney Pollack;7.1;90977
Joint Security Area;movie;2000;110;Action;Park Chan-wook;7.7;37235
How the Grinch Stole Christmas;movie;2000;104;Comedy;Ron Howard;6.4;315808
In a Better World;movie;2010;118;Drama;Susanne Bier;7.6;42764
The Invisible Man;movie;1933;71;Horror;James Whale;7.6;42741
The Outsiders;movie;1983;91;Crime;Francis Ford Coppola;7.0;106573
Peeping Tom;movie;1960;101;Drama;Michael Powell;7.6;42728
Happy Together;movie;1997;96;Drama;Wong Kar-Wai;7.7;37178
Red Sparrow;movie;2018;140;Action;Francis Lawrence;6.6;214194
Mudbound;movie;2017;134;Drama;Dee Rees;7.4;56653
The Dawn Wall;movie;2017;100;Biography;Josh Lowell;8.1;21994
Red River;movie;1948;133;Drama;Howard Hawks;7.7;36922
Thirteen Days;movie;2000;145;Drama;Roger Donaldson;7.3;65654
Amaran;movie;2024;167;Action;Rajkumar Periasamy;8.1;21948
Mustang;movie;2015;97;Drama;Deniz Gamze Ergüven;7.6;42355
Super Deluxe;movie;2019;176;Comedy;Thiagarajan Kumararaja;8.2;19409
Taylor Swift: The Eras Tour;movie;2023;169;Documentary;Sam Wrench;8.0;24813
Bound;movie;1996;109;Crime;Lana Wachowski;7.3;65440
Woman in Gold;movie;2015;109;Biography;Simon Curtis;7.3;65364
Scrooged;movie;1988;101;Comedy;Richard Donner;6.9;124282
Silent Hill;movie;2006;125;Horror;Christophe Gans;6.5;255625
The Asphalt Jungle;movie;1950;112;Crime;John Huston;7.8;32075
The Secret of NIMH;movie;1982;82;Adventure;Don Bluth;7.5;48558
Bring Her Back;movie;2025;104;Horror;Danny Philippou;7.2;76092
Moonstruck;movie;1987;102;Comedy;Norman Jewison;7.2;75976
Karnan;movie;2021;158;Action;Mari Selvaraj;8.0;24689
The Miracle Worker;movie;1962;106;Biography;Arthur Penn;8.1;21790
Innocence;movie;1997;110;Drama;Zeki Demirkubuz;8.1;21790
Paris, Je T'aime;movie;2006;120;Comedy;Olivier Assayas;7.2;75907
Frankenweenie;movie;2012;87;Animation;Tim Burton;6.9;123682
My Life as a Zucchini;movie;2016;70;Animation;Claude Barras;7.8;31969
The Natural;movie;1984;138;Drama;Barry Levinson;7.4;55967
The Promised Land;movie;2023;127;Action;Nikolaj Arcel;7.7;36504
My Man Godfrey;movie;1936;94;Comedy;Gregory La Cava;7.9;27976
For Sama;movie;2019;100;Biography;Waad Al-Kateab;8.5;13574
The Ministry of Ungentlemanly Warfare;movie;2024;122;Action;Guy Ritchie;6.8;146394
Teenage Mutant Ninja Turtles: Mutant Mayhem;movie;2023;99;Action;Jeff Rowe;7.2;75594
Out of Sight;movie;1998;123;Comedy;Steven Soderbergh;7.0;104198
Green Zone;movie;2010;115;Action;Paul Greengrass;6.8;146325
Talladega Nights: The Ballad of Ricky Bobby;movie;2006;108;Comedy;Adam McKay;6.6;209738
Water for Elephants;movie;2011;120;Drama;Francis Lawrence;6.9;123064
The Counterfeiters;movie;2007;99;Crime;Stefan Ruzowitzky;7.5;48176
Don Jon;movie;2013;90;Comedy;Joseph Gordon-Levitt;6.5;253083
Paradise Lost: The Child Murders at Robin Hood Hills;movie;1996;150;Crime;Joe Berlinger;8.2;19177
Event Horizon;movie;1997;96;Horror;Paul W.S. Anderson;6.6;209191
Where Is the Friend's House?;movie;1987;83;Adventure;Abbas Kiarostami;8.1;21638
Hoosiers;movie;1986;114;Drama;David Anspaugh;7.4;55559
L'Avventura;movie;1960;144;Drama;Michelangelo Antonioni;7.7;36278
Theeran Adhigaram Ondru;movie;2017;157;Action;H. Vinoth;8.2;19125
The Commitments;movie;1991;118;Comedy;Alan Parker;7.6;41639
The Muppet Movie;movie;1979;95;Adventure;James Frawley;7.6;41613
Decision to Leave;movie;2022;139;Crime;Park Chan-wook;7.3;64423
Machete;movie;2010;105;Action;Ethan Maniquis;6.6;208379
Pad Man;movie;2018;140;Comedy;R Balki;7.8;31626
The Last Waltz;movie;1978;117;Biography;Martin Scorsese;8.1;21511
The Dig;movie;2021;112;Biography;Simon Stone;7.1;87424
The Damned United;movie;2009;98;Biography;Tom Hooper;7.5;47647
Lust, Caution;movie;2007;157;Drama;Ang Lee;7.5;47564
Evangelion: 2.0 You Can (Not) Advance;movie;2009;112;Action;Masayuki;7.9;27557
Aavesham;movie;2024;155;Action;Jithu Madhavan;7.8;31393
Longlegs;movie;2024;101;Crime;Osgood Perkins;6.6;205860
The Count of Monte-Cristo;movie;2024;178;Action;Alexandre de La Patellière;7.6;41141
The Pinchcliffe Grand Prix;movie;1975;88;Animation;Ivo Caprino;8.4;14954
Puss in Boots;movie;2011;90;Action;Chris Miller;6.6;205678
Wait Until Dark;movie;1967;108;Thriller;Terence Young;7.7;35815
The Time Machine;movie;1960;103;Adventure;George Pal;7.5;47357
BlackBerry;movie;2023;120;Biography;Matt Johnson;7.3;63562
The Kings of Summer;movie;2013;95;Adventure;Jordan Vogt-Roberts;7.1;86789
Raazi;movie;2018;138;Action;Meghna Gulzar;7.7;35699
Only Yesterday;movie;1991;119;Animation;Isao Takahata;7.6;40967
Trance;movie;2013;101;Crime;Danny Boyle;6.9;120164
Transformers: Dark of the Moon;movie;2011;154;Action;Michael Bay;6.2;448888
From Hell;movie;2001;122;Crime;Albert Hughes;6.7;169772
The Thin Blue Line;movie;1988;101;Crime;Errol Morris;7.9;27249
Pearl Harbor;movie;2001;183;Action;Michael Bay;6.3;364492
Fantastic Planet;movie;1973;72;Animation;René Laloux;7.6;40762
Meet the Fockers;movie;2004;115;Comedy;Jay Roach;6.4;298183
A Face in the Crowd;movie;1957;126;Drama;Elia Kazan;8.2;18738
Dracula;movie;1931;75;Drama;Tod Browning;7.3;62993
What Happened to Monday;movie;2017;123;Action;Tommy Wirkola;6.8;141954
The Dissident;movie;2020;119;Crime;Bryan Fogel;7.8;30933
American Splendor;movie;2003;101;Biography;Shari Springer Berman;7.4;54090
Dragon Ball Super: Broly;movie;2018;100;Action;Tatsuya Nagamine;7.7;35373
C/o Kancharapalem;movie;2018;152;Drama;Venkatesh Maha;8.8;9551
The Parent Trap;movie;1998;128;Adventure;Nancy Meyers;6.7;168612
In the Mouth of Madness;movie;1994;95;Drama;John Carpenter;7.1;85581
The Ice Storm;movie;1997;112;Drama;Ang Lee;7.3;62679
True Grit;movie;1969;128;Adventure;Henry Hathaway;7.4;53969
The Score;movie;2001;124;Crime;Frank Oz;6.8;141126
Ghilli;movie;2004;160;Action;Dharani;8.2;18636
Murder on the Orient Express;movie;1974;128;Crime;Sidney Lumet;7.2;72989
The Innocents;movie;1961;100;Drama;Jack Clayton;7.7;35194
Dasvi;movie;2022;125;Comedy;Tushar Jalota;7.3;62428
Son of Saul;movie;2015;107;Drama;László Nemes;7.4;53771
Lion of the Desert;movie;1980;173;Biography;Moustapha Akkad;8.2;18571
Black Dynamite;movie;2009;84;Action;Scott Sanders;7.4;53734
Dhuruvangal Pathinaaru;movie;2016;105;Crime;Karthick Naren;8.2;18549
Stree;movie;2018;128;Comedy;Amar Kaushik;7.5;46412
Ever After: A Cinderella Story;movie;1998;121;Drama;Andy Tennant;7.1;84917
The Age of Innocence;movie;1993;139;Drama;Martin Scorsese;7.2;72524
Predator: Killer of Killers;movie;2025;85;Action;Dan Trachtenberg;7.5;46347
Ordet;movie;1955;126;Drama;Carl Theodor Dreyer;8.2;18499
The Edge of Heaven;movie;2007;116;Drama;Fatih Akin;7.7;35013
The Gods Must Be Crazy;movie;1980;109;Adventure;Jamie Uys;7.3;62105
Analyze This;movie;1999;103;Comedy;Harold Ramis;6.7;166716
Blue Ruin;movie;2013;90;Crime;Jeremy Saulnier;7.1;84678
Fallen;movie;1998;124;Action;Gregory Hoblit;7.0;99572
Eagle Eye;movie;2008;118;Action;D.J. Caruso;6.6;199742
Fireworks;movie;1997;103;Crime;Takeshi Kitano;7.7;34899
Deep Red;movie;1975;127;Horror;Dario Argento;7.5;46033
OMG 2;movie;2023;156;Comedy;Amit Rai;7.5;46002
Insidious: Chapter 2;movie;2013;106;Horror;James Wan;6.6;198729
A Bittersweet Life;movie;2005;119;Action;Kim Jee-woon;7.5;45944
Pandorum;movie;2009;108;Action;Christian Alvart;6.7;165525
Limelight;movie;1952;137;Comedy;Charles Chaplin;8.0;23473
The Science of Sleep;movie;2006;105;Comedy;Michel Gondry;7.2;71789
The Taking of Pelham One Two Three;movie;1974;104;Action;Joseph Sargent;7.6;39845
Police Story;movie;1985;100;Action;Jackie Chan;7.5;45887
The Color of Money;movie;1986;119;Drama;Martin Scorsese;7.0;98697
Like Father, Like Son;movie;2013;121;Drama;Hirokazu Koreeda;7.8;30342
Unthinkable;movie;2010;97;Crime;Gregor Jordan;7.0;98617
Cléo from 5 to 7;movie;1962;90;Comedy;Agnès Varda;7.8;30288
Ice Age: Continental Drift;movie;2012;88;Adventure;Steve Martino;6.5;238504
This Boy's Life;movie;1993;115;Biography;Michael Caton-Jones;7.3;61399
The Road to El Dorado;movie;2000;89;Adventure;Bibo Bergeron;6.9;116331
Leo;movie;2023;164;Action;Lokesh Kanagaraj;7.2;71503
30 Days of Night;movie;2007;113;Horror;David Slade;6.6;197489
The Blind Swordsman: Zatoichi;movie;2003;116;Action;Takeshi Kitano;7.4;52833
Omkara;movie;2006;155;Action;Vishal Bhardwaj;8.0;23369
One Hour Photo;movie;2002;96;Drama;Mark Romanek;6.8;137841
Force Majeure;movie;2014;120;Comedy;Ruben Östlund;7.2;71365
Philanthropy;movie;2002;110;Comedy;Nae Caranfil;8.4;14439
Jaane Bhi Do Yaaro;movie;1983;132;Comedy;Kundan Shah;8.3;16174
No Other Land;movie;2024;92;Documentary;Yuval Abraham;8.3;16158
A Christmas Carol;movie;2009;96;Adventure;Robert Zemeckis;6.8;136912
Ustad Hotel;movie;2012;151;Comedy;Anwar Rasheed;8.2;18135
The Odd Couple;movie;1968;105;Comedy;Gene Saks;7.6;39298
The Chronicles of Narnia: Prince Caspian;movie;2008;150;Action;Andrew Adamson;6.5;235326
Monster's Ball;movie;2001;111;Drama;Marc Forster;7.0;97266
Frenzy;movie;1972;116;Drama;Alfred Hitchcock;7.4;52271
The Imposter;movie;2012;99;Biography;Bart Layton;7.4;52214
Get Smart;movie;2008;110;Action;Peter Segal;6.5;234971
Whale Rider;movie;2002;101;Drama;Niki Caro;7.5;45127
Sairat;movie;2016;174;Drama;Nagraj Manjule;8.3;16062
Magnum Force;movie;1973;124;Action;Ted Post;7.2;70434
God's Own Country;movie;2017;104;Drama;Francis Lee;7.6;39107
Red Notice;movie;2021;118;Action;Rawson Marshall Thurber;6.3;346625
What Women Want;movie;2000;127;Comedy;Nancy Meyers;6.5;233708
Satya;movie;1998;170;Action;Ram Gopal Varma;8.2;18005
Clear and Present Danger;movie;1994;141;Action;Phillip Noyce;6.9;113978
Cape Fear;movie;1962;106;Drama;J. Lee Thompson;7.7;33990
Get the Gringo;movie;2012;96;Action;Adrian Grunberg;6.9;113931
Just Go with It;movie;2011;117;Comedy;Dennis Dugan;6.4;282801
You Can't Take It with You;movie;1938;126;Comedy;Frank Capra;7.8;29710
Men in Black II;movie;2002;88;Action;Barry Sonnenfeld;6.2;423804
The Unvanquished;movie;1956;110;Drama;Satyajit Ray;8.2;17948
Heavenly Creatures;movie;1994;99;Biography;Peter Jackson;7.2;69956
Dolores Claiborne;movie;1995;132;Crime;Taylor Hackford;7.4;51746
Brawl in Cell Block 99;movie;2017;132;Crime;S. Craig Zahler;7.1;81532
Friday Night Lights;movie;2004;118;Action;Peter Berg;7.2;69667
Shallow Grave;movie;1994;89;Crime;Danny Boyle;7.2;69647
After the Wedding;movie;2006;120;Drama;Susanne Bier;7.6;38720
The Square;movie;2017;151;Comedy;Ruben Östlund;7.1;81451
24;movie;2016;164;Action;Vikram K. Kumar;7.9;25914
Section 375;movie;2019;124;Crime;Ajay Bahl;8.1;20135
Neighbors;movie;2014;97;Comedy;Nicholas Stoller;6.3;341300
The Secret Life of Pets;movie;2016;86;Adventure;Chris Renaud;6.5;230545
Bombshell;movie;2019;109;Biography;Jay Roach;6.8;133689
Udta Punjab;movie;2016;148;Crime;Abhishek Chaubey;7.7;33619
La Notte;movie;1961;122;Drama;Michelangelo Antonioni;7.9;25818
A River Runs Through It;movie;1992;123;Drama;Robert Redford;7.2;69284
Assault on Precinct 13;movie;1976;91;Action;John Carpenter;7.3;59437
Crumb;movie;1994;119;Biography;Terry Zwigoff;8.0;22701
Eternals;movie;2021;156;Action;Chloé Zhao;6.2;416842
A Little Princess;movie;1995;97;Drama;Alfonso Cuarón;7.6;38433
The King of Staten Island;movie;2020;136;Comedy;Judd Apatow;7.1;80705
Minions;movie;2015;91;Adventure;Kyle Balda;6.4;277590
Visaaranai;movie;2015;117;Crime;Vetrimaaran;8.4;14032
The Cook, the Thief, His Wife & Her Lover;movie;1989;124;Crime;Peter Greenaway;7.5;44124
Ong-Bak: The Thai Warrior;movie;2003;105;Action;Prachya Pinkaew;7.1;80548
Confessions of a Dangerous Mind;movie;2002;113;Biography;George Clooney;7.0;94562
Official Secrets;movie;2019;112;Biography;Gavin Hood;7.3;58955
The Young Victoria;movie;2009;105;Biography;Jean-Marc Vallée;7.2;68590
Taxi;movie;1998;89;Action;Gérard Pirès;7.0;94259
Pink Floyd: Live at Pompeii;movie;1972;92;Documentary;Adrian Maben;8.6;11188
The Highwaymen;movie;2019;132;Biography;John Lee Hancock;6.9;111204
The Lovely Bones;movie;2009;135;Drama;Peter Jackson;6.6;188454
Badla;movie;2019;118;Crime;Sujoy Ghosh;7.7;33180
Wonder Boys;movie;2000;107;Comedy;Curtis Hanson;7.2;68324
Jeremiah Johnson;movie;1972;108;Adventure;Sydney Pollack;7.6;38029
Smile;movie;2022;115;Horror;Parker Finn;6.5;226378
The Imaginarium of Doctor Parnassus;movie;2009;123;Adventure;Terry Gilliam;6.7;156622
Alpha Dog;movie;2006;122;Biography;Nick Cassavetes;6.9;110659
Sorcerer;movie;1977;121;Adventure;William Friedkin;7.7;33064
Space Jam;movie;1996;88;Adventure;Joe Pytka;6.5;225583
Eyes Without a Face;movie;1960;90;Drama;Georges Franju;7.6;37860
Indiana Jones and the Dial of Destiny;movie;2023;154;Action;James Mangold;6.5;225341
Tampopo;movie;1985;114;Comedy;Jûzô Itami;7.9;25338
Gilda;movie;1946;110;Drama;Charles Vidor;7.6;37799
RED 2;movie;2013;116;Action;Dean Parisot;6.6;186641
The Heat;movie;2013;117;Action;Paul Feig;6.6;186500
Of Mice and Men;movie;1992;115;Drama;Gary Sinise;7.4;50207
The Diamond Arm;movie;1969;94;Adventure;Leonid Gaidai;8.2;17438
Jungle Cruise;movie;2021;127;Action;Jaume Collet-Serra;6.5;224249
The Longest Ride;movie;2015;123;Drama;George Tillman Jr.;7.0;92977
Detroit;movie;2017;143;Crime;Kathryn Bigelow;7.3;58045
Romancing the Stone;movie;1984;106;Action;Robert Zemeckis;6.9;109626
Hair;movie;1979;121;Comedy;Milos Forman;7.5;43306
2018;movie;2023;150;Action;Jude Anthany Joseph;8.3;15450
The Corporation;movie;2003;145;Documentary;Mark Achbar;8.0;22170
Kapoor & Sons;movie;2016;132;Comedy;Shakun Batra;7.7;32643
Whatever Works;movie;2009;93;Comedy;Woody Allen;7.1;78539
Dolemite Is My Name;movie;2019;118;Biography;Craig Brewer;7.2;67150
14 Peaks: Nothing Is Impossible;movie;2021;101;Adventure;Torquil Jones;7.7;32609
Fighting with My Family;movie;2019;108;Biography;Stephen Merchant;7.0;91971
My Dear Brother;movie;1973;86;Drama;Ertem Egilmez;8.6;10965
Day of the Dead;movie;1985;101;Horror;George A. Romero;7.1;78213
Playtime;movie;1967;155;Comedy;Jacques Tati;7.8;28430
Fatal Attraction;movie;1987;119;Drama;Adrian Lyne;6.9;108190
The Hate U Give;movie;2018;133;Crime;George Tillman Jr.;7.5;42793
Scarface;movie;1932;93;Action;Howard Hawks;7.7;32438
Serendipity;movie;2001;90;Comedy;Peter Chelsom;6.8;128229
Air Force One;movie;1997;124;Action;Wolfgang Petersen;6.5;220270
Monpura;movie;2009;136;Crime;Md. Hafizur Rahman;8.7;9800
The Proposition;movie;2005;104;Crime;John Hillcoat;7.3;57096
Turtles Can Fly;movie;2004;98;Drama;Bahman Ghobadi;8.0;21876
Kes;movie;1969;111;Drama;Ken Loach;7.9;24821
Loveless;movie;2017;127;Drama;Andrey Zvyagintsev;7.6;37004
Finch;movie;2021;115;Adventure;Miguel Sapochnik;6.9;107550
Jawan;movie;2023;169;Action;Atlee;6.9;107466
Navalny;movie;2022;99;Biography;Daniel Roher;7.7;32218
On Golden Pond;movie;1981;109;Drama;Mark Rydell;7.6;36929
The Family Man;movie;2000;125;Comedy;Brett Ratner;6.8;127189
Extremely Loud & Incredibly Close;movie;2011;129;Adventure;Stephen Daldry;6.9;107120
Ugly;movie;2013;128;Crime;Anurag Kashyap;7.9;24723
Long Shot;movie;2019;125;Comedy;Jonathan Levine;6.8;126959
Secret Window;movie;2004;96;Drama;David Koepp;6.5;218365
Samurai Rebellion;movie;1967;128;Drama;Masaki Kobayashi;8.3;15180
Raanjhanaa;movie;2013;140;Drama;Aanand L. Rai;7.6;36769
Ballerina;movie;2025;124;Action;Len Wiseman;6.9;106754
The Guernsey Literary and Potato Peel Pie Society;movie;2018;124;Drama;Mike Newell;7.3;56595
'83;movie;2021;162;Biography;Kabir Khan;7.5;42256
Woodstock;movie;1970;184;Documentary;Michael Wadleigh;8.1;19195
Watership Down;movie;1978;92;Adventure;Martin Rosen;7.5;42250
Monster House;movie;2006;91;Animation;Gil Kenan;6.7;150582
Romeo and Juliet;movie;1968;138;Drama;Franco Zeffirelli;7.6;36691
Secretary;movie;2002;107;Comedy;Steven Shainberg;6.9;106542
Patriot Games;movie;1992;117;Action;Phillip Noyce;6.8;126311
The Long Goodbye;movie;1973;112;Comedy;Robert Altman;7.5;42196
Happy Death Day;movie;2017;96;Comedy;Christopher Landon;6.6;180227
In the Valley of Elah;movie;2007;121;Crime;Paul Haggis;7.1;76831
Life and a Day;movie;2016;112;Drama;Saeed Roustayi;8.1;19137
The Running Man;movie;1987;101;Action;Paul Michael Glaser;6.6;179851
The Thomas Crown Affair;movie;1999;113;Crime;John McTiernan;6.9;106209
Kids;movie;1995;91;Drama;Larry Clark;7.0;89910
The Tinder Swindler;movie;2022;114;Crime;Felicity Morris;7.1;76562
Yeh Jawaani Hai Deewani;movie;2013;160;Comedy;Ayan Mukerji;7.3;56250
The Man Who Knew Infinity;movie;2015;108;Biography;Matt Brown;7.2;65463
The Christmas Chronicles;movie;2018;104;Adventure;Clay Kaytis;7.0;89795
X;movie;2022;105;Horror;Ti West;6.5;215789
The Color of Paradise;movie;1999;90;Drama;Majid Majidi;8.1;19067
Wake Up Sid;movie;2009;138;Comedy;Ayan Mukerji;7.6;36460
District B13;movie;2004;84;Action;Pierre Morel;7.1;76338
The Many Adventures of Winnie the Pooh;movie;1977;74;Animation;John Lounsbery;7.5;41905
Street Kings;movie;2008;109;Action;David Ayer;6.8;125296
I Am Not Your Negro;movie;2016;93;Documentary;Raoul Peck;7.9;24421
Re-Animator;movie;1985;84;Comedy;Stuart Gordon;7.1;76217
Great Expectations;movie;1946;118;Adventure;David Lean;7.8;27788
Suicide Squad;movie;2016;123;Action;David Ayer;5.9;749232
A Good Year;movie;2006;117;Comedy;Ridley Scott;6.9;105476
Angels with Dirty Faces;movie;1938;97;Crime;Michael Curtiz;7.9;24395
Lethal Weapon 4;movie;1998;127;Action;Richard Donner;6.6;178204
The Caine Mutiny;movie;1954;124;Drama;Edward Dmytryk;7.7;31649
Dreams;movie;1990;119;Drama;Akira Kurosawa;7.7;31608
Zeitgeist: Moving Forward;movie;2011;161;Documentary;Peter Joseph;8.1;18933
Aruvi;movie;2016;130;Drama;Arun Prabhu Purushothaman;8.3;14924
Secret Superstar;movie;2017;150;Drama;Advait Chandan;7.7;31552
Nosferatu the Vampyre;movie;1979;107;Drama;Werner Herzog;7.4;47954
The Dark Crystal;movie;1982;93;Adventure;Jim Henson;7.1;75574
Piku;movie;2015;123;Comedy;Shoojit Sircar;7.6;36089
Zübük;movie;1980;88;Comedy;Kartal Tibet;8.5;11877
Agora;movie;2009;127;Adventure;Alejandro Amenábar;7.1;75382
A.R.O.G;movie;2008;127;Comedy;Ali Taner Baltaci;7.4;47793
Brother;movie;1997;99;Crime;Aleksey Balabanov;7.8;27469
You Only Live Twice;movie;1967;117;Action;Lewis Gilbert;6.8;123450
Tomorrow Never Dies;movie;1997;119;Action;Roger Spottiswoode;6.5;211803
The Gorge;movie;2025;127;Action;Scott Derrickson;6.7;146865
Predators;movie;2010;107;Action;Nimród Antal;6.4;256418
The Exorcism of Emily Rose;movie;2005;119;Drama;Scott Derrickson;6.7;146688
'71;movie;2014;99;Action;Yann Demange;7.2;64058
Lakshya;movie;2004;186;Action;Farhan Akhtar;7.8;27317
Police Academy;movie;1984;96;Comedy;Hugh Wilson;6.7;146150
Superman II;movie;1980;127;Action;Richard Lester;6.8;122691
Big Eyes;movie;2014;106;Biography;Tim Burton;6.9;103391
Mars Attacks!;movie;1996;106;Comedy;Tim Burton;6.4;254816
Mersal;movie;2017;172;Action;Atlee;7.5;41046
The Red Turtle;movie;2016;80;Animation;Michael Dudok de Wit;7.5;41008
Another Earth;movie;2011;92;Drama;Mike Cahill;6.9;103260
Scary Movie;movie;2000;88;Comedy;Keenen Ivory Wayans;6.3;309954
While You Were Sleeping;movie;1995;103;Comedy;Jon Turteltaub;6.8;122242
Death Becomes Her;movie;1992;104;Comedy;Robert Zemeckis;6.7;145494
Hit Man;movie;2023;115;Comedy;Richard Linklater;6.8;122153
Much Ado About Nothing;movie;1993;111;Comedy;Kenneth Branagh;7.3;54641
Fast & Furious Presents: Hobbs & Shaw;movie;2019;137;Action;David Leitch;6.4;252647
Evil Dead;movie;2013;91;Horror;Fede Alvarez;6.5;208633
A Short Film About Killing;movie;1988;84;Crime;Krzysztof Kieslowski;7.9;23806
The Red Violin;movie;1998;130;Drama;François Girard;7.6;35362
The Heiress;movie;1949;115;Drama;William Wyler;8.1;18523
Sisu;movie;2022;91;Action;Jalmari Helander;6.9;102264
The Girl on the Train;movie;2016;112;Crime;Tate Taylor;6.5;207733
Life as a House;movie;2001;125;Drama;Irwin Winkler;7.4;46845
Sex, Lies, and Videotape;movie;1989;100;Drama;Steven Soderbergh;7.2;63154
Lupin III: The Castle of Cagliostro;movie;1979;102;Adventure;Hayao Miyazaki;7.6;35276
Elle;movie;2016;130;Action;Paul Verhoeven;7.1;73670
Hairspray;movie;2007;117;Comedy;Adam Shankman;6.7;143787
Manjhi: The Mountain Man;movie;2015;120;Biography;Ketan Mehta;8.0;20872
The Guardian;movie;2006;139;Adventure;Andrew Davis;6.9;101898
Toni Erdmann;movie;2016;162;Comedy;Maren Ade;7.3;54131
God Bless America;movie;2011;105;Comedy;Bobcat Goldthwait;7.1;73565
Pig;movie;2021;92;Drama;Michael Sarnoski;6.9;101755
The Lone Ranger;movie;2013;150;Action;Gore Verbinski;6.4;250388
Speak No Evil;movie;2024;110;Drama;James Watkins;6.8;120481
King of the Doormen;movie;1976;84;Comedy;Zeki Ökten;8.3;14534
Drunken Master;movie;1978;111;Action;Yuen Woo-Ping;7.4;46618
Idiocracy;movie;2006;84;Adventure;Mike Judge;6.5;206480
Robin Hood: Men in Tights;movie;1993;104;Adventure;Mel Brooks;6.7;143241
Timecrimes;movie;2007;92;Horror;Nacho Vigalondo;7.1;73327
Duck, You Sucker!;movie;1971;138;Drama;Sergio Leone;7.5;40281
Argentina, 1985;movie;2022;140;Biography;Santiago Mitre;7.6;35025
House of Gucci;movie;2021;158;Biography;Ridley Scott;6.6;170941
Addams Family Values;movie;1993;94;Comedy;Barry Sonnenfeld;6.8;119846
Animal Kingdom;movie;2010;113;Crime;David Michôd;7.2;62551
Terminator Genisys;movie;2015;126;Action;Alan Taylor;6.3;302973
Fright Night;movie;1985;106;Horror;Tom Holland;7.0;85735
The Crying Game;movie;1992;112;Crime;Neil Jordan;7.2;62509
Cars 3;movie;2017;102;Adventure;Brian Fee;6.7;142427
Better Man;movie;2024;135;Biography;Michael Gracey;7.5;40130
Dear Zindagi;movie;2016;151;Drama;Gauri Shinde;7.4;46291
The Hunger Games: The Ballad of Songbirds & Snakes;movie;2023;157;Action;Francis Lawrence;6.6;170172
The Secret of Kells;movie;2009;75;Adventure;Tomm Moore;7.5;40061
1984;movie;1984;113;Drama;Michael Radford;7.0;85328
Big Daddy;movie;1999;93;Comedy;Dennis Dugan;6.4;247208
The Party;movie;1968;99;Comedy;Blake Edwards;7.4;46106
Iqbal;movie;2005;132;Drama;Nagesh Kukunoor;8.1;18226
The Light Between Oceans;movie;2016;133;Drama;Derek Cianfrance;7.2;62124
Black Narcissus;movie;1947;101;Drama;Michael Powell;7.7;30324
Meet the Robinsons;movie;2007;95;Adventure;Stephen J. Anderson;6.8;118809
Ransom;movie;1996;121;Action;Ron Howard;6.7;141446
A Tale of Two Sisters;movie;2003;114;Drama;Kim Jee-woon;7.1;72457
That Obscure Object of Desire;movie;1977;103;Comedy;Luis Buñuel;7.8;26496
Boy A;movie;2007;106;Drama;John Crowley;7.5;39819
The Big Country;movie;1958;166;Drama;William Wyler;7.9;23286
Tenacious D in the Pick of Destiny;movie;2006;94;Adventure;Liam Lynch;6.8;118349
Interstate 60;movie;2002;116;Adventure;Bob Gale;7.5;39752
Ace Ventura: When Nature Calls;movie;1995;90;Adventure;Steve Oedekerk;6.4;244645
The Hand of God;movie;2021;130;Drama;Paolo Sorrentino;7.3;52942
Little Big Man;movie;1970;139;Adventure;Arthur Penn;7.5;39607
Thief;movie;1981;123;Action;Michael Mann;7.4;45698
Maze Runner: The Scorch Trials;movie;2015;131;Action;Wes Ball;6.3;297502
Stalingrad;movie;1993;134;Drama;Joseph Vilsmaier;7.5;39577
The Breadwinner;movie;2017;94;Animation;Nora Twomey;7.7;30049
Swordfish;movie;2001;99;Action;Dominic Sena;6.5;201557
Maidaan;movie;2024;181;Biography;Amit Ravindernath Sharma;7.9;23140
Athadu;movie;2005;172;Action;Trivikram Srinivas;8.2;16000
Man Bites Dog;movie;1992;95;Comedy;Rémy Belvaux;7.4;45507
Hanu Man;movie;2024;158;Action;Prasanth Varma;7.7;29890
The Human Condition III: A Soldier's Prayer;movie;1961;190;Drama;Masaki Kobayashi;8.8;8242
The Infiltrator;movie;2016;127;Biography;Brad Furman;7.0;83743
The Words;movie;2012;102;Drama;Brian Klugman;7.0;83741
McFarland, USA;movie;2015;129;Biography;Niki Caro;7.4;45373
Thor: Love and Thunder;movie;2022;118;Action;Taika Waititi;6.1;445642
The Legend of Bhagat Singh;movie;2002;155;Biography;Rajkumar Santoshi;8.1;17949
Thesis;movie;1996;125;Crime;Alejandro Amenábar;7.4;45229
Weekend;movie;2011;97;Drama;Andrew Haigh;7.6;34080
Arthur Christmas;movie;2011;97;Adventure;Sarah Smith;7.1;71036
The Edge;movie;1997;117;Action;Lee Tamahori;7.0;83321
Hush;movie;2016;82;Horror;Mike Flanagan;6.6;165483
Honeyland;movie;2019;89;Documentary;Tamara Kotevska;8.0;20184
Tora! Tora! Tora!;movie;1970;144;Action;Richard Fleischer;7.5;39067
Les Misérables;movie;1998;134;Crime;Bille August;7.4;45064
Delhi Belly;movie;2011;103;Action;Abhinay Deo;7.6;33983
Mayabazar;movie;1957;192;Comedy;Kadiri Venkata Reddy;9.0;6703
Gridiron Gang;movie;2006;125;Biography;Phil Joanou;7.0;83076
Mr. Muhsin;movie;1987;119;Comedy;Yavuz Turgul;8.4;12561
One Cut of the Dead;movie;2017;96;Comedy;Shin'ichirô Ueda;7.6;33898
Faust;movie;1926;107;Drama;F.W. Murnau;8.1;17798
Love & Mercy;movie;2014;121;Biography;Bill Pohlad;7.4;44907
Tron;movie;1982;96;Action;Steven Lisberger;6.7;137404
A Special Day;movie;1977;103;Drama;Ettore Scola;8.1;17778
Mortal World;movie;2018;107;Action;Ali Atay;7.6;33837
The Stoning of Soraya M.;movie;2008;114;Drama;Cyrus Nowrasteh;7.9;22762
The Magdalene Sisters;movie;2002;114;Drama;Peter Mullan;7.7;29538
Eega;movie;2012;145;Action;S.S. Rajamouli;7.7;29520
The Ugly Truth;movie;2009;96;Comedy;Robert Luketic;6.4;238484
Two Days, One Night;movie;2014;95;Drama;Jean-Pierre Dardenne;7.3;51803
The Haunting;movie;1963;112;Horror;Robert Wise;7.4;44732
Uncharted;movie;2022;116;Action;Ruben Fleischer;6.3;290035
The Cat Returns;movie;2002;75;Adventure;Hiroyuki Morita;7.1;70295
Pain & Gain;movie;2013;129;Action;Michael Bay;6.4;238233
Jackass Number Two;movie;2006;92;Action;Jeff Tremaine;7.0;82301
What's Up, Doc?;movie;1972;94;Comedy;Peter Bogdanovich;7.7;29367
20th Century Women;movie;2016;119;Comedy;Mike Mills;7.3;51599
The Good Dinosaur;movie;2015;93;Action;Peter Sohn;6.7;136249
Article 370;movie;2024;158;Action;Aditya Suhas Jambhale;7.8;25710
Capitalism: A Love Story;movie;2009;127;Crime;Michael Moore;7.4;44421
Picnic at Hanging Rock;movie;1975;115;Drama;Peter Weir;7.4;44418
Beetlejuice Beetlejuice;movie;2024;105;Comedy;Tim Burton;6.6;162369
Chariots of Fire;movie;1981;125;Biography;Hugh Hudson;7.1;69707
Missing;movie;2023;111;Drama;Nicholas D. Johnson;7.1;69546
Borat Subsequent Moviefilm;movie;2020;95;Comedy;Jason Woliner;6.6;161843
The Ladykillers;movie;1955;91;Comedy;Alexander Mackendrick;7.6;33391
Joyeux Noel;movie;2005;116;Drama;Christian Carion;7.6;33360
Wallace & Gromit: Vengeance Most Fowl;movie;2024;82;Adventure;Merlin Crossingham;7.5;38314
Embrace of the Serpent;movie;2015;125;Adventure;Ciro Guerra;7.8;25524
Leave the World Behind;movie;2023;138;Drama;Sam Esmail;6.4;234625
Man on a Ledge;movie;2012;102;Action;Asger Leth;6.6;161289
My Dinner with Andre;movie;1981;110;Comedy;Louis Malle;7.7;29080
Enola Holmes 2;movie;2022;129;Action;Harry Bradbeer;6.8;113310
The Thirteenth Floor;movie;1999;100;Mystery;Josef Rusnak;7.0;81247
Gentlemen of Fortune;movie;1971;88;Comedy;Aleksandr Seryy;8.3;13826
Leave No Trace;movie;2018;109;Adventure;Debra Granik;7.1;69167
Something's Gotta Give;movie;2003;128;Comedy;Nancy Meyers;6.7;134497
I Lost My Body;movie;2019;81;Animation;Jérémy Clapin;7.5;38155
Wristcutters: A Love Story;movie;2006;88;Comedy;Goran Dukic;7.2;59179
Bad Boys for Life;movie;2020;124;Action;Adil El Arbi;6.5;193190
Pokémon: Detective Pikachu;movie;2019;104;Adventure;Rob Letterman;6.5;193042
Far from Heaven;movie;2002;107;Drama;Todd Haynes;7.3;50854
Hud;movie;1963;112;Drama;Martin Ritt;7.8;25387
The Whole Nine Yards;movie;2000;98;Comedy;Jonathan Lynn;6.7;134147
Get Shorty;movie;1995;105;Comedy;Barry Sonnenfeld;6.9;95183
Ponniyin Selvan: Part I;movie;2022;167;Action;Mani Ratnam;7.5;38041
For Love and Honor;movie;2007;140;Crime;Ömer Vargi;7.8;25347
In the Bedroom;movie;2001;131;Crime;Todd Field;7.4;43830
Kill;movie;2023;105;Action;Nikhil Nagesh Bhat;7.4;43830
Kingpin;movie;1996;114;Comedy;Bobby Farrelly;6.9;95015
My Girl;movie;1991;102;Comedy;Howard Zieff;6.9;94999
Starred Up;movie;2013;106;Crime;David Mackenzie;7.3;50679
Gallipoli;movie;1981;110;Adventure;Peter Weir;7.4;43763
Rambo: First Blood Part II;movie;1985;96;Action;George P. Cosmatos;6.5;192184
Lucia;movie;2013;135;Drama;Pawan Kumar;8.3;13731
Lifeboat;movie;1944;97;Drama;Alfred Hitchcock;7.6;33010
Still: A Michael J. Fox Movie;movie;2023;95;Biography;Davis Guggenheim;8.1;17360
And Justice for All;movie;1979;119;Crime;Norman Jewison;7.4;43707
Raw;movie;2016;99;Drama;Julia Ducournau;6.9;94795
Chupke Chupke;movie;1975;146;Comedy;Hrishikesh Mukherjee;8.3;13719
Vaaranam Aayiram;movie;2008;169;Action;Gautham Vasudev Menon;8.2;15398
Mr. Church;movie;2016;104;Comedy;Bruce Beresford;7.6;32955
The Call;movie;2013;94;Drama;Brad Anderson;6.7;133276
You Were Never Really Here;movie;2017;89;Crime;Lynne Ramsay;6.7;133247
Bullets Over Broadway;movie;1994;98;Comedy;Woody Allen;7.4;43636
Tanhaji: The Unsung Warrior;movie;2020;135;Action;Om Raut;7.5;37833
Oliver!;movie;1968;153;Drama;Carol Reed;7.4;43547
eXistenZ;movie;1999;97;Horror;David Cronenberg;6.8;111731
Gettysburg;movie;1993;254;Drama;Ron Maxwell;7.6;32847
City of Angels;movie;1998;114;Drama;Brad Silberling;6.7;132767
The White Tiger;movie;2021;125;Crime;Ramin Bahrani;7.1;68304
The Water Diviner;movie;2014;111;Drama;Russell Crowe;7.0;80060
Quills;movie;2000;124;Biography;Philip Kaufman;7.2;58506
Exam;movie;2009;101;Crime;Stuart Hazeldine;6.7;132555
When I Grow Up, I'll Be a Kangaroo;movie;2004;92;Comedy;Radivoje Andric;8.4;12176
I Am a Fugitive from a Chain Gang;movie;1932;92;Crime;Mervyn LeRoy;8.2;15307
The Upside;movie;2017;126;Comedy;Neil Burger;7.1;68046
Thevar Magan;movie;1992;145;Action;Bharathan;8.7;8787
Shoot 'Em Up;movie;2007;86;Action;Michael Davis;6.6;158011
Five Easy Pieces;movie;1970;98;Drama;Bob Rafelson;7.4;43311
Alive;movie;1993;128;Biography;Frank Marshall;7.1;67861
Final Destination: Bloodlines;movie;2025;110;Horror;Zach Lipovsky;6.7;131742
Kwaidan;movie;1964;183;Drama;Masaki Kobayashi;7.9;21977
17 Again;movie;2009;102;Comedy;Burr Steers;6.4;228252
Teenage Mutant Ninja Turtles;movie;1990;93;Action;Steve Barron;6.8;110414
Red Cliff;movie;2008;148;Action;John Woo;7.3;49837
Rab Ne Bana Di Jodi;movie;2008;167;Comedy;Aditya Chopra;7.2;57904
Vantage Point;movie;2008;90;Action;Pete Travis;6.6;156767
Hotel Transylvania 2;movie;2015;89;Adventure;Genndy Tartakovsky;6.6;156699
The Jerk;movie;1979;94;Comedy;Carl Reiner;7.1;67476
How Green Was My Valley;movie;1941;118;Drama;John Ford;7.7;28369
Pocket Hercules: Naim Süleymanoglu;movie;2019;141;Biography;Özer Feyzioglu;8.2;15179
Deconstructing Harry;movie;1997;96;Comedy;Woody Allen;7.3;49716
Anthropoid;movie;2016;120;Action;Sean Ellis;7.2;57759
Marcel the Shell with Shoes On;movie;2021;90;Animation;Dean Fleischer Camp;7.6;32425
The Class;movie;2008;128;Drama;Laurent Cantet;7.5;37234
Dan in Real Life;movie;2007;98;Comedy;Peter Hedges;6.8;109891
Smokin' Aces;movie;2006;108;Action;Joe Carnahan;6.6;156107
If I Stay;movie;2014;107;Drama;R.J. Cutler;6.7;130582
Body Heat;movie;1981;113;Crime;Lawrence Kasdan;7.4;42843
Palmer;movie;2021;110;Drama;Fisher Stevens;7.3;49581
Dead Ringers;movie;1988;116;Drama;David Cronenberg;7.2;57541
Sorry to Bother You;movie;2018;112;Comedy;Boots Riley;6.9;92646
Don't Look Now;movie;1973;110;Drama;Nicolas Roeg;7.1;67098
Out of the Furnace;movie;2013;116;Crime;Scott Cooper;6.7;130161
Death Race;movie;2008;105;Action;Paul W.S. Anderson;6.4;225910
Don't Look Now... We're Being Shot At!;movie;1966;123;Adventure;Gérard Oury;7.9;21745
We Are Marshall;movie;2006;131;Drama;McG;7.1;66941
Hridayam;movie;2022;172;Drama;Vineeth Sreenivasan;8.0;19173
Pusher;movie;1996;110;Crime;Nicolas Winding Refn;7.3;49354
Bhool Bhulaiyaa;movie;2007;159;Comedy;Priyadarshan;7.5;36995
Highway;movie;2014;133;Crime;Imtiaz Ali;7.6;32183
Natsamrat;movie;2016;166;Drama;Mahesh Manjrekar;8.8;7815
Stranger Than Paradise;movie;1984;89;Comedy;Jim Jarmusch;7.4;42598
The Man in the Iron Mask;movie;1998;132;Action;Randall Wallace;6.5;186363
Onibaba;movie;1964;103;Drama;Kaneto Shindô;7.8;24658
The Hitcher;movie;1986;97;Mystery;Robert Harmon;7.2;57229
Sonic the Hedgehog;movie;2020;99;Action;Jeff Fowler;6.5;186187
Invincible;movie;2006;105;Biography;Ericson Core;7.0;78181
Oslo, August 31st;movie;2011;95;Drama;Joachim Trier;7.6;32110
Road Trip;movie;2000;93;Comedy;Todd Phillips;6.5;185777
Grandma's Boy;movie;2006;94;Comedy;Nicholaus Goossen;6.9;91874
The Perfect Storm;movie;2000;130;Action;Wolfgang Petersen;6.5;185615
Zack and Miri Make a Porno;movie;2008;101;Comedy;Kevin Smith;6.5;185483
Stir of Echoes;movie;1999;99;Horror;David Koepp;6.9;91779
Taken 2;movie;2012;92;Action;Olivier Megaton;6.2;333400
One Life;movie;2023;109;Biography;James Hawes;7.5;36777
Mr. Deeds Goes to Town;movie;1936;115;Comedy;Frank Capra;7.8;24498
Eat Drink Man Woman;movie;1994;124;Comedy;Ang Lee;7.8;24493
What About Bob?;movie;1991;99;Comedy;Frank Oz;7.0;77689
Collateral Beauty;movie;2016;97;Drama;David Frankel;6.8;108152
Sneakers;movie;1992;126;Comedy;Phil Alden Robinson;7.1;66228
Twisters;movie;2024;122;Action;Lee Isaac Chung;6.5;184141
First Reformed;movie;2017;113;Drama;Paul Schrader;7.1;66076
Widows;movie;2018;129;Crime;Steve McQueen;6.8;107795
An Officer and a Gentleman;movie;1982;124;Drama;Taylor Hackford;7.1;66047
48 Hrs.;movie;1982;96;Action;Walter Hill;6.9;91079
My Week with Marilyn;movie;2011;99;Biography;Simon Curtis;6.9;91013
Soodhu Kavvum;movie;2013;135;Comedy;Nalan Kumarasamy;8.3;13255
The Hidden Face;movie;2011;97;Drama;Andrés Baiz;7.3;48649
To the Forest of Firefly Lights;movie;2011;45;Animation;Takahiro Ômori;7.8;24354
Manhattan Murder Mystery;movie;1993;104;Comedy;Woody Allen;7.3;48637
Ghost in the Shell 2: Innocence;movie;2004;100;Animation;Mamoru Oshii;7.4;42030
Everybody's Fine;movie;2009;99;Adventure;Kirk Jones;7.1;65841
Baasha;movie;1995;145;Action;Suresh Krishna;8.3;13238
Mission: Impossible II;movie;2000;123;Action;John Woo;6.1;405761
My Darling Clementine;movie;1946;97;Drama;John Ford;7.7;27723
Ninotchka;movie;1939;110;Comedy;Ernst Lubitsch;7.8;24311
Child's Play;movie;1988;87;Horror;Tom Holland;6.7;127574
Legend of the Guardians: The Owls of Ga'Hoole;movie;2010;97;Action;Zack Snyder;6.9;90693
That Thing You Do!;movie;1996;108;Comedy;Tom Hanks;7.0;76984
Paranormal Activity;movie;2007;86;Horror;Oren Peli;6.3;267838
Mesrine: Killer Instinct;movie;2008;113;Action;Jean-François Richet;7.5;36225
The Human Condition I: No Greater Love;movie;1959;208;Drama;Masaki Kobayashi;8.5;10532
One, Two, Three;movie;1961;104;Comedy;Billy Wilder;7.8;24180
Never Look Away;movie;2018;189;Biography;Florian Henckel von Donnersmarck;7.7;27526
Baazigar;movie;1993;175;Crime;Abbas Alibhai Burmawalla;7.6;31486
She Said;movie;2022;129;Crime;Maria Schrader;7.3;48184
Waves;movie;2019;135;Drama;Trey Edward Shults;7.5;36133
Justice League;movie;2017;120;Action;Zack Snyder;6.0;497812
The Number 23;movie;2007;98;Crime;Joel Schumacher;6.4;219187
Violet Evergarden: The Movie;movie;2020;140;Animation;Taichi Ishidate;8.3;13128
300: Rise of an Empire;movie;2014;102;Action;Noam Murro;6.2;325866
Halloween;movie;2018;106;Crime;David Gordon Green;6.5;181309
The Duchess;movie;2008;110;Biography;Saul Dibb;6.9;89736
Jodhaa Akbar;movie;2008;213;Action;Ashutosh Gowariker;7.5;36031
Joy;movie;2015;124;Biography;David O. Russell;6.6;150667
Risky Business;movie;1983;99;Comedy;Paul Brickman;6.8;106019
Carry-On;movie;2024;119;Action;Jaume Collet-Serra;6.5;180670
Chor Nikal Ke Bhaga;movie;2023;110;Crime;Ajay Singh;7.2;55647
Reptile;movie;2023;134;Crime;Grant Singer;6.8;105771
The Look of Silence;movie;2014;103;Biography;Joshua Oppenheimer;8.2;14668
The Mechanic;movie;2011;93;Action;Simon West;6.5;180283
Thirteen;movie;2003;100;Drama;Catherine Hardwicke;6.8;105643
The Other Boleyn Girl;movie;2008;115;Biography;Justin Chadwick;6.7;125400
The Lady from Shanghai;movie;1947;87;Crime;;7.5;35847
Smile 2;movie;2024;127;Horror;Parker Finn;6.7;125265
My Big Fat Greek Wedding;movie;2002;95;Comedy;Joel Zwick;6.6;149608
Talaash: The Answer Lies Within;movie;2012;140;Crime;Reema Kagti;7.3;47685
The Apprentice;movie;2024;122;Biography;Ali Abbasi;7.1;64522
The World Is Not Enough;movie;1999;128;Action;Michael Apted;6.4;216654
The Last Castle;movie;2001;131;Action;Rod Lurie;6.9;88933
8MM;movie;1999;123;Crime;Joel Schumacher;6.6;149120
Kidnapping, Caucasian Style;movie;1967;82;Adventure;Leonid Gaidai;8.2;14584
Benny & Joon;movie;1993;98;Comedy;Jeremiah S. Chechik;7.1;64408
Brotherhood of the Wolf;movie;2001;142;Action;Christophe Gans;7.0;75260
The Report;movie;2019;119;Biography;Scott Z. Burns;7.2;55074
The Secret Garden;movie;1993;101;Drama;Agnieszka Holland;7.3;47414
The Hunt;movie;2020;90;Action;Craig Zobel;6.6;148364
Kadaisi Vivasayi;movie;2021;122;Drama;M. Manikandan;8.7;8369
The Internet's Own Boy: The Story of Aaron Swartz;movie;2014;105;Biography;Brian Knappenberger;8.0;18438
Godzilla vs. Kong;movie;2021;113;Action;Adam Wingard;6.3;261022
The Taking of Pelham 123;movie;2009;106;Action;Tony Scott;6.4;214797
Just Like Heaven;movie;2005;95;Comedy;Mark Waters;6.7;123932
Magadheera;movie;2009;166;Action;S.S. Rajamouli;7.7;27006
In the Heights;movie;2021;143;Drama;Jon M. Chu;7.2;54849
Ernest & Celestine;movie;2012;80;Adventure;Stéphane Aubier;7.8;23687
Breaking Away;movie;1979;101;Comedy;Peter Yates;7.7;26995
The Rundown;movie;2003;104;Action;Peter Berg;6.6;147780
Jigarthanda;movie;2014;171;Comedy;Karthik Subbaraj;8.2;14483
Bomb;movie;2025;139;;Vishal Venkat;8.2;14471
Flee;movie;2021;89;Animation;Jonas Poher Rasmussen;7.9;20812
The Quiet Girl;movie;2022;95;Drama;Colm Bairéad;7.7;26931
Sin City: A Dame to Kill For;movie;2014;102;Action;Frank Miller;6.5;176560
The Legend of Maula Jatt;movie;2022;153;Action;Bilal Lashari;8.4;11481
A Brighter Summer Day;movie;1991;237;Crime;Edward Yang;8.2;14415
Ne Zha 2;movie;2025;144;Action;Yu Yang;8.0;18310
Hot Shots!;movie;1991;85;Action;Jim Abrahams;6.7;122852
Flushed Away;movie;2006;85;Action;David Bowers;6.6;146704
White Men Can't Jump;movie;1992;115;Comedy;Ron Shelton;6.8;103305
Climax;movie;2018;97;Drama;Gaspar Noé;6.9;87345
Nashville;movie;1975;160;Comedy;Robert Altman;7.6;30565
Bottle Rocket;movie;1996;91;Comedy;Wes Anderson;6.9;87103
North Country;movie;2005;126;Drama;Niki Caro;7.3;46688
Seeking a Friend for the End of the World;movie;2012;101;Adventure;Lorene Scafaria;6.7;122237
The Recruit;movie;2003;115;Action;Roger Donaldson;6.6;145892
Castaway on the Moon;movie;2009;116;Comedy;Lee Hae-jun;7.9;20611
Yahsi Bati - The Ottoman Cowboys;movie;2009;112;Adventure;Ömer Faruk Sorak;7.4;40322
The Witcher: Nightmare of the Wolf;movie;2021;83;Action;Kwang Il Han;7.2;54113
Soylent Green;movie;1973;97;Crime;Richard Fleischer;7.0;73860
Fyre;movie;2019;97;Crime;Chris Smith;7.2;54093
Babette's Feast;movie;1987;103;Drama;Gabriel Axel;7.8;23357
Beverly Hills Cop II;movie;1987;103;Action;Tony Scott;6.6;145311
Tanu Weds Manu Returns;movie;2015;128;Comedy;Aanand L. Rai;7.6;30408
The House That Jack Built;movie;2018;152;Crime;Lars von Trier;6.8;102401
Ocean's Eight;movie;2018;110;Action;Gary Ross;6.3;255820
All Is Lost;movie;2013;106;Action;J.C. Chandor;6.9;86619
Tyrannosaur;movie;2011;92;Drama;Paddy Considine;7.5;34852
The Professor and the Madman;movie;2019;124;Biography;Farhad Safinia;7.2;53875
Sin Nombre;movie;2009;96;Adventure;Cary Joji Fukunaga;7.5;34791
Pee-wee's Big Adventure;movie;1985;91;Adventure;Tim Burton;7.1;62669
Live and Let Die;movie;1973;121;Action;Guy Hamilton;6.7;121130
Happy Feet;movie;2006;108;Adventure;George Miller;6.4;209525
Bend It Like Beckham;movie;2002;112;Comedy;Gurinder Chadha;6.7;121050
Outlaw King;movie;2018;121;Action;David Mackenzie;6.9;86217
Underworld: Rise of the Lycans;movie;2009;92;Action;Patrick Tatopoulos;6.5;173194
Human;movie;2015;263;Documentary;Yann Arthus-Bertrand;8.6;9104
The Faculty;movie;1998;104;Horror;Robert Rodriguez;6.6;144198
Ted 2;movie;2015;115;Comedy;Seth MacFarlane;6.3;253305
A Place in the Sun;movie;1951;122;Drama;George Stevens;7.7;26364
Outbreak;movie;1995;127;Action;Wolfgang Petersen;6.6;143654
Attack on Titan: Chronicle;movie;2020;122;Action;Masashi Koizuka;8.3;12604
Shaun the Sheep Movie;movie;2015;85;Adventure;Mark Burton;7.3;45904
Safe Haven;movie;2013;115;Drama;Lasse Hallström;6.7;119933
From the Village to the City;movie;1974;91;Comedy;Ertem Egilmez;8.3;12568
Les Misérables;movie;2019;104;Crime;Ladj Ly;7.6;29979
Bloodsport;movie;1988;92;Action;Newt Arnold;6.8;100771
The Italian Job;movie;1969;99;Action;Peter Collinson;7.2;53132
Last Action Hero;movie;1993;130;Action;John McTiernan;6.5;171431
Still Walking;movie;2008;115;Drama;Hirokazu Koreeda;7.9;20246
Primer;movie;2004;77;Drama;Shane Carruth;6.7;119527
The Longest Yard;movie;2005;113;Comedy;Peter Segal;6.4;206615
Sandesham;movie;1991;138;Comedy;Sathyan Anthikad;9.0;6018
Smoke;movie;1995;112;Comedy;Wayne Wang;7.4;39474
Silverado;movie;1985;133;Action;Lawrence Kasdan;7.2;52964
Valerian and the City of a Thousand Planets;movie;2017;136;Action;Luc Besson;6.4;206262
What Lies Beneath;movie;2000;130;Drama;Robert Zemeckis;6.6;142296
The Swimmers;movie;2022;134;Biography;Sally El Hosaini;7.4;39405
Girl with a Pearl Earring;movie;2003;100;Biography;Peter Webber;6.9;84818
The Fool;movie;2014;116;Crime;Yuriy Bykov;8.0;17816
28 Years Later;movie;2025;115;Horror;Danny Boyle;6.6;142020
Suspicion;movie;1941;99;Drama;Alfred Hitchcock;7.3;45485
RangiTaranga;movie;2015;149;Mystery;Anup Bhandari;8.1;15767
The Santa Clause;movie;1994;97;Comedy;John Pasquin;6.6;141823
Possession;movie;1981;124;Drama;Andrzej Zulawski;7.2;52765
The Life and Death of Colonel Blimp;movie;1943;163;Drama;Michael Powell;8.0;17779
Pierrot le Fou;movie;1965;110;Crime;Jean-Luc Godard;7.4;39296
Indian;movie;1996;185;Action;S. Shankar;8.1;15739
Champion;movie;2018;130;Biography;Ahmet Katiksiz;8.2;13986
When We Were Kings;movie;1996;88;Documentary;Leon Gast;7.9;20091
The Man with the Golden Gun;movie;1974;125;Action;Guy Hamilton;6.7;118424
Stoker;movie;2013;99;Drama;Park Chan-wook;6.7;118418
News of the World;movie;2020;118;Action;Paul Greengrass;6.8;99667
To Live and Die in L.A.;movie;1985;116;Action;William Friedkin;7.3;45284
Antz;movie;1998;83;Adventure;Eric Darnell;6.5;169282
Kalki 2898 AD;movie;2024;180;Action;Nag Ashwin;7.0;71636
McCabe & Mrs. Miller;movie;1971;120;Drama;Robert Altman;7.6;29634
Guru;movie;2007;166;Drama;Mani Ratnam;7.7;25904
The Easy Life;movie;1962;108;Adventure;Dino Risi;8.2;13937
Instructions Not Included;movie;2013;122;Comedy;Eugenio Derbez;7.5;33940
Frank;movie;2014;95;Comedy;Lenny Abrahamson;6.9;84064
I Vitelloni;movie;1953;104;Comedy;Federico Fellini;7.8;22715
Christine;movie;1983;110;Horror;John Carpenter;6.8;99201
Jurassic World: Fallen Kingdom;movie;2018;128;Action;J.A. Bayona;6.1;371356
Bad Day at Black Rock;movie;1955;81;Crime;John Sturges;7.7;25845
Shanghai Noon;movie;2000;110;Action;Tom Dey;6.6;140376
Sophie Scholl: The Final Days;movie;2005;120;Biography;Marc Rothemund;7.6;29506
Marty;movie;1955;90;Drama;Delbert Mann;7.6;29505
Don 2;movie;2011;148;Action;Farhan Akhtar;7.1;60860
Burnt;movie;2015;101;Comedy;John Wells;6.6;139944
Licence to Kill;movie;1989;133;Action;John Glen;6.7;117198
White House Down;movie;2013;131;Action;Roland Emmerich;6.3;245816
Hustle & Flow;movie;2005;116;Crime;Craig Brewer;7.3;44873
The Remarkable Life of Ibelin;movie;2024;103;Animation;Benjamin Ree;8.2;13819
Last Vegas;movie;2013;105;Comedy;Jon Turteltaub;6.6;139354
The Game Changers;movie;2018;86;Documentary;Louie Psihoyos;7.8;22455
Searching for Bobby Fischer;movie;1993;109;Biography;Steven Zaillian;7.3;44594
Cure;movie;1997;111;Crime;Kiyoshi Kurosawa;7.5;33514
Lords of Dogtown;movie;2005;107;Biography;Catherine Hardwicke;7.1;60175
Hunting Season;movie;2010;140;Crime;Yavuz Turgul;7.4;38513
Miss Congeniality;movie;2000;109;Action;Donald Petrie;6.3;243346
Barking at the Stars;movie;1998;95;Comedy;Zdravko Sotra;8.6;8817
Jackass 3D;movie;2010;94;Action;Jeff Tremaine;7.0;70322
Love Today;movie;2022;154;Comedy;Pradeep Ranganathan;8.0;17423
Wild Things;movie;1998;108;Crime;John McNaughton;6.6;138273
They Shoot Horses, Don't They?;movie;1969;129;Drama;Sydney Pollack;7.8;22376
Christiane F.;movie;1981;138;Biography;Uli Edel;7.5;33363
Violent Night;movie;2022;112;Action;Tommy Wirkola;6.7;115614
Crimson Peak;movie;2015;119;Drama;Guillermo del Toro;6.5;165480
Play It Again, Sam;movie;1972;85;Comedy;Herbert Ross;7.6;29051
Walkabout;movie;1971;100;Adventure;Nicolas Roeg;7.6;29044
The Boy and the Beast;movie;2015;119;Action;Mamoru Hosoda;7.6;29036
No Escape;movie;2015;103;Action;John Erick Dowdle;6.8;97254
The Killers;movie;1946;103;Crime;Robert Siodmak;7.7;25378
Four Rooms;movie;1995;98;Comedy;Allison Anders;6.7;115223
16 Blocks;movie;2006;102;Action;Richard Donner;6.6;137391
Coffee and Cigarettes;movie;2003;95;Comedy;Jim Jarmusch;7.0;69879
Annabelle: Creation;movie;2017;109;Horror;David F. Sandberg;6.5;164790
Love Exposure;movie;2008;237;Action;Sion Sono;8.0;17323
The 13th Warrior;movie;1999;102;Action;John McTiernan;6.6;137247
Troll Hunter;movie;2010;103;Drama;André Øvredal;6.9;81993
Rebel Ridge;movie;2024;131;Action;Jeremy Saulnier;6.8;96810
A Room with a View;movie;1985;117;Drama;James Ivory;7.2;51141
Transformers: Revenge of the Fallen;movie;2009;149;Action;Michael Bay;6.0;446852
Radio Days;movie;1987;88;Comedy;Woody Allen;7.4;38090
The Woman in Black;movie;2012;95;Drama;James Watkins;6.4;197857
The Dressmaker;movie;2015;119;Comedy;Jocelyn Moorhouse;7.0;69562
Attack the Block;movie;2011;88;Action;Joe Cornish;6.7;114581
Cobain: Montage of Heck;movie;2015;132;Animation;Brett Morgen;7.5;33056
13 Going on 30;movie;2004;98;Comedy;Gary Winick;6.3;239553
Tomorrowland;movie;2015;130;Action;Brad Bird;6.4;197397
Monkey Man;movie;2024;121;Action;Dev Patel;6.8;96292
Jim & Andy: The Great Beyond;movie;2017;94;Documentary;Chris Smith;7.6;28762
Shrek Forever After;movie;2010;93;Adventure;Mike Mitchell;6.3;239268
Final Fantasy VII: Advent Children;movie;2005;101;Action;Tetsuya Nomura;7.1;59262
The Pale Blue Eye;movie;2022;128;Crime;Scott Cooper;6.6;136126
Contempt;movie;1963;102;Drama;Jean-Luc Godard;7.4;37911
Death Note;movie;2006;126;Crime;Shûsuke Kaneko;7.5;32937
Mongol: The Rise of Genghis Khan;movie;2007;126;Action;Sergei Bodrov;7.2;50803
Howards End;movie;1992;142;Drama;James Ivory;7.4;37895
Dil Se..;movie;1998;163;Drama;Mani Ratnam;7.5;32896
Henry V;movie;1989;137;Biography;Kenneth Branagh;7.5;32891
Tears of the Sun;movie;2003;121;Action;Antoine Fuqua;6.6;135837
Pelli Kaani Prasad;movie;2025;118;Drama;Abhilash Reddy Gopidi;9.6;3380
The Ghost and Mrs. Muir;movie;1947;104;Comedy;Joseph L. Mankiewicz;7.8;22041
The Adventures of Baron Munchausen;movie;1988;126;Adventure;Terry Gilliam;7.1;59073
The Spanish Apartment;movie;2002;122;Comedy;Cédric Klapisch;7.3;43707
The Shootist;movie;1976;100;Drama;Don Siegel;7.6;28641
Dark Shadows;movie;2012;113;Comedy;Tim Burton;6.2;290664
Memoir of a Snail;movie;2024;95;Animation;Adam Elliot;7.8;22009
The Sweet Hereafter;movie;1997;112;Drama;Atom Egoyan;7.4;37767
Missing;movie;1982;122;Biography;Costa-Gavras;7.7;25047
Satantango;movie;1994;439;Drama;Béla Tarr;8.2;13503
Anger Management;movie;2003;106;Comedy;Peter Segal;6.3;237689
The Woman King;movie;2022;135;Action;Gina Prince-Bythewood;6.9;80994
We Own the Night;movie;2007;117;Crime;James Gray;6.8;95599
Mr. Holland's Opus;movie;1995;144;Drama;Stephen Herek;7.3;43546
1900;movie;1976;317;Drama;Bernardo Bertolucci;7.6;28564
Tomb Raider;movie;2018;119;Action;Roar Uthaug;6.3;237220
Glory Road;movie;2006;118;Biography;James Gartner;7.2;50487
For Your Eyes Only;movie;1981;127;Action;John Glen;6.7;113274
You Can Count on Me;movie;2000;111;Drama;Kenneth Lonergan;7.5;32725
Ghost in the Shell;movie;2017;107;Action;Rupert Sanders;6.3;236672
All the Money in the World;movie;2017;132;Biography;Ridley Scott;6.8;95213
A Most Violent Year;movie;2014;125;Crime;J.C. Chandor;6.9;80623
The Lady Eve;movie;1941;94;Comedy;Preston Sturges;7.7;24882
El Dorado;movie;1966;126;Drama;Howard Hawks;7.5;32582
Enough Said;movie;2013;93;Comedy;Nicole Holofcener;7.0;68434
How to Make Millions Before Grandma Dies;movie;2024;125;Comedy;Pat Boonnitipat;7.9;19247
Hot Tub Time Machine;movie;2010;99;Comedy;Steve Pink;6.4;194113
Band of Outsiders;movie;1964;95;Comedy;Jean-Luc Godard;7.6;28381
The Guest;movie;2014;100;Action;Adam Wingard;6.7;112507
Hard Eight;movie;1996;101;Crime;Paul Thomas Anderson;7.1;58374
Evil Dead Rise;movie;2023;96;Horror;Lee Cronin;6.5;160747
Shrek the Third;movie;2007;93;Adventure;Chris Miller;6.1;352687
Alien: Resurrection;movie;1997;109;Action;Jean-Pierre Jeunet;6.2;286879
Husbands and Wives;movie;1992;108;Comedy;Woody Allen;7.5;32480
Conspiracy Theory;movie;1997;135;Action;Richard Donner;6.7;112184
DC League of Super-Pets;movie;2022;105;Action;Jared Stern;6.9;80022
Mystery Train;movie;1989;110;Comedy;Jim Jarmusch;7.5;32423
Evangelion: 3.0+1.01 Thrice Upon a Time;movie;2021;155;Action;Mahiro Maeda;8.0;16936
A Goofy Movie;movie;1995;78;Adventure;Kevin Lima;7.0;68060
Capturing the Friedmans;movie;2003;107;Biography;Andrew Jarecki;7.6;28270
Transamerica;movie;2005;103;Adventure;Duncan Tucker;7.3;43074
The Illusionist;movie;2010;80;Animation;Sylvain Chomet;7.4;37278
Bringing Out the Dead;movie;1999;121;Drama;Martin Scorsese;6.9;79857
The Man Without a Past;movie;2002;97;Comedy;Aki Kaurismäki;7.6;28229
Gulaal;movie;2009;140;Crime;Anurag Kashyap;8.0;16909
Death on the Nile;movie;1978;140;Crime;John Guillermin;7.3;42988
Can You Ever Forgive Me?;movie;2018;106;Biography;Marielle Heller;7.1;58046
Monty Python's and Now for Something Completely Different;movie;1971;88;Comedy;Ian MacNaughton;7.5;32331
The Magnificent Ambersons;movie;1942;88;Drama;Orson Welles;7.6;28200
Maria Full of Grace;movie;2004;101;Crime;Joshua Marston;7.4;37191
The Hills Have Eyes;movie;2006;107;Horror;Alexandre Aja;6.4;192512
The Three Burials of Melquiades Estrada;movie;2005;121;Adventure;Tommy Lee Jones;7.3;42873
The Good Shepherd;movie;2006;167;Drama;Robert De Niro;6.7;111359
The Living Daylights;movie;1987;130;Action;John Glen;6.7;111321
Australia;movie;2008;165;Adventure;Baz Luhrmann;6.6;132739
Vera Drake;movie;2004;125;Crime;Mike Leigh;7.6;28092
Trick 'r Treat;movie;2007;82;Comedy;Michael Dougherty;6.7;111112
Where the Wild Things Are;movie;2009;101;Adventure;Spike Jonze;6.7;111044
Bombay;movie;1995;130;Drama;Mani Ratnam;8.1;14904
Waiting...;movie;2005;94;Comedy;Rob McKittrick;6.7;110951
A Hero;movie;2021;127;Drama;Asghar Farhadi;7.5;32133
Old Henry;movie;2021;99;Action;Potsy Ponciroli;7.3;42683
Parenthood;movie;1989;124;Comedy;Ron Howard;7.1;57626
Between Family;movie;2017;124;Comedy;Ozan Açiktan;7.6;28009
The Great Mouse Detective;movie;1986;74;Adventure;Ron Clements;7.1;57608
Becoming Jane;movie;2007;120;Biography;Julian Jarrold;7.0;67349
Control;movie;2003;111;Comedy;Nimród Antal;7.6;27996
Magic Carpet Ride;movie;2005;106;Comedy;Yilmaz Erdogan;7.4;36902
Breakdown;movie;1997;93;Action;Jonathan Mostow;7.0;67291
He's Just Not That Into You;movie;2009;129;Comedy;Ken Kwapis;6.4;190760
Austin Powers in Goldmember;movie;2002;94;Action;Jay Roach;6.3;231215
Goon;movie;2011;92;Comedy;Michael Dowse;6.8;93240
Tag;movie;2018;100;Action;Jeff Tomsic;6.5;158088
Central Intelligence;movie;2016;107;Action;Rawson Marshall Thurber;6.3;231145
Extremely Wicked, Shockingly Evil and Vile;movie;2019;110;Biography;Joe Berlinger;6.7;110419
Premalu;movie;2024;156;Comedy;Girish A.D.;7.8;21454
Candy;movie;2006;108;Drama;Neil Armfield;7.2;49246
Au hasard Balthazar;movie;1966;95;Drama;Robert Bresson;7.7;24359
Robot & Frank;movie;2012;89;Comedy;Jake Schreier;7.0;66869
Sleep Tight;movie;2011;102;Crime;Jaume Balagueró;7.2;49101
Triple Frontier;movie;2019;125;Action;J.C. Chandor;6.5;157132
Saturday Night Fever;movie;1977;118;Drama;John Badham;6.8;92639
Pokiri;movie;2006;164;Action;Puri Jagannadh;8.0;16648
The Devil's Rejects;movie;2005;107;Crime;Rob Zombie;6.7;109609
Border;movie;1997;176;Action;J.P. Dutta;7.9;18764
Sorry We Missed You;movie;2019;101;Drama;Ken Loach;7.6;27662
A Night to Remember;movie;1958;123;Drama;Roy Ward Baker;7.9;18747
Marnie;movie;1964;130;Crime;Alfred Hitchcock;7.1;56772
She's the Man;movie;2006;105;Comedy;Andy Fickman;6.4;187829
Ali;movie;2001;157;Biography;Michael Mann;6.7;109034
Sultan;movie;2016;170;Action;Ali Abbas Zafar;7.1;56691
Perfect Sense;movie;2011;92;Drama;David Mackenzie;7.0;66277
Road House;movie;1989;114;Action;Rowdy Herrington;6.7;108932
Marighella;movie;2019;155;Action;Wagner Moura;7.1;56643
C'mon C'mon;movie;2021;109;Drama;Mike Mills;7.3;41958
Downton Abbey: A New Era;movie;2022;124;Drama;Simon Curtis;7.4;36302
Far from the Madding Crowd;movie;2015;119;Drama;Thomas Vinterberg;7.1;56513
Scream 2;movie;1997;120;Horror;Wes Craven;6.3;226749
Run;movie;2020;90;Drama;Aneesh Chaganty;6.7;108586
How to Steal a Million;movie;1966;123;Comedy;William Wyler;7.5;31512
Kaun Pravin Tambe?;movie;2022;134;Biography;Jayprad Desai;8.3;11596
Blended;movie;2014;117;Comedy;Frank Coraci;6.5;154698
American Wedding;movie;2003;96;Comedy;Jesse Dylan;6.3;225811
Maleficent: Mistress of Evil;movie;2019;119;Adventure;Joachim Rønning;6.6;128641
The Train;movie;1964;133;Action;John Frankenheimer;7.8;21029
Roja;movie;1992;137;Drama;Mani Ratnam;8.1;14545
Charlie;movie;2015;130;Adventure;Martin Prakkat;8.1;14541
The Magician;movie;2006;122;Comedy;Ali Taner Baltaci;7.4;35981
Win Win;movie;2011;106;Comedy;Tom McCarthy;7.1;56048
Monsters vs. Aliens;movie;2009;94;Action;Rob Letterman;6.4;185224
Total Recall;movie;2012;118;Action;Len Wiseman;6.2;273906
The Internship;movie;2013;119;Comedy;Shawn Levy;6.3;224042
The Witness;movie;1969;105;Comedy;Péter Bacsó;8.6;8306
The Green Knight;movie;2021;130;Adventure;David Lowery;6.6;127958
The Long Kiss Goodnight;movie;1996;121;Action;Renny Harlin;6.8;90490
Need for Speed;movie;2014;132;Action;Scott Waugh;6.4;184664
Maheshinte Prathikaaram;movie;2016;120;Comedy;Dileesh Pothan;8.3;11490
Transporter 2;movie;2005;87;Action;Louis Leterrier;6.3;223326
Hardcore Henry;movie;2015;96;Action;Ilya Naishuller;6.7;107021
Riddick;movie;2013;119;Action;David Twohy;6.4;184165
Jumper;movie;2008;88;Action;Doug Liman;6.1;334222
L'Eclisse;movie;1962;126;Drama;Michelangelo Antonioni;7.7;23770
Splendor in the Grass;movie;1961;124;Drama;Elia Kazan;7.7;23761
Candyman;movie;1992;99;Horror;Bernard Rose;6.7;106898
The Baader Meinhof Complex;movie;2008;150;Action;Uli Edel;7.3;41238
On Body and Soul;movie;2017;116;Drama;Ildikó Enyedi;7.5;31059
Boy;movie;2010;87;Comedy;Taika Waititi;7.5;31054
The Devil's Double;movie;2011;109;Biography;Lee Tamahori;7.0;64972
24 Hour Party People;movie;2002;117;Biography;Michael Winterbottom;7.3;41167
Birdman of Alcatraz;movie;1962;147;Biography;John Frankenheimer;7.8;20825
Conviction;movie;2010;107;Biography;Tony Goldwyn;7.2;47692
American Movie;movie;1999;107;Comedy;Chris Smith;7.8;20815
Les Misérables in Concert: The 25th Anniversary;movie;2010;178;Drama;Nick Morris;8.8;6720
The Karate Kid;movie;2010;140;Action;Harald Zwart;6.3;221796
The Banker;movie;2020;120;Biography;George Nolfi;7.3;41074
Bajirao Mastani;movie;2015;158;Action;Sanjay Leela Bhansali;7.3;41003
Knight and Day;movie;2010;109;Action;James Mangold;6.3;221111
The Invitation;movie;2015;100;Drama;Karyn Kusama;6.6;126326
The Unnamed;movie;2016;100;Drama;Tauquir Ahmed;8.9;6069
The Last Laugh;movie;1924;90;Drama;F.W. Murnau;8.0;16169
Dream Scenario;movie;2023;102;Comedy;Kristoffer Borgli;6.8;89320
Waterworld;movie;1995;135;Action;Kevin Reynolds;6.3;220712
The Fog;movie;1980;89;Horror;John Carpenter;6.8;89269
Beautiful Thing;movie;1996;90;Comedy;Hettie Macdonald;7.6;26886
The Greatest Game Ever Played;movie;2005;120;Biography;Bill Paxton;7.4;35385
Cat City;movie;1986;96;Adventure;Béla Ternovszky;8.3;11355
The Barbarian Invasions;movie;2003;99;Comedy;Denys Arcand;7.5;30711
Arizona Dream;movie;1993;142;Comedy;Emir Kusturica;7.2;47232
A Thursday;movie;2022;128;Drama;Behzad Khambata;7.6;26791
Oz the Great and Powerful;movie;2013;130;Adventure;Sam Raimi;6.3;219523
Tamasha;movie;2015;139;Comedy;Imtiaz Ali;7.4;35220
Insurgent;movie;2015;119;Action;Robert Schwentke;6.2;267109
Eden Lake;movie;2008;91;Horror;James Watkins;6.7;105103
The Siege of Jadotville;movie;2016;108;Action;Richie Smyth;7.2;47061
On Her Majesty's Secret Service;movie;1969;142;Action;Peter R. Hunt;6.7;105021
Corpus Christi;movie;2019;115;Drama;Jan Komasa;7.7;23388
Unfaithful;movie;2002;124;Drama;Adrian Lyne;6.7;104855
The 'Burbs;movie;1989;102;Comedy;Joe Dante;6.8;88457
Darr;movie;1993;178;Action;Yash Chopra;7.6;26651
Anna;movie;2019;118;Action;Luc Besson;6.7;104723
Shame;movie;1968;103;Drama;Ingmar Bergman;8.0;16004
We Live in Time;movie;2024;108;Drama;John Crowley;7.0;63796
An Affair to Remember;movie;1957;115;Drama;Leo McCarey;7.4;35067
Fahrenheit 451;movie;1966;112;Drama;François Truffaut;7.2;46886
Rock On!!;movie;2008;145;Drama;Abhishek Kapoor;7.7;23311
The China Syndrome;movie;1979;122;Drama;James Bridges;7.4;35034
The Last Detail;movie;1973;104;Comedy;Hal Ashby;7.5;30424
I Am Mother;movie;2019;113;Drama;Grant Sputore;6.7;104324
If Beale Street Could Talk;movie;2018;119;Drama;Barry Jenkins;7.1;54404
The Good Lie;movie;2014;110;Biography;Philippe Falardeau;7.4;34965
The Sea Beast;movie;2022;115;Action;Chris Williams;7.0;63491
Kikujiro;movie;1999;122;Comedy;Takeshi Kitano;7.7;23232
Evangelion: 1.0 You Are (Not) Alone;movie;2007;98;Action;Hiroshi Haraguchi;7.5;30360
Breach;movie;2007;110;Biography;Billy Ray;7.0;63433
The Sisters Brothers;movie;2018;122;Drama;Jacques Audiard;6.9;74404
Bloody Sunday;movie;2002;111;Drama;Paul Greengrass;7.6;26454
The Good Nurse;movie;2022;121;Biography;Tobias Lindholm;6.8;87647
Ip Man 3;movie;2015;105;Action;Wilson Yip;7.0;63310
Lone Star;movie;1996;135;Drama;John Sayles;7.4;34814
Last Year at Marienbad;movie;1961;94;Drama;Alain Resnais;7.6;26425
Purple Noon;movie;1960;118;Crime;René Clément;7.7;23149
Antwone Fisher;movie;2002;120;Biography;Denzel Washington;7.3;40147
The Bad Guys;movie;2022;100;Adventure;Pierre Perifel;6.9;74193
The Punisher;movie;2004;124;Action;Jonathan Hensleigh;6.4;177815
The Fast and the Furious: Tokyo Drift;movie;2006;104;Action;Justin Lin;6.1;322195
Collective;movie;2019;109;Crime;Alexander Nanau;8.1;14061
Stray Dog;movie;1949;122;Crime;Akira Kurosawa;7.8;20292
Creed III;movie;2023;116;Action;Michael B. Jordan;6.7;103384
Pitch Perfect 2;movie;2015;115;Comedy;Elizabeth Banks;6.4;177385
Leila's Brothers;movie;2022;165;Drama;Saeed Roustayi;7.9;17867
Now, Voyager;movie;1942;117;Drama;Irving Rapper;7.8;20256
The Princess Diaries;movie;2001;115;Comedy;Garry Marshall;6.4;177241
Kon-Tiki;movie;2012;118;Adventure;Joachim Rønning;7.1;53802
The Rescuers;movie;1977;77;Adventure;John Lounsbery;6.9;73760
Oculus;movie;2013;104;Horror;Mike Flanagan;6.5;146997
Bull Durham;movie;1988;108;Comedy;Ron Shelton;7.0;62794
Thirst;movie;2009;134;Drama;Park Chan-wook;7.1;53731
Ulidavaru Kandanthe;movie;2014;154;Crime;Rakshit Shetty;8.4;9957
Monsieur Verdoux;movie;1947;124;Comedy;Charles Chaplin;7.8;20214
Boss Level;movie;2020;100;Action;Joe Carnahan;6.8;86862
Madras Cafe;movie;2013;130;Action;Shoojit Sircar;7.6;26227
Thiruchitrambalam;movie;2022;131;Comedy;Mithran Jawahar;7.9;17815
Black Christmas;movie;1974;98;Horror;Bob Clark;7.1;53609
Overboard;movie;1987;112;Comedy;Garry Marshall;6.9;73468
The Nightingale;movie;2018;136;Adventure;Jennifer Kent;7.3;39747
Parmanu: The Story of Pokhran;movie;2018;129;Action;Abhishek Sharma;7.6;26164
The Trial;movie;1962;119;Drama;Orson Welles;7.6;26157
Mutiny on the Bounty;movie;1935;132;Adventure;Frank Lloyd;7.6;26151
Meet Me in St. Louis;movie;1944;113;Comedy;Vincente Minnelli;7.5;29948
Maurice;movie;1987;140;Drama;James Ivory;7.6;26134
Cliffhanger;movie;1993;113;Action;Renny Harlin;6.5;146100
Midway;movie;2019;138;Action;Roland Emmerich;6.7;102433
Crocodile Dundee;movie;1986;97;Adventure;Peter Faiman;6.6;121962
No Way Out;movie;1987;114;Action;Roger Donaldson;7.1;53448
Mank;movie;2020;131;Biography;David Fincher;6.8;86351
Methagu;movie;2021;100;Biography;Kittu;8.5;8891
Welcome to the Dollhouse;movie;1995;88;Comedy;Todd Solondz;7.3;39604
Sing Sing;movie;2023;107;Drama;Greg Kwedar;7.6;26068
Shiddat;movie;2021;146;Romance;Kunal Deshmukh;7.6;26047
Knowing;movie;2009;121;Mystery;Alex Proyas;6.2;258667
Nerve;movie;2016;96;Adventure;Henry Joost;6.5;145453
The Manchurian Candidate;movie;2004;129;Drama;Jonathan Demme;6.6;121469
Suspiria;movie;2018;152;Drama;Luca Guadagnino;6.7;101878
Vaastav: The Reality;movie;1999;145;Action;Mahesh Manjrekar;8.0;15626
Strange Darling;movie;2023;97;Horror;JT Mollner;7.0;62064
Time Bandits;movie;1981;110;Adventure;Terry Gilliam;6.9;72818
The Children's Hour;movie;1961;108;Drama;William Wyler;7.8;19998
Harold & Kumar Escape from Guantanamo Bay;movie;2008;114;Adventure;Jon Hurwitz;6.5;144867
Honey, I Shrunk the Kids;movie;1989;93;Adventure;Joe Johnston;6.4;174002
BTS Permission to Dance on Stage - Seoul: Live Viewing;movie;2022;195;Documentary;Ha Jung Jae;7.9;17582
The Wrong Man;movie;1956;105;Drama;Alfred Hitchcock;7.4;33937
Blindspotting;movie;2018;95;Comedy;Carlos López Estrada;7.4;33922
Sonic the Hedgehog 3;movie;2024;110;Action;Jeff Fowler;6.9;72214
The Poseidon Adventure;movie;1972;117;Action;Ronald Neame;7.1;52672
The Butterfly's Dream;movie;2013;138;Biography;Yilmaz Erdogan;7.6;25737
Bitter Moon;movie;1992;139;Drama;Roman Polanski;7.2;45224
Nadodikkattu;movie;1987;158;Comedy;Sathyan Anthikad;8.8;6439
Better Off Dead;movie;1985;97;Comedy;Savage Steve Holland;7.1;52562
A Ghost Story;movie;2017;92;Drama;David Lowery;6.8;84883
Life as We Know It;movie;2010;114;Comedy;Greg Berlanti;6.5;143283
Snow White and the Huntsman;movie;2012;127;Action;Rupert Sanders;6.1;312026
Get Carter;movie;1971;112;Crime;Mike Hodges;7.3;38992
Dirty Pretty Things;movie;2002;97;Crime;Stephen Frears;7.2;45124
Whip It;movie;2009;111;Drama;Drew Barrymore;6.9;71835
Smokey and the Bandit;movie;1977;96;Action;Hal Needham;7.0;61122
Antichrist;movie;2009;108;Drama;Lars von Trier;6.5;142632
My Uncle;movie;1958;116;Comedy;Jacques Tati;7.6;25590
Remember;movie;2015;94;Drama;Atom Egoyan;7.5;29297
Bright;movie;2017;117;Action;David Ayer;6.3;207630
Robots;movie;2005;91;Adventure;Chris Wedge;6.4;171322
U.S. Marshals;movie;1998;131;Action;Stuart Baird;6.6;118896
Run All Night;movie;2015;114;Action;Jaume Collet-Serra;6.6;118826
No Strings Attached;movie;2011;108;Comedy;Ivan Reitman;6.2;252414
Freaky Friday;movie;2003;97;Comedy;Mark Waters;6.4;170784
Tourist Family;movie;2025;150;Comedy;Abishan Jeevinth;8.2;12127
Gundi: Legend of Love;movie;2024;166;Biography;Dimitar Dimitrov;8.9;5786
The Sessions;movie;2012;95;Biography;Ben Lewin;7.2;44738
No Hard Feelings;movie;2023;103;Comedy;Gene Stupnitsky;6.3;206310
Stripes;movie;1981;106;Comedy;Ivan Reitman;6.8;83878
The Silence;movie;1963;96;Drama;Ingmar Bergman;7.7;22290
Moscow Does Not Believe in Tears;movie;1980;150;Comedy;Vladimir Menshov;8.0;15302
The Phantom Carriage;movie;1921;107;Drama;Victor Sjöström;8.0;15292
Friday the 13th;movie;1980;95;Horror;Sean S. Cunningham;6.4;170013
Summer Wars;movie;2009;114;Action;Mamoru Hosoda;7.4;33393
The Wife;movie;2017;99;Drama;Björn Runge;7.2;44597
Mary Poppins Returns;movie;2018;130;Adventure;Rob Marshall;6.7;99129
What If;movie;2013;98;Comedy;Michael Dowse;6.8;83693
11:14;movie;2003;86;Comedy;Greg Marcks;7.1;51805
Surf's Up;movie;2007;85;Adventure;Ash Brannon;6.7;99031
The Purge: Anarchy;movie;2014;103;Action;James DeMonaco;6.4;169800
Peter Pan;movie;2003;113;Adventure;P.J. Hogan;6.8;83602
Murder by Death;movie;1976;95;Comedy;Robert Moore;7.2;44525
The Pink Panther;movie;1963;115;Comedy;Blake Edwards;7.0;60409
Mamma Mia! Here We Go Again;movie;2018;114;Comedy;Ol Parker;6.6;117566
Anvil: The Story of Anvil;movie;2008;80;Biography;Sacha Gervasi;7.9;17213
Death on the Nile;movie;2022;127;Crime;Kenneth Branagh;6.3;204794
Werckmeister Harmonies;movie;2000;145;Drama;Béla Tarr;7.9;17200
Montevideo: Taste of a Dream;movie;2010;140;Adventure;Dragan Bjelogrlic;8.1;13517
Muriel's Wedding;movie;1994;106;Comedy;P.J. Hogan;7.2;44360
Johnny Got His Gun;movie;1971;111;Drama;Dalton Trumbo;7.8;19471
The Spirit of the Beehive;movie;1973;98;Drama;Víctor Erice;7.7;22133
Zorba the Greek;movie;1964;142;Comedy;Michael Cacoyannis;7.6;25213
Imitation of Life;movie;1959;125;Drama;Douglas Sirk;7.8;19422
You're Next;movie;2011;95;Drama;Adam Wingard;6.6;116926
Red, White & Royal Blue;movie;2023;118;Comedy;Matthew López;7.0;59992
Shelter;movie;2007;97;Drama;Jonah Markowitz;7.6;25162
Keith;movie;2008;95;Drama;Todd Kessler;7.3;38138
Ballad of a Soldier;movie;1959;88;Drama;Grigoriy Chukhray;8.2;11979
Detective Byomkesh Bakshy!;movie;2015;139;Action;Dibakar Banerjee;7.6;25140
Devasuram;movie;1993;157;Action;I.V. Sasi;8.7;6981
Trouble in Paradise;movie;1932;83;Comedy;Ernst Lubitsch;7.9;17098
The Bad Sleep Well;movie;1960;151;Crime;Akira Kurosawa;8.0;15134
Inherent Vice;movie;2014;148;Comedy;Paul Thomas Anderson;6.6;116515
Frozen Stiff;movie;2002;90;Comedy;Milorad Milinkovic;8.3;10682
Slap Shot;movie;1977;123;Comedy;George Roy Hill;7.2;44051
Victor/Victoria;movie;1982;134;Comedy;Blake Edwards;7.6;25088
Hitchcock;movie;2012;98;Biography;Sacha Gervasi;6.8;82606
The Iceman;movie;2012;106;Biography;Ariel Vromen;6.8;82602
The Transformers: The Movie;movie;1986;84;Action;Nelson Shin;7.2;44019
Hot Rod;movie;2007;88;Comedy;Akiva Schaffer;6.7;97651
The Change-Up;movie;2011;112;Comedy;David Dobkin;6.3;202489
Sweet November;movie;2001;119;Drama;Pat O'Connor;6.7;97611
Homefront;movie;2013;100;Action;Gary Fleder;6.5;138843
Van Helsing;movie;2004;131;Action;Stephen Sommers;6.1;301555
Gerald's Game;movie;2017;103;Drama;Mike Flanagan;6.5;138697
Bad Genius;movie;2017;130;Comedy;Baz Poonpiriya;7.6;24978
The Edukators;movie;2004;127;Drama;Hans Weingartner;7.4;32834
Broken Embraces;movie;2009;127;Drama;Pedro Almodóvar;7.2;43776
The Long Good Friday;movie;1980;114;Crime;John Mackenzie;7.5;28547
Superman Returns;movie;2006;154;Action;Bryan Singer;6.1;300607
On Board;movie;1998;102;Crime;Serdar Akar;7.9;16972
The Getaway;movie;1972;123;Action;Sam Peckinpah;7.3;37770
Balto;movie;1995;78;Adventure;Simon Wells;7.1;50794
Deep Impact;movie;1998;120;Action;Mimi Leder;6.3;200980
The Dirt;movie;2019;107;Biography;Jeff Tremaine;7.0;59263
Transcendence;movie;2014;119;Drama;Wally Pfister;6.2;244664
Company;movie;2002;142;Action;Ram Gopal Varma;7.9;16939
A Nightmare on Elm Street 3: Dream Warriors;movie;1987;96;Fantasy;Chuck Russell;6.7;96872
Maudie;movie;2016;115;Biography;Aisling Walsh;7.6;24868
The Physician;movie;2013;155;Adventure;Philipp Stölzl;7.2;43635
Cars 2;movie;2011;106;Adventure;John Lasseter;6.2;244260
Casualties of War;movie;1989;113;Action;Brian De Palma;7.1;50680
The Roaring Twenties;movie;1939;106;Crime;Raoul Walsh;7.9;16907
Summer of Soul (...Or, When the Revolution Could Not Be Televised);movie;2021;118;Documentary;Questlove;8.0;14961
Pieces of a Woman;movie;2020;126;Drama;Kornél Mundruczó;7.0;59071
Colonia;movie;2015;110;Biography;Florian Gallenberger;7.0;59044
Top Hat;movie;1935;101;Comedy;Mark Sandrich;7.7;21737
Black Adam;movie;2022;125;Action;Jaume Collet-Serra;6.1;298418
Boiler Room;movie;2000;120;Crime;Ben Younger;7.0;58979
A Peck on the Cheek;movie;2002;136;Action;Mani Ratnam;8.3;10552
Billy Madison;movie;1995;89;Comedy;Tamra Davis;6.4;164925
Malik;movie;2021;162;Action;Mahesh Narayanan;8.0;14918
Don;movie;2006;171;Action;Farhan Akhtar;7.2;43391
The Call;movie;2020;112;Crime;Chung-Hyun Lee;7.1;50421
I Am Cuba;movie;1964;141;Drama;Mikhail Kalatozov;8.2;11791
Chhaava;movie;2025;161;Action;Laxman Utekar;7.3;37453
Virumandi;movie;2004;175;Action;Kamal Haasan;8.4;9431
Anchorman 2: The Legend Continues;movie;2013;119;Comedy;Adam McKay;6.3;199242
Neerja;movie;2016;122;Biography;Ram Madhvani;7.6;24701
J. Edgar;movie;2011;137;Biography;Clint Eastwood;6.5;136734
This Means War;movie;2012;103;Action;McG;6.3;199027
New World;movie;2013;135;Action;Park Hoon-jung;7.5;28198
Drugstore Cowboy;movie;1989;102;Crime;Gus Van Sant;7.2;43190
The Human Condition II: Road to Eternity;movie;1959;181;Drama;Masaki Kobayashi;8.5;8439
The Way;movie;2010;123;Comedy;Emilio Estevez;7.3;37299
Hey Ram;movie;2000;186;Crime;Kamal Haasan;8.0;14846
I Killed My Mother;movie;2009;96;Drama;Xavier Dolan;7.4;32292
Pudhu Pettai;movie;2006;168;Action;K. Selvaraghavan;8.4;9381
The Crimson Rivers;movie;2000;106;Crime;Mathieu Kassovitz;6.9;68497
My Best Friend's Wedding;movie;1997;105;Comedy;P.J. Hogan;6.4;163379
A Haunting in Venice;movie;2023;103;Crime;Kenneth Branagh;6.5;135828
Roger & Me;movie;1989;91;Documentary;Michael Moore;7.5;28062
The Andromeda Strain;movie;1971;131;Mystery;Robert Wise;7.2;42965
The Crazies;movie;2010;101;Horror;Breck Eisner;6.5;135441
George Harrison: Living in the Material World;movie;2011;208;Biography;Martin Scorsese;8.1;13119
Epic;movie;2013;102;Action;Chris Wedge;6.6;113129
Walk Hard: The Dewey Cox Story;movie;2007;96;Comedy;Jake Kasdan;6.8;80310
Jurassic Park III;movie;2001;92;Action;Joe Johnston;6.0;362022
Red Eye;movie;2005;85;Thriller;Wes Craven;6.4;162622
Black Snake Moan;movie;2006;116;Drama;Craig Brewer;6.9;68117
Gangaajal;movie;2003;157;Action;Prakash Jha;7.8;18858
Good Luck to You, Leo Grande;movie;2022;97;Comedy;Sophie Hyde;7.2;42805
This Is It;movie;2009;111;Documentary;Kenny Ortega;7.2;42795
Nayak: The Real Hero;movie;2001;187;Action;S. Shankar;7.8;18840
Overlord;movie;2018;110;Action;Julius Avery;6.6;112787
Mesrine: Public Enemy No. 1;movie;2008;133;Action;Jean-François Richet;7.4;32033
Waiting for Guffman;movie;1996;84;Comedy;Christopher Guest;7.4;32023
Charlie Bartlett;movie;2007;97;Comedy;Jon Poll;6.9;67836
Spadikam;movie;1995;150;Action;Bhadran;8.6;7518
Investigation of a Citizen Above Suspicion;movie;1970;115;Crime;Elio Petri;8.0;14681
Coming Soon;movie;2014;134;Comedy;Cem Yilmaz;7.3;36827
Predator 2;movie;1990;108;Action;Stephen Hopkins;6.3;195334
Another Year;movie;2010;129;Comedy;Mike Leigh;7.4;31891
The Public Enemy;movie;1931;83;Crime;William A. Wellman;7.6;24268
The Second Mother;movie;2015;112;Comedy;Anna Muylaert;7.8;18719
The Ascent;movie;1977;111;Drama;Larisa Shepitko;8.2;11575
Honey Boy;movie;2019;94;Drama;Alma Har'el;7.2;42433
Papanasam;movie;2015;179;Crime;Jeethu Joseph;8.4;9257
Poove Unakkaga;movie;1996;150;Comedy;Vikraman;8.6;7485
Che: Part One;movie;2008;134;Biography;Steven Soderbergh;7.1;49271
A Dog's Journey;movie;2019;109;Adventure;Gail Mancuso;7.4;31788
Seeking True Love;movie;2017;116;Comedy;Ashwiny Iyer Tiwari;7.5;27684
Penguins of Madagascar;movie;2014;92;Action;Eric Darnell;6.6;111570
Viduthalai: Part 1;movie;2023;150;Action;Vetrimaaran;8.2;11548
Seconds;movie;1966;106;Sci-Fi;John Frankenheimer;7.6;24131
Free State of Jones;movie;2016;139;Action;Gary Ross;6.9;67171
Pretty in Pink;movie;1986;97;Comedy;Howard Deutch;6.7;93482
The Class;movie;2007;99;Drama;Ilmar Raag;7.9;16396
Anna Karenina;movie;2012;129;Drama;Joe Wright;6.6;110840
Mudhalvan;movie;1999;169;Action;S. Shankar;8.4;9193
The Goat Life;movie;2024;173;Adventure;Blessy;7.1;48875
I Don't Feel at Home in This World Anymore;movie;2017;93;Comedy;Macon Blair;6.9;66759
Stepmom;movie;1998;125;Comedy;Chris Columbus;6.8;78533
The Accountant 2;movie;2025;132;Action;Gavin O'Connor;6.6;110380
Soul Kitchen;movie;2009;96;Comedy;Fatih Akin;7.2;41942
Step Up;movie;2006;104;Crime;Anne Fletcher;6.5;131957
The New World;movie;2005;135;Biography;Terrence Malick;6.7;92804
Carandiru;movie;2003;145;Crime;Hector Babenco;7.6;23918
Day of the Wacko;movie;2002;93;Comedy;Marek Koterski;8.1;12831
The Sum of All Fears;movie;2002;124;Action;Phil Alden Robinson;6.5;131522
Horrible Bosses 2;movie;2014;108;Comedy;Sean Anders;6.3;191176
The Alpinist;movie;2021;92;Biography;Peter Mortimer;7.9;16281
Seven Days in May;movie;1964;118;Drama;John Frankenheimer;7.8;18431
A Street Cat Named Bob;movie;2016;103;Biography;Roger Spottiswoode;7.3;36110
Rabbit-Proof Fence;movie;2002;94;Adventure;Phillip Noyce;7.4;31309
The King's Man;movie;2021;131;Action;Matthew Vaughn;6.3;190796
Freddy;movie;2022;124;Drama;Shashanka Ghosh;7.3;35980
A Walk Among the Tombstones;movie;2014;114;Action;Scott Frank;6.5;130824
Sergeant York;movie;1941;134;Biography;Howard Hawks;7.7;20853
Backdraft;movie;1991;137;Action;Ron Howard;6.7;91984
Broadcast News;movie;1987;133;Comedy;James L. Brooks;7.3;35944
Guide;movie;1965;183;Drama;Vijay Anand;8.3;10155
A Northern Story of Valor;movie;1989;168;Drama;T. Hariharan;8.7;6644
Grumpy Old Men;movie;1993;103;Comedy;Donald Petrie;7.0;56310
Away We Go;movie;2009;98;Comedy;Sam Mendes;7.0;56285
Westworld;movie;1973;88;Action;Michael Crichton;6.9;65911
Are You There God? It's Me, Margaret.;movie;2023;106;Comedy;Kelly Fremon Craig;7.3;35854
Cyrano de Bergerac;movie;1990;137;Comedy;Jean-Paul Rappeneau;7.5;27092
MST - Terra Prometida;movie;2025;92;Documentary;Elton Mesquita;8.8;5996
Phir Hera Pheri;movie;2006;153;Comedy;Neeraj Vora;7.4;31068
Elizabeth: The Golden Age;movie;2007;114;Biography;Shekhar Kapur;6.8;77388
Get Him to the Greek;movie;2010;109;Comedy;Nicholas Stoller;6.3;189028
A Hidden Life;movie;2019;174;Biography;Terrence Malick;7.4;31032
Winchester '73;movie;1950;92;Action;Anthony Mann;7.6;23622
The Bodyguard;movie;1992;129;Drama;Mick Jackson;6.4;155946
My Life as a Dog;movie;1985;101;Comedy;Lasse Hallström;7.6;23603
My Own Private Idaho;movie;1991;104;Drama;Gus Van Sant;6.9;65536
Stay;movie;2005;99;Drama;Marc Forster;6.7;91241
The Twelve Tasks of Asterix;movie;1976;82;Adventure;René Goscinny;7.7;20697
I Care a Lot;movie;2020;118;Comedy;J Blakeson;6.4;155798
Starman;movie;1984;115;Romance;John Carpenter;7.0;55881
Pickpocket;movie;1959;76;Crime;Robert Bresson;7.5;26956
Tully;movie;2018;95;Comedy;Jason Reitman;6.9;65445
Chup;movie;2022;135;Drama;R Balki;7.5;26930
Sam Bahadur;movie;2023;150;Biography;Meghna Gulzar;7.7;20660
Scarlet Street;movie;1945;102;Crime;Fritz Lang;7.7;20659
Cross of Iron;movie;1977;119;Drama;Sam Peckinpah;7.4;30904
Hope;movie;2013;122;Drama;Lee Joon-ik;8.2;11270
Stan & Ollie;movie;2018;98;Biography;Jon S. Baird;7.2;41172
The Skeleton Key;movie;2005;104;Drama;Iain Softley;6.5;129281
Office Romance;movie;1977;159;Comedy;Eldar Ryazanov;8.2;11267
In the House;movie;2012;105;Drama;François Ozon;7.3;35561
Guru Nanak Jahaz;movie;2025;140;History;Sharan Art;9.3;3734
The Invention of Lying;movie;2009;100;Comedy;Ricky Gervais;6.4;155116
Marie Antoinette;movie;2006;123;Biography;Sofia Coppola;6.5;128991
Escape Room;movie;2019;99;Action;Adam Robitel;6.4;154924
The Cameraman;movie;1928;76;Comedy;Edward Sedgwick;8.0;14189
Virunga;movie;2014;100;Documentary;Orlando von Einsiedel;8.1;12602
Birds of Prey and the Fantabulous Emancipation of One Harley Quinn;movie;2020;109;Action;Cathy Yan;6.1;277937
Rat Race;movie;2001;112;Action;Jerry Zucker;6.5;128481
The Turin Horse;movie;2011;155;Drama;Béla Tarr;7.7;20528
Mishima: A Life in Four Chapters;movie;1985;120;Biography;Paul Schrader;7.9;15959
Pyaar Ka Punchnama;movie;2011;149;Comedy;Luv Ranjan;7.6;23380
The Kerala Story;movie;2023;138;Drama;Sudipto Sen;6.8;76302
Law of Tehran;movie;2019;131;Action;Saeed Roustayi;7.7;20499
SLC Punk!;movie;1998;97;Comedy;James Merendino;7.3;35277
The Life of Chuck;movie;2024;111;Drama;Mike Flanagan;7.3;35269
Sivaji;movie;2007;188;Action;S. Shankar;7.6;23325
Pelli Choopulu;movie;2016;125;Comedy;Tharun Bhascker Dhaassyam;8.2;11171
Rurouni Kenshin Part I: Origins;movie;2012;134;Action;Keishi Otomo;7.4;30598
In July;movie;2000;99;Adventure;Fatih Akin;7.6;23313
The Devils;movie;1971;111;Biography;Ken Russell;7.7;20443
3:10 to Yuma;movie;1957;92;Adventure;Delmer Daves;7.6;23277
The Inbetweeners;movie;2011;97;Comedy;Ben Palmer;6.7;89822
Kesari Chapter 2: The Untold Story of Jallianwala Bagh;movie;2025;133;Drama;Karan Singh Tyagi;8.0;14073
Soul Surfer;movie;2011;112;Biography;Sean McNamara;7.0;55035
We Are Not Angels;movie;1992;98;Comedy;Srdjan Dragojevic;8.3;9952
Nanban;movie;2012;188;Comedy;S. Shankar;7.8;17947
Live Flesh;movie;1997;103;Drama;Pedro Almodóvar;7.3;35070
Sunshine Cleaning;movie;2008;91;Comedy;Christine Jeffs;6.8;75632
Star Trek III: The Search for Spock;movie;1984;105;Action;Leonard Nimoy;6.7;89403
Saw III;movie;2006;108;Horror;Darren Lynn Bousman;6.2;224031
The Music Man;movie;1962;151;Comedy;Morton DaCosta;7.7;20309
Surrogates;movie;2009;89;Action;Jonathan Mostow;6.3;183699
Scenes from a Marriage;movie;1974;169;Drama;Ingmar Bergman;8.3;9897
Welcome to the Sticks;movie;2008;106;Comedy;Dany Boon;7.1;46853
Blades of Glory;movie;2007;93;Comedy;Josh Gordon;6.3;183415
Dressed to Kill;movie;1980;104;Crime;Brian De Palma;7.0;54549
The First Time;movie;2012;95;Comedy;Jonathan Kasdan;6.8;75111
Where to Invade Next;movie;2015;120;Comedy;Michael Moore;7.5;26309
Mannu Kya Karegga;movie;2025;141;Drama;Ssanjay Tripaathy;9.5;3087
Fresh;movie;2022;114;Comedy;Mimi Cave;6.7;88667
Kishkindha Kaandam;movie;2024;133;Drama;Dinjith Ayyathan;8.0;13923
Look Back;movie;2024;58;Animation;Kiyotaka Oshiyama;7.8;17769
Meru;movie;2015;90;Documentary;Jimmy Chin;7.7;20167
Forbidden Games;movie;1952;86;Drama;René Clément;8.0;13906
Maze Runner: The Death Cure;movie;2018;143;Action;Wes Ball;6.3;182418
Homeward Bound: The Incredible Journey;movie;1993;84;Adventure;Duwayne Dunham;7.0;54313
She's Out of My League;movie;2010;104;Comedy;Jim Field Smith;6.4;150879
The Unbearable Lightness of Being;movie;1988;171;Drama;Philip Kaufman;7.2;40105
Johnny English;movie;2003;87;Action;Peter Howitt;6.3;182262
Dear Frankie;movie;2004;105;Drama;Shona Auerbach;7.6;22949
Jackass: The Movie;movie;2002;85;Action;Jeff Tremaine;6.6;105064
Eternity and a Day;movie;1998;137;Drama;Theodoros Angelopoulos;7.9;15664
Laurence Anyways;movie;2012;168;Drama;Xavier Dolan;7.6;22932
San Andreas;movie;2015;114;Action;Brad Peyton;6.1;270736
To Strike;movie;2013;130;Action;Bilal Lashari;7.4;30072
Fist of Legend;movie;1994;103;Action;Gordon Chan;7.5;26201
Red Cliff II;movie;2009;142;Action;John Woo;7.5;26180
Flightplan;movie;2005;98;Drama;Robert Schwentke;6.3;181605
Fallen Leaves;movie;2023;81;Comedy;Aki Kaurismäki;7.3;34555
Greenland;movie;2020;119;Action;Ric Roman Waugh;6.4;150118
Maqbool;movie;2003;132;Crime;Vishal Bhardwaj;8.0;13839
Kill the Irishman;movie;2011;106;Action;Jonathan Hensleigh;7.0;54025
Everybody Wants Some!!;movie;2016;117;Comedy;Richard Linklater;6.9;63206
The Awful Truth;movie;1937;90;Comedy;Leo McCarey;7.6;22833
Robot Dreams;movie;2023;103;Animation;Pablo Berger;7.6;22831
King Arthur;movie;2004;126;Action;Antoine Fuqua;6.3;180995
Hidalgo;movie;2004;136;Action;Joe Johnston;6.7;87847
The Greatest Night in Pop;movie;2024;96;Documentary;Bao Nguyen;7.9;15587
Belle;movie;2013;100;Biography;Amma Asante;7.3;34436
Good Boys;movie;2019;90;Adventure;Gene Stupnitsky;6.7;87749
The Lost City of Z;movie;2016;141;Adventure;James Gray;6.6;104200
The Bear;movie;1988;96;Adventure;Jean-Jacques Annaud;7.7;19988
Iruvar;movie;1997;140;Biography;Mani Ratnam;8.4;8753
Gentlemen Prefer Blondes;movie;1953;91;Comedy;Howard Hawks;7.1;46105
Flickering Lights;movie;2000;109;Action;Anders Thomas Jensen;7.5;25984
Dracula Untold;movie;2014;92;Action;Gary Shore;6.2;218897
The American President;movie;1995;114;Comedy;Rob Reiner;6.9;62855
Ichi the Killer;movie;2001;129;Action;Takashi Miike;6.9;62845
Sleeper;movie;1973;89;Comedy;Woody Allen;7.1;46017
El Mariachi;movie;1992;81;Action;Robert Rodriguez;6.8;73896
Naked Gun 33 1/3: The Final Insult;movie;1994;83;Comedy;Peter Segal;6.5;123898
Chitty Chitty Bang Bang;movie;1968;144;Adventure;Ken Hughes;7.0;53591
Weird Science;movie;1985;94;Comedy;John Hughes;6.6;103658
The Bishop's Wife;movie;1947;109;Comedy;Henry Koster;7.6;22677
Fear Street: Part Two - 1978;movie;2021;109;Drama;Leigh Janiak;6.7;87139
20,000 Leagues Under the Sea;movie;1954;127;Adventure;Richard Fleischer;7.2;39542
In the Name of God;movie;2007;168;Drama;Shoaib Mansoor;8.3;9711
Encounters at the End of the World;movie;2007;99;Documentary;Werner Herzog;7.7;19849
Rekhachithram;movie;2025;147;Drama;Jofin T. Chacko;7.9;15449
The Enigma of Kaspar Hauser;movie;1974;110;Biography;Werner Herzog;7.7;19847
Napoleon;movie;2023;158;Action;Ridley Scott;6.3;178807
Scream;movie;2022;114;Horror;Matt Bettinelli-Olpin;6.3;178661
The Debt;movie;2010;113;Drama;John Madden;6.8;73409
An American Crime;movie;2007;98;Biography;Tommy O'Haver;7.2;39375
Safe;movie;2012;94;Action;Boaz Yakin;6.5;123045
Killer Joe;movie;2011;102;Crime;William Friedkin;6.7;86702
Beowulf;movie;2007;115;Action;Robert Zemeckis;6.3;178344
I See You;movie;2019;98;Horror;Adam Randall;6.8;73199
The Great Silence;movie;1968;105;Drama;Sergio Corbucci;7.7;19757
Super;movie;2010;96;Action;James Gunn;6.7;86468
The Good, the Bad, the Weird;movie;2008;130;Action;Kim Jee-woon;7.2;39254
Pawn Sacrifice;movie;2014;115;Biography;Edward Zwick;7.0;53102
Son of the Bride;movie;2001;123;Comedy;Juan José Campanella;7.8;17387
Mandela;movie;2021;140;Comedy;Madonne Ashwin;8.3;9650
Date Night;movie;2010;88;Comedy;Shawn Levy;6.3;177580
I Love You Phillip Morris;movie;2009;98;Biography;Glenn Ficarra;6.6;102332
Edge of Darkness;movie;2010;117;Action;Martin Campbell;6.6;102311
Bad Education;movie;2019;108;Biography;Cory Finley;7.1;45376
Gods and Monsters;movie;1998;105;Biography;Bill Condon;7.3;33821
Hot Shots! Part Deux;movie;1993;86;Action;Jim Abrahams;6.6;102205
Divorce Italian Style;movie;1961;105;Comedy;Pietro Germi;7.9;15307
Nuvvu Naaku Nachchav;movie;2001;184;Comedy;Vijay K. Bhaskar;8.7;6308
Yellow Submarine;movie;1968;85;Adventure;George Dunning;7.4;29319
Nymphomaniac: Vol. II;movie;2013;124;Drama;Lars von Trier;6.6;101985
Interstella 5555: The 5tory of the 5ecret 5tar 5ystem;movie;2003;68;Adventure;Daisuke Nishio;7.8;17291
Jesus Camp;movie;2006;87;Documentary;Heidi Ewing;7.4;29300
Look Who's Back;movie;2015;116;Comedy;David Wnendt;7.0;52697
Holiday;movie;1938;95;Comedy;George Cukor;7.7;19601
It's Complicated;movie;2009;120;Comedy;Nancy Meyers;6.6;101745
Never Rarely Sometimes Always;movie;2020;101;Drama;Eliza Hittman;7.4;29252
The Kid with a Bike;movie;2011;87;Drama;Jean-Pierre Dardenne;7.4;29250
Lolita;movie;1997;137;Drama;Adrian Lyne;6.8;72471
The Pelican Brief;movie;1993;141;Crime;Alan J. Pakula;6.6;101717
Gomorrah;movie;2008;137;Crime;Matteo Garrone;7.0;52631
The Lookout;movie;2007;99;Crime;Scott Frank;6.9;61565
Pet Sematary;movie;1989;103;Fantasy;Mary Lambert;6.5;121300
Premium Rush;movie;2012;91;Action;David Koepp;6.5;121207
Sachin - A Billion Dreams;movie;2017;138;Documentary;James Erskine;8.4;8581
Jaane Tu... Ya Jaane Na;movie;2008;155;Comedy;Abbas Tyrewala;7.4;29169
Young Guns;movie;1988;107;Action;Christopher Cain;6.8;72219
What Maisie Knew;movie;2012;99;Drama;Scott McGehee;7.4;29124
Shutter;movie;2004;97;Horror;Banjong Pisanthanakun;7.0;52402
Bommarillu;movie;2006;170;Comedy;Bommarillu Baskar;8.2;10682
Resident Evil: Extinction;movie;2007;94;Action;Russell Mulcahy;6.2;212674
Sanam Teri Kasam;movie;2016;154;Drama;Radhika Rao;7.6;22194
Steamboat Bill, Jr.;movie;1928;70;Action;Charles Reisner;7.8;17166
Yol;movie;1982;107;Drama;Serif Gören;7.9;15171
The Peanuts Movie;movie;2015;88;Adventure;Steve Martino;7.0;52304
Trikaali;movie;2025;120;Drama;Raghavendran;9.2;3892
Once Upon a Time in Mexico;movie;2003;102;Action;Robert Rodriguez;6.3;174825
Kneecap;movie;2024;105;Comedy;Rich Peppiatt;7.6;22173
M3GAN;movie;2022;102;Horror;Gerard Johnstone;6.3;174638
The King and I;movie;1956;133;Biography;Walter Lang;7.4;29026
Kinsey;movie;2004;118;Biography;Bill Condon;7.0;52206
Jason and the Argonauts;movie;1963;104;Action;Don Chaffey;7.3;33391
The Mountain;movie;2012;90;Adventure;Alper Caglar;7.5;25286
The Chronicles of Narnia: The Voyage of the Dawn Treader;movie;2010;113;Adventure;Michael Apted;6.3;174318
Narc;movie;2002;105;Crime;Joe Carnahan;7.1;44738
Newton;movie;2017;106;Comedy;Amit Masurkar;7.6;22115
Sucker Punch;movie;2011;110;Action;Zack Snyder;6.1;258623
The War of the Roses;movie;1989;116;Comedy;Danny DeVito;6.9;60964
Draft Day;movie;2014;110;Drama;Ivan Reitman;6.8;71682
Final Destination 2;movie;2003;90;Horror;David R. Ellis;6.2;211179
This Film Is Not Yet Rated;movie;2006;98;Documentary;Kirby Dick;7.4;28901
Despicable Me 3;movie;2017;89;Adventure;Kyle Balda;6.3;173659
Accepted;movie;2006;93;Comedy;Steve Pink;6.4;143771
The Big Chill;movie;1983;105;Comedy;Lawrence Kasdan;7.1;44561
Diamonds Are Forever;movie;1971;120;Action;Guy Hamilton;6.5;119674
The Duellists;movie;1977;100;Drama;Ridley Scott;7.4;28867
A Shot in the Dark;movie;1964;102;Comedy;Blake Edwards;7.3;33215
F for Fake;movie;1973;89;Documentary;Orson Welles;7.7;19339
The Joy Luck Club;movie;1993;139;Drama;Wayne Wang;7.7;19330
City Island;movie;2009;104;Comedy;Raymond De Felitta;7.3;33191
Sword of the Stranger;movie;2007;103;Action;Masahiro Andô;7.7;19325
Me and You and Everyone We Know;movie;2005;85;Comedy;Miranda July;7.2;38333
Living;movie;2022;102;Drama;Oliver Hermanus;7.2;38326
American Animals;movie;2018;116;Biography;Bart Layton;7.0;51798
An American Tail;movie;1986;80;Adventure;Don Bluth;6.9;60610
Trouble with the Curve;movie;2012;111;Drama;Robert Lorenz;6.8;71197
Burnt by the Sun;movie;1994;135;Drama;Nikita Mikhalkov;7.8;16996
Let's Be Cops;movie;2014;104;Action;Luke Greenfield;6.4;143124
Footloose;movie;1984;107;Drama;Herbert Ross;6.6;99723
Bacurau;movie;2019;131;Action;Juliano Dornelles;7.3;33070
Santa Sangre;movie;1989;123;Drama;Alejandro Jodorowsky;7.5;25045
Scream VI;movie;2023;122;Horror;Matt Bettinelli-Olpin;6.4;142802
Traitor;movie;2008;114;Action;Jeffrey Nachmanoff;6.9;60406
Storks;movie;2016;87;Adventure;Nicholas Stoller;6.8;71012
Wicker Park;movie;2004;114;Drama;Paul McGuigan;6.9;60377
Kindergarten Cop;movie;1990;111;Action;Ivan Reitman;6.3;172195
Catfish;movie;2010;87;Documentary;Henry Joost;7.1;44229
Fletch;movie;1985;98;Comedy;Michael Ritchie;6.9;60288
Home;movie;2015;94;Adventure;Tim Johnson;6.5;118678
Destiny;movie;2006;103;Drama;Zeki Demirkubuz;7.7;19206
Dragged Across Concrete;movie;2018;159;Action;S. Craig Zahler;6.9;60261
Marshland;movie;2014;105;Crime;Alberto Rodríguez;7.2;38075
3 Women;movie;1977;124;Drama;Robert Altman;7.7;19186
Sigur Rós: Heima;movie;2007;97;Documentary;Dean DeBlois;8.4;8432
A Most Wanted Man;movie;2014;122;Crime;Anton Corbijn;6.7;83550
Blink Twice;movie;2024;102;Mystery;Zoë Kravitz;6.5;118242
The Railway Man;movie;2013;116;Biography;Jonathan Teplitzky;7.1;44050
Gremlins 2: The New Batch;movie;1990;106;Comedy;Joe Dante;6.5;118179
Ma Rainey's Black Bottom;movie;2020;94;Drama;George C. Wolfe;6.9;60035
Bad Lieutenant;movie;1992;96;Crime;Abel Ferrara;7.0;51286
Ron's Gone Wrong;movie;2021;107;Adventure;Sarah Smith;7.1;44014
Terminator: Dark Fate;movie;2019;128;Action;Tim Miller;6.2;207716
Octopussy;movie;1983;131;Action;John Glen;6.5;118043
Day of Wrath;movie;1943;97;Drama;Carl Theodor Dreyer;8.1;11751
The Majestic;movie;2001;152;Drama;Frank Darabont;6.9;59952
Earth;movie;2007;90;Documentary;Alastair Fothergill;7.9;14885
The Towering Inferno;movie;1974;165;Action;John Guillermin;7.0;51193
Buena Vista Social Club;movie;1999;105;Documentary;Wim Wenders;7.6;21725
Naked Lunch;movie;1991;115;Drama;David Cronenberg;6.9;59826
Don't Worry Darling;movie;2022;123;Drama;Olivia Wilde;6.3;170509
Marley;movie;2012;144;Biography;Kevin Macdonald;7.9;14849
House;movie;1977;88;Comedy;Nobuhiko Ôbayashi;7.2;37774
Harsh Times;movie;2005;116;Action;David Ayer;6.8;70210
Sweet and Lowdown;movie;1999;95;Comedy;Woody Allen;7.2;37750
Nyad;movie;2023;121;Biography;Jimmy Chin;7.1;43778
Pom Poko;movie;1994;119;Animation;Isao Takahata;7.2;37704
Chopper;movie;2000;94;Biography;Andrew Dominik;7.1;43728
Amar Singh Chamkila;movie;2024;145;Biography;Ranjodh Singh;7.8;16760
The Beekeeper;movie;2024;105;Action;David Ayer;6.3;169752
Checkmate;movie;2023;112;Action;Akriti Bajpai;7.5;24718
Kiss the Girls;movie;1997;115;Crime;Gary Fleder;6.6;98153
Indie Game: The Movie;movie;2012;103;Documentary;Lisanne Pajot;7.6;21630
The Way of the Dragon;movie;1972;90;Action;Bruce Lee;7.1;43672
Main Hoon Na;movie;2004;182;Action;Farah Khan;7.1;43654
Diego Maradona;movie;2019;130;Biography;Asif Kapadia;7.7;18968
I Am Number Four;movie;2011;111;Action;D.J. Caruso;6.1;251209
Wish Dragon;movie;2021;98;Adventure;Chris Appelhans;7.2;37574
The Craft;movie;1996;101;Drama;Andrew Fleming;6.5;116749
Mr. Holmes;movie;2015;104;Crime;Bill Condon;6.8;69773
Dave;movie;1993;110;Comedy;Ivan Reitman;6.9;59343
Jailer;movie;2023;168;Action;Nelson Dilipkumar;7.1;43537
Mr. Peabody & Sherman;movie;2014;92;Adventure;Rob Minkoff;6.7;82354
Waitress;movie;2007;108;Comedy;Adrienne Shelly;7.0;50699
To Sir, with Love;movie;1967;105;Drama;James Clavell;7.6;21555
Holy Motors;movie;2012;115;Drama;Leos Carax;7.0;50681
Dog Soldiers;movie;2002;105;Action;Neil Marshall;6.8;69659
Oye Lucky! Lucky Oye!;movie;2008;125;Comedy;Dibakar Banerjee;7.7;18917
Mr. Bean's Holiday;movie;2007;90;Comedy;Steve Bendelack;6.4;139692
The Lorax;movie;2012;86;Adventure;Chris Renaud;6.4;139614
Killer Elite;movie;2011;116;Action;Gary McKendry;6.4;139500
The Passenger;movie;1975;126;Drama;Michelangelo Antonioni;7.4;28134
Flatliners;movie;1990;115;Drama;Joel Schumacher;6.6;97315
Daybreakers;movie;2009;98;Action;Michael Spierig;6.4;139321
Dominion;movie;2018;120;Documentary;Chris Delforce;8.9;4998
Eddie Murphy: Raw;movie;1987;93;Comedy;Robert Townsend;7.6;21452
The Ghost and the Darkness;movie;1996;110;Adventure;Stephen Hopkins;6.8;69337
The Visit;movie;2015;94;Horror;M. Night Shyamalan;6.3;167932
Race;movie;2016;134;Biography;Stephen Hopkins;7.1;43284
Life Itself;movie;2014;121;Biography;Steve James;7.8;16598
Fantasia 2000;movie;1999;75;Animation;James Algar;7.1;43261
The Teachers' Lounge;movie;2023;98;Drama;Ilker Çatak;7.4;28057
Stutz;movie;2022;96;Documentary;Jonah Hill;7.7;18819
The Guilty;movie;2021;90;Crime;Antoine Fuqua;6.3;167664
The Death of Mr. Lazarescu;movie;2005;153;Comedy;Cristi Puiu;7.8;16584
Mona Lisa Smile;movie;2003;117;Drama;Mike Newell;6.6;97022
The Changeling;movie;1980;107;Horror;Peter Medak;7.1;43212
Going in Style;movie;2017;96;Comedy;Zach Braff;6.6;96998
Murder in the First;movie;1995;122;Drama;Marc Rocco;7.3;32235
Asteroid City;movie;2023;105;Comedy;Wes Anderson;6.4;138627
Nick and Norah's Infinite Playlist;movie;2008;90;Comedy;Peter Sollett;6.6;96832
High Tension;movie;2003;91;Horror;Alexandre Aja;6.7;81582
Hostage;movie;2005;113;Action;Florent-Emilio Siri;6.5;115534
The Incredible Shrinking Man;movie;1957;81;Horror;Jack Arnold;7.6;21375
The Croods: A New Age;movie;2020;95;Adventure;Joel Crawford;6.9;58729
Sister Act;movie;1992;100;Comedy;Emile Ardolino;6.5;115409
A Perfect Murder;movie;1998;107;Crime;Andrew Davis;6.6;96697
War and Peace;movie;1965;393;Drama;Sergey Bondarchuk;8.3;9208
Bones and All;movie;2022;131;Drama;Luca Guadagnino;6.8;68928
Under the Skin;movie;2013;108;Drama;Jonathan Glazer;6.3;166858
The Tragedy of Macbeth;movie;2021;105;Drama;Joel Coen;7.1;42998
The Shop on Main Street;movie;1965;128;Drama;Ján Kadár;8.2;10275
Müslüm;movie;2018;136;Biography;Ketche;7.6;21305
Mahaan;movie;2022;163;Action;Karthik Subbaraj;7.7;18713
The Last Unicorn;movie;1982;92;Adventure;Jules Bass;7.3;32076
Before the Rain;movie;1994;113;Drama;Milcho Manchevski;7.8;16483
RoboCop;movie;2014;117;Action;José Padilha;6.1;246712
Grown Ups;movie;2010;102;Comedy;Dennis Dugan;6.0;303352
The Believer;movie;2001;98;Drama;Henry Bean;7.1;42906
Broadway Danny Rose;movie;1984;84;Comedy;Woody Allen;7.4;27834
Bean;movie;1997;89;Adventure;Mel Smith;6.5;114791
Savages;movie;2012;131;Crime;Oliver Stone;6.4;137618
Hour of the Wolf;movie;1968;88;Drama;Ingmar Bergman;7.5;24254
Salmon Fishing in the Yemen;movie;2011;107;Comedy;Lasse Hallström;6.8;68523
Europa;movie;1991;108;Crime;Lars von Trier;7.5;24234
Pawankhind;movie;2022;153;Drama;Digpal Lanjekar;8.4;8216
Underworld: Awakening;movie;2012;88;Action;Måns Mårlind;6.3;165757
Chithram;movie;1988;159;Comedy;Priyadarshan;8.6;6657
Innerspace;movie;1987;120;Action;Joe Dante;6.8;68401
The Client;movie;1994;119;Crime;Joel Schumacher;6.7;80721
Distant;movie;2002;110;Comedy;Nuri Bilge Ceylan;7.5;24184
Days of Being Wild;movie;1990;94;Crime;Wong Kar-Wai;7.4;27703
Jesus Christ Superstar;movie;1973;106;Drama;Norman Jewison;7.3;31845
Superman II: The Richard Donner Cut;movie;2006;115;Action;Richard Donner;7.6;21143
Ghost Town;movie;2008;102;Comedy;David Koepp;6.7;80480
The Eight Mountains;movie;2022;147;Drama;Felix van Groeningen;7.7;18546
Badlapur;movie;2015;134;Action;Sriram Raghavan;7.4;27612
Bedknobs and Broomsticks;movie;1971;117;Adventure;Robert Stevenson;7.1;42533
Johnny Guitar;movie;1954;110;Drama;Nicholas Ray;7.6;21088
The Ritual;movie;2017;94;Horror;David Bruckner;6.4;136169
The Beasts;movie;2022;137;Drama;Rodrigo Sorogoyen;7.5;24030
The Best of Me;movie;2014;118;Drama;Michael Hoffman;6.7;80108
Devil;movie;2010;80;Horror;John Erick Dowdle;6.3;164036
Metal: A Headbanger's Journey;movie;2005;96;Documentary;Sam Dunn;8.0;12779
Before We Go;movie;2014;95;Comedy;Chris Evans;6.8;67694
Inferno;movie;2016;121;Action;Ron Howard;6.2;198592
The Castle;movie;1997;85;Comedy;Rob Sitch;7.7;18437
The Accused;movie;1988;111;Crime;Jonathan Kaplan;7.1;42281
I've Loved You So Long;movie;2008;117;Drama;Philippe Claudel;7.6;20975
Ivy;movie;2015;104;Drama;Tolga Karaçelik;7.9;14374
A Better Tomorrow;movie;1986;95;Action;John Woo;7.4;27423
Free Fall;movie;2013;97;Drama;Stephan Lacant;7.5;23914
Smiling Eyes;movie;1977;97;Comedy;Ertem Egilmez;8.4;8119
The Crow's Egg;movie;2014;109;Comedy;M. Manikandan;8.3;9049
The Lost Daughter;movie;2021;121;Drama;Maggie Gyllenhaal;6.7;79649
American Murder: The Family Next Door;movie;2020;83;Crime;Jenny Popplewell;7.2;36364
Monty Python Live at the Hollywood Bowl;movie;1982;81;Comedy;Terry Hughes;7.8;16212
Enron: The Smartest Guys in the Room;movie;2005;110;Biography;Alex Gibney;7.6;20918
Fist of Fury;movie;1972;107;Action;Wei Lo;7.2;36347
Mama;movie;2013;100;Fantasy;Andy Muschietti;6.2;197462
American Honey;movie;2016;163;Adventure;Andrea Arnold;7.0;49006
Night and the City;movie;1950;96;Crime;Jules Dassin;7.8;16186
The Forbidden Kingdom;movie;2008;104;Action;Rob Minkoff;6.5;112432
Kho Gaye Hum Kahan;movie;2023;135;Comedy;Arjun Varain Singh;7.3;31420
Million Dollar Arm;movie;2014;124;Biography;Craig Gillespie;7.0;48970
21 Bridges;movie;2019;99;Action;Brian Kirk;6.7;79379
Inland Empire;movie;2006;180;Drama;David Lynch;6.8;67232
Hum Aapke Hain Koun..!;movie;1994;206;Comedy;Sooraj R. Barjatya;7.5;23823
My Name Is Nobody;movie;1973;116;Comedy;Tonino Valerii;7.3;31392
The 12th Man;movie;2017;135;Drama;Harald Zwart;7.3;31388
L'Atalante;movie;1934;89;Drama;Jean Vigo;7.7;18328
The Gift;movie;2000;111;Drama;Sam Raimi;6.7;79295
The Tin Drum;movie;1979;142;Drama;Volker Schlöndorff;7.4;27275
The Hill;movie;1965;123;Drama;Sidney Lumet;7.8;16152
The Testament of Dr. Mabuse;movie;1933;122;Crime;Fritz Lang;7.9;14285
Jolly LLB;movie;2013;135;Comedy;Subhash Kapoor;7.5;23793
System Crasher;movie;2019;125;Drama;Nora Fingscheidt;7.8;16148
Deewaar;movie;1975;174;Action;Yash Chopra;8.0;12669
Mr. India;movie;1987;179;Action;Shekhar Kapur;7.7;18305
Dear John;movie;2010;108;Drama;Lasse Hallström;6.3;162105
A Quiet Place: Day One;movie;2024;99;Drama;Michael Sarnoski;6.3;161973
Memories;movie;1995;113;Animation;Katsuhiro Ôtomo;7.5;23742
They Call Me Trinity;movie;1970;115;Comedy;Enzo Barboni;7.4;27202
Immortal Beloved;movie;1994;121;Biography;Bernard Rose;7.4;27202
About Dry Grasses;movie;2023;197;Drama;Nuri Bilge Ceylan;7.7;18251
Lilo & Stitch;movie;2025;108;Action;Dean Fleischer Camp;6.7;78841
Mrs. Miniver;movie;1942;134;Drama;William Wyler;7.6;20741
The Zookeeper's Wife;movie;2017;127;Biography;Niki Caro;7.0;48617
The Phantom of Liberty;movie;1974;104;Comedy;Luis Buñuel;7.7;18214
Lovers of the Arctic Circle;movie;1998;112;Drama;Julio Medem;7.6;20699
Sonic the Hedgehog 2;movie;2022;122;Action;Jeff Fowler;6.5;111255
The Legend of Tarzan;movie;2016;110;Action;David Yates;6.2;195134
Schumacher;movie;2021;112;Biography;Hanns-Bruno Kammertöns;7.4;27064
Tangerine;movie;2015;88;Comedy;Sean Baker;7.1;41653
Ek Chatur Naar;movie;2025;134;Comedy;Umesh Shukla;8.8;5332
Rush Hour 3;movie;2007;91;Action;Brett Ratner;6.2;194879
Away from Her;movie;2006;110;Drama;Sarah Polley;7.5;23596
Max Manus: Man of War;movie;2008;118;Action;Joachim Rønning;7.3;31089
City Slickers;movie;1991;113;Comedy;Ron Underwood;6.8;66509
Letters to Juliet;movie;2010;105;Adventure;Gary Winick;6.5;111021
This Is Where I Leave You;movie;2014;103;Comedy;Shawn Levy;6.6;93098
Saw X;movie;2023;118;Horror;Kevin Greutert;6.6;93088
Working Girl;movie;1988;113;Comedy;Mike Nichols;6.8;66427
Rocket Singh: Salesman of the Year;movie;2009;150;Comedy;Shimit Amin;7.5;23558
The Flight of the Phoenix;movie;1965;142;Adventure;Robert Aldrich;7.5;23549
On the Basis of Sex;movie;2018;120;Biography;Mimi Leder;7.1;41506
Bernie;movie;2011;104;Biography;Richard Linklater;6.8;66330
Money Monster;movie;2016;98;Action;Jodie Foster;6.5;110530
Die Another Day;movie;2002;133;Action;Lee Tamahori;6.1;236577
No;movie;2012;118;Drama;Pablo Larraín;7.4;26902
The Bélier Family;movie;2014;106;Comedy;Éric Lartigau;7.3;30918
Dark Passage;movie;1947;106;Drama;Delmer Daves;7.5;23455
Brimstone;movie;2016;148;Drama;Martin Koolhoven;7.0;48114
Music and Lyrics;movie;2007;104;Comedy;Marc Lawrence;6.5;110221
The Quick and the Dead;movie;1995;108;Action;Sam Raimi;6.5;110183
Runaway Train;movie;1985;111;Action;Andrei Konchalovsky;7.2;35623
Never Back Down;movie;2008;113;Action;Jeff Wadlow;6.5;109992
The Burial;movie;2023;126;Drama;Maggie Betts;7.1;41213
Nothing But the Truth;movie;2008;108;Crime;Rod Lurie;7.1;41177
Department Q: The Keeper of Lost Causes;movie;2013;96;Crime;Mikkel Nørgaard;7.2;35520
Funny Girl;movie;1968;151;Biography;William Wyler;7.4;26756
When Evil Lurks;movie;2023;99;Horror;Demián Rugna;6.9;56001
Red Rocket;movie;2021;130;Comedy;Sean Baker;7.1;41154
The Meyerowitz Stories;movie;2017;112;Comedy;Noah Baumbach;6.9;55963
Holy Spider;movie;2022;118;Crime;Ali Abbasi;7.3;30697
Stanley Kubrick: A Life in Pictures;movie;2001;142;Biography;Jan Harlan;8.0;12426
Ghost in the Shell 2.0;movie;2008;83;Action;Mamoru Oshii;7.8;15821
James and the Giant Peach;movie;1996;79;Adventure;Henry Selick;6.7;77374
Swatantrya Veer Savarkar;movie;2024;176;Biography;Randeep Hooda;7.7;17926
October;movie;2018;115;Drama;Shoojit Sircar;7.6;20385
Cellular;movie;2004;94;Action;David R. Ellis;6.5;109244
Kiss Me Deadly;movie;1955;106;Crime;Robert Aldrich;7.5;23257
Somewhere in Time;movie;1980;103;Drama;Jeannot Szwarc;7.2;35350
Motherless Brooklyn;movie;2019;144;Crime;Edward Norton;6.8;65379
The Hangover Part III;movie;2013;100;Comedy;Todd Phillips;5.9;354121
Death Sentence;movie;2007;105;Action;James Wan;6.7;76957
Halloween II;movie;1981;92;Horror;Rick Rosenthal;6.5;108765
Rascal Does Not Dream of a Dreaming Girl;movie;2019;89;Animation;Sôichi Masui;8.3;8794
Funny Games;movie;2007;111;Crime;Michael Haneke;6.5;108728
Losers' Club;movie;2011;105;Drama;Tolga Örnek;7.4;26518
The Jackal;movie;1997;124;Action;Michael Caton-Jones;6.4;130203
Serial Bad Weddings;movie;2014;97;Comedy;Philippe de Chauveron;7.0;47427
Dune;movie;1984;137;Action;David Lynch;6.2;190253
99 Homes;movie;2014;112;Crime;Ramin Bahrani;7.1;40642
U-571;movie;2000;116;Action;Jonathan Mostow;6.6;90811
Hesher;movie;2010;106;Comedy;Spencer Susser;6.9;55263
The Little Foxes;movie;1941;116;Drama;William Wyler;7.9;13867
My Life Without Me;movie;2003;106;Drama;Isabel Coixet;7.4;26388
The Wounds;movie;1998;103;Comedy;Srdjan Dragojevic;8.0;12290
The Giver;movie;2014;97;Drama;Phillip Noyce;6.4;129395
Kabhi Haan Kabhi Naa;movie;1994;158;Comedy;Kundan Shah;7.6;20158
Labor Day;movie;2013;111;Crime;Jason Reitman;6.9;55090
My Night at Maud's;movie;1969;105;Comedy;Éric Rohmer;7.8;15625
Nowhere Boy;movie;2009;98;Biography;Sam Taylor-Johnson;7.1;40464
The Great Indian Kitchen;movie;2021;100;Comedy;Jeo Baby;8.1;10921
Fractured;movie;2019;99;Drama;Brad Anderson;6.5;107699
The Waterboy;movie;1998;90;Comedy;Frank Coraci;6.2;188607
The Cremator;movie;1969;95;Comedy;Juraj Herz;8.0;12260
Curse of the Golden Flower;movie;2006;114;Action;Yimou Zhang;7.0;47028
The Stranger;movie;1946;95;Crime;Orson Welles;7.3;30217
Jack Reacher: Never Go Back;movie;2016;118;Action;Edward Zwick;6.2;188359
Hang 'Em High;movie;1968;114;Drama;Ted Post;7.0;46996
Eurovision Song Contest: The Story of Fire Saga;movie;2020;123;Comedy;David Dobkin;6.5;107508
Rumble Fish;movie;1983;94;Crime;Francis Ford Coppola;7.1;40384
Amazing Grace;movie;2006;118;Biography;Michael Apted;7.4;26266
What's Love Got to Do with It;movie;1993;118;Biography;Brian Gibson;7.4;26257
Alai Payuthey;movie;2000;156;Drama;Mani Ratnam;8.3;8703
Star Trek: Generations;movie;1994;118;Action;David Carson;6.6;90019
The Spiderwick Chronicles;movie;2008;96;Action;Mark Waters;6.5;107270
Miss Americana;movie;2020;85;Biography;Lana Wilson;7.4;26217
Logan's Run;movie;1976;119;Action;Michael Anderson;6.8;64330
Bramayugam;movie;2024;139;Drama;Rahul Sadasivan;7.8;15555
Intolerance;movie;1916;163;Drama;D.W. Griffith;7.7;17626
Contraband;movie;2012;109;Action;Baltasar Kormákur;6.4;128391
Viduthalai Part 2;movie;2024;170;Action;Vetrimaaran;7.7;17616
Scoop;movie;2006;96;Comedy;Woody Allen;6.6;89851
Our Family;movie;1975;92;Comedy;Ergin Orbey;8.4;7799
Nanny McPhee;movie;2005;97;Comedy;Kirk Jones;6.6;89845
The Glass Castle;movie;2017;127;Biography;Destin Daniel Cretton;7.1;40209
Behind the Candelabra;movie;2013;118;Biography;Steven Soderbergh;7.0;46781
If....;movie;1968;111;Crime;Lindsay Anderson;7.4;26149
Fantastic Beasts: The Secrets of Dumbledore;movie;2022;142;Adventure;David Yates;6.2;187237
Bad Boys: Ride or Die;movie;2024;115;Action;Adil El Arbi;6.5;106883
Cha Cha Real Smooth;movie;2022;107;Comedy;Cooper Raiff;7.3;30045
Fall;movie;2022;107;Action;Scott Mann;6.4;128011
Blast from the Past;movie;1999;112;Comedy;Hugh Wilson;6.7;75583
Jhund;movie;2022;176;Biography;Nagraj Manjule;7.4;26118
Self/less;movie;2015;117;Action;Tarsem Singh;6.5;106725
I'm Thinking of Ending Things;movie;2020;134;Drama;Charlie Kaufman;6.5;106689
Father of the Bride;movie;1991;105;Comedy;Charles Shyer;6.6;89469
Shiva Baby;movie;2020;77;Comedy;Emma Seligman;7.1;40045
The Boxtrolls;movie;2014;96;Adventure;Graham Annable;6.8;63907
The Professional;movie;2003;104;Comedy;Dusan Kovacevic;8.4;7763
The First Slam Dunk;movie;2022;124;Animation;Takehiko Inoue;8.0;12138
The Last House on the Left;movie;2009;113;Horror;Dennis Iliadis;6.5;106322
Flight of the Navigator;movie;1986;90;Adventure;Randal Kleiser;6.9;54332
The Forgotten Battle;movie;2020;124;Action;Matthijs van Heijningen Jr.;7.1;39926
The Other Me;movie;2016;101;Crime;Sotiris Tsafoulias;7.9;13654
Jack the Giant Slayer;movie;2013;114;Action;Bryan Singer;6.3;153253
The Boss Baby;movie;2017;97;Adventure;Tom McGrath;6.3;153229
Happy as Lazzaro;movie;2018;128;Drama;Alice Rohrwacher;7.5;22677
Mask;movie;1985;120;Biography;Peter Bogdanovich;7.2;34417
The Bad and the Beautiful;movie;1952;118;Drama;Vincente Minnelli;7.7;17437
Two Is a Family;movie;2016;118;Comedy;Hugo Gélin;7.3;29767
Ladyhawke;movie;1985;121;Adventure;Richard Donner;6.9;54075
Dragon;movie;2025;157;Comedy;Ashwath Marimuthu;7.8;15376
The 36th Chamber of Shaolin;movie;1978;116;Action;Chia-Liang Liu;7.6;19816
Stonehearst Asylum;movie;2014;112;Drama;Brad Anderson;6.8;63441
He Got Game;movie;1998;136;Drama;Spike Lee;6.9;54011
The Pledge;movie;2001;124;Crime;Sean Penn;6.7;74770
Hitman;movie;2007;94;Action;Xavier Gens;6.2;184519
The One I Love;movie;2014;91;Comedy;Charlie McDowell;7.0;46149
Karwaan;movie;2018;114;Adventure;Akarsh Khurana;7.6;19757
The Namesake;movie;2006;122;Drama;Mira Nair;7.5;22532
Abigail;movie;2024;109;Action;Matt Bettinelli-Olpin;6.5;105249
Ayyappanum Koshiyum;movie;2020;177;Action;Sachy;8.0;12037
The Last: Naruto the Movie;movie;2014;112;Action;Tsuneo Kobayashi;7.6;19720
Auntie Mame;movie;1958;143;Comedy;Morton DaCosta;7.9;13544
Padmaavat;movie;2018;163;Drama;Sanjay Leela Bhansali;7.1;39552
Napoleon;movie;1927;330;Biography;Abel Gance;8.2;9558
Hansel & Gretel: Witch Hunters;movie;2013;88;Action;Tommy Wirkola;6.1;224185
Por Thozhil;movie;2023;147;Action;Vignesh Raja;8.0;12016
I'm Not There;movie;2007;135;Biography;Todd Haynes;6.8;63016
The Shallows;movie;2016;86;Drama;Jaume Collet-Serra;6.3;151410
Shattered Glass;movie;2003;94;Drama;Billy Ray;7.1;39485
The Savages;movie;2007;114;Comedy;Tamara Jenkins;7.1;39479
Scream 4;movie;2011;111;Horror;Wes Craven;6.2;183467
Mankatha;movie;2011;155;Action;Venkat Prabhu;7.7;17302
The End of the Tour;movie;2015;106;Biography;James Ponsoldt;7.2;34045
Sliding Doors;movie;1998;99;Comedy;Peter Howitt;6.7;74159
From Paris with Love;movie;2010;92;Action;Pierre Morel;6.4;125372
Bubba Ho-Tep;movie;2002;92;Comedy;Don Coscarelli;6.9;53459
Parallel Mothers;movie;2021;123;Drama;Pedro Almodóvar;7.1;39332
Sausage Party;movie;2016;89;Adventure;Greg Tiernan;6.1;222702
Abominable;movie;2019;97;Adventure;Jill Culton;7.0;45704
Little Manhattan;movie;2005;90;Comedy;Mark Levin;7.4;25561
Breaker Morant;movie;1980;107;Drama;Bruce Beresford;7.8;15175
Sonchiriya;movie;2019;143;Action;Abhishek Chaubey;7.9;13428
Bilal: A New Breed of Hero;movie;2015;105;Action;Khurram H. Alavi;7.6;19537
The Finest Hours;movie;2016;117;Action;Craig Gillespie;6.7;73621
Waking Ned Devine;movie;1998;91;Comedy;Kirk Jones;7.3;29307
The Fifth Seal;movie;1976;116;Drama;Zoltán Fábri;8.5;6860
See No Evil, Hear No Evil;movie;1989;103;Comedy;Arthur Hiller;6.8;62406
Ankhon Dekhi;movie;2013;107;Comedy;Rajat Kapoor;7.9;13407
The Defiant Ones;movie;1958;96;Crime;Stanley Kramer;7.6;19498
Padaiyappa;movie;1999;181;Action;K.S. Ravikumar;8.2;9459
Lights Out;movie;2016;81;Horror;David F. Sandberg;6.3;149581
Foreign Correspondent;movie;1940;120;Action;Alfred Hitchcock;7.4;25446
Beavis and Butt-Head Do America;movie;1996;81;Adventure;Geoffrey Johnson;6.8;62257
The Last Stand;movie;2013;107;Action;Kim Jee-woon;6.3;149032
My Grandfather's People;movie;2011;126;Comedy;Çagan Irmak;8.0;11856
Brat 2;movie;2000;122;Action;Aleksey Balabanov;7.6;19412
Geetha Govindam;movie;2018;142;Comedy;Parasuram;7.7;17075
Two Lovers;movie;2008;110;Drama;James Gray;7.0;45233
The International;movie;2009;118;Action;Tom Tykwer;6.5;103164
There's Still Tomorrow;movie;2023;118;Comedy;Paola Cortellesi;7.7;17062
The Seven Year Itch;movie;1955;105;Comedy;Billy Wilder;7.0;45204
Alice Doesn't Live Here Anymore;movie;1974;112;Drama;Martin Scorsese;7.3;29095
2012;movie;2009;158;Action;Roland Emmerich;5.8;414878
Adventures in Babysitting;movie;1987;102;Adventure;Chris Columbus;6.9;52752
Wadjda;movie;2012;98;Comedy;Haifaa Al-Mansour;7.5;22084
Together;movie;2000;106;Comedy;Lukas Moodysson;7.4;25280
Gold;movie;2016;120;Biography;Stephen Gaghan;6.7;72854
Popstar: Never Stop Never Stopping;movie;2016;87;Comedy;Akiva Schaffer;6.7;72830
Aparajito;movie;2022;138;Biography;Anik Datta;8.7;5553
Running on Empty;movie;1988;116;Crime;Sidney Lumet;7.6;19332
The Wolf Man;movie;1941;70;Horror;George Waggner;7.2;33434
Jackie;movie;2016;100;Biography;Pablo Larraín;6.6;86162
Hail, Caesar!;movie;2016;106;Comedy;Ethan Coen;6.3;147949
Stronger;movie;2017;119;Biography;David Gordon Green;6.9;52519
Arctic;movie;2018;98;Adventure;Joe Penna;6.8;61583
Bol;movie;2011;151;Drama;Shoaib Mansoor;8.2;9368
Last Tango in Paris;movie;1972;129;Drama;Bernardo Bertolucci;6.8;61561
Midnight Special;movie;2016;112;Drama;Jeff Nichols;6.6;85974
Mister Roberts;movie;1955;123;Comedy;John Ford;7.6;19280
The New Classmate;movie;2015;100;Drama;Ashwiny Iyer Tiwari;8.2;9365
An American in Paris;movie;1951;114;Drama;Vincente Minnelli;7.1;38619
Florence Foster Jenkins;movie;2016;111;Biography;Stephen Frears;6.8;61514
Rabbit Hole;movie;2010;91;Drama;John Cameron Mitchell;6.9;52422
Resident Evil: Apocalypse;movie;2004;94;Action;Alexander Witt;6.1;217925
Captain Blood;movie;1935;119;Action;Michael Curtiz;7.7;16924
Kesari;movie;2019;150;Action;Anurag Singh;7.4;25107
People Like Us;movie;2012;114;Comedy;Alex Kurtzman;7.0;44788
Johnny English Reborn;movie;2011;101;Action;Oliver Parker;6.3;147094
Abbas in Flower;movie;1982;87;Comedy;Sinan Çetin;8.0;11731
Django;movie;1966;91;Action;Sergio Corbucci;7.2;33217
The Blue Elephant 2;movie;2019;130;Crime;Marwan Hamed;8.0;11728
Spies in Disguise;movie;2019;102;Action;Nick Bruno;6.8;61270
Cars of the Revolution;movie;2008;120;Drama;Tolga Örnek;7.9;13187
I;movie;2015;188;Action;S. Shankar;7.4;25024
The Tourist;movie;2010;103;Action;Florian Henckel von Donnersmarck;6.0;265838
Double Jeopardy;movie;1999;105;Crime;Bruce Beresford;6.5;101702
Seven Brides for Seven Brothers;movie;1954;102;Comedy;Stanley Donen;7.3;28732
Hector and the Search for Happiness;movie;2014;114;Adventure;Peter Chelsom;6.9;52065
Cocoon;movie;1985;117;Comedy;Ron Howard;6.7;71971
Local Hero;movie;1983;111;Comedy;Bill Forsyth;7.3;28703
47 Ronin;movie;2013;128;Action;Carl Rinsch;6.2;177188
Restrepo;movie;2010;93;Biography;Tim Hetherington;7.4;24949
Minions: The Rise of Gru;movie;2022;87;Adventure;Kyle Balda;6.5;101295
Red One;movie;2024;123;Action;Jake Kasdan;6.3;145997
Odd Thomas;movie;2013;97;Comedy;Stephen Sommers;6.8;60843
Coal Miner's Daughter;movie;1980;124;Biography;Michael Apted;7.5;21758
Germany Year Zero;movie;1948;78;Drama;Roberto Rossellini;7.8;14808
Mass;movie;2021;111;Drama;Fran Kranz;7.6;19065
Kin-dza-dza!;movie;1986;135;Comedy;Georgiy Daneliya;7.8;14804
Make Way for Tomorrow;movie;1937;91;Drama;Leo McCarey;8.1;10368
Mighty Aphrodite;movie;1995;95;Comedy;Woody Allen;7.0;44329
Turbo;movie;2013;96;Adventure;David Soren;6.4;120814
Tell Me Who I Am;movie;2019;86;Documentary;Ed Perkins;7.6;19038
Monsieur Lazhar;movie;2011;95;Comedy;Philippe Falardeau;7.5;21703
Pump Up the Volume;movie;1990;102;Comedy;Allan Moyle;7.2;32885
Becket;movie;1964;148;Biography;Peter Glenville;7.7;16737
Days of Wine and Roses;movie;1962;117;Drama;Blake Edwards;7.8;14774
Kolya;movie;1996;111;Comedy;Jan Sverák;7.7;16734
The Deepest Breath;movie;2023;108;Adventure;Laura McGann;7.7;16730
The Woman in the Window;movie;1944;107;Crime;Fritz Lang;7.6;19010
Road House;movie;2024;121;Action;Doug Liman;6.2;175782
An Autumn Afternoon;movie;1962;113;Drama;Yasujirô Ozu;8.0;11607
Frantic;movie;1988;120;Crime;Roman Polanski;6.8;60522
American Factory;movie;2019;110;Documentary;Steven Bognar;7.4;24784
El Topo;movie;1970;125;Drama;Alejandro Jodorowsky;7.2;32818
Kabir Singh;movie;2019;173;Drama;Sandeep Reddy Vanga;7.0;44149
Under Siege;movie;1992;103;Action;Andrew Davis;6.5;100506
The Messenger;movie;2009;113;Drama;Oren Moverman;7.1;37956
Sonatine;movie;1993;94;Action;Takeshi Kitano;7.4;24735
The Court Jester;movie;1955;101;Adventure;Melvin Frank;7.8;14719
The Phantom of the Opera;movie;1925;93;Horror;Rupert Julian;7.5;21600
Leo;movie;2023;102;Adventure;Robert Marianetti;7.0;44029
Paradise Now;movie;2005;91;Crime;Hany Abu-Assad;7.4;24672
Knife in the Water;movie;1962;94;Drama;Roman Polanski;7.4;24664
Jackass Presents: Bad Grandpa;movie;2013;92;Comedy;Jeff Tremaine;6.5;99942
Presumed Innocent;movie;1990;127;Mystery;Alan J. Pakula;6.9;51271
Om;movie;1995;150;Action;Upendra;8.9;4482
Marshall;movie;2017;118;Biography;Reginald Hudlin;7.3;28291
Café Society;movie;2016;96;Comedy;Woody Allen;6.6;83900
May December;movie;2023;117;Drama;Todd Haynes;6.7;70827
Angel Has Fallen;movie;2019;121;Action;Ric Roman Waugh;6.4;119545
Devils on the Doorstep;movie;2000;139;Comedy;Wen Jiang;8.2;9181
Enthiran;movie;2010;174;Action;S. Shankar;7.2;32600
Van Wilder;movie;2002;92;Comedy;Walt Becker;6.4;119498
Plane;movie;2023;107;Action;Jean-François Richet;6.5;99774
Black Bag;movie;2025;93;Drama;Steven Soderbergh;6.7;70745
A Cure for Wellness;movie;2016;146;Drama;Gore Verbinski;6.4;119266
The 100 Year-Old Man Who Climbed Out the Window and Disappeared;movie;2013;114;Adventure;Felix Herngren;7.0;43791
K-19: The Widowmaker;movie;2002;138;Drama;Kathryn Bigelow;6.7;70655
Machine Gun Preacher;movie;2011;129;Action;Marc Forster;6.7;70653
Alice in the Cities;movie;1974;113;Drama;Wim Wenders;7.8;14631
Bad Lieutenant: Port of Call New Orleans;movie;2009;122;Crime;Werner Herzog;6.6;83669
The Wedding Ringer;movie;2015;101;Comedy;Jeremy Garelick;6.6;83653
Dumb Money;movie;2023;105;Biography;Craig Gillespie;6.8;59917
The Insult;movie;2017;113;Crime;Ziad Doueiri;7.6;18812
Take the Money and Run;movie;1969;85;Comedy;Woody Allen;7.2;32487
Ant-Man and the Wasp: Quantumania;movie;2023;124;Action;Peyton Reed;6.0;259409
Tango & Cash;movie;1989;104;Action;Andrei Konchalovsky;6.4;118913
Bobby;movie;2006;117;Biography;Emilio Estevez;7.0;43643
Jigarthanda Double X;movie;2023;172;Action;Karthik Subbaraj;8.0;11479
Oliver Twist;movie;1948;105;Drama;David Lean;7.8;14586
Three Thousand Years of Longing;movie;2022;108;Drama;George Miller;6.7;70393
Twelve O'Clock High;movie;1949;132;Drama;Henry King;7.7;16513
Rory O'Shea Was Here;movie;2004;104;Comedy;Damien O'Donnell;7.7;16498
Life;movie;1999;108;Comedy;Ted Demme;6.8;59624
Next;movie;2007;96;Action;Lee Tamahori;6.2;172624
The Babysitter;movie;2017;85;Comedy;McG;6.4;118404
Letter from an Unknown Woman;movie;1948;87;Drama;Max Ophüls;7.8;14546
Pithamagan;movie;2003;139;Action;Bala;8.3;8164
Dhamaal;movie;2007;136;Action;Indra Kumar;7.5;21329
Rendition;movie;2007;122;Drama;Gavin Hood;6.8;59422
The Trouble with Harry;movie;1955;99;Comedy;Alfred Hitchcock;7.0;43398
12 Strong;movie;2018;130;Action;Nicolai Fuglsig;6.5;98669
Last Christmas;movie;2019;103;Comedy;Paul Feig;6.5;98615
Fury;movie;1936;92;Crime;Fritz Lang;7.8;14507
Fright Night;movie;2011;106;Action;Craig Gillespie;6.4;117997
Pusher II;movie;2004;100;Action;Nicolas Winding Refn;7.3;27962
Living in Oblivion;movie;1995;90;Comedy;Tom DiCillo;7.5;21278
Henry: Portrait of a Serial Killer;movie;1986;83;Biography;John McNaughton;7.0;43324
Behind Enemy Lines;movie;2001;106;Action;John Moore;6.4;117761
Okkadu;movie;2003;171;Action;Gunasekhar;8.0;11396
Chithha;movie;2023;140;Drama;S.U. Arun Kumar;8.2;9065
Tsotsi;movie;2005;94;Crime;Gavin Hood;7.2;32131
Greed;movie;1924;140;Drama;Erich von Stroheim;8.0;11380
Secretariat;movie;2010;123;Biography;Randall Wallace;7.2;32121
In the Fade;movie;2017;106;Crime;Fatih Akin;7.1;37174
The Sword of Doom;movie;1966;120;Action;Kihachi Okamoto;7.9;12803
Poetry;movie;2010;139;Drama;Lee Chang-dong;7.8;14453
2 Fast 2 Furious;movie;2003;107;Action;John Singleton;5.9;315695
Songs from the Second Floor;movie;2000;98;Comedy;Roy Andersson;7.5;21188
Moana 2;movie;2024;100;Adventure;David G. Derrick Jr.;6.4;117328
Paradise Lost 3: Purgatory;movie;2011;121;Crime;Joe Berlinger;8.0;11361
The Witches of Eastwick;movie;1987;118;Comedy;George Miller;6.6;82336
The Postman Always Rings Twice;movie;1946;113;Crime;Tay Garnett;7.4;24210
Great Expectations;movie;1998;111;Drama;Alfonso Cuarón;6.8;58985
The Lucky One;movie;2012;101;Drama;Scott Hicks;6.4;117188
Lucky;movie;2017;88;Comedy;John Carroll Lynch;7.3;27787
The Seventh Continent;movie;1989;108;Drama;Michael Haneke;7.6;18553
Clash of the Titans;movie;1981;118;Action;Desmond Davis;6.9;50278
Saptha Sagaradaache Ello - Side A;movie;2023;142;Drama;Hemanth M. Rao;8.2;9031
Man Up;movie;2015;88;Comedy;Ben Palmer;6.8;58883
6 Underground;movie;2019;128;Action;Michael Bay;6.1;207665
You're Not You;movie;2014;102;Drama;George C. Wolfe;7.3;27748
Lean on Me;movie;1989;108;Biography;John G. Avildsen;7.4;24160
Hereafter;movie;2010;129;Drama;Clint Eastwood;6.5;97639
Vanishing Point;movie;1971;99;Action;Richard C. Sarafian;7.2;31946
A Million Ways to Die in the West;movie;2014;116;Comedy;Seth MacFarlane;6.1;207341
Manam;movie;2014;163;Comedy;Vikram K. Kumar;7.9;12731
Adam's Rib;movie;1949;101;Comedy;George Cukor;7.4;24104
Ferdinand;movie;2017;108;Adventure;Carlos Saldanha;6.7;69162
Wuthering Heights;movie;1939;104;Drama;William Wyler;7.5;21066
Emma.;movie;2020;124;Comedy;Autumn de Wilde;6.7;69017
The Wedding Banquet;movie;1993;106;Comedy;Ang Lee;7.6;18435
Häxan;movie;1922;91;Documentary;Benjamin Christensen;7.6;18425
Renfield;movie;2023;93;Action;Chris McKay;6.4;116154
Chip 'n Dale: Rescue Rangers;movie;2022;97;Action;Akiva Schaffer;6.9;49887
The Whistleblower;movie;2010;112;Biography;Larysa Kondracki;7.1;36777
Jungle;movie;2017;115;Adventure;Greg McLean;6.7;68835
Kill the Messenger;movie;2014;112;Biography;Michael Cuesta;6.9;49837
Garuda Gamana Vrishabha Vahana;movie;2021;151;Crime;Raj B. Shetty;8.2;8969
Hungama;movie;2003;153;Comedy;Priyadarshan;7.6;18399
The Beatles: Eight Days a Week - The Touring Years;movie;2016;106;Documentary;Ron Howard;7.8;14303
Faster;movie;2010;98;Action;George Tillman Jr.;6.4;115951
Mandy;movie;2018;121;Action;Panos Cosmatos;6.5;96876
Our Little Sister;movie;2015;127;Drama;Hirokazu Koreeda;7.6;18380
The Iron Lady;movie;2011;105;Biography;Phyllida Lloyd;6.4;115843
Love Letter;movie;1995;117;Drama;Shunji Iwai;7.9;12651
Stroszek;movie;1977;115;Comedy;Werner Herzog;7.7;16168
BTS: Permission to Dance on Stage - LA;movie;2022;130;Documentary;Park Jun-soo;8.5;6492
Penelope;movie;2006;104;Comedy;Mark Palansky;6.7;68585
Golmaal: Fun Unlimited;movie;2006;150;Action;Rohit Shetty;7.5;20906
Metallica: Some Kind of Monster;movie;2004;84;Documentary;Joe Berlinger;7.5;20893
The Brand New Testament;movie;2015;114;Comedy;Jaco Van Dormael;7.1;36588
Kaabil;movie;2017;139;Action;Sanjay Gupta;7.2;31613
Monsoon Wedding;movie;2001;114;Comedy;Mira Nair;7.3;27423
Faces Places;movie;2017;94;Adventure;JR;7.8;14240
Adam;movie;2009;99;Comedy;Max Mayer;7.1;36555
Copycat;movie;1995;123;Drama;Jon Amiel;6.6;81025
Aashiqui 2;movie;2013;132;Drama;Mohit Suri;7.1;36534
Winged Migration;movie;2001;89;Documentary;Jacques Perrin;7.9;12606
Speak;movie;2004;89;Drama;Jessica Sharzer;7.2;31563
Holiday;movie;2014;160;Action;A.R. Murugadoss;7.2;31563
Queen & Slim;movie;2019;132;Crime;Melina Matsoukas;7.1;36515
Orpheus;movie;1950;112;Drama;Jean Cocteau;7.8;14212
Testament of Youth;movie;2014;129;Biography;James Kent;7.2;31526
Fanaa;movie;2006;168;Action;Kunal Kohli;7.1;36476
Slow West;movie;2015;84;Adventure;John Maclean;6.9;49424
To the Bone;movie;2017;107;Drama;Marti Noxon;6.8;57917
Jolly LLB 3;movie;2025;157;Comedy;Subhash Kapoor;7.2;31479
Brooklyn's Finest;movie;2009;132;Crime;Antoine Fuqua;6.7;68181
Thirst;movie;1957;146;Drama;Guru Dutt;8.3;7977
The Witches;movie;1990;91;Adventure;Nicolas Roeg;6.8;57849
Leap Year;movie;2010;100;Comedy;Anand Tucker;6.4;114726
Martha Marcy May Marlene;movie;2011;102;Drama;Sean Durkin;6.8;57789
The Woodsman;movie;2004;87;Drama;Nicole Kassell;7.1;36360
The Expendables 3;movie;2014;126;Action;Patrick Hughes;6.1;203305
Sarkar;movie;2005;124;Crime;Ram Gopal Varma;7.6;18209
History of the World: Part I;movie;1981;92;Comedy;Mel Brooks;6.8;57733
Happy-Go-Lucky;movie;2008;118;Comedy;Mike Leigh;7.0;42161
Goal! The Dream Begins;movie;2005;118;Drama;Danny Cannon;6.7;67919
Empire Records;movie;1995;90;Comedy;Allan Moyle;6.7;67885
To Die For;movie;1995;106;Comedy;Gus Van Sant;6.8;57633
45 Years;movie;2015;95;Drama;Andrew Haigh;7.1;36256
Barney's Version;movie;2010;134;Comedy;Richard J. Lewis;7.3;27185
Joy Ride;movie;2001;97;Drama;John Dahl;6.6;80273
The Cell;movie;2000;107;Crime;Tarsem Singh;6.4;114224
I Stand Alone;movie;1998;93;Crime;Gaspar Noé;7.3;27165
Rent;movie;2005;135;Drama;Chris Columbus;6.8;57519
Mohabbatein;movie;2000;216;Drama;Aditya Chopra;7.1;36160
Judy;movie;2019;118;Biography;Rupert Goold;6.8;57428
The Golden Compass;movie;2007;113;Adventure;Chris Weitz;6.1;201807
Dogman;movie;2018;103;Crime;Matteo Garrone;7.2;31205
The Long Walk;movie;2025;108;Thriller;Francis Lawrence;7.3;27077
A Star Is Born;movie;1954;154;Drama;George Cukor;7.5;20613
Sex Drive;movie;2008;109;Comedy;Sean Anders;6.5;94999
Big Deal on Madonna Street;movie;1958;106;Comedy;Mario Monicelli;7.9;12455
High Sierra;movie;1941;100;Action;Raoul Walsh;7.5;20586
The Marriage of Maria Braun;movie;1979;120;Drama;Rainer Werner Fassbinder;7.7;15894
The Little Things;movie;2021;128;Crime;John Lee Hancock;6.3;136388
Dreamgirls;movie;2006;130;Drama;Bill Condon;6.6;79656
No End in Sight;movie;2007;102;Documentary;Charles Ferguson;8.2;8807
Purple Hearts;movie;2022;122;Drama;Elizabeth Allen Rosenbaum;6.7;67243
Peaceful Warrior;movie;2006;120;Drama;Victor Salva;7.2;31065
The Interpreter;movie;2005;128;Crime;Sydney Pollack;6.4;113178
Madgaon Express;movie;2024;143;Comedy;Kunal Kemmu;7.0;41717
The Red Pill;movie;2016;108;Documentary;Cassie Jaye;7.9;12414
Mortal Kombat;movie;2021;110;Action;Simon McQuoid;6.1;200334
Beautiful Girls;movie;1996;112;Comedy;Ted Demme;7.1;35892
Appaloosa;movie;2008;115;Crime;Ed Harris;6.7;67125
Wolfs;movie;2024;108;Crime;Jon Watts;6.5;94420
Lady Snowblood;movie;1973;97;Action;Toshiya Fujita;7.6;17979
Michael Madana Kama Rajan;movie;1990;162;Comedy;Singeetam Srinivasa Rao;8.5;6370
Demon Slayer: Kimetsu No Yaiba - To the Swordsmith Village;movie;2023;110;Action;Haruo Sotozaki;7.7;15825
Colombiana;movie;2011;108;Action;Olivier Megaton;6.4;112773
What the Health;movie;2017;97;Documentary;Kip Andersen;7.2;30956
Chasing Mavericks;movie;2012;116;Biography;Michael Apted;7.1;35767
The Book of Sun;movie;2020;120;Comedy;Faris Godus;7.9;12363
The Women;movie;1939;133;Comedy;George Cukor;7.7;15779
Hunter Killer;movie;2018;121;Action;Donovan Marsh;6.6;79016
Mrs. Harris Goes to Paris;movie;2022;115;Comedy;Anthony Fabian;7.1;35697
Rob Roy;movie;1995;139;Adventure;Michael Caton-Jones;6.9;48338
Near Dark;movie;1987;94;Horror;Kathryn Bigelow;6.9;48337
The Bad News Bears;movie;1976;102;Comedy;Michael Ritchie;7.3;26756
Monica, O My Darling;movie;2022;129;Comedy;Vasan Bala;7.4;23243
Michael Collins;movie;1996;133;Biography;Neil Jordan;7.1;35520
Minding the Gap;movie;2018;93;Documentary;Bing Liu;8.0;10923
All That Heaven Allows;movie;1955;89;Drama;Douglas Sirk;7.6;17812
Johnny Gaddaar;movie;2007;135;Crime;Sriram Raghavan;7.8;13858
Creepshow;movie;1982;120;Comedy;George A. Romero;6.8;56308
One Night in Miami...;movie;2020;114;Drama;Regina King;7.1;35463
Slither;movie;2006;95;Comedy;James Gunn;6.5;93249
Davaro;movie;1981;94;Comedy;Kartal Tibet;8.1;9727
Rampage;movie;2018;107;Action;Brad Peyton;6.1;197345
JCVD;movie;2008;97;Comedy;Mabrouk El Mechri;7.0;41147
White Oleander;movie;2002;109;Drama;Peter Kosminsky;7.1;35424
Super/Man: The Christopher Reeve Story;movie;2024;104;Biography;Ian Bonhôte;8.0;10900
Derailed;movie;2005;108;Crime;Mikael Håfström;6.6;78306
Yankee Doodle Dandy;movie;1942;126;Biography;Michael Curtiz;7.6;17765
Thursday;movie;2006;89;Action;Thadd Williams;8.5;6301
A Mighty Wind;movie;2003;91;Comedy;Christopher Guest;7.2;30571
Ginger Snaps;movie;2000;108;Drama;John Fawcett;6.8;56106
A Dangerous Method;movie;2011;99;Biography;David Cronenberg;6.4;111096
Scanners;movie;1981;103;Horror;David Cronenberg;6.7;66029
Finding Vivian Maier;movie;2013;83;Biography;John Maloof;7.7;15613
Strictly Ballroom;movie;1992;94;Comedy;Baz Luhrmann;7.2;30502
Tomboy;movie;2011;82;Drama;Céline Sciamma;7.4;23062
Sagara Sangamam;movie;1983;160;Drama;K. Viswanath;8.8;4660
The Spy Who Came in from the Cold;movie;1965;112;Drama;Martin Ritt;7.5;20141
The Fallout;movie;2021;96;Drama;Megan Park;7.0;40831
Wicked Little Letters;movie;2023;100;Biography;Thea Sharrock;7.0;40819
Cowboys & Aliens;movie;2011;119;Action;Jon Favreau;6.0;239162
Fun with Dick and Jane;movie;2005;90;Comedy;Dean Parisot;6.2;160359
Venom: Let There Be Carnage;movie;2021;97;Action;Andy Serkis;5.9;294906
The War of the Worlds;movie;1953;87;Action;Byron Haskin;7.0;40739
Always Be My Maybe;movie;2019;101;Comedy;Nahnatchka Khan;6.7;65524
Julieta;movie;2016;99;Drama;Pedro Almodóvar;7.1;35077
The Conjuring: The Devil Made Me Do It;movie;2021;112;Horror;Michael Chaves;6.2;160135
The Brave One;movie;2007;122;Crime;Neil Jordan;6.7;65458
Goodbye, Mr. Chips;movie;1939;114;Drama;Sam Wood;7.9;12138
Sound City;movie;2013;107;Documentary;Dave Grohl;7.8;13693
Mad Max Beyond Thunderdome;movie;1985;107;Action;George Miller;6.2;159909
Pumping Iron;movie;1977;86;Documentary;George Butler;7.3;26285
Thadam;movie;2019;138;Crime;Magizh Thirumeni;8.1;9620
The Consequences of Love;movie;2004;100;Crime;Paolo Sorrentino;7.5;20029
Emily the Criminal;movie;2022;97;Crime;John Patton Ford;6.7;65309
Horror of Dracula;movie;1958;82;Drama;Terence Fisher;7.2;30229
The Order;movie;2024;116;Crime;Justin Kurzel;6.8;55423
Tristan + Isolde;movie;2006;125;Action;Kevin Reynolds;6.8;55395
The Commuter;movie;2018;104;Action;Jaume Collet-Serra;6.3;131712
Oasis: Supersonic;movie;2016;122;Biography;Mat Whitecross;7.8;13643
Koi... Mil Gaya;movie;2003;171;Action;Rakesh Roshan;7.2;30163
Bring Me the Head of Alfredo Garcia;movie;1974;112;Action;Sam Peckinpah;7.4;22822
The Texas Chainsaw Massacre;movie;2003;98;Horror;Marcus Nispel;6.2;159186
Suburra;movie;2015;130;Action;Stefano Sollima;7.4;22810
Smiles of a Summer Night;movie;1955;109;Comedy;Ingmar Bergman;7.7;15428
Lokah Chapter One: Chandra;movie;2025;151;Action;Dominic Arun;8.1;9579
What Happens in Vegas;movie;2008;99;Comedy;Tom Vaughan;6.1;193318
The Seed of the Sacred Fig;movie;2024;167;Crime;Mohammad Rasoulof;7.6;17495
Opening Night;movie;1977;144;Drama;John Cassavetes;7.8;13616
Shadow of the Vampire;movie;2000;92;Drama;E. Elias Merhige;6.9;47118
Salaar;movie;2023;175;Action;Prashanth Neel;6.6;76803
Raid;movie;2018;122;Crime;Raj Kumar Gupta;7.4;22754
Vedam;movie;2010;135;Action;Radha Krishna Jagarlamudi;8.1;9560
Killing Them Softly;movie;2012;97;Crime;Andrew Dominik;6.2;158325
Ball of Fire;movie;1941;111;Comedy;Howard Hawks;7.7;15355
Akeelah and the Bee;movie;2006;112;Drama;Doug Atchison;7.4;22694
Death Wish;movie;1974;93;Action;Michael Winner;6.9;46938
Gimme Shelter;movie;1970;91;Documentary;Albert Maysles;7.8;13566
Mufasa: The Lion King;movie;2024;118;Adventure;Barry Jenkins;6.6;76495
Bee Movie;movie;2007;91;Adventure;Simon J. Smith;6.1;192256
Cría Cuervos;movie;1976;105;Drama;Carlos Saura;7.9;12013
The Servant;movie;1963;116;Drama;Joseph Losey;7.7;15329
The Protector;movie;2005;111;Action;Prachya Pinkaew;7.0;40171
Women Talking;movie;2022;104;Drama;Sarah Polley;6.9;46841
The Visitors;movie;1993;107;Comedy;Jean-Marie Poiré;7.0;40158
Reds;movie;1981;195;Biography;Warren Beatty;7.3;25971
Microcosmos;movie;1996;80;Documentary;Claude Nuridsany;7.9;11997
Sex and Lucía;movie;2001;128;Drama;Julio Medem;7.0;40114
In This Corner of the World;movie;2016;129;Animation;Sunao Katabuchi;7.8;13516
This Is 40;movie;2012;134;Comedy;Judd Apatow;6.2;157291
Cleopatra;movie;1963;320;Biography;Joseph L. Mankiewicz;7.0;40042
Ala Vaikunthapurramuloo;movie;2020;163;Action;Trivikram Srinivas;7.3;25879
King of New York;movie;1990;103;Crime;Abel Ferrara;6.9;46576
Redline;movie;2009;102;Action;Takeshi Koike;7.5;19706
Mean Creek;movie;2004;90;Crime;Jacob Estes;7.1;34393
Three Amigos!;movie;1986;104;Comedy;John Landis;6.5;90084
Om Shanti Om;movie;2007;162;Action;Farah Khan;6.8;54456
Pickup on South Street;movie;1953;80;Crime;Samuel Fuller;7.6;17278
Tickled;movie;2016;92;Crime;David Farrier;7.4;22470
Quest for Fire;movie;1981;100;Adventure;Jean-Jacques Annaud;7.3;25774
The Blue Angel;movie;1930;104;Drama;Josef von Sternberg;7.6;17257
The Harder They Fall;movie;2021;139;Action;Jeymes Samuel;6.6;75668
Space Cowboys;movie;2000;130;Action;Clint Eastwood;6.5;89880
Under the Tuscan Sun;movie;2003;113;Comedy;Audrey Wells;6.7;63917
Theri;movie;2016;157;Action;Atlee;7.3;25705
Radio;movie;2003;109;Biography;Michael Tollin;6.9;46260
Graves End;movie;2005;90;Mystery;James Marlowe;8.4;6794
Tower Heist;movie;2011;104;Action;Brett Ratner;6.2;155476
The Half of It;movie;2020;104;Comedy;Alice Wu;6.9;46215
Beau Is Afraid;movie;2023;179;Comedy;Ari Aster;6.6;75287
Absolute Power;movie;1997;121;Action;Clint Eastwood;6.7;63645
Pete's Dragon;movie;2016;102;Action;David Lowery;6.7;63636
Ip Man 4: The Finale;movie;2019;107;Action;Wilson Yip;7.0;39597
Rurouni Kenshin Part II: Kyoto Inferno;movie;2014;138;Action;Keishi Otomo;7.5;19543
The Mighty Ducks;movie;1992;104;Comedy;Stephen Herek;6.6;75181
Jackass Forever;movie;2022;96;Action;Jeff Tremaine;6.8;54026
The Earrings of Madame De...;movie;1953;105;Drama;Max Ophüls;7.9;11845
Entrapment;movie;1999;113;Action;Jon Amiel;6.3;128213
Racing Extinction;movie;2015;90;Adventure;Louie Psihoyos;8.2;8397
Jolly LLB 2;movie;2017;137;Comedy;Subhash Kapoor;7.2;29452
The Merchant of Venice;movie;2004;131;Drama;Michael Radford;7.0;39504
Casper;movie;1995;100;Comedy;Brad Silberling;6.2;154740
Dr. Jekyll and Mr. Hyde;movie;1931;98;Horror;Rouben Mamoulian;7.6;17124
Mughal-E-Azam;movie;1960;197;Drama;K. Asif;8.1;9379
Enemy Mine;movie;1985;108;Action;Wolfgang Petersen;6.8;53885
Suffragette;movie;2015;106;Drama;Sarah Gavron;6.9;45994
Pearl Jam Twenty;movie;2011;119;Documentary;Cameron Crowe;8.2;8382
Hamlet;movie;1948;154;Drama;Laurence Olivier;7.5;19453
The Secret Life of Bees;movie;2008;114;Drama;Gina Prince-Bythewood;7.2;29335
Goodnight Mommy;movie;2014;99;Horror;Severin Fiala;6.7;63097
Trust;movie;2010;106;Crime;David Schwimmer;6.9;45792
The Pink Panther Strikes Again;movie;1976;103;Comedy;Blake Edwards;7.1;33832
The East;movie;2013;116;Adventure;Zal Batmanglij;6.8;53579
The DUFF;movie;2015;101;Comedy;Ari Sandel;6.4;105797
The Day of the Beast;movie;1995;99;Action;Álex de la Iglesia;7.3;25402
Sinbad: Legend of the Seven Seas;movie;2003;86;Adventure;Patrick Gilmore;6.7;62955
The Cable Guy;movie;1996;96;Comedy;Ben Stiller;6.1;186580
Jeepers Creepers;movie;2001;90;Horror;Victor Salva;6.2;153395
Vampyr;movie;1932;75;Fantasy;Carl Theodor Dreyer;7.4;22104
Ravenous;movie;1999;101;Adventure;Antonia Bird;6.9;45613
The Family;movie;2013;111;Comedy;Luc Besson;6.3;126691
Boy Erased;movie;2018;115;Biography;Joel Edgerton;6.9;45590
Point Blank;movie;1967;92;Crime;John Boorman;7.3;25315
The Bounty;movie;1984;132;Adventure;Roger Donaldson;7.1;33683
The Grinch;movie;2018;85;Animation;Yarrow Cheney;6.4;105305
The Moromete Family;movie;1987;142;Drama;Stere Gulea;8.8;4492
Funny People;movie;2009;146;Comedy;Judd Apatow;6.3;126393
Why We Fight;movie;2005;98;Documentary;Eugene Jarecki;8.0;10411
Battle of the Sexes;movie;2017;121;Biography;Jonathan Dayton;6.7;62631
A Raisin in the Sun;movie;1961;128;Drama;Daniel Petrie;8.0;10405
Lootcase;movie;2020;132;Comedy;Rajesh A Krishnan;7.5;19276
Early Summer;movie;1951;125;Comedy;Yasujirô Ozu;8.0;10398
The Song of Sparrows;movie;2008;96;Drama;Majid Majidi;7.9;11681
As Above, So Below;movie;2014;93;Adventure;John Erick Dowdle;6.3;126030
Michael the Brave;movie;1971;203;Action;Sergiu Nicolaescu;8.4;6688
My Big Fat Bride;movie;2015;109;Comedy;Sharat Katariya;7.4;21979
The Thing;movie;2011;103;Horror;Matthijs van Heijningen Jr.;6.2;152188
Phenomenon;movie;1996;123;Drama;Jon Turteltaub;6.5;87694
DragonHeart;movie;1996;103;Action;Rob Cohen;6.4;104749
Mission Majnu;movie;2023;129;Action;Shantanu Bagchi;6.9;45322
Lorenzo's Oil;movie;1992;129;Biography;George Miller;7.3;25157
A Million Miles Away;movie;2023;121;Biography;Alejandra Márquez Abella;7.3;25145
Joe;movie;2013;117;Crime;David Gordon Green;6.8;52968
The Call of the Wild;movie;2020;100;Adventure;Chris Sanders;6.7;62295
Murder Mystery;movie;2019;97;Crime;Kyle Newacheck;6.1;184336
The Brave Little Toaster;movie;1987;90;Adventure;Jerry Rees;7.2;28908
27 Dresses;movie;2008;111;Comedy;Anne Fletcher;6.1;184249
Captains Courageous;movie;1937;117;Adventure;Victor Fleming;7.9;11617
Rosencrantz & Guildenstern Are Dead;movie;1990;117;Comedy;Tom Stoppard;7.3;25044
The Island;movie;2006;112;Comedy;Pavel Lungin;7.8;13078
La Bamba;movie;1987;108;Biography;Luis Valdez;7.0;38634
Parking;movie;2023;127;Drama;Ramkumar Balakrishnan;7.8;13077
Phantom of the Paradise;movie;1974;91;Comedy;Brian De Palma;7.3;25026
Transporter 3;movie;2008;104;Action;Olivier Megaton;6.1;183331
Only Angels Have Wings;movie;1939;121;Adventure;Howard Hawks;7.6;16763
Reign of Fire;movie;2002;101;Action;Rob Bowman;6.2;150680
Shaadi Mein Zaroor Aana;movie;2017;137;Comedy;Ratnaa Sinha;7.5;19068
The Replacements;movie;2000;118;Comedy;Howard Deutch;6.6;73072
Night at the Museum: Battle of the Smithsonian;movie;2009;105;Adventure;Shawn Levy;6.0;223922
Jab Tak Hai Jaan;movie;2012;176;Drama;Yash Chopra;6.7;61776
Tigerland;movie;2000;101;Drama;Joel Schumacher;6.9;44860
Io Capitano;movie;2023;121;Adventure;Matteo Garrone;7.6;16724
Kirik Party;movie;2016;159;Comedy;Rishab Shetty;8.2;8208
The Concert;movie;2009;119;Comedy;Radu Mihaileanu;7.5;19034
South Wind;movie;2018;130;Crime;Milos Avramovic;7.8;13020
Godzilla: King of the Monsters;movie;2019;132;Action;Michael Dougherty;6.0;223322
The Bikeriders;movie;2023;116;Crime;Jeff Nichols;6.6;72889
A Lot Like Love;movie;2005;107;Comedy;Nigel Cole;6.6;72880
The Hunchback of Notre Dame;movie;1939;116;Drama;William Dieterle;7.8;13017
Fair Game;movie;2010;108;Biography;Doug Liman;6.8;52378
Fear Street: Part Three - 1666;movie;2021;114;Horror;Leigh Janiak;6.6;72780
Fan;movie;2016;142;Action;Maneesh Sharma;6.8;52325
Asterix & Obelix: Mission Cleopatra;movie;2002;107;Adventure;Alain Chabat;6.7;61491
Bullhead;movie;2011;129;Crime;Michaël R. Roskam;7.3;24841
The Legend of Bagger Vance;movie;2000;126;Drama;Robert Redford;6.7;61458
As It Is in Heaven;movie;2004;133;Comedy;Kay Pollak;7.5;18958
Thoovanathumbikal;movie;1987;151;Drama;P. Padmarajan;8.6;5377
The Lovers on the Bridge;movie;1991;125;Drama;Leos Carax;7.6;16633
The Art of Flight;movie;2011;80;Adventure;Curt Morgan;8.2;8168
Journal 64;movie;2018;119;Crime;Christoffer Boe;7.4;21620
My Old Ass;movie;2024;89;Comedy;Megan Park;6.9;44541
Stree 2: Sarkate Ka Aatank;movie;2024;147;Comedy;Amar Kaushik;6.9;44530
Kalifornia;movie;1993;117;Crime;Dominic Sena;6.7;61278
Morning Glory;movie;2010;107;Comedy;Roger Michell;6.5;85943
Shoot the Piano Player;movie;1960;92;Crime;François Truffaut;7.4;21576
Little Boy;movie;2015;106;Drama;Alejandro Monteverde;7.3;24734
Loving;movie;2016;123;Biography;Jeff Nichols;7.0;38134
Aquarius;movie;2016;146;Drama;Kleber Mendonça Filho;7.4;21560
The Rider;movie;2017;104;Drama;Chloé Zhao;7.4;21556
Zathura: A Space Adventure;movie;2005;101;Action;Jon Favreau;6.3;123079
Lenny;movie;1974;111;Biography;Bob Fosse;7.5;18859
Certified Copy;movie;2010;106;Drama;Abbas Kiarostami;7.2;28407
Death and the Maiden;movie;1994;103;Drama;Roman Polanski;7.2;28405
Shaunki Sardar;movie;2025;130;Action;Dheeraj Rattan;8.3;7296
Frequently Asked Questions About Time Travel;movie;2009;83;Comedy;Gareth Carrivick;7.0;38064
Ghajini;movie;2005;175;Action;A.R. Murugadoss;7.6;16549
Kedi;movie;2016;79;Documentary;Ceyda Torun;7.6;16542
The Promise;movie;2016;133;Action;Terry George;6.1;179966
Requiem for the American Dream;movie;2015;73;Biography;Peter D. Hutchison;8.0;10161
Pina;movie;2011;103;Documentary;Wim Wenders;7.6;16513
Cloudy with a Chance of Meatballs 2;movie;2013;95;Adventure;Cody Cameron;6.3;122481
Shyam Singha Roy;movie;2021;155;Drama;Rahul Sankrityan;7.6;16508
Tracks;movie;2013;112;Adventure;John Curran;7.1;32690
The Weather Man;movie;2005;102;Comedy;Gore Verbinski;6.5;85328
The Elusive Summer of '68;movie;1984;91;Comedy;Goran Paskaljevic;8.4;6541
Klute;movie;1971;114;Crime;Alan J. Pakula;7.1;32656
My Best Fiend;movie;1999;95;Biography;Werner Herzog;7.8;12847
A Fantastic Woman;movie;2017;104;Drama;Sebastián Lelio;7.2;28251
Betty Blue;movie;1986;119;Drama;Jean-Jacques Beineix;7.3;24544
Berserk: The Golden Age Arc III - The Advent;movie;2013;110;Action;Toshiyuki Kubooka;7.8;12837
La belle époque;movie;2019;115;Comedy;Nicolas Bedos;7.4;21390
Girl in the Picture;movie;2022;101;Crime;Skye Borgman;7.3;24509
Ask Your Heart;movie;2010;115;Drama;Yusuf Kurçenli;8.0;10114
Salvador;movie;1986;122;Drama;Oliver Stone;7.3;24486
Entourage;movie;2015;104;Comedy;Doug Ellin;6.5;84912
Cocaine Cowboys;movie;2006;118;Crime;Billy Corben;7.7;14474
Along Came a Spider;movie;2001;104;Crime;Lee Tamahori;6.4;101277
Ashes and Diamonds;movie;1958;103;Drama;Andrzej Wajda;7.7;14463
Far and Away;movie;1992;140;Adventure;Ron Howard;6.6;71347
HyperNormalisation;movie;2016;166;Documentary;Adam Curtis;8.2;8054
Big Night;movie;1996;109;Drama;Campbell Scott;7.3;24403
Don't Let Them Shoot the Kite;movie;1989;90;Drama;Tunç Basaran;8.2;8043
Mosul;movie;2019;101;Action;Matthew Michael Carnahan;7.1;32387
Trainwreck;movie;2015;125;Comedy;Judd Apatow;6.2;146216
Awake;movie;2007;84;Crime;Joby Harold;6.5;84449
Young Woman and the Sea;movie;2024;129;Biography;Joachim Rønning;7.5;18602
Find Me Guilty;movie;2006;125;Biography;Sidney Lumet;7.0;37538
A Patch of Blue;movie;1965;105;Drama;Guy Green;8.0;10061
Star Trek: The Motion Picture;movie;1979;143;Adventure;Robert Wise;6.4;100716
Uncle Frank;movie;2020;95;Comedy;Alan Ball;7.3;24336
2010: The Year We Make Contact;movie;1984;116;Adventure;Peter Hyams;6.7;60112
Heartbreak Ridge;movie;1986;130;Drama;Clint Eastwood;6.8;51068
Death in Venice;movie;1971;130;Drama;Luchino Visconti;7.3;24272
The Road Home;movie;1999;89;Drama;Yimou Zhang;7.7;14356
Seven Chances;movie;1925;56;Comedy;Buster Keaton;7.8;12694
Sarah's Key;movie;2010;111;Drama;Gilles Paquet-Brenner;7.5;18512
The Yellow Sea;movie;2010;136;Action;Na Hong-jin;7.3;24229
Barefoot Gen;movie;1983;83;Animation;Mori Masaki;8.0;10014
Night at the Museum: Secret of the Tomb;movie;2014;98;Adventure;Shawn Levy;6.2;145169
Cat People;movie;1942;73;Fantasy;Jacques Tourneur;7.2;27841
Nayattu;movie;2021;124;Crime;Martin Prakkat;8.0;10003
Alpha;movie;2018;96;Adventure;Albert Hughes;6.6;70520
Angela's Ashes;movie;1999;145;Biography;Alan Parker;7.3;24170
In China They Eat Dogs;movie;1999;91;Action;Lasse Spang Olsen;7.3;24155
Hillbilly Elegy;movie;2020;116;Biography;Ron Howard;6.7;59593
Twins;movie;1988;107;Comedy;Ivan Reitman;6.2;144609
Gun Crazy;movie;1950;87;Crime;Joseph H. Lewis;7.6;16203
Frantz;movie;2016;113;Drama;François Ozon;7.5;18421
Dunki;movie;2023;160;Action;Rajkumar Hirani;6.5;83460
Let's Sin;movie;2014;110;Action;Onur Ünlü;7.7;14270
Anjaam Pathiraa;movie;2020;144;Crime;Midhun Manuel Thomas;7.9;11199
Ruby & Quentin;movie;2003;85;Comedy;Francis Veber;7.1;32009
Whisper If I Forget;movie;2014;118;Drama;Çagan Irmak;7.5;18407
Goodachari;movie;2018;147;Action;Sashi Kiran Tikka;7.8;12610
Half Baked;movie;1998;82;Comedy;Tamra Davis;6.6;70168
Deliver Us from Evil;movie;2006;101;Crime;Amy Berg;7.9;11183
Evaru;movie;2019;118;Mystery;Venkat Ramji;8.1;8878
Nobody's Fool;movie;1994;110;Comedy;Robert Benton;7.3;24039
The Sorcerer's Apprentice;movie;2010;109;Action;Jon Turteltaub;6.1;174852
At Eternity's Gate;movie;2018;111;Biography;Julian Schnabel;6.9;43113
Fire of Love;movie;2022;98;Biography;Sara Dosa;7.6;16127
Fort Apache;movie;1948;128;Drama;John Ford;7.4;20937
Leave Her to Heaven;movie;1945;110;Drama;John M. Stahl;7.6;16110
Micmacs;movie;2009;105;Action;Jean-Pierre Jeunet;7.1;31863
Thulladha Manamum Thullum;movie;1999;170;Drama;Ezhil;8.3;7110
Angel-A;movie;2005;91;Comedy;Luc Besson;7.0;36909
Nightmare Alley;movie;1947;110;Drama;Edmund Goulding;7.7;14186
The Unknown Soldier;movie;2017;132;Drama;Aku Louhimies;7.7;14183
[Rec]²;movie;2009;85;Horror;Jaume Balagueró;6.5;82816
Some Kind of Wonderful;movie;1987;95;Drama;Howard Deutch;7.0;36859
Tolkien;movie;2019;112;Biography;Dome Karukoski;6.8;50195
Kilukkam;movie;1991;155;Comedy;Priyadarshan;8.6;5208
The Lego Movie 2: The Second Part;movie;2019;107;Adventure;Mike Mitchell;6.5;82679
Irrational Man;movie;2015;95;Comedy;Woody Allen;6.6;69633
Taken 3;movie;2014;108;Action;Olivier Megaton;6.0;212241
Europa Europa;movie;1990;112;Drama;Agnieszka Holland;7.5;18254
Up in Smoke;movie;1978;86;Comedy;Lou Adler;6.9;42826
The Rescuers Down Under;movie;1990;77;Adventure;Hendel Butoy;6.8;50094
Moonage Daydream;movie;2022;135;Biography;Brett Morgen;7.6;16031
Doctor;movie;2021;148;Action;Nelson Dilipkumar;7.4;20820
Trolls;movie;2016;92;Adventure;Mike Mitchell;6.4;98400
Short Circuit;movie;1986;98;Comedy;John Badham;6.6;69397
Val;movie;2021;109;Biography;Ting Poo;7.6;16002
Hearts in Atlantis;movie;2001;101;Drama;Scott Hicks;6.9;42722
Woman of the Hour;movie;2023;95;Crime;Anna Kendrick;6.6;69356
Better Days;movie;2019;135;Crime;Derek Tsang;7.6;15998
Border;movie;2018;110;Crime;Ali Abbasi;7.0;36678
Three Monkeys;movie;2008;109;Drama;Nuri Bilge Ceylan;7.3;23810
Meet John Doe;movie;1941;122;Comedy;Frank Capra;7.6;15990
The Lost City;movie;2022;112;Action;Aaron Nee;6.1;172778
Shakir the Clumsy;movie;1977;81;Comedy;Natuk Baytan;8.0;9852
When the Wind Blows;movie;1986;84;Animation;Jimmy T. Murakami;7.7;14086
Elmer Gantry;movie;1960;146;Drama;Richard Brooks;7.7;14081
Bully;movie;2001;108;Biography;Larry Clark;6.9;42602
Here Comes the Boom;movie;2012;105;Action;Frank Coraci;6.4;97957
Aguner Poroshmoni;movie;1994;123;Drama;Humayun Ahmed;9.0;3541
Straight from the Heart;movie;1999;188;Comedy;Sanjay Leela Bhansali;7.4;20724
Jack Ryan: Shadow Recruit;movie;2014;105;Action;Kenneth Branagh;6.2;141634
Burlesque;movie;2010;119;Drama;Steve Antin;6.4;97633
The Crowd;movie;1928;98;Drama;King Vidor;8.0;9809
Mortal Kombat Legends: Scorpion's Revenge;movie;2020;80;Action;Ethan Spaulding;7.4;20658
Paycheck;movie;2003;119;Action;John Woo;6.3;116992
Wyatt Earp;movie;1994;191;Adventure;Lawrence Kasdan;6.7;58269
The American Friend;movie;1977;128;Crime;Wim Wenders;7.4;20637
Kiss of the Dragon;movie;2001;98;Action;Chris Nahon;6.6;68779
Arthur the King;movie;2024;107;Adventure;Simon Cellan Jones;7.0;36378
Dragon Ball Z: Battle of Gods;movie;2013;85;Action;Masahiro Hosoda;7.1;31362
National Theatre Live: Prima Facie;movie;2022;120;Drama;Justin Martin;9.1;3222
All Dogs Go to Heaven;movie;1989;84;Adventure;Don Bluth;6.8;49506
Sid and Nancy;movie;1986;112;Biography;Alex Cox;7.0;36348
The Men Who Stare at Goats;movie;2009;94;Comedy;Grant Heslov;6.2;140658
Shark Tale;movie;2004;90;Adventure;Bibo Bergeron;6.0;208757
Moby Dick;movie;1956;116;Adventure;John Huston;7.3;23536
9 to 5;movie;1980;109;Comedy;Colin Higgins;6.9;42184
King of Devil's Island;movie;2010;116;Drama;Marius Holst;7.4;20540
The Gunfighter;movie;1950;85;Western;Henry King;7.7;13945
Guzaarish;movie;2010;126;Drama;Sanjay Leela Bhansali;7.4;20532
Pillow Talk;movie;1959;102;Comedy;Michael Gordon;7.4;20514
Madaari;movie;2016;133;Drama;Nishikant Kamat;7.6;15788
Irma la Douce;movie;1963;147;Comedy;Billy Wilder;7.3;23473
Goodbye Christopher Robin;movie;2017;107;Biography;Simon Curtis;7.1;31141
September 5;movie;2024;95;Drama;Tim Fehlbaum;7.1;31138
Maanagaram;movie;2017;137;Action;Lokesh Kanagaraj;8.1;8677
The Amateur;movie;2025;122;Action;James Hawes;6.5;80875
The Swimmer;movie;1968;95;Drama;Frank Perry;7.6;15753
But I'm a Cheerleader;movie;1999;85;Comedy;Jamie Babbit;6.8;49104
Padosan;movie;1968;157;Comedy;Jyoti Swaroop;8.1;8672
Caddo Lake;movie;2024;103;Drama;Logan George;6.8;49077
Joji;movie;2021;113;Crime;Dileesh Pothan;7.8;12285
Stand and Deliver;movie;1988;103;Biography;Ramón Menéndez;7.3;23405
The Captain;movie;2017;118;Drama;Robert Schwentke;7.3;23405
Life in a Day;movie;2011;95;Documentary;Tegan Behel;7.6;15731
Iron Monkey;movie;1993;85;Action;Yuen Woo-Ping;7.5;17894
Spencer;movie;2021;117;Biography;Pablo Larraín;6.5;80699
Bad Moms;movie;2016;100;Comedy;Jon Lucas;6.2;139354
A Brilliant Young Mind;movie;2014;111;Drama;Morgan Matthews;7.1;31020
The Girl with All the Gifts;movie;2016;111;Action;Colm McCarthy;6.6;67842
Water;movie;2005;117;Drama;Deepa Mehta;7.6;15680
The Color of Pomegranates;movie;1969;79;Biography;Sergei Parajanov;7.6;15674
Aloko Udapadi;movie;2017;113;Drama;Chathra Weeraman;8.3;6937
Miracles from Heaven;movie;2016;109;Biography;Patricia Riggen;7.1;30929
Be Kind Rewind;movie;2008;102;Comedy;Michel Gondry;6.4;95793
Comrades: Almost a Love Story;movie;1996;118;Drama;Peter Ho-Sun Chan;8.1;8626
The Devil and Daniel Johnston;movie;2005;110;Biography;Jeff Feuerzeig;7.9;10849
The Thing from Another World;movie;1951;87;Horror;Christian Nyby;7.0;35826
Mouchette;movie;1967;81;Drama;Robert Bresson;7.7;13808
Dolls;movie;2002;114;Drama;Takeshi Kitano;7.5;17803
Army of Thieves;movie;2021;127;Action;Matthias Schweighöfer;6.4;95716
The Last Kingdom: Seven Kings Must Die;movie;2023;117;Action;Edward Bazalgette;6.9;41638
Moonraker;movie;1979;126;Action;Lewis Gilbert;6.3;114314
The Biggest Little Farm;movie;2018;91;Documentary;John Chester;8.0;9619
Bob Dylan: Dont Look Back;movie;1967;96;Documentary;D.A. Pennebaker;7.9;10795
A Perfect Getaway;movie;2009;98;Drama;David Twohy;6.5;79741
8 Women;movie;2002;111;Comedy;François Ozon;7.0;35607
Rumble in the Bronx;movie;1995;87;Action;Stanley Tong;6.8;48451
Nr. 24;movie;2024;111;Biography;John Andreas Andersen;7.5;17686
Snitch;movie;2013;112;Action;Ric Roman Waugh;6.4;94992
U Turn;movie;1997;125;Crime;Oliver Stone;6.7;56821
The Green Butchers;movie;2003;100;Comedy;Anders Thomas Jensen;7.2;26559
An Unfinished Life;movie;2005;108;Drama;Lasse Hallström;7.0;35499
Now Is Good;movie;2012;103;Drama;Ol Parker;7.0;35479
Salaam Bombay!;movie;1988;113;Crime;Mira Nair;7.9;10752
Escape from Pretoria;movie;2020;106;Action;Francis Annan;6.8;48250
Arachnophobia;movie;1990;109;Comedy;Frank Marshall;6.5;79276
The Angry Birds Movie;movie;2016;97;Action;Clay Kaytis;6.3;113412
Jung Kook: I Am Still;movie;2024;90;Documentary;Park Jun-soo;8.2;7644
The Fearless Vampire Killers;movie;1967;91;Comedy;Roman Polanski;7.0;35395
Repo Men;movie;2010;111;Action;Miguel Sapochnik;6.3;113317
The Trap;movie;2007;106;Crime;Srdan Golubovic;7.9;10728
The 33;movie;2015;127;Biography;Patricia Riggen;6.9;41154
Walking Tall;movie;2004;86;Action;Kevin Bray;6.3;113205
RBG;movie;2018;98;Biography;Julie Cohen;7.6;15464
Daddy's Home;movie;2015;96;Comedy;Sean Anders;6.2;136401
Petite Maman;movie;2021;73;Drama;Céline Sciamma;7.4;20051
In Order of Disappearance;movie;2014;116;Action;Hans Petter Moland;7.1;30468
Once Upon a Time in Mumbaai;movie;2010;134;Action;Milan Luthria;7.4;20038
The Soloist;movie;2009;117;Biography;Joe Wright;6.7;56371
The World According to Garp;movie;1982;136;Comedy;George Roy Hill;7.1;30432
The Square;movie;2013;95;Documentary;Jehane Noujaim;8.0;9526
Altered States;movie;1980;102;Horror;Ken Russell;6.9;41034
Night of the Living Dead;movie;1990;92;Horror;Tom Savini;6.8;47944
Crank: High Voltage;movie;2009;96;Action;Mark Neveldine;6.1;165137
Things We Lost in the Fire;movie;2007;118;Drama;Susanne Bier;7.1;30375
Landscape in the Mist;movie;1988;127;Drama;Theodoros Angelopoulos;7.9;10680
Rudderless;movie;2014;105;Comedy;William H. Macy;7.4;19968
Lost Horizon;movie;1937;132;Adventure;Frank Capra;7.6;15373
Arif V 216;movie;2018;125;Comedy;Kivanç Baruönü;6.9;40875
The Child;movie;2005;95;Crime;Jean-Pierre Dardenne;7.4;19946
Queen Margot;movie;1994;161;Biography;Patrice Chéreau;7.4;19942
And Then We Danced;movie;2019;113;Drama;Levan Akin;7.6;15367
The Sand Pebbles;movie;1966;182;Adventure;Robert Wise;7.5;17474
Veronica Mars;movie;2014;107;Crime;Rob Thomas;6.7;56040
Good Morning;movie;1959;94;Comedy;Yasujirô Ozu;7.8;11989
Birdy;movie;1984;120;Drama;Alan Parker;7.2;26204
Vettaiyan;movie;2024;163;Action;T.J. Gnanavel;6.9;40749
Breathe;movie;2017;118;Biography;Andy Serkis;7.2;26161
The Stanford Prison Experiment;movie;2015;122;Biography;Kyle Patrick Alvarez;6.8;47590
Titan A.E.;movie;2000;94;Action;Don Bluth;6.6;65897
Manderlay;movie;2005;133;Drama;Lars von Trier;7.2;26124
Sea of Love;movie;1989;113;Crime;Harold Becker;6.8;47517
Funny Face;movie;1957;103;Comedy;Stanley Donen;7.0;34929
Taxi to the Dark Side;movie;2007;106;Crime;Alex Gibney;7.5;17389
Real Genius;movie;1985;108;Comedy;Martha Coolidge;6.9;40635
A Girl Walks Home Alone at Night;movie;2014;101;Drama;Ana Lily Amirpour;6.9;40633
Upendra;movie;1999;138;Drama;Upendra;8.8;4109
The Miracle;movie;2015;136;Comedy;Mahsun Kirmizigül;7.6;15272
Hustlers;movie;2019;110;Comedy;Lorene Scafaria;6.3;111472
Roger Waters: The Wall;movie;2014;132;Documentary;Sean Evans;8.5;5506
If Only;movie;2004;92;Comedy;Gil Junger;7.0;34847
Sookshma Darshini;movie;2024;142;Comedy;Mc Jithin;7.8;11915
Winnie the Pooh;movie;2011;63;Adventure;Stephen J. Anderson;7.1;30058
Parker;movie;2013;118;Action;Taylor Hackford;6.2;134272
Tight Dress;movie;2016;77;Drama;Hiner Saleem;8.3;6764
Blue Streak;movie;1999;93;Action;Les Mayfield;6.4;92738
What Happened, Miss Simone?;movie;2015;101;Biography;Liz Garbus;7.6;15225
Summer with Monika;movie;1953;96;Drama;Ingmar Bergman;7.5;17310
Vagabond;movie;1985;105;Drama;Agnès Varda;7.6;15221
Kate & Leopold;movie;2001;118;Comedy;James Mangold;6.4;92586
The Way Back;movie;2020;108;Drama;Gavin O'Connor;6.7;55410
Love & Basketball;movie;2000;124;Drama;Gina Prince-Bythewood;7.2;25949
Clash of the Titans;movie;2010;106;Action;Louis Leterrier;5.8;301705
Mahanadi;movie;1994;162;Crime;Santhana Bharathi;8.6;4960
A Passage to India;movie;1984;164;Adventure;David Lean;7.3;22558
Bharath Ane Nenu;movie;2018;173;Action;Koratala Siva;7.4;19699
Diary of a Country Priest;movie;1951;95;Drama;Robert Bresson;7.7;13399
Them!;movie;1954;94;Horror;Gordon Douglas;7.2;25919
The Girl with the Needle;movie;2024;123;Crime;Magnus von Horn;7.5;17255
Bang Bang You're Dead;movie;2002;93;Crime;Guy Ferland;7.7;13387
Two Women;movie;1960;101;Drama;Vittorio De Sica;7.7;13384
Our Idiot Brother;movie;2011;90;Comedy;Jesse Peretz;6.4;92044
Pride and Glory;movie;2008;130;Crime;Gavin O'Connor;6.6;65095
Mandela: Long Walk to Freedom;movie;2013;141;Biography;Justin Chadwick;7.1;29820
Just Friends;movie;2005;96;Comedy;Roger Kumble;6.2;133009
Private Parts;movie;1997;109;Biography;Betty Thomas;6.9;40165
Queen of Katwe;movie;2016;124;Biography;Mira Nair;7.4;19620
Changing Lanes;movie;2002;98;Drama;Roger Michell;6.5;77085
Adrift;movie;2018;96;Action;Baltasar Kormákur;6.6;64978
Breakfast on Pluto;movie;2005;128;Comedy;Neil Jordan;7.2;25792
Why Him?;movie;2016;111;Comedy;John Hamburg;6.2;132723
Small Soldiers;movie;1998;110;Action;Joe Dante;6.3;109979
Danny Collins;movie;2015;106;Comedy;Dan Fogelman;7.0;34435
Dragon: The Bruce Lee Story;movie;1993;120;Action;Rob Cohen;7.0;34432
After Life;movie;1998;119;Drama;Hirokazu Koreeda;7.6;15093
Miss Lovely;movie;2012;113;Crime;Ashim Ahluwalia;7.4;19574
Spanglish;movie;2004;131;Comedy;James L. Brooks;6.4;91640
Megan Leavey;movie;2017;116;Action;Gabriela Cowperthwaite;7.1;29705
Loft;movie;2008;118;Crime;Erik Van Looy;7.2;25743
Dead Calm;movie;1989;96;Horror;Phillip Noyce;6.8;46780
Two Weeks Notice;movie;2002;101;Comedy;Marc Lawrence;6.2;132416
A View to a Kill;movie;1985;131;Action;John Glen;6.3;109797
The Parent Trap;movie;1961;129;Comedy;David Swift;7.2;25727
Bowfinger;movie;1999;97;Comedy;Frank Oz;6.5;76789
Don;movie;1978;166;Action;Chandra Barot;7.7;13300
Weird: The Al Yankovic Story;movie;2022;108;Action;Eric Appel;6.8;46722
The Rocketeer;movie;1991;108;Action;Joe Johnston;6.6;64675
Hush...Hush, Sweet Charlotte;movie;1964;133;Crime;Robert Aldrich;7.5;17113
Blindness;movie;2008;121;Drama;Fernando Meirelles;6.5;76639
The Young Girls of Rochefort;movie;1967;125;Comedy;Jacques Demy;7.7;13268
Don Juan DeMarco;movie;1994;97;Comedy;Jeremy Leven;6.7;54717
Our Hospitality;movie;1923;65;Comedy;John G. Blystone;7.7;13266
The Son's Room;movie;2001;99;Drama;Nanni Moretti;7.3;22317
Starsky & Hutch;movie;2004;101;Comedy;Todd Phillips;6.1;159919
Yesterday;movie;1988;84;Drama;Ivan Andonov;8.9;3687
Everybody Knows;movie;2018;133;Crime;Asghar Farhadi;6.9;39815
Velvet Goldmine;movie;1998;123;Drama;Todd Haynes;6.9;39809
The Brawler;movie;2017;154;Drama;Anurag Kashyap;8.0;9276
Boruto: Naruto the Movie;movie;2015;95;Action;Hiroyuki Yamashita;7.7;13232
Horns;movie;2013;120;Comedy;Alexandre Aja;6.4;90926
Alice Through the Looking Glass;movie;2016;113;Adventure;James Bobin;6.2;131358
Nixon;movie;1995;192;Biography;Oliver Stone;7.0;34138
Like Crazy;movie;2011;86;Drama;Drake Doremus;6.6;64250
The Outpost;movie;2019;123;Action;Rod Lurie;6.8;46380
Bottoms;movie;2023;91;Comedy;Emma Seligman;6.7;54437
The Ultimate Gift;movie;2006;114;Drama;Michael O. Sajbel;7.3;22199
Fantastic Four;movie;2005;106;Action;Tim Story;5.7;368093
The Skeleton Twins;movie;2014;93;Comedy;Craig Johnson;6.8;46289
Attack on Titan: The Roar of Awakening;movie;2018;120;Action;Masashi Koizuka;8.3;6638
Sidewalls;movie;2011;95;Comedy;Gustavo Taretto;7.5;16958
Rio 2;movie;2014;101;Adventure;Carlos Saldanha;6.3;108356
Priceless;movie;2006;106;Comedy;Pierre Salvadori;7.0;33983
S.W.A.T.;movie;2003;117;Action;Clark Johnson;6.1;158326
Revanche;movie;2008;121;Crime;Götz Spielmann;7.5;16935
Bananas;movie;1971;82;Comedy;Woody Allen;6.9;39487
Le Corbeau;movie;1943;92;Crime;Henri-Georges Clouzot;7.8;11642
The Taste of Things;movie;2023;135;Drama;Anh Hung Tran;7.4;19290
Saboteur;movie;1942;109;Drama;Alfred Hitchcock;7.1;29260
Blue Jay;movie;2016;80;Drama;Alex Lehmann;7.3;22068
Court - State Vs. A Nobody;movie;2025;155;Drama;Ram Jagadeesh;7.9;10324
Anyone But You;movie;2023;103;Comedy;Will Gluck;6.1;157838
Tie Me Up! Tie Me Down!;movie;1989;101;Comedy;Pedro Almodóvar;7.0;33872
Batman: The Long Halloween, Part One;movie;2021;85;Action;Chris Palmer;7.3;22048
Love Story;movie;1970;100;Drama;Arthur Hiller;6.9;39360
Sweet Home Alabama;movie;2002;108;Comedy;Andy Tennant;6.2;129962
Grand Hotel;movie;1932;112;Drama;Edmund Goulding;7.3;22029
Prince of Darkness;movie;1987;102;Horror;John Carpenter;6.7;53871
The Raven;movie;2012;110;Crime;James McTeigue;6.4;89762
House of Games;movie;1987;102;Crime;David Mamet;7.2;25271
Mother;movie;1990;108;Drama;Ali Hatami;8.5;5361
Who Killed Captain Alex?;movie;2010;64;Action;Nabwana I.G.G.;7.8;11583
Pixote;movie;1980;128;Crime;Hector Babenco;7.9;10270
The Brothers Bloom;movie;2008;114;Action;Rian Johnson;6.7;53700
Bridget Jones's Baby;movie;2016;123;Comedy;Sharon Maguire;6.4;89413
Revolver;movie;2005;111;Action;Guy Ritchie;6.3;107111
Machuca;movie;2004;121;Biography;Andrés Wood;7.7;13041
Bheeshma Parvam;movie;2022;144;Action;Amal Neerad;7.6;14771
Vacation;movie;2015;99;Adventure;John Francis Daley;6.2;128878
Toilet: A Love Story;movie;2017;155;Comedy;Shree Narayan Singh;7.2;25139
Simon of the Desert;movie;1965;45;Comedy;Luis Buñuel;7.8;11520
The Pirates! Band of Misfits;movie;2012;88;Action;Peter Lord;6.7;53486
Son of Rambow;movie;2007;96;Action;Garth Jennings;7.0;33527
Black Rain;movie;1989;125;Action;Ridley Scott;6.6;62995
Closely Watched Trains;movie;1966;92;Comedy;Jirí Menzel;7.6;14714
The Life of Oharu;movie;1952;133;Drama;Kenji Mizoguchi;8.1;8130
The Face of Another;movie;1966;124;Drama;Hiroshi Teshigahara;7.8;11493
Peppermint;movie;2018;101;Action;Pierre Morel;6.5;74550
Pokkiri;movie;2007;161;Action;Prabhu Deva;7.6;14681
Hundreds of Beavers;movie;2022;108;Action;Mike Cheslik;7.6;14680
Aaranya Kaandam;movie;2010;126;Action;Thiagarajan Kumararaja;8.4;5886
Interiors;movie;1978;92;Drama;Woody Allen;7.3;21766
Jeanne Dielman, 23, quai du Commerce, 1080 Bruxelles;movie;1975;202;Drama;Chantal Akerman;7.5;16672
Listen to Me Marlon;movie;2015;103;Biography;Stevan Riley;8.1;8113
The Gospel According to St. Matthew;movie;1964;137;Biography;Pier Paolo Pasolini;7.6;14667
The Misfits;movie;1961;125;Drama;John Huston;7.2;24969
Human Traffic;movie;1999;99;Comedy;Justin Kerrigan;7.1;28794
An Action Hero;movie;2022;130;Action;Anirudh Iyer;7.0;33342
Lubber Pandhu;movie;2024;146;Comedy;Tamizharasan Pachamuthu;8.1;8105
Miss Potter;movie;2006;88;Biography;Chris Noonan;7.0;33313
The Good Liar;movie;2019;109;Crime;Bill Condon;6.7;53092
Berserk: The Golden Age Arc II - The Battle for Doldrey;movie;2012;95;Action;Toshiyuki Kubooka;7.7;12919
Courage Under Fire;movie;1996;116;Action;Edward Zwick;6.6;62561
The Rookie;movie;2002;127;Drama;John Lee Hancock;6.9;38702
See You in Montevideo;movie;2014;141;Adventure;Dragan Bjelogrlic;8.1;8089
Le Havre;movie;2011;93;Comedy;Aki Kaurismäki;7.2;24904
Le Doulos;movie;1962;108;Crime;Jean-Pierre Melville;7.7;12905
Before the Fall;movie;2004;110;Drama;Dennis Gansel;7.4;18940
Thelma;movie;2017;116;Drama;Joachim Trier;6.9;38646
Stillwater;movie;2021;139;Crime;Tom McCarthy;6.6;62453
Forks Over Knives;movie;2011;90;Documentary;Lee Fulkerson;7.7;12896
The American;movie;2010;105;Crime;Anton Corbijn;6.3;105557
The Mothman Prophecies;movie;2002;119;Drama;Mark Pellington;6.4;88090
The Naked City;movie;1948;96;Crime;Jules Dassin;7.5;16579
The Lavender Hill Mob;movie;1951;78;Comedy;Charles Crichton;7.5;16557
LA 92;movie;2017;114;Crime;Daniel Lindsay;8.2;7224
Red Desert;movie;1964;117;Drama;Michelangelo Antonioni;7.4;18877
Stardust Memories;movie;1980;89;Comedy;Woody Allen;7.2;24813
The Strangers;movie;2008;86;Horror;Bryan Bertino;6.1;153827
The Legend Is Born: Ip Man;movie;2010;100;Action;Herman Yau;7.0;33117
Who Am I?;movie;1998;108;Action;Benny Chan;6.8;44966
Soldier of Orange;movie;1977;165;Drama;Paul Verhoeven;7.6;14556
West of Memphis;movie;2012;147;Crime;Amy Berg;7.8;11383
Operation Fortune: Ruse de Guerre;movie;2023;114;Action;Guy Ritchie;6.3;105191
Phoenix;movie;2014;98;Drama;Christian Petzold;7.3;21569
Can't Buy Me Love;movie;1987;94;Comedy;Steve Rash;6.8;44918
I Confess;movie;1953;95;Crime;Alfred Hitchcock;7.2;24760
The Salton Sea;movie;2002;103;Crime;D.J. Caruso;7.0;33050
Sans Soleil;movie;1983;100;Documentary;Chris Marker;7.7;12825
The Night Before;movie;2015;101;Comedy;Jonathan Levine;6.4;87556
Gargi;movie;2022;140;Drama;Gautham Ramachandran;8.1;8033
Two Mules for Sister Sara;movie;1970;116;Adventure;Don Siegel;7.0;32989
Fearless Coward;movie;1979;77;Comedy;Natuk Baytan;8.1;8029
Monsieur Hulot's Holiday;movie;1953;83;Comedy;Jacques Tati;7.3;21503
Bandits;movie;2001;123;Action;Barry Levinson;6.5;73372
Three Men and a Leg;movie;1997;100;Comedy;Aldo Baglio;7.7;12798
Polar;movie;2019;118;Action;Jonas Åkerlund;6.3;104666
Intolerable Cruelty;movie;2003;100;Comedy;Joel Coen;6.3;104641
Mother's Child;movie;2020;127;Drama;Swaylee Loughnane;8.3;6457
Kiss the Ground;movie;2020;84;Documentary;Joshua Tickell;8.1;8017
Kaminey;movie;2009;130;Action;Vishal Bhardwaj;7.4;18762
Matewan;movie;1987;135;Drama;John Sayles;7.9;10060
Harlan County U.S.A.;movie;1976;103;Documentary;Barbara Kopple;8.2;7176
Welcome;movie;2007;150;Comedy;Anees Bazmee;7.1;28391
The Boys from Brazil;movie;1978;125;Drama;Franklin J. Schaffner;7.0;32855
The Mountain Between Us;movie;2017;112;Drama;Hany Abu-Assad;6.4;87055
The Professional;movie;1981;108;Action;Georges Lautner;7.4;18687
Project Almanac;movie;2015;106;Drama;Dean Israelite;6.4;86885
Grey Gardens;movie;1975;95;Comedy;Ellen Hovde;7.5;16380
Take Off;movie;2017;139;Action;Mahesh Narayanan;8.1;7981
Minamata;movie;2020;115;Drama;Andrew Levitas;7.2;24524
Set It Up;movie;2018;105;Comedy;Claire Scanlon;6.5;72826
Magic in the Moonlight;movie;2014;97;Comedy;Woody Allen;6.5;72804
Department Q: The Absent One;movie;2014;119;Crime;Mikkel Nørgaard;7.1;28261
Star Trek: Nemesis;movie;2002;116;Action;Stuart Baird;6.4;86698
Thaniyavartanam;movie;1987;119;Drama;Sibi Malayil;8.9;3555
The Hand That Rocks the Cradle;movie;1992;110;Drama;Curtis Hanson;6.7;52091
The Fire Within;movie;1963;108;Drama;Louis Malle;7.8;11255
Suddenly, Last Summer;movie;1959;114;Drama;Joseph L. Mankiewicz;7.4;18634
Fireworks Wednesday;movie;2006;102;Drama;Asghar Farhadi;7.6;14383
Exodus: Gods and Kings;movie;2014;150;Action;Ridley Scott;6.0;184750
Repo Man;movie;1984;92;Comedy;Alex Cox;6.8;44345
The Enforcer;movie;1976;96;Action;James Fargo;6.7;52022
Tupac: Resurrection;movie;2003;112;Biography;Lauren Lazin;7.9;9995
The Game Plan;movie;2007;110;Comedy;Andy Fickman;6.3;103653
The Monster Squad;movie;1987;82;Action;Fred Dekker;6.9;37948
Detour;movie;1945;66;Crime;Edgar G. Ulmer;7.3;21288
Magic Mike;movie;2012;110;Comedy;Steven Soderbergh;6.1;151161
Robin Williams: Come Inside My Mind;movie;2018;116;Biography;Marina Zenovich;7.9;9981
Oasis;movie;2002;133;Drama;Lee Chang-dong;7.8;11229
Shadowlands;movie;1993;131;Biography;Richard Attenborough;7.3;21260
Masculine Feminine;movie;1966;103;Drama;;7.4;18575
Macbeth;movie;2015;113;Drama;Justin Kurzel;6.6;61137
The Old Man & the Gun;movie;2018;93;Biography;David Lowery;6.7;51822
Revenge of the Nerds;movie;1984;90;Comedy;Jeff Kanew;6.6;61079
Ennio;movie;2021;150;Biography;Giuseppe Tornatore;8.2;7112
Drunken Angel;movie;1948;102;Crime;Akira Kurosawa;7.6;14321
Pandora's Box;movie;1929;109;Crime;Georg Wilhelm Pabst;7.7;12647
The Best of Enemies;movie;2019;133;Biography;Robin Bissell;7.3;21202
Thondi Muthalum Driksakshiyum;movie;2017;135;Crime;Dileesh Pothan;8.0;8864
Practical Magic;movie;1998;104;Comedy;Griffin Dunne;6.3;102843
Mortal Engines;movie;2018;128;Action;Christian Rivers;6.1;150141
Juice;movie;1992;95;Action;Ernest R. Dickerson;7.0;32428
Camp X-Ray;movie;2014;117;Drama;Peter Sattler;6.8;44011
Baghban;movie;2003;181;Drama;Ravi Chopra;7.4;18490
The Honest One;movie;1984;90;Comedy;Ertem Egilmez;8.1;7906
Nothing to Lose;movie;1997;98;Action;Steve Oedekerk;6.7;51563
Fed Up;movie;2014;92;Documentary;Stephanie Soechtig;7.7;12599
A Tree Grows in Brooklyn;movie;1945;129;Drama;Elia Kazan;8.0;8841
Love Lies Bleeding;movie;2024;104;Crime;Rose Glass;6.6;60736
The Mummy;movie;1932;73;Fantasy;Karl Freund;7.0;32367
Cave of Forgotten Dreams;movie;2010;90;Documentary;Werner Herzog;7.4;18463
Little White Lies;movie;2010;154;Comedy;Guillaume Canet;7.1;27954
A Love Song for Bobby Long;movie;2004;119;Drama;Shainee Gabel;7.1;27949
Stolen Kisses;movie;1968;91;Comedy;François Truffaut;7.5;16189
Speak No Evil;movie;2022;97;Drama;Christian Tafdrup;6.6;60645
The Union: The Business Behind Getting High;movie;2007;104;Documentary;Brett Harvey;8.1;7886
Mamma Roma;movie;1962;110;Drama;Pier Paolo Pasolini;7.8;11136
Final Fantasy: The Spirits Within;movie;2001;106;Action;Hironobu Sakaguchi;6.4;85430
Abbott and Costello Meet Frankenstein;movie;1948;83;Comedy;Charles Barton;7.3;21048
Oddity;movie;2024;98;Horror;Damian Mc Carthy;6.7;51321
Mondays in the Sun;movie;2002;113;Comedy;Fernando León de Aranoa;7.5;16133
Godfather;movie;1991;150;Comedy;Lal;8.6;4672
State of Grace;movie;1990;134;Action;Phil Joanou;7.1;27825
Arabesque;movie;1989;92;Comedy;Ertem Egilmez;8.0;8798
The Little Fox;movie;1981;79;Adventure;Attila Dargay;8.3;6335
Novocaine;movie;2025;110;Action;Dan Berk;6.5;71534
Catch-22;movie;1970;122;Comedy;Mike Nichols;7.1;27812
See How They Run;movie;2022;98;Comedy;Tom George;6.5;71508
Immortals;movie;2011;110;Action;Tarsem Singh;6.0;181463
Armour of God 2: Operation Condor;movie;1991;80;Action;Jackie Chan;7.2;24111
Omar;movie;2013;98;Crime;Hany Abu-Assad;7.5;16097