Fecha,Apertura,Cierre,Maximo,Minimo,Volumen
2015-11-02,100.25,99.99,100.3,99.94,602074
2015-11-03,100.13,102.2,103.26,99.22,987134
2015-11-04,101.96,101.07,102.45,100.73,1541852
2015-11-05,100.85,99.43,102.17,99.09,1450774
2015-11-06,99.16,99.47,99.48,98.93,2009349
2015-11-09,99.17,101.15,102.49,98.8,1491661
2015-11-10,101.57,99.22,103.22,98.66,2407141
2015-11-11,99.33,101.22,101.45,99.27,1176272
2015-11-12,100.47,99.18,100.84,98.46,802478
2015-11-13,99.47,101.41,101.65,98.32,805311
2015-11-16,101.58,103.76,104.16,101.16,1936298
2015-11-17,104.19,105.03,105.44,103.76,1449707
2015-11-18,105.01,108.54,108.64,104.58,730782
2015-11-19,107.77,110.27,111.44,105.85,2013699
2015-11-20,109.83,109.01,110.71,107.8,1832214
2015-11-23,109.76,110.45,110.52,109.61,1212338
2015-11-24,110.61,111.52,111.99,110.36,735268
2015-11-25,111.77,111.75,111.79,111.73,1961925
2015-11-26,110.67,110.98,111.08,110.59,593023
2015-11-27,111.24,111.05,111.31,110.91,878175
2015-11-30,111.68,113.76,114.98,109.59,1720528
2015-12-01,113.26,113.86,113.97,113.24,1459729
2015-12-02,112.98,113.58,113.89,112.8,2005830
2015-12-03,113.35,111.81,115.91,111.06,1693125
2015-12-04,111.94,115.34,115.61,109.3,2412790
2015-12-07,114.51,117.74,122.34,109.95,2140795
2015-12-08,117.34,118.41,119.62,117.32,712158
2015-12-09,118.52,116.19,119.29,113.74,1023929
2015-12-10,116.86,115.51,118.44,114.15,714548
2015-12-11,114.72,113.53,115.64,111.43,1597586
2015-12-14,113.53,117.42,118.36,110.05,1236449
2015-12-15,117.44,117.74,118.29,116.92,1082256
2015-12-16,118.02,118.49,118.74,117.7,1847715
2015-12-17,117.95,117.4,118.67,116.8,675857
2015-12-18,117.43,115.42,119.69,113.15,1217111
2015-12-21,115.94,115.22,117.12,114.56,1329813
2015-12-22,115.55,118.87,123.88,113.65,1368972
2015-12-23,118.97,117.67,119.82,117.22,1538073
2015-12-24,117.39,120.69,123.95,116.48,1837139
2015-12-25,122.13,127.42,135.62,117.79,1410772
2015-12-28,127.0,130.0,130.04,125.21,2168295
2015-12-29,129.5,134.67,135.62,127.41,2199574
2015-12-30,133.82,137.19,140.19,130.5,1413927
2015-12-31,136.69,134.14,136.84,134.08,665651
2016-01-01,134.44,137.47,138.44,133.51,931384
2016-01-04,136.1,133.55,136.27,132.15,1709139
2016-01-05,134.32,135.34,135.39,133.84,580467
2016-01-06,135.77,137.13,138.07,135.1,1449971
2016-01-07,137.02,139.67,140.64,136.68,777100
2016-01-08,139.33,140.98,141.05,136.96,1032047
2016-01-11,141.24,140.38,142.38,139.13,978951
2016-01-12,140.77,139.88,141.49,139.23,1769311
2016-01-13,140.26,140.82,141.3,139.78,680731
2016-01-14,140.83,144.6,147.9,139.39,654341
2016-01-15,144.83,145.65,146.35,144.34,992727
2016-01-18,146.53,144.24,149.57,143.89,1435307
2016-01-19,144.29,143.56,144.77,143.4,750992
2016-01-20,144.0,149.14,151.39,143.76,2351196
2016-01-21,148.79,150.76,152.22,147.34,1947274
2016-01-22,150.26,155.66,160.68,146.45,2527467
2016-01-25,155.64,153.89,155.76,153.64,752329
2016-01-26,154.87,158.63,161.38,152.78,2241201
2016-01-27,158.81,160.28,162.17,157.79,1577387
2016-01-28,159.93,167.33,176.51,159.47,1347697
2016-01-29,169.16,167.97,169.59,167.65,1472139
2016-02-01,166.37,169.11,169.79,162.56,2019277
2016-02-02,167.99,175.7,176.33,167.62,1553586
2016-02-03,175.96,173.75,179.61,170.12,1354459
2016-02-04,172.36,171.92,173.01,171.13,2045998
2016-02-05,173.23,175.95,177.15,171.05,802959
2016-02-08,176.06,179.55,182.81,174.17,803373
2016-02-09,179.77,188.86,198.78,173.35,2019699
2016-02-10,188.63,194.12,196.37,186.78,2009052
2016-02-11,193.7,194.25,194.59,193.47,1189552
2016-02-12,193.99,198.67,201.78,189.11,2226370
2016-02-15,198.66,203.78,209.74,195.66,1248942
2016-02-16,202.45,207.16,207.58,201.95,873048
2016-02-17,206.02,210.07,213.62,201.03,907697
2016-02-18,209.51,208.28,209.61,207.92,857239
2016-02-19,208.34,200.91,211.66,198.3,844661
2016-02-22,200.8,201.92,202.26,200.41,1114963
2016-02-23,204.32,205.11,205.81,204.29,912478
2016-02-24,205.7,209.05,209.52,203.75,1510880
2016-02-25,208.21,206.55,208.49,206.36,1070271
2016-02-26,208.29,214.07,214.7,204.41,1763618
2016-02-29,213.6,222.53,225.53,208.26,1923074
2016-03-01,220.98,225.71,226.56,220.42,947032
2016-03-02,224.78,224.62,224.83,224.58,1987599
2016-03-03,224.35,222.57,226.97,221.74,816442
2016-03-04,223.16,226.36,227.58,219.81,892668
2016-03-07,225.5,219.66,226.07,216.58,1174399
2016-03-08,218.41,221.81,222.04,216.92,810892
2016-03-09,222.93,222.63,223.27,222.37,1223295
2016-03-10,220.66,218.36,224.54,217.86,1762922
2016-03-11,218.45,220.0,220.38,216.28,859369
2016-03-14,219.65,220.49,221.15,219.2,1885113
2016-03-15,221.82,222.26,222.49,221.67,1654235
2016-03-16,220.51,222.82,224.17,218.25,1587049
2016-03-17,221.17,228.48,236.14,214.58,2448809
2016-03-18,227.92,232.07,234.77,227.8,1601505
2016-03-21,232.63,236.53,237.28,226.91,807216
2016-03-22,238.05,238.34,238.51,237.88,1479056
2016-03-23,238.83,250.19,252.29,228.31,2029414
2016-03-24,249.08,239.99,252.97,236.64,1934156
2016-03-25,240.12,246.0,253.84,238.43,1698645
2016-03-28,244.35,256.0,276.51,234.37,989224
2016-03-29,256.08,264.21,264.7,253.08,2245941
2016-03-30,265.34,255.64,268.77,248.35,1609133
2016-03-31,255.31,250.14,257.28,248.48,2251525
2016-04-01,251.49,244.66,253.84,244.03,2468598
2016-04-04,244.33,241.3,247.38,237.69,675257
2016-04-05,240.35,245.91,246.77,240.19,1487563
2016-04-06,245.04,247.91,249.68,243.54,1230161
2016-04-07,246.45,249.8,255.48,244.2,1029353
2016-04-08,248.41,259.47,265.28,243.06,781271
2016-04-11,258.55,257.22,258.63,256.65,807523
2016-04-12,255.65,261.67,265.44,251.18,2156969
2016-04-13,263.83,260.96,266.25,260.92,696674
2016-04-14,261.38,257.24,267.61,254.64,1030015
2016-04-15,258.93,252.21,262.88,246.88,1453845
2016-04-18,252.48,254.26,255.37,251.86,1972322
2016-04-19,253.84,262.94,267.39,248.63,1204823
2016-04-20,263.16,264.53,264.83,262.69,554867
2016-04-21,262.37,267.56,273.93,260.79,618757
2016-04-22,267.91,275.5,277.49,257.52,1447711
2016-04-25,276.02,265.31,281.95,264.65,1949987
2016-04-26,264.5,259.3,268.36,257.71,1614811
2016-04-27,262.0,262.6,262.81,261.97,913885
2016-04-28,261.84,264.65,265.96,258.82,730665
2016-04-29,264.89,265.28,265.55,264.74,1754306
2016-05-02,266.12,273.45,277.11,265.19,2392364
2016-05-03,271.64,272.58,273.82,270.28,1539414
2016-05-04,273.72,278.38,279.65,268.03,2242622
2016-05-05,279.52,282.43,283.77,275.36,2160518
2016-05-06,282.38,288.38,291.77,273.58,673621
2016-05-09,286.36,291.38,293.53,285.3,1865463
2016-05-10,291.1,290.7,291.32,290.27,1854547
2016-05-11,288.74,294.22,294.43,280.08,1538959
2016-05-12,293.46,303.83,316.89,278.75,2236354
2016-05-13,301.27,292.79,302.08,290.21,1192849
2016-05-16,291.32,288.86,292.6,288.3,1167519
2016-05-17,287.31,293.18,294.06,283.2,2190109
2016-05-18,293.11,299.01,303.4,292.08,2299522
2016-05-19,300.76,312.46,314.21,298.57,1083170
2016-05-20,311.47,320.86,337.07,294.45,2593105
2016-05-23,320.26,314.74,321.57,307.79,980867
2016-05-24,315.06,307.43,316.02,298.26,1115973
2016-05-25,308.26,316.78,318.98,306.26,1135427
2016-05-26,316.73,329.94,337.43,315.89,2517850
2016-05-27,324.2,320.39,326.49,315.91,1506827
2016-05-30,321.33,320.79,322.0,320.11,1588472
2016-05-31,321.6,328.85,336.63,319.96,2231623
2016-06-01,328.57,331.25,331.95,325.03,1890957
2016-06-02,330.88,332.58,334.97,329.35,935526
2016-06-03,333.66,349.74,357.82,327.91,2881650
2016-06-06,351.85,343.39,357.04,339.58,746487
2016-06-07,345.23,339.74,347.84,335.06,659056
2016-06-08,340.37,338.31,340.72,337.77,1755724
2016-06-09,337.37,351.52,363.55,324.62,1058040
2016-06-10,352.66,361.09,364.66,349.22,1127364
2016-06-13,362.26,362.99,363.41,361.97,2015737
2016-06-14,364.62,364.51,364.62,364.45,1055895
2016-06-15,364.36,373.84,380.25,358.63,2087393
2016-06-16,374.7,380.57,380.7,370.94,1648177
2016-06-17,380.4,392.63,398.4,376.78,1058260
2016-06-20,391.18,392.31,393.13,390.86,1217138
2016-06-21,391.42,373.63,403.02,359.28,2428791
2016-06-22,373.59,370.39,376.31,369.99,1355242
2016-06-23,373.17,380.72,381.99,371.16,759654
2016-06-24,380.21,380.51,380.56,380.02,1546462
2016-06-27,379.43,384.67,386.86,377.0,622950
2016-06-28,388.15,391.78,396.35,386.22,1883170
2016-06-29,394.36,396.71,398.53,391.84,659597
2016-06-30,394.67,391.22,397.22,388.37,1716769
2016-07-01,391.29,392.89,393.06,391.22,922674
2016-07-04,395.03,394.75,395.22,394.59,1064038
2016-07-05,395.19,404.0,410.8,382.98,2263425
2016-07-06,400.7,396.58,402.32,391.78,1596283
2016-07-07,395.34,398.86,400.04,393.78,2131452
2016-07-08,399.5,397.5,401.02,396.73,1335945
2016-07-11,399.79,386.14,414.17,382.31,1992192
2016-07-12,388.27,382.96,392.99,380.51,693752
2016-07-13,383.11,373.39,390.4,369.18,1787202
2016-07-14,371.83,375.75,377.35,370.38,1339762
2016-07-15,376.47,379.69,380.89,375.82,982076
2016-07-18,379.78,374.48,380.14,373.14,2166202
2016-07-19,374.63,359.51,385.4,348.97,712134
2016-07-20,359.76,362.82,364.68,358.0,1627761
2016-07-21,364.83,356.98,376.33,355.86,1833684
2016-07-22,358.89,357.39,360.83,355.21,1588560
2016-07-25,361.69,360.89,361.72,359.87,1568361
2016-07-26,358.94,363.3,366.39,358.44,1667103
2016-07-27,363.18,365.06,366.84,360.86,1911685
2016-07-28,361.98,354.65,371.55,344.64,1386967
2016-07-29,354.38,354.65,354.7,354.33,1102618
2016-08-01,353.08,363.37,366.66,351.08,787458
2016-08-02,366.36,372.99,376.0,359.51,1510212
2016-08-03,372.14,371.16,372.56,370.55,1334861
2016-08-04,373.73,377.04,382.03,373.63,863991
2016-08-05,376.56,378.54,379.63,376.15,686423
2016-08-08,375.34,373.57,376.7,372.65,1012551
2016-08-09,376.4,381.12,381.77,375.44,1712643
2016-08-10,381.32,369.97,385.57,368.05,2522951
2016-08-11,372.56,370.79,373.19,369.84,1468889
2016-08-12,370.88,369.93,371.36,369.6,1805302
2016-08-15,369.42,373.65,375.6,363.59,1265857
2016-08-16,372.4,373.09,373.57,372.26,1635220
2016-08-17,372.43,374.36,375.03,371.8,1388640
2016-08-18,373.32,361.59,387.75,359.59,2027544
2016-08-19,358.99,343.75,382.23,340.74,934694
2016-08-22,344.73,354.46,354.98,339.34,1010181
2016-08-23,352.51,345.91,354.58,345.64,2018847
2016-08-24,346.32,333.93,356.06,328.0,1356939
2016-08-25,335.09,346.53,347.36,327.39,2597491
2016-08-26,347.47,339.35,348.49,334.59,2015921
2016-08-29,341.58,331.55,346.03,323.97,942686
2016-08-30,333.56,332.76,333.66,331.89,708160
2016-08-31,333.59,335.69,336.04,333.29,1105437
2016-09-01,332.6,334.15,335.23,331.67,1966301
2016-09-02,334.57,332.66,336.01,332.48,1824388
2016-09-05,334.19,330.32,339.43,328.3,693474
2016-09-06,328.35,324.09,332.6,321.3,1959000
2016-09-07,324.05,327.38,328.34,321.29,1210943
2016-09-08,326.77,318.26,327.39,313.84,1669241
2016-09-09,318.15,319.23,319.83,318.0,1510887
2016-09-12,320.09,309.81,320.55,303.97,1571730
2016-09-13,310.04,305.91,310.55,305.48,1082205
2016-09-14,306.37,300.47,313.81,294.39,1697039
2016-09-15,301.89,290.86,303.54,279.73,1603840
2016-09-16,290.13,281.31,301.39,269.51,673465
2016-09-19,280.5,263.98,291.68,261.97,2070375
2016-09-20,262.67,260.62,264.72,260.38,1328631
2016-09-21,260.04,253.54,263.01,250.42,1486504
2016-09-22,253.9,253.07,254.34,252.1,1194309
2016-09-23,253.92,249.54,257.68,244.35,1746452
2016-09-26,249.88,251.97,252.62,249.69,1740307
2016-09-27,254.5,253.23,255.08,253.17,637301
2016-09-28,252.21,256.78,260.41,249.11,918811
2016-09-29,258.31,259.97,260.04,257.45,1003839
2016-09-30,260.76,265.5,265.96,258.4,1964073
2016-10-03,266.1,275.46,290.05,260.75,2662591
2016-10-04,277.46,285.16,293.85,275.77,1286976
2016-10-05,283.68,270.16,301.77,265.54,1007353
2016-10-06,270.44,267.28,272.84,264.74,1976896
2016-10-07,267.05,266.29,267.82,265.63,1712052
2016-10-10,264.91,265.3,266.03,264.88,758259
2016-10-11,265.83,260.07,268.22,256.09,1946045
2016-10-12,263.06,266.42,268.21,260.87,2041109
2016-10-13,268.13,269.38,269.4,267.77,1663601
2016-10-14,271.12,266.41,275.71,262.55,917666
2016-10-17,268.01,262.34,270.2,262.24,1960972
2016-10-18,260.44,252.32,267.25,244.58,1380305
2016-10-19,254.5,250.16,256.87,247.66,1807056
2016-10-20,251.62,246.43,255.06,241.83,720377
2016-10-21,248.33,256.01,263.3,239.65,1184414
2016-10-24,256.0,260.35,261.2,253.99,1826726
2016-10-25,260.46,265.73,266.98,258.81,760955
2016-10-26,266.37,256.6,284.58,244.06,1547011
2016-10-27,258.17,258.74,259.28,257.92,1388039
2016-10-28,257.12,256.48,257.14,256.46,1791012
2016-10-31,256.66,245.14,262.37,235.69,2620850
2016-11-01,244.69,244.32,244.9,244.26,630249
2016-11-02,244.29,250.61,258.32,242.69,1781458
2016-11-03,251.1,245.81,251.81,245.23,1117897
2016-11-04,244.73,238.32,246.25,234.07,1482098
2016-11-07,237.7,235.33,238.31,232.99,1227726
2016-11-08,236.2,232.58,241.41,229.55,2197087
2016-11-09,232.45,227.39,240.39,225.31,1804082
2016-11-10,227.72,219.33,237.72,213.58,918550
2016-11-11,218.86,214.35,223.35,210.17,810510
2016-11-14,214.81,215.7,216.44,214.7,1236161
2016-11-15,214.33,211.99,217.11,210.07,1239799
2016-11-16,212.64,219.32,226.14,208.76,759253
2016-11-17,218.63,219.12,219.24,218.35,1308108
2016-11-18,219.48,216.22,220.88,213.57,2270701
2016-11-21,216.16,210.86,219.6,210.13,1848972
2016-11-22,210.41,213.19,214.29,207.58,1053519
2016-11-23,213.57,217.33,219.86,207.74,1528305
2016-11-24,217.86,212.05,222.72,206.91,1159584
2016-11-25,211.47,207.23,212.42,204.46,1708309
2016-11-28,207.25,211.09,215.35,204.36,1720939
2016-11-29,209.84,206.73,212.03,203.73,2107172
2016-11-30,206.93,203.47,212.0,200.12,1827460
2016-12-01,203.16,193.25,207.37,187.43,2591952
2016-12-02,192.28,188.49,192.95,186.91,853560
2016-12-05,187.87,178.44,196.51,173.53,2646558
2016-12-06,178.8,177.0,179.64,176.6,1683100
2016-12-07,176.65,176.82,176.92,176.54,1281208
2016-12-08,175.93,171.88,178.46,168.25,2223029
2016-12-09,172.5,173.18,173.72,172.1,1393094
2016-12-12,173.06,168.06,177.97,164.65,2532803
2016-12-13,167.91,163.17,174.9,161.04,2291492
2016-12-14,163.59,161.22,163.66,157.33,1820276
2016-12-15,161.94,158.74,162.59,154.66,1570266
2016-12-16,158.56,156.0,159.49,154.15,1098761
2016-12-19,156.82,152.68,163.36,147.55,1756723
2016-12-20,152.6,150.7,153.21,149.66,2005286
2016-12-21,150.15,148.9,150.35,148.74,2018615
2016-12-22,149.63,149.79,149.91,149.53,986147
2016-12-23,150.9,148.5,152.85,145.82,1676901
2016-12-26,149.72,150.63,150.75,149.28,1306196
2016-12-27,150.95,150.07,151.67,149.16,641774
2016-12-28,149.51,144.27,149.93,143.45,2642783
2016-12-29,144.11,136.92,146.97,134.81,1910973
2016-12-30,136.71,133.5,138.95,132.22,2343545
2017-01-02,132.98,131.35,133.36,130.79,2033314
2017-01-03,132.6,131.34,132.84,130.99,1240264
2017-01-04,131.88,130.33,132.57,128.51,2160956
2017-01-05,130.01,129.34,130.25,129.07,706370
2017-01-06,128.8,122.08,130.72,118.64,922980
2017-01-09,121.94,119.4,124.54,118.01,1681051
2017-01-10,119.52,120.4,120.57,118.26,643947
2017-01-11,119.71,119.05,119.93,118.69,1441179
2017-01-12,117.89,118.72,119.76,117.03,1225831
2017-01-13,118.01,119.3,120.27,116.28,1922740
2017-01-16,118.21,115.7,119.81,113.83,1857943
2017-01-17,115.07,113.29,116.2,112.85,844858
2017-01-18,113.32,112.15,113.41,111.66,1067007
2017-01-19,112.69,115.54,117.87,111.62,1920025
2017-01-20,115.51,112.07,119.69,110.4,725096
2017-01-23,112.02,110.43,112.66,110.04,1066248
2017-01-24,110.38,110.15,110.64,109.83,951929
2017-01-25,110.09,110.36,110.5,110.05,1362887
2017-01-26,111.22,111.07,111.28,111.02,802928
2017-01-27,110.98,109.23,112.87,108.05,1586023
2017-01-30,109.14,106.05,110.67,102.27,2335637
2017-01-31,106.64,110.17,111.29,106.52,1615724
2017-02-01,109.33,109.22,109.49,109.1,1823853
2017-02-02,109.39,107.9,110.08,105.7,2175901
2017-02-03,107.84,104.7,111.15,102.44,1371695
2017-02-06,104.23,102.3,105.3,101.27,1618929
2017-02-07,102.91,101.67,104.52,101.33,743850
2017-02-08,101.57,103.35,103.55,98.68,1377832
2017-02-09,104.56,104.43,104.59,104.39,1602583
2017-02-10,104.03,104.37,104.65,103.93,842771
2017-02-13,104.09,105.38,107.11,102.55,802943
2017-02-14,105.8,106.92,108.47,104.68,699474
2017-02-15,106.48,105.96,106.52,105.76,699134
2017-02-16,104.95,104.95,104.96,104.95,575354
2017-02-17,104.87,102.95,105.33,101.64,2240415
2017-02-20,103.38,102.57,103.6,101.94,2122588
2017-02-21,101.72,103.78,105.04,101.01,1411958
2017-02-22,104.72,106.93,107.75,102.31,2100353
2017-02-23,107.06,109.62,111.04,106.56,1542808
2017-02-24,109.24,107.98,109.78,107.75,557741
2017-02-27,107.64,107.34,107.67,106.93,520135
2017-02-28,107.78,105.59,108.29,105.2,2122810
2017-03-01,106.13,104.42,107.92,103.68,2259529
2017-03-02,104.56,103.06,105.58,101.92,579086
2017-03-03,103.33,101.38,106.22,97.78,1846369
2017-03-06,101.07,100.2,101.13,99.73,2102706
2017-03-07,98.78,98.6,98.83,98.54,589118
2017-03-08,98.37,101.03,102.04,95.27,1535292
2017-03-09,100.9,101.45,101.68,100.79,1558286
2017-03-10,101.01,103.11,104.75,100.55,2217906
2017-03-13,102.66,99.61,103.71,99.06,2274706
2017-03-14,99.49,97.38,100.73,95.99,624097
2017-03-15,97.64,97.45,97.74,97.22,1692357
2017-03-16,97.66,97.61,97.69,97.58,684328
2017-03-17,98.08,96.55,98.67,96.55,1098390
2017-03-20,96.63,96.67,96.68,96.61,1676866
2017-03-21,95.57,93.73,95.82,93.46,1461463
2017-03-22,93.65,96.73,102.36,88.96,2641355
2017-03-23,96.99,97.08,97.1,96.98,717658
2017-03-24,97.7,98.8,99.44,97.2,1203469
2017-03-27,98.22,99.91,100.83,96.73,2150692
2017-03-28,99.75,100.09,100.2,99.67,725445
2017-03-29,100.11,101.34,102.38,99.99,1023826
2017-03-30,101.24,104.1,104.24,100.7,1497687
2017-03-31,104.33,105.2,105.53,102.73,2158163
2017-04-03,104.36,105.44,105.55,103.43,2175298
2017-04-04,105.73,104.63,107.74,103.53,2169885
2017-04-05,104.29,105.46,105.92,103.12,1667570
2017-04-06,105.58,103.21,105.62,103.18,1268237
2017-04-07,102.57,103.99,105.82,102.32,1301395
2017-04-10,103.98,103.16,104.13,102.95,2025872
2017-04-11,102.83,105.76,110.16,98.28,1755279
2017-04-12,106.39,105.37,106.89,104.47,943001
2017-04-13,105.38,103.63,105.42,103.46,2099708
2017-04-14,102.83,107.18,111.38,101.26,1464814
2017-04-17,107.08,109.35,110.72,106.51,1680754
2017-04-18,109.05,107.13,109.16,107.02,2247269
2017-04-19,105.73,106.48,106.92,104.82,1774026
2017-04-20,105.98,107.22,107.68,105.28,621569
2017-04-21,107.4,110.43,112.15,107.01,1225965
2017-04-24,109.02,103.08,118.17,100.96,2308452
2017-04-25,103.43,104.77,105.19,102.51,1949575
2017-04-26,104.53,102.57,107.84,100.03,1294595
2017-04-27,103.46,105.91,108.19,102.92,2066176
2017-04-28,106.21,106.88,107.24,106.03,1671281
2017-05-01,106.67,107.68,108.14,105.49,1904852
2017-05-02,108.26,110.91,114.37,104.63,2230947
2017-05-03,111.37,110.52,111.66,109.67,1921229
2017-05-04,111.11,113.73,116.23,109.19,920311
2017-05-05,114.12,116.63,117.77,114.11,1897592
2017-05-08,116.6,118.26,120.37,115.18,2228562
2017-05-09,118.26,117.33,118.56,115.99,1434063
2017-05-10,116.75,116.73,116.75,116.72,1809725
2017-05-11,117.35,119.45,121.18,114.83,2192646
2017-05-12,119.49,118.65,119.78,118.15,1071668
2017-05-15,118.28,122.6,124.67,115.14,2086874
2017-05-16,122.34,122.68,123.09,121.9,1488410
2017-05-17,122.45,119.96,122.91,119.51,1381703
2017-05-18,119.17,120.1,120.35,118.7,1679096
2017-05-19,118.99,117.55,119.26,116.92,1012496
2017-05-22,118.1,115.84,118.35,115.6,2296096
2017-05-23,115.53,115.67,115.81,115.47,529316
2017-05-24,116.36,119.52,120.34,114.53,2286873
2017-05-25,119.85,121.5,123.1,118.29,1265441
2017-05-26,121.52,121.76,122.03,121.41,1794419
2017-05-29,122.11,120.5,122.12,120.04,723147
2017-05-30,120.69,122.03,122.55,119.82,570737
2017-05-31,123.1,127.42,130.08,122.76,1079199
2017-06-01,127.65,130.06,130.51,127.08,1036303
2017-06-02,130.02,129.16,130.84,129.06,2054940
2017-06-05,129.42,131.6,133.86,128.59,1665358
2017-06-06,132.17,135.57,136.32,130.29,1729915
2017-06-07,134.4,136.24,138.51,131.73,1343616
2017-06-08,135.33,138.31,139.81,133.13,2323146
2017-06-09,137.98,134.22,139.77,134.02,1573471
2017-06-12,133.89,138.87,139.58,133.18,831116
2017-06-13,139.25,137.53,141.27,137.2,1049040
2017-06-14,136.78,135.69,137.29,135.19,1881864
2017-06-15,135.24,139.12,141.57,132.58,1620080
2017-06-16,138.96,137.81,139.24,136.56,1641353
2017-06-19,137.93,139.6,140.78,137.62,1693233
2017-06-20,139.99,138.66,140.13,138.66,1727714
2017-06-21,138.74,144.82,144.9,138.11,2641876
2017-06-22,144.31,141.98,145.32,140.81,1007869
2017-06-23,141.88,141.49,142.19,141.3,1371632
2017-06-26,140.37,136.39,144.69,135.33,1605004
2017-06-27,137.08,137.69,137.78,136.6,705978
2017-06-28,137.08,137.24,137.29,136.96,816139
2017-06-29,135.4,137.38,137.61,133.81,1537079
2017-06-30,138.38,142.46,143.97,137.26,2270461
2017-07-03,142.71,145.04,146.89,141.66,901704
2017-07-04,144.46,145.67,147.52,144.05,650582
2017-07-05,145.47,149.61,150.15,140.22,785271
2017-07-06,150.51,150.49,150.53,150.48,831066
2017-07-07,149.55,146.61,150.99,144.38,1776716
2017-07-10,147.09,145.19,147.87,144.44,1493555
2017-07-11,146.2,148.86,151.21,145.57,1780503
2017-07-12,149.91,153.48,156.01,147.78,2307030
2017-07-13,153.9,159.87,166.21,146.98,1019744
2017-07-14,161.32,162.23,162.46,161.14,868723
2017-07-17,162.92,164.04,164.11,162.3,1148289
2017-07-18,164.46,169.5,172.68,163.25,2494076
2017-07-19,168.3,173.72,176.68,167.37,1841401
2017-07-20,174.45,171.92,177.67,171.13,724503
2017-07-21,171.1,177.75,178.69,170.98,2525121
2017-07-24,178.06,174.29,179.88,169.23,2219402
2017-07-25,174.88,175.64,176.75,174.55,1424203
2017-07-26,176.3,180.26,182.17,175.98,1367414
2017-07-27,181.35,181.04,181.55,180.97,530688
2017-07-28,181.6,188.28,191.4,179.29,1839957
2017-07-31,189.19,192.37,196.7,185.89,1359228
2017-08-01,191.59,199.42,209.56,181.44,1426776
2017-08-02,197.95,200.53,203.84,193.86,1777751
2017-08-03,199.94,202.47,205.07,198.51,2155154
2017-08-04,202.48,199.37,205.59,198.05,846861
2017-08-07,200.6,209.41,215.65,191.44,2526932
2017-08-08,209.95,217.68,228.58,196.91,1783779
2017-08-09,214.93,215.84,216.18,213.79,1433050
2017-08-10,213.96,220.9,222.5,213.64,1867337
2017-08-11,219.65,224.61,226.39,212.96,1139765
2017-08-14,224.93,227.54,227.83,223.38,670194
2017-08-15,227.31,226.2,227.51,225.78,946657
2017-08-16,224.28,224.46,224.51,224.24,700019
2017-08-17,223.59,220.03,224.04,218.33,834974
2017-08-18,221.0,221.53,221.69,220.91,1377051
2017-08-21,221.13,224.66,225.3,218.36,1055792
2017-08-22,223.71,225.81,227.47,223.59,1233995
2017-08-23,227.78,228.56,229.47,226.77,1004102
2017-08-24,229.96,232.84,234.81,228.92,1388878
2017-08-25,232.78,242.98,249.47,217.36,1596900
2017-08-28,242.35,235.18,243.32,230.48,989026
2017-08-29,237.41,247.43,250.8,229.3,1504485
2017-08-30,246.32,250.66,251.61,245.58,910756
2017-08-31,249.98,256.53,263.84,248.15,1339946
2017-09-01,255.84,264.38,274.01,246.77,1017153
2017-09-04,262.92,268.97,271.71,260.04,616316
2017-09-05,269.37,273.91,275.03,266.0,1199639
2017-09-06,273.86,271.41,274.26,271.13,933863
2017-09-07,271.32,278.64,280.5,265.47,1453862
2017-09-08,277.91,288.15,288.39,276.32,1383196
2017-09-11,291.62,295.55,298.03,291.38,626655
2017-09-12,292.47,305.17,305.4,288.24,1228074
2017-09-13,305.55,302.79,306.34,301.11,1186282
2017-09-14,301.98,306.79,309.58,299.65,2195414
2017-09-15,305.81,307.45,308.94,303.61,897177
2017-09-18,307.15,309.39,312.53,306.25,1520575
2017-09-19,307.58,317.24,333.66,293.86,1204068
2017-09-20,318.63,330.69,334.65,317.71,1604705
2017-09-21,329.33,323.81,331.28,319.91,2209892
2017-09-22,324.34,319.55,328.52,314.86,998509
2017-09-25,322.86,323.07,323.26,322.56,1736990
2017-09-26,321.54,335.33,357.91,298.62,1387446
2017-09-27,333.48,342.27,344.6,330.55,2206387
2017-09-28,342.87,341.61,343.44,341.26,1445164
2017-09-29,339.55,340.52,341.68,339.11,1645319
2017-10-02,341.45,345.38,348.86,336.68,1225815
2017-10-03,346.18,352.25,356.09,345.2,2316210
2017-10-04,354.92,361.78,367.21,353.87,905363
2017-10-05,358.62,365.36,376.82,355.6,2321986
2017-10-06,361.88,358.19,363.35,357.21,925278
2017-10-09,355.65,362.76,368.83,349.6,1458789
2017-10-10,360.42,352.79,362.0,352.15,1454107
2017-10-11,354.97,356.86,358.51,353.29,1134492
2017-10-12,353.53,353.08,353.81,352.87,1313751
2017-10-13,353.03,351.66,353.7,350.66,1395735
2017-10-16,351.05,354.44,355.84,348.91,1636629
2017-10-17,354.06,351.75,356.18,349.68,1510023
2017-10-18,349.34,346.46,350.56,344.46,1609668
2017-10-19,346.18,343.49,347.81,343.4,1216509
2017-10-20,340.88,345.01,351.32,339.43,2050677
2017-10-23,347.37,359.22,369.48,334.3,1532521
2017-10-24,360.62,366.55,372.15,351.86,1335518
2017-10-25,367.89,368.24,368.55,367.57,971980
2017-10-26,364.9,372.29,372.34,358.32,2343726
2017-10-27,375.1,371.76,379.16,366.99,1198381
2017-10-30,370.44,378.55,381.19,367.56,1867428
2017-10-31,379.39,372.41,383.06,369.61,876656
2017-11-01,371.85,364.51,372.98,359.19,778623
2017-11-02,362.45,366.51,368.32,360.33,781945
2017-11-03,367.41,366.3,367.47,366.25,1401827
2017-11-06,365.65,366.51,366.86,365.51,573644
2017-11-07,363.34,375.6,380.04,351.89,1213295
2017-11-08,375.14,382.37,384.15,371.68,2037810
2017-11-09,381.02,376.93,381.76,373.44,1114146
2017-11-10,378.21,373.61,380.73,371.71,1224524
2017-11-13,371.3,373.3,375.89,370.78,762778
2017-11-14,371.79,362.91,372.56,362.44,1347758
2017-11-15,361.19,366.62,370.9,356.87,1088016
2017-11-16,365.76,356.3,377.55,346.69,2185826
2017-11-17,354.33,352.88,355.34,352.47,647299
2017-11-20,353.95,362.68,367.22,346.6,1781540
2017-11-21,359.89,347.15,374.49,343.69,2575105
2017-11-22,348.76,353.25,353.37,342.63,632326
2017-11-23,351.57,347.46,354.7,347.08,769487
2017-11-24,346.67,353.45,359.15,340.23,1629807
2017-11-27,350.53,347.38,352.36,346.76,1567160
2017-11-28,345.97,351.35,353.62,342.79,655651
2017-11-29,349.86,359.01,364.76,341.8,656676
2017-11-30,358.68,356.73,359.88,355.18,803430
2017-12-01,358.52,349.82,362.98,346.93,1672620
2017-12-04,348.47,348.7,348.81,348.17,1117204
2017-12-05,349.47,344.51,353.92,338.76,1927783
2017-12-06,346.55,354.7,354.7,344.45,1021302
2017-12-07,356.8,367.1,371.03,355.05,1929783
2017-12-08,363.48,368.62,371.36,360.45,1683133
2017-12-11,368.22,361.72,369.51,361.72,1845311
2017-12-12,359.37,353.78,365.6,346.78,1558193
2017-12-13,352.26,352.28,352.29,352.25,860844
2017-12-14,351.78,347.17,355.26,345.6,1467919
2017-12-15,349.38,351.43,352.22,348.06,1612598
2017-12-18,350.04,346.87,351.31,345.35,1691279
2017-12-19,347.79,349.88,351.94,347.17,570816
2017-12-20,349.08,336.45,353.47,333.64,2648827
2017-12-21,336.36,329.22,337.16,328.69,797930
2017-12-22,331.16,345.67,363.01,330.28,1793721
2017-12-25,343.79,348.87,355.35,337.94,1577861
2017-12-26,347.47,356.24,358.24,340.09,1671563
2017-12-27,357.5,354.96,357.64,353.06,1663508
2017-12-28,357.13,347.87,364.0,341.64,2395009
2017-12-29,346.97,343.71,349.38,343.31,1103812
2018-01-01,341.56,340.77,342.27,340.21,1126480
2018-01-02,337.71,327.57,345.36,326.85,2237119
2018-01-03,327.86,330.2,331.01,326.83,1470641
2018-01-04,327.42,319.66,328.79,313.45,1006128
2018-01-05,319.78,314.34,325.46,310.94,1994610
2018-01-08,313.06,312.43,313.52,312.09,729472
2018-01-09,312.09,303.75,316.95,299.85,1748436
2018-01-10,307.2,303.53,308.91,297.74,768642
2018-01-11,304.38,298.2,307.91,294.22,2290426
2018-01-12,297.87,308.81,309.28,277.15,860436
2018-01-15,307.9,311.77,314.65,306.2,654845
2018-01-16,313.08,312.97,313.12,312.97,1736552
2018-01-17,313.48,319.6,325.37,304.89,1729728
2018-01-18,320.35,327.44,334.87,312.04,1014582
2018-01-19,329.24,340.36,344.32,324.24,1719016
2018-01-22,341.54,332.01,343.35,329.97,1027667
2018-01-23,331.12,328.49,332.73,327.21,1898543
2018-01-24,328.52,319.05,331.81,315.8,2340538
2018-01-25,319.92,318.6,319.96,318.44,1366239
2018-01-26,317.94,316.98,318.45,316.85,777627
2018-01-29,314.39,313.32,315.84,311.3,738141
2018-01-30,314.85,299.72,319.98,294.81,1652471
2018-01-31,295.76,292.06,296.42,291.69,2177685
2018-02-01,294.29,296.38,296.92,294.07,823092
2018-02-02,297.3,301.6,306.41,296.92,1054168
2018-02-05,303.38,297.61,307.72,293.49,996078
2018-02-06,295.34,283.34,302.74,280.25,2244904
2018-02-07,285.77,273.86,303.37,272.65,2178936
2018-02-08,273.52,265.79,277.95,257.3,901274
2018-02-09,264.51,271.29,276.04,260.11,2337345
2018-02-12,273.15,264.83,276.5,259.26,1778559
2018-02-13,264.69,256.23,267.1,247.71,709754
2018-02-14,257.77,252.67,260.93,250.09,2029671
2018-02-15,253.54,259.09,260.11,251.91,1705474
2018-02-16,256.7,255.38,257.17,254.18,563457
2018-02-19,256.2,254.87,256.35,253.87,1394417
2018-02-20,255.61,240.8,255.88,230.65,2157212
2018-02-21,241.07,243.53,245.65,238.49,1497190
2018-02-22,242.84,237.07,244.37,234.28,1710160
2018-02-23,239.35,231.57,240.19,229.02,1087833
2018-02-26,230.73,221.64,233.81,218.48,2367020
2018-02-27,224.2,215.72,236.19,202.88,2177916
2018-02-28,216.42,213.04,218.98,212.31,960629
2018-03-01,215.22,213.42,217.47,212.49,1209754
2018-03-02,214.01,213.0,215.32,211.82,2040953
2018-03-05,211.95,208.92,214.72,207.93,1435937
2018-03-06,208.21,198.99,211.67,192.95,1303648
2018-03-07,199.59,195.31,202.98,191.26,2148233
2018-03-08,193.84,187.64,194.67,185.75,1287097
2018-03-09,187.89,187.02,189.22,185.83,753395
2018-03-12,187.33,186.18,187.9,185.44,1343342
2018-03-13,185.84,181.46,186.92,173.98,1227490
2018-03-14,182.55,183.73,184.43,180.62,742314
2018-03-15,184.67,186.2,187.38,184.44,628610
2018-03-16,186.01,191.02,191.93,181.51,1679639
2018-03-19,191.6,186.56,194.86,180.7,2202672
2018-03-20,186.01,185.45,186.6,185.14,1873914
2018-03-21,184.92,184.41,184.96,183.53,1559990
2018-03-22,183.14,184.32,184.99,181.38,1159969
2018-03-23,184.71,183.11,185.28,182.24,1261670
2018-03-26,183.12,185.22,186.68,182.75,679926
2018-03-27,186.14,190.71,194.77,185.13,2154712
2018-03-28,189.76,194.87,198.28,187.43,1245916
2018-03-29,195.65,193.29,195.93,192.71,929411
2018-03-30,193.75,194.52,194.55,193.37,1968016
2018-04-02,193.55,190.98,194.54,189.34,1787924
2018-04-03,190.87,187.29,192.48,184.84,1500442
2018-04-04,187.55,185.65,190.4,184.71,1440430
2018-04-05,185.91,182.01,186.72,181.55,2091000
2018-04-06,182.92,169.59,183.7,167.47,2305161
2018-04-09,168.92,165.05,175.28,161.58,1223541
2018-04-10,163.67,161.58,164.01,159.98,771102
2018-04-11,161.32,156.87,162.9,150.05,1680431
2018-04-12,157.12,157.42,157.43,156.84,1686309
2018-04-13,157.1,153.55,158.58,151.49,906762
2018-04-16,152.87,148.64,157.09,144.72,1874055
2018-04-17,149.03,148.06,149.45,148.01,970243
2018-04-18,147.17,144.61,149.82,144.21,1931905
2018-04-19,144.52,146.91,147.57,144.01,2222559
2018-04-20,146.49,148.53,149.17,145.2,1177631
2018-04-23,148.89,148.32,148.97,148.21,888512
2018-04-24,147.52,148.98,149.79,145.67,885734
2018-04-25,147.95,150.7,152.31,147.33,1808447
2018-04-26,150.59,148.03,151.44,147.85,843015
2018-04-27,147.92,144.91,148.66,144.72,1157178
2018-04-30,144.72,144.25,145.05,144.13,773348
2018-05-01,145.45,143.34,146.62,140.05,1839636
2018-05-02,143.77,145.13,145.69,143.49,1769016
2018-05-03,145.31,143.51,146.86,141.81,1154303
2018-05-04,144.08,143.13,144.63,142.42,1889303
2018-05-07,143.74,145.82,148.03,141.33,2023515
2018-05-08,145.41,142.44,147.44,139.07,1247388
2018-05-09,142.35,137.79,143.57,136.04,2142256
2018-05-10,138.13,132.71,146.28,129.07,1688216
2018-05-11,132.65,131.59,133.06,131.48,873558
2018-05-14,132.21,133.55,134.26,131.63,1757951
2018-05-15,133.86,127.66,137.21,127.22,1450605
2018-05-16,128.22,128.04,128.4,127.96,1829872
2018-05-17,128.82,127.92,129.12,127.81,1668829
2018-05-18,127.83,132.28,132.43,126.66,1806218
2018-05-21,132.66,132.59,132.77,132.45,1298697
2018-05-22,133.17,130.39,135.21,128.22,905742
2018-05-23,130.63,133.31,137.25,127.37,1672569
2018-05-24,132.31,132.69,132.94,132.04,1029933
2018-05-25,131.99,127.15,132.31,125.5,2033378
2018-05-28,127.2,121.84,132.31,116.79,1781958
2018-05-29,121.55,123.42,124.19,119.47,597702
2018-05-30,122.89,125.93,127.78,121.91,1772059
2018-05-31,126.16,124.88,126.24,124.23,946493
2018-06-01,123.89,122.95,124.21,122.89,596531
2018-06-04,122.09,124.0,124.08,121.11,1580328
2018-06-05,123.87,118.31,125.21,117.95,2389562
2018-06-06,118.78,118.53,118.92,118.43,1248460
2018-06-07,119.13,116.3,119.43,113.71,2313536
2018-06-08,116.86,118.15,119.27,116.12,1412839
2018-06-11,119.45,118.32,119.93,117.67,1492358
2018-06-12,118.56,118.22,118.88,117.98,1901277
2018-06-13,117.62,114.55,119.87,112.67,1910713
2018-06-14,114.73,111.83,115.52,109.66,702323
2018-06-15,111.5,109.92,112.16,109.52,919330
2018-06-18,108.82,107.2,108.85,106.81,1982402
2018-06-19,107.99,109.12,109.39,106.13,1798640
2018-06-20,109.17,108.82,109.35,108.6,1600611
2018-06-21,109.05,109.65,109.79,108.95,1009477
2018-06-22,109.32,111.29,111.93,105.96,977027
2018-06-25,111.02,112.88,114.05,109.06,983913
2018-06-26,112.44,111.44,112.71,111.14,638286
2018-06-27,111.26,112.74,114.11,110.39,1757863
2018-06-28,112.86,112.52,113.2,112.5,1084002
2018-06-29,111.04,110.3,112.04,109.49,1810509
2018-07-02,110.48,109.59,111.41,108.92,675212
2018-07-03,110.2,109.48,110.6,108.65,858488
2018-07-04,110.1,110.02,110.18,109.98,1212527
2018-07-05,110.72,109.2,111.03,108.38,1372502
2018-07-06,109.64,107.79,110.84,104.31,1434305
2018-07-09,107.53,110.92,111.11,106.12,1213857
2018-07-10,110.73,110.01,110.75,109.36,549422
2018-07-11,109.4,109.78,110.02,109.21,1895220
2018-07-12,109.93,108.79,112.0,107.69,1301717
2018-07-13,109.19,109.27,109.3,109.11,586902
2018-07-16,108.67,106.52,109.95,105.87,1167951
2018-07-17,106.6,105.65,107.21,104.61,2030743
2018-07-18,105.36,104.3,106.22,103.39,2193376
2018-07-19,104.32,104.63,104.69,103.98,1833572
2018-07-20,103.69,108.55,113.0,100.39,2916855
2018-07-23,108.53,104.78,109.62,103.79,1544516
2018-07-24,105.49,104.99,105.72,104.45,897647
2018-07-25,105.79,105.54,105.87,105.47,1195448
2018-07-26,104.72,104.6,104.78,104.52,1391539
2018-07-27,104.84,102.83,105.79,100.75,1032451
2018-07-30,103.56,101.76,105.11,100.64,1512698
2018-07-31,101.13,98.64,101.2,98.09,1283563
2018-08-01,99.1,98.71,99.2,98.41,1160696
2018-08-02,97.73,101.64,103.94,95.31,1975834
2018-08-03,100.87,101.23,101.6,100.76,1825549
2018-08-06,100.92,97.78,101.36,96.57,1340257
2018-08-07,97.67,99.14,99.46,97.38,1283828
2018-08-08,100.22,98.15,102.41,96.01,2051061
2018-08-09,98.5,96.16,101.84,92.87,1286153
2018-08-10,95.73,93.49,95.76,92.07,1226300
2018-08-13,94.02,95.93,96.89,92.56,1913294
2018-08-14,96.29,97.56,97.93,94.51,1530357
2018-08-15,97.0,96.58,97.51,96.25,1509923
2018-08-16,95.73,94.46,96.21,94.18,1422055
2018-08-17,94.48,92.3,95.89,90.98,1920991
2018-08-20,91.91,92.35,92.43,91.45,1834855
2018-08-21,92.2,95.66,95.82,89.34,855925
2018-08-22,96.13,92.84,97.73,91.0,1000436
2018-08-23,92.58,92.8,92.89,92.46,1782541
2018-08-24,93.29,92.13,93.46,92.04,1000705
2018-08-27,92.22,93.38,94.83,91.99,1805920
2018-08-28,93.31,94.99,95.88,92.37,2238114
2018-08-29,94.35,95.92,96.12,91.81,1714688
2018-08-30,96.17,94.63,98.94,93.3,649474
2018-08-31,94.8,97.01,97.16,93.67,1485125
2018-09-03,96.79,97.37,97.42,96.07,1101884
2018-09-04,97.66,93.59,102.02,91.96,1379648
2018-09-05,93.43,94.3,95.35,92.35,1282434
2018-09-06,93.9,92.62,94.44,91.69,1997643
2018-09-07,92.59,92.2,92.62,91.92,1803558
2018-09-10,92.43,92.29,92.44,92.15,1393945
2018-09-11,92.84,92.19,93.06,91.87,562877
2018-09-12,91.96,92.42,92.58,91.69,957055
2018-09-13,92.15,94.64,95.41,90.82,875517
2018-09-14,95.51,96.57,97.87,95.13,731523
2018-09-17,96.18,97.15,98.29,94.83,643092
2018-09-18,97.78,99.39,100.13,95.52,640964
2018-09-19,99.61,97.62,99.97,96.87,2246216
2018-09-20,97.76,97.26,98.34,97.17,1544405
2018-09-21,97.08,96.35,97.85,96.03,1260470
2018-09-24,96.13,96.99,97.28,95.67,957319
2018-09-25,96.97,96.99,97.0,96.95,755124
2018-09-26,97.18,97.54,97.7,97.07,991125
2018-09-27,97.78,97.9,97.91,97.72,806090
2018-09-28,97.46,100.57,103.79,94.49,1186335
2018-10-01,99.93,100.34,100.8,99.38,775947
2018-10-02,100.07,102.78,106.47,98.76,2158211
2018-10-03,103.4,104.41,105.09,102.93,1269848
2018-10-04,104.25,107.06,108.0,99.55,2039519
2018-10-05,106.65,107.05,107.52,106.11,918801
2018-10-08,107.02,110.75,112.27,102.79,1494231
2018-10-09,109.96,108.65,110.62,106.65,2236898
2018-10-10,108.77,107.95,110.24,107.14,1820635
2018-10-11,107.49,106.89,107.89,106.8,1070331
2018-10-12,106.73,107.48,108.03,106.27,986782
2018-10-15,107.53,108.69,109.9,106.89,1731086
2018-10-16,108.15,107.21,108.25,106.72,1415305
2018-10-17,107.51,108.23,108.88,107.02,1952006
2018-10-18,108.31,112.81,113.54,107.84,743207
2018-10-19,111.98,112.0,112.01,111.96,745153
2018-10-22,112.27,112.49,112.49,112.27,1406139
2018-10-23,113.07,116.49,119.28,111.35,2081923
2018-10-24,114.84,117.24,117.7,113.61,2109413
2018-10-25,116.9,114.18,118.74,112.17,994477
2018-10-26,113.87,111.41,115.33,109.71,2280257
2018-10-29,112.14,112.51,112.76,112.04,1235238
2018-10-30,113.29,114.83,116.4,111.42,1492535
2018-10-31,114.73,114.92,115.05,114.51,844962
2018-11-01,114.38,114.57,114.7,114.23,636710
2018-11-02,113.91,116.33,117.16,110.85,1052921
2018-11-05,115.38,118.49,122.44,115.04,1264993
2018-11-06,118.93,123.43,124.31,117.89,1539410
2018-11-07,123.0,120.92,125.61,120.46,864455
2018-11-08,120.17,122.43,123.43,118.97,1966133
2018-11-09,123.21,123.3,123.38,123.16,1860120
2018-11-12,124.07,123.65,124.28,122.94,594104
2018-11-13,124.02,125.43,125.47,122.02,631631
2018-11-14,124.69,127.62,127.68,121.95,1468062
2018-11-15,127.69,126.83,128.51,126.3,772859
2018-11-16,126.83,125.33,127.16,123.29,1428087
2018-11-19,125.63,127.27,129.56,122.88,1416702
2018-11-20,126.86,132.11,135.89,126.24,1593274
2018-11-21,131.92,134.69,135.14,129.18,1251821
2018-11-22,134.45,133.92,134.76,133.54,716979
2018-11-23,134.41,136.39,136.75,132.83,1879429
2018-11-26,137.08,138.44,139.76,134.64,1432077
2018-11-27,137.76,142.06,144.6,133.37,2293058
2018-11-28,141.82,138.4,142.93,134.71,1526558
2018-11-29,137.72,137.04,138.12,136.82,1249792
2018-11-30,136.83,139.5,140.74,134.17,1273952
2018-12-03,138.14,137.12,138.49,135.94,570961
2018-12-04,136.57,141.81,143.26,131.33,800662
2018-12-05,141.52,141.91,142.21,141.38,1911238
2018-12-06,142.21,143.17,143.29,141.64,2098219
2018-12-07,143.04,146.42,148.56,141.03,2451877
2018-12-10,146.27,150.28,150.29,143.59,2170276
2018-12-11,149.39,151.05,151.39,148.94,1815476
2018-12-12,152.17,151.25,152.42,150.69,1543977
2018-12-13,151.31,152.37,152.98,150.76,804763
2018-12-14,153.44,146.94,160.67,140.2,819230
2018-12-17,148.81,148.31,148.92,148.22,1094262
2018-12-18,148.62,149.9,150.05,148.25,629406
2018-12-19,148.64,148.57,148.69,148.51,759944
2018-12-20,148.68,148.39,148.71,148.16,543400
2018-12-21,147.64,150.87,151.2,146.05,1784788
2018-12-24,151.33,150.3,151.71,150.16,1661134
2018-12-25,150.65,154.45,156.74,150.03,1259392
2018-12-26,154.32,154.14,154.37,154.09,1678684
2018-12-27,154.04,154.28,154.32,153.84,1585420
2018-12-28,154.58,154.62,154.63,154.52,1675657
2018-12-31,153.73,159.39,160.71,150.87,2414836
2019-01-01,157.91,163.78,173.73,156.88,1805917
2019-01-02,164.84,169.37,172.08,162.39,802078
2019-01-03,170.06,167.39,170.62,166.62,1653206
2019-01-04,167.27,172.21,175.07,166.75,2541389
2019-01-07,172.62,174.37,174.72,171.89,1129242
2019-01-08,175.45,184.95,188.01,168.36,1221817
2019-01-09,186.06,188.82,189.73,183.59,2069166
2019-01-10,190.01,193.73,194.77,187.48,1171619
2019-01-11,193.67,193.06,194.13,192.8,1266388
2019-01-14,192.83,192.61,192.92,192.49,1732712
2019-01-15,193.87,197.3,198.16,190.98,1865752
2019-01-16,195.11,204.28,210.95,187.97,1527659
2019-01-17,205.27,206.82,206.85,204.63,1405312
2019-01-18,207.4,202.66,208.08,201.02,1141840
2019-01-21,202.72,207.66,211.24,202.09,1132291
2019-01-22,206.33,208.56,209.15,206.29,1499913
2019-01-23,208.86,202.07,209.52,197.29,1140047
2019-01-24,204.13,195.98,205.52,191.74,2441764
2019-01-25,194.34,191.38,195.5,191.16,1857958
2019-01-28,192.58,195.28,195.64,191.9,1645387
2019-01-29,196.16,204.36,205.34,191.59,2304639
2019-01-30,204.75,206.59,208.41,203.3,1987043
2019-01-31,204.73,208.01,209.98,202.84,1471170
2019-02-01,207.72,213.52,215.48,205.94,2395714
2019-02-04,213.1,215.16,215.3,212.46,1265444
2019-02-05,216.89,215.48,218.99,213.51,1355673
2019-02-06,216.43,219.8,220.08,215.24,1043658
2019-02-07,221.42,223.74,225.94,221.13,1466803
2019-02-08,223.27,217.08,226.27,215.1,717437
2019-02-11,216.31,212.64,218.2,206.92,681854
2019-02-12,211.76,210.31,213.34,208.34,1572129
2019-02-13,210.38,212.28,212.59,208.93,1334299
2019-02-14,213.14,214.73,215.46,211.91,1510920
2019-02-15,213.22,211.84,213.58,210.83,573858
2019-02-18,210.08,214.67,216.02,210.05,764237
2019-02-19,213.94,218.16,223.3,213.55,2004741
2019-02-20,218.89,222.33,224.8,216.77,2280822
2019-02-21,222.83,222.58,222.91,222.55,2020767
2019-02-22,221.96,228.24,239.02,221.85,786686
2019-02-25,227.77,233.12,236.98,226.57,2108290
2019-02-26,231.75,229.43,232.17,228.15,1101170
2019-02-27,229.42,242.8,258.45,221.38,917187
2019-02-28,243.59,241.6,244.01,240.63,1671795
2019-03-01,240.23,232.02,240.3,231.16,2444643
2019-03-04,233.29,235.92,236.8,231.93,2028021
2019-03-05,235.39,238.18,238.35,234.75,1885690
2019-03-06,237.44,230.25,247.04,226.76,881101
2019-03-07,229.76,232.46,234.56,228.47,1912259
2019-03-08,232.28,229.0,236.3,227.67,2059537
2019-03-11,229.07,226.95,230.08,226.67,1154676
2019-03-12,227.87,237.39,242.52,222.15,2449524
2019-03-13,237.41,240.93,244.22,235.47,812544
2019-03-14,240.36,243.24,245.86,238.66,703298
2019-03-15,245.75,254.92,265.11,242.71,1532137
2019-03-18,254.52,260.1,263.32,252.74,1047307
2019-03-19,260.65,254.1,262.02,251.46,1455348
2019-03-20,253.46,261.13,265.3,244.11,948417
2019-03-21,260.11,259.55,260.14,259.48,1826987
2019-03-22,258.42,252.79,263.19,251.1,2188021
2019-03-25,253.71,260.57,263.12,249.76,773817
2019-03-26,259.14,257.02,261.18,254.34,1615158
2019-03-27,257.87,264.8,271.81,254.3,1210685
2019-03-28,264.1,272.23,279.31,254.43,847139
2019-03-29,272.0,277.29,281.21,271.16,1381583
2019-04-01,275.93,272.84,277.5,272.03,1549999
2019-04-02,271.51,271.14,272.09,270.81,846825
2019-04-03,270.25,270.19,270.32,270.19,858891
2019-04-04,270.92,272.82,275.12,269.35,653992
2019-04-05,271.51,275.0,275.0,270.52,1981061
2019-04-08,272.6,267.98,273.58,265.26,2173192
2019-04-09,266.68,265.63,267.88,265.32,1189646
2019-04-10,266.65,272.75,273.41,262.36,1502273
2019-04-11,271.52,261.4,288.74,246.63,2438063
2019-04-12,261.44,268.77,271.32,257.68,1188515
2019-04-15,269.03,269.42,269.45,268.98,840933
2019-04-16,269.57,257.09,278.13,250.39,1425962
2019-04-17,255.43,250.34,263.73,243.49,1466874
2019-04-18,250.26,252.95,254.75,249.82,908663
2019-04-19,252.98,248.8,254.33,246.37,2162405
2019-04-22,250.9,249.27,252.06,248.17,799150
2019-04-23,247.99,241.72,248.85,238.17,2333453
2019-04-24,239.09,244.59,251.09,238.35,2292238
2019-04-25,242.78,233.83,246.76,227.23,1717085
2019-04-26,234.19,235.36,236.27,233.79,825852
2019-04-29,234.51,231.08,235.4,229.79,2195011
2019-04-30,232.09,227.65,236.85,222.74,1280935
2019-05-01,227.2,231.65,232.37,226.25,1009970
2019-05-02,231.63,225.57,235.74,221.21,1544835
2019-05-03,226.47,228.01,228.38,226.25,1141716
2019-05-06,227.94,228.87,228.96,227.56,1404045
2019-05-07,229.75,227.63,231.93,225.64,1071278
2019-05-08,227.76,226.93,228.51,226.42,1709531
2019-05-09,225.95,216.9,236.92,216.13,1890258
2019-05-10,216.87,214.37,216.96,210.93,1350380
2019-05-13,214.78,213.77,215.35,213.05,1627513
2019-05-14,213.74,213.66,213.85,213.6,692571
2019-05-15,214.29,212.23,214.79,210.73,647936
2019-05-16,213.31,218.13,224.6,207.29,684273
2019-05-17,215.68,216.02,216.52,215.5,1162026
2019-05-20,214.53,208.88,217.13,206.28,789460
2019-05-21,208.78,208.91,208.99,208.62,561701
2019-05-22,209.67,211.05,211.58,208.91,533292
2019-05-23,210.61,206.96,212.35,205.76,1474207
2019-05-24,206.27,204.16,207.91,202.95,1901977
2019-05-27,204.71,203.49,205.63,203.12,1589412
2019-05-28,206.04,208.1,210.12,205.4,1290651
2019-05-29,206.41,214.18,219.66,205.13,2613793
2019-05-30,214.68,220.22,222.4,210.75,1623777
2019-05-31,219.4,218.53,219.88,218.38,1923067
2019-06-03,219.38,227.45,230.83,219.18,1705051
2019-06-04,227.71,225.3,229.44,225.09,1388599
2019-06-05,224.88,225.34,225.8,224.67,1681707
2019-06-06,223.91,220.12,225.21,218.88,1127987
2019-06-07,217.1,217.17,217.21,217.05,567201
2019-06-10,217.71,218.55,219.2,217.3,926858
2019-06-11,218.25,219.39,221.05,217.51,828079
2019-06-12,219.03,221.95,223.16,218.03,2109288
2019-06-13,222.0,221.35,222.34,221.3,943843
2019-06-14,220.19,220.82,221.33,220.07,1264904
2019-06-17,220.65,222.23,222.53,218.41,748876
2019-06-18,222.67,218.21,227.99,216.67,1397973
2019-06-19,219.15,223.82,231.89,216.7,2103356
2019-06-20,224.47,210.51,238.44,202.65,2341589
2019-06-21,211.94,215.29,218.03,210.37,998817
2019-06-24,216.38,219.5,219.99,213.97,2273900
2019-06-25,219.45,215.05,220.98,212.13,1988822
2019-06-26,215.76,206.98,222.68,200.98,1768830
2019-06-27,208.36,208.95,209.27,207.98,1975139
2019-06-28,208.46,203.18,211.77,202.53,1102066
2019-07-01,202.83,194.56,204.51,191.94,1779135
2019-07-02,193.22,193.23,193.24,193.21,1919965
2019-07-03,192.22,188.84,198.27,183.49,781958
2019-07-04,188.49,186.8,188.58,185.73,1097890
2019-07-05,187.37,194.88,199.75,178.19,2603169
2019-07-08,194.34,193.31,194.74,192.8,784073
2019-07-09,192.31,192.31,192.32,192.3,1329067
2019-07-10,192.62,189.54,194.24,189.54,1981993
2019-07-11,191.17,188.53,193.67,186.87,609116
2019-07-12,186.27,188.67,189.85,185.33,1530692
2019-07-15,188.49,182.36,190.79,174.69,2337817
2019-07-16,182.83,180.01,183.4,176.6,851547
2019-07-17,180.2,170.6,183.06,168.78,2806704
2019-07-18,170.43,167.3,172.08,166.4,1129858
2019-07-19,168.02,164.69,169.23,163.87,2303720
2019-07-22,164.54,163.88,164.61,163.68,855038
2019-07-23,162.55,158.66,165.3,155.64,1583501
2019-07-24,159.13,153.89,162.23,151.36,2547880
2019-07-25,153.36,156.97,158.2,151.27,1490308
2019-07-26,156.3,155.9,156.41,155.78,771843
2019-07-29,156.01,155.86,156.19,155.76,1070454
2019-07-30,156.4,163.5,172.36,148.07,943995
2019-07-31,163.31,158.79,165.66,155.36,809129
2019-08-01,159.0,153.62,163.96,151.28,859210
2019-08-02,153.42,157.77,161.77,151.34,760291
2019-08-05,157.02,152.15,161.3,149.12,1369709
2019-08-06,152.77,153.42,153.71,152.56,1219412
2019-08-07,152.57,153.38,153.71,152.38,662395
2019-08-08,152.97,148.84,154.83,146.74,1335034
2019-08-09,149.31,147.04,150.28,145.47,910498
2019-08-12,146.57,144.75,146.78,143.68,688920
2019-08-13,144.91,144.6,145.17,144.48,1507394
2019-08-14,143.94,142.87,144.52,142.03,2147047
2019-08-15,142.14,136.6,144.5,134.8,2600136
2019-08-16,137.74,132.61,143.61,127.08,1374388
2019-08-19,131.65,130.5,132.61,130.48,1965490
2019-08-20,131.21,124.74,134.94,121.71,2266924
2019-08-21,124.32,124.38,124.4,124.27,1010677
2019-08-22,124.33,125.84,126.62,124.13,1685943
2019-08-23,125.97,127.91,128.67,124.7,1295421
2019-08-26,128.02,129.33,131.62,127.97,737859
2019-08-27,128.28,130.07,131.28,128.2,1200883
2019-08-28,130.33,136.61,140.57,126.54,1957302
2019-08-29,136.8,131.85,137.55,130.17,2397134
2019-08-30,132.36,133.64,134.2,132.09,649119
2019-09-02,134.09,133.15,134.51,133.01,1867067
2019-09-03,133.17,132.55,133.6,131.97,1228778
2019-09-04,132.63,131.42,134.15,130.05,730914
2019-09-05,130.52,129.25,130.65,127.29,610697
2019-09-06,130.42,130.93,130.94,130.28,1425171
2019-09-09,129.52,129.43,129.58,129.43,685104
2019-09-10,129.58,133.48,136.72,129.12,1024857
2019-09-11,133.74,133.77,133.78,133.73,518740
2019-09-12,134.27,130.28,136.64,125.31,1014224
2019-09-13,130.62,125.43,131.52,120.89,1530886
2019-09-16,126.15,124.11,129.35,122.67,2080817
2019-09-17,123.13,119.03,126.51,114.41,1546608
2019-09-18,119.17,118.61,119.42,117.84,1571441
2019-09-19,118.84,117.43,118.86,117.06,1117622
2019-09-20,117.26,112.3,121.18,110.78,1393702
2019-09-23,112.06,109.39,113.39,108.16,2019268
2019-09-24,109.47,110.51,110.57,108.52,1825537
2019-09-25,111.19,105.15,117.32,97.44,1564225
2019-09-26,105.15,104.87,105.33,104.66,1667124
2019-09-27,105.66,109.56,111.48,103.79,1325374
2019-09-30,109.89,110.77,111.18,108.95,2055389
2019-10-01,110.49,107.62,111.3,104.7,2049509
2019-10-02,108.55,104.64,109.73,103.01,1776550
2019-10-03,105.34,101.63,107.49,101.13,2545940
2019-10-04,101.3,100.91,101.3,100.35,1926798
2019-10-07,100.89,101.38,101.48,100.88,1800062
2019-10-08,101.32,100.88,101.56,100.85,1467415
2019-10-09,100.51,100.64,100.72,100.49,1631951
2019-10-10,100.27,101.46,101.7,99.49,974409
2019-10-11,100.82,98.22,101.76,95.29,794366
2019-10-14,98.66,100.81,101.68,97.49,797276
2019-10-15,100.42,99.61,100.65,99.37,582001
2019-10-16,100.51,101.84,102.61,100.46,2058463
2019-10-17,101.55,96.34,103.17,94.8,1254430
2019-10-18,96.27,99.09,100.42,96.03,1100281
2019-10-21,98.66,96.42,101.68,95.51,652070
2019-10-22,96.25,95.15,96.61,93.83,2071757
2019-10-23,94.71,90.26,98.33,88.02,2623645
2019-10-24,90.66,89.64,90.8,89.36,901011
2019-10-25,89.83,93.14,96.22,87.82,1585539
2019-10-28,92.7,91.85,93.7,91.26,739485
2019-10-29,91.51,92.59,93.16,90.96,947253
2019-10-30,92.9,91.63,92.91,91.0,1107753
2019-10-31,91.47,88.46,91.64,83.49,2442099
2019-11-01,87.86,91.23,93.58,87.69,803989
2019-11-04,92.08,95.38,97.16,91.62,1482085
2019-11-05,94.49,92.12,96.88,90.8,1546413
2019-11-06,91.36,91.56,91.72,91.26,850020
2019-11-07,91.92,92.8,93.03,90.53,1196674
2019-11-08,92.51,93.8,93.89,92.51,988430
2019-11-11,93.79,91.74,95.28,90.11,935754
2019-11-12,91.91,92.5,92.67,91.09,1761836
2019-11-13,92.3,88.57,93.6,87.08,1458875
2019-11-14,89.01,84.48,90.39,81.27,1073874
2019-11-15,84.31,86.17,87.79,84.2,1714373
2019-11-18,86.5,89.49,89.57,84.59,1308510
2019-11-19,89.65,88.95,89.76,88.93,1219141
2019-11-20,88.47,86.11,88.93,83.34,2072387
2019-11-21,86.29,87.38,88.0,86.09,1304719
2019-11-22,87.83,88.51,89.48,87.07,908395
2019-11-25,88.81,86.67,89.21,85.79,2310263
2019-11-26,86.18,86.25,86.3,86.16,1054254
2019-11-27,86.02,84.18,86.88,83.72,1766002
2019-11-28,84.54,85.28,85.84,84.13,2003113
2019-11-29,84.82,86.5,86.93,84.06,2083722
2019-12-02,86.49,86.33,86.61,86.28,676812
2019-12-03,85.66,85.07,86.02,84.05,2104703
2019-12-04,85.11,84.0,85.16,82.49,800421
2019-12-05,84.75,84.15,85.5,83.78,1076151
2019-12-06,84.08,83.54,84.28,82.8,803062
2019-12-09,82.88,79.11,85.11,76.99,2326591
2019-12-10,79.02,80.15,81.09,78.42,1405635
2019-12-11,80.35,78.74,81.08,78.04,2312151
2019-12-12,78.57,81.6,85.15,78.25,1089383
2019-12-13,81.03,84.1,86.46,80.75,2345679
2019-12-16,83.49,81.12,86.45,79.2,1230743
2019-12-17,81.29,78.47,81.71,77.17,1260320
2019-12-18,78.2,76.61,78.2,76.42,2288279
2019-12-19,76.72,75.96,77.77,75.55,1674093
2019-12-20,76.15,75.73,76.31,75.66,1641554
2019-12-23,75.48,73.37,75.83,72.33,1256412
2019-12-24,73.91,74.09,74.19,73.82,790306
2019-12-25,73.47,72.13,75.64,71.85,1337772
2019-12-26,72.67,69.16,74.07,68.27,1175286
2019-12-27,69.03,69.62,69.97,68.87,926121
2019-12-30,69.8,69.08,70.14,68.28,1204877
2019-12-31,68.88,67.27,69.94,66.82,1683922
2020-01-01,67.06,67.87,68.18,66.91,658285
2020-01-02,67.82,66.6,67.85,65.49,1261404
2020-01-03,66.44,70.19,72.78,63.36,1233882
2020-01-06,70.29,71.22,71.6,69.96,910875
2020-01-07,70.5,72.45,73.14,69.62,2156516
2020-01-08,72.37,70.86,72.43,69.92,1207492
2020-01-09,71.0,69.42,73.35,66.7,2404986
2020-01-10,69.65,71.14,72.94,67.32,762591
2020-01-13,71.05,71.87,71.89,70.11,1168987
2020-01-14,71.62,73.87,73.97,70.74,1683419
2020-01-15,74.19,74.34,74.34,74.14,2001943
2020-01-16,74.97,74.47,75.36,74.46,652368
2020-01-17,74.77,75.59,75.68,74.39,1954774
2020-01-20,75.59,78.0,81.32,74.51,2061423
2020-01-21,78.49,77.76,78.91,77.37,990527
2020-01-22,77.57,77.81,78.0,77.4,1841500
2020-01-23,77.66,76.08,78.23,75.99,2093263
2020-01-24,76.07,76.04,76.11,76.02,1685436
2020-01-27,76.46,77.68,78.81,75.27,1542877
2020-01-28,77.65,77.61,77.71,77.61,1208502
2020-01-29,77.1,78.88,80.62,76.47,1201517
2020-01-30,79.06,79.66,80.01,79.0,913963
2020-01-31,78.94,80.8,82.52,77.6,827393
2020-02-03,79.65,79.53,79.76,79.45,767807
2020-02-04,79.06,79.92,80.11,78.33,1973908
2020-02-05,79.34,79.5,79.59,79.33,1435947
2020-02-06,78.82,80.52,81.59,76.79,2353829
2020-02-07,80.8,82.32,83.22,80.39,600534
2020-02-10,82.32,82.71,83.17,82.16,1235008
2020-02-11,82.04,82.96,83.35,81.87,936631
2020-02-12,83.57,82.72,83.68,82.55,1522558
2020-02-13,82.57,82.25,82.67,82.18,1538298
2020-02-14,82.23,80.54,84.19,80.27,2024430
2020-02-17,80.41,79.56,81.34,79.42,1619419
2020-02-18,79.69,80.8,82.73,79.11,1941939
2020-02-19,80.75,82.52,82.73,80.49,1421629
2020-02-20,81.41,81.97,82.21,81.17,2069452
2020-02-21,81.94,83.88,84.45,81.49,2122491
2020-02-24,84.21,84.48,84.69,83.99,1376728
2020-02-25,84.01,83.59,84.12,83.19,766638
2020-02-26,83.2,84.94,85.83,82.24,1852931
2020-02-27,85.02,83.58,86.27,81.27,1378801
2020-02-28,83.23,81.78,83.27,80.94,1963785
2020-03-02,81.67,83.91,84.56,80.75,1670665
2020-03-03,84.51,83.61,85.45,82.98,1671228
2020-03-04,83.44,84.91,86.4,82.75,1271909
2020-03-05,85.37,86.34,87.07,85.3,1548946
2020-03-06,86.04,87.65,89.6,83.41,1458015
2020-03-09,87.87,89.9,90.55,86.94,1331101
2020-03-10,89.94,88.74,90.43,88.61,1152199
2020-03-11,88.33,88.77,88.95,87.96,1265731
2020-03-12,88.69,89.92,91.5,88.68,1257682
2020-03-13,90.15,91.22,91.7,89.42,1659441
2020-03-16,91.4,95.08,96.3,90.31,2147124
2020-03-17,94.78,96.86,98.99,92.46,803634
2020-03-18,96.23,99.26,100.44,92.55,1216573
2020-03-19,99.26,102.24,102.91,98.79,2226427
2020-03-20,102.85,103.23,103.67,102.62,946819
2020-03-23,103.95,105.31,105.45,102.82,927716
2020-03-24,104.41,104.45,104.47,104.38,1310985
2020-03-25,103.77,103.63,103.84,103.62,1263928
2020-03-26,103.42,108.38,109.34,100.34,2842130
2020-03-27,109.37,110.26,110.43,109.3,1691458
2020-03-30,109.64,108.03,110.12,106.35,1153228
2020-03-31,108.08,105.27,108.52,104.27,1874152
2020-04-01,105.69,111.76,115.71,100.88,2976928
2020-04-02,112.0,111.82,112.08,111.69,1275494
2020-04-03,112.35,113.67,114.49,111.82,2049053
2020-04-06,113.5,114.7,115.79,112.81,1803150
2020-04-07,115.4,115.21,115.52,115.14,1050882
2020-04-08,114.45,113.57,114.8,113.27,2124559
2020-04-09,113.25,112.63,113.77,112.27,1211114
2020-04-10,112.52,113.61,113.69,112.42,714340
2020-04-13,113.22,111.45,114.52,110.3,978305
2020-04-14,111.7,110.33,112.19,109.95,2074680
2020-04-15,109.98,111.93,112.47,109.75,1039171
2020-04-16,111.67,113.6,114.07,108.06,992084
2020-04-17,112.66,112.19,112.93,111.63,1406839
2020-04-20,112.84,112.8,112.86,112.78,588749
2020-04-21,110.91,112.94,113.24,109.78,815811
2020-04-22,112.53,117.2,122.85,108.62,2492491
2020-04-23,117.12,121.64,122.27,115.87,2452382
2020-04-24,121.36,125.69,127.82,117.92,1374397
2020-04-27,124.88,125.19,125.31,124.8,1039674
2020-04-28,125.63,130.88,131.31,120.56,1952123
2020-04-29,130.46,134.67,134.81,124.87,2512378
2020-04-30,134.82,134.13,135.43,134.1,1613320
2020-05-01,135.44,133.9,135.96,133.34,1401126
2020-05-04,133.87,136.02,136.79,133.4,1564422
2020-05-05,136.19,133.98,137.24,133.97,2193514
2020-05-06,134.86,133.18,135.88,133.1,1101223
2020-05-07,132.19,135.08,136.48,131.75,1107524
2020-05-08,135.73,136.35,136.7,135.69,2002253
2020-05-11,136.35,139.69,142.99,132.94,1813333
2020-05-12,139.52,143.37,148.15,134.15,1050630
2020-05-13,144.87,146.24,147.3,143.5,1413091
2020-05-14,145.62,147.42,148.2,144.83,838466
2020-05-15,147.1,144.59,149.4,142.16,739895
2020-05-18,144.2,144.97,145.33,143.41,1995315
2020-05-19,145.6,149.32,151.05,141.53,1144757
2020-05-20,149.01,144.84,154.22,141.12,2277429
2020-05-21,145.4,147.3,147.85,144.75,1569328
2020-05-22,146.03,148.94,150.11,145.49,742879
2020-05-25,150.14,156.49,162.96,146.8,2322950
2020-05-26,154.86,160.44,162.45,153.78,2602921
2020-05-27,161.56,164.31,165.06,160.5,1104866
2020-05-28,165.33,162.83,166.88,161.31,1483049
2020-05-29,162.87,162.97,163.0,162.82,1254587
2020-06-01,164.34,160.53,164.46,159.93,752818
2020-06-02,161.03,162.99,164.7,159.95,1431312
2020-06-03,162.74,167.95,172.37,159.13,2065891
2020-06-04,166.26,171.45,172.33,159.32,2104541
2020-06-05,171.08,171.2,171.25,170.98,548740
2020-06-08,170.87,177.16,183.72,166.49,767600
2020-06-09,175.44,179.72,181.47,173.76,997243
2020-06-10,178.13,178.0,178.17,177.93,549597
2020-06-11,179.21,179.28,179.34,179.15,1651810
2020-06-12,180.66,179.25,181.22,177.97,1071345
2020-06-15,179.84,180.55,180.92,179.58,630504
2020-06-16,179.62,188.17,192.64,178.29,2811642
2020-06-17,188.07,194.33,198.76,187.23,1249103
2020-06-18,192.49,195.54,200.07,189.96,1517231
2020-06-19,195.19,189.3,203.34,181.55,2334117
2020-06-22,188.88,190.35,191.41,186.28,1210844
2020-06-23,191.29,199.1,204.15,187.76,1271411
2020-06-24,199.85,202.83,204.24,198.05,1272112
2020-06-25,204.34,213.32,217.1,200.54,1895045
2020-06-26,213.41,214.48,214.71,213.25,1994242
2020-06-29,217.83,226.93,237.76,204.78,1492988
2020-06-30,228.16,229.02,229.24,227.47,568618
2020-07-01,229.34,230.51,231.3,228.78,534539
2020-07-02,230.1,223.3,237.34,215.86,2063901
2020-07-03,221.65,225.51,231.47,217.44,1591844
2020-07-06,225.96,227.53,229.3,225.82,1338253
2020-07-07,228.26,234.85,246.42,227.47,1422147
2020-07-08,235.62,241.71,242.11,233.14,1633942
2020-07-09,241.81,246.14,250.39,239.98,1892410
2020-07-10,245.79,242.62,248.54,241.24,596543
2020-07-13,242.53,244.45,245.78,241.19,1678763
2020-07-14,243.29,249.43,250.87,241.07,705711
2020-07-15,249.41,244.76,251.93,242.89,894144
2020-07-16,245.62,245.28,245.92,245.01,1739902
2020-07-17,245.7,247.37,247.71,245.32,1369979
2020-07-20,247.25,243.58,248.32,241.59,615074
2020-07-21,245.45,246.53,246.68,244.02,1668418
2020-07-22,245.58,253.15,256.38,242.12,1710720
2020-07-23,253.67,258.62,265.82,245.19,774271
2020-07-24,258.74,260.37,261.9,258.45,933932
2020-07-27,258.1,256.05,258.75,254.74,1135644
2020-07-28,256.7,253.74,258.73,251.48,908473
2020-07-29,253.9,256.96,259.19,252.12,909870
2020-07-30,258.11,265.26,270.46,249.67,1378808
2020-07-31,264.52,269.18,271.26,261.49,1543437
2020-08-03,267.54,271.69,277.93,260.37,1706001
2020-08-04,272.52,278.79,281.84,269.28,915197
2020-08-05,278.31,282.41,285.42,276.92,1063959
2020-08-06,283.59,303.82,323.67,256.94,1349601
2020-08-07,304.64,305.7,306.73,304.29,535797
2020-08-10,305.42,311.21,317.82,298.54,1069416
2020-08-11,308.54,324.33,331.75,285.62,1612900
2020-08-12,321.47,317.38,323.3,313.88,1072220
2020-08-13,312.57,312.12,312.69,311.82,746732
2020-08-14,310.29,319.03,319.78,304.01,1149188
2020-08-17,320.28,333.12,343.02,313.46,2694539
2020-08-18,337.77,334.4,340.97,331.22,861382
2020-08-19,335.98,330.33,339.85,329.11,585576
2020-08-20,332.02,328.0,333.33,326.36,635503
2020-08-21,328.88,322.48,330.23,320.74,2137398
2020-08-24,320.62,317.48,322.23,314.28,581353
2020-08-25,315.26,315.87,316.96,314.19,1292725
2020-08-26,318.6,316.32,319.46,312.51,1845841
2020-08-27,312.9,310.5,314.28,308.7,1990548
2020-08-28,310.02,311.2,311.41,309.24,1241878
2020-08-31,307.65,291.57,314.49,281.83,2033477
2020-09-01,291.3,291.11,291.38,291.07,745474
2020-09-02,292.05,303.08,313.72,288.83,1658756
2020-09-03,306.72,309.01,310.39,304.61,1620065
2020-09-04,311.77,312.1,312.31,311.57,623956
2020-09-07,310.87,310.44,311.08,310.14,1684411
2020-09-08,311.36,312.58,313.02,310.77,1040705
2020-09-09,311.9,312.32,312.59,311.69,1476010
2020-09-10,311.51,318.68,324.96,306.22,2151663
2020-09-11,319.43,321.3,321.98,318.19,1943832
2020-09-14,320.55,329.45,329.81,320.25,1367558
2020-09-15,329.43,338.1,339.21,328.05,1669499
2020-09-16,336.52,334.5,338.26,334.07,1705054
2020-09-17,332.46,322.88,336.55,319.99,1413879
2020-09-18,321.84,329.75,331.77,314.59,1930854
2020-09-21,330.85,333.52,338.06,327.23,2062064
2020-09-22,333.14,327.65,334.43,325.19,1257297
2020-09-23,328.65,335.0,336.4,328.08,1841398
2020-09-24,332.17,334.24,335.79,332.14,1228916
2020-09-25,333.02,332.91,333.04,332.87,1513302
2020-09-28,332.22,333.23,333.46,332.09,900553
2020-09-29,335.72,336.32,336.55,334.98,1756829
2020-09-30,333.73,322.83,335.6,318.29,757968
2020-10-01,323.47,327.84,331.45,321.46,839848
2020-10-02,326.25,335.32,338.1,324.45,1613610
2020-10-05,332.26,333.36,333.66,331.87,1811339
2020-10-06,335.52,334.68,336.15,333.86,867628
2020-10-07,335.48,336.49,336.85,334.29,1750811
2020-10-08,339.3,323.56,345.82,313.29,1144729
2020-10-09,322.88,326.36,328.48,321.97,1005577
2020-10-12,327.23,321.33,332.26,316.15,834935
2020-10-13,320.43,316.38,322.57,315.03,1886130
2020-10-14,317.36,325.88,327.28,314.49,652087
2020-10-15,324.04,329.0,331.58,323.73,2190314
2020-10-16,327.75,324.94,328.78,323.69,938184
2020-10-19,326.16,326.14,326.21,326.1,822427
2020-10-20,328.26,331.69,333.71,327.36,843135
2020-10-21,333.95,330.48,338.44,328.68,1570591
2020-10-22,328.36,316.69,340.43,299.58,859153
2020-10-23,316.7,306.24,321.46,306.11,1193011
2020-10-26,310.39,312.52,313.81,307.49,1792045
2020-10-27,311.97,309.06,315.06,306.17,1572248
2020-10-28,309.09,309.85,310.19,308.06,1983368
2020-10-29,311.09,320.0,323.29,305.16,2092755
2020-10-30,318.35,320.89,322.92,316.06,1788573
2020-11-02,319.32,329.04,336.23,318.46,681388
2020-11-03,328.56,330.0,332.13,326.1,982376
2020-11-04,328.95,329.71,330.21,328.15,1284773
2020-11-05,330.03,328.84,331.43,328.07,640027
2020-11-06,325.7,328.58,331.24,320.95,1859868
2020-11-09,326.38,322.63,327.19,321.15,997838
2020-11-10,323.36,313.11,325.6,308.77,1754594
2020-11-11,315.67,301.84,317.12,284.09,2642087
2020-11-12,301.05,302.41,302.59,299.3,1649976
2020-11-13,301.67,301.67,301.68,301.66,534763
2020-11-16,300.14,296.19,303.04,289.94,566129
2020-11-17,297.14,293.77,299.29,289.32,761312
2020-11-18,291.31,286.63,295.35,283.12,740235
2020-11-19,285.69,282.05,290.52,277.92,2150833
2020-11-20,280.27,283.92,284.91,278.41,1311377
2020-11-23,286.84,285.83,286.99,285.53,1669235
2020-11-24,286.93,291.77,295.6,283.68,1548824
2020-11-25,295.89,291.81,297.93,291.44,682720
2020-11-26,291.68,285.67,297.81,278.65,1750524
2020-11-27,287.34,275.83,306.03,263.85,1382690
2020-11-30,275.54,280.88,286.14,274.74,2132167
2020-12-01,278.99,274.28,279.82,271.41,1420340
2020-12-02,276.0,277.77,280.14,272.99,1063186
2020-12-03,277.3,275.26,277.48,274.8,822025
2020-12-04,275.67,277.83,278.91,274.71,1986794
2020-12-07,276.08,281.09,283.73,275.61,2224624
2020-12-08,280.55,275.56,285.64,273.66,590564
2020-12-09,275.32,280.65,283.77,272.49,1398199
2020-12-10,280.86,287.24,287.45,277.56,1036719
2020-12-11,287.83,280.09,294.17,268.83,2416303
2020-12-14,280.81,285.0,287.27,279.13,1336992
2020-12-15,286.93,296.61,297.0,279.54,2105650
2020-12-16,298.82,293.45,299.55,291.79,2088816
2020-12-17,292.86,297.03,298.62,291.75,2237059
2020-12-18,297.3,295.04,298.08,294.12,1364233
2020-12-21,293.67,288.19,295.81,286.7,761065
2020-12-22,287.04,285.83,287.2,285.25,1644538
2020-12-23,287.55,284.9,291.57,283.96,1568381
2020-12-24,284.11,281.33,285.33,280.26,1460183
2020-12-25,281.28,275.95,284.94,271.39,1993634
2020-12-28,277.54,275.4,278.48,274.3,624406
2020-12-29,274.88,279.79,283.54,271.4,1568064
2020-12-30,279.07,289.59,292.07,270.82,1400374
2020-12-31,285.05,281.66,286.28,281.08,868818
2021-01-01,284.37,275.48,290.73,270.24,1396670
2021-01-04,275.36,285.22,288.27,272.93,1963362
2021-01-05,284.85,284.31,285.51,284.14,867514
2021-01-06,282.47,280.3,282.81,279.86,1812246
2021-01-07,280.62,278.32,281.5,276.9,1813402
2021-01-08,276.23,279.11,280.36,274.89,2151137
2021-01-11,281.64,281.21,281.73,281.04,1011005
2021-01-12,281.1,284.8,288.73,279.41,1977446
2021-01-13,285.3,272.72,290.16,268.65,2810670
2021-01-14,273.32,267.85,275.35,267.11,673043
2021-01-15,268.73,265.35,271.08,261.27,704800
2021-01-18,266.88,270.5,276.21,266.59,1370530
2021-01-19,268.32,261.06,271.7,253.4,804250
2021-01-20,261.01,262.75,263.84,259.7,1188510
2021-01-21,263.62,260.02,263.88,259.0,736373
2021-01-22,258.7,257.94,258.83,257.67,1262446
2021-01-25,257.39,254.2,262.28,253.44,2244388
2021-01-26,255.32,247.99,261.0,246.05,2528454
2021-01-27,248.11,244.62,249.06,241.63,896719
2021-01-28,242.65,241.95,242.72,241.86,1153095
2021-01-29,241.89,231.88,251.0,230.48,2179077
2021-02-01,232.42,227.62,234.31,222.97,832363
2021-02-02,226.35,225.06,227.4,223.89,1999047
2021-02-03,223.07,234.25,236.08,209.0,1730936
2021-02-04,233.3,229.86,238.85,223.87,2066946
2021-02-05,229.32,232.23,233.73,225.61,1414003
2021-02-08,232.35,230.05,233.25,228.62,1829551
2021-02-09,230.84,232.97,236.38,230.1,759884
2021-02-10,235.41,235.95,236.18,235.26,1504908
2021-02-11,231.42,234.91,235.42,230.79,2254999
2021-02-12,234.35,228.76,235.57,222.49,2077989
2021-02-15,227.86,221.22,235.92,220.27,1456135
2021-02-16,219.76,218.76,220.22,217.67,1840726
2021-02-17,219.77,215.57,220.89,214.95,1742268
2021-02-18,216.53,214.21,217.61,213.23,1125556
2021-02-19,215.34,216.7,217.42,213.43,1160446
2021-02-22,216.41,223.08,233.2,207.54,2425737
2021-02-23,222.88,226.77,226.85,220.74,1476767
2021-02-24,227.28,225.28,227.83,224.65,1132458
2021-02-25,225.41,229.76,236.01,224.39,1874203
2021-02-26,227.75,223.15,229.76,221.73,1853386
2021-03-01,222.32,223.81,223.84,219.83,1538510
2021-03-02,222.55,216.99,223.2,214.09,937008
2021-03-03,219.66,221.12,221.15,219.64,1715494
2021-03-04,222.25,217.47,225.15,213.44,1106309
2021-03-05,217.63,211.25,222.44,207.58,1849903
2021-03-08,213.01,212.45,213.5,211.81,1178641
2021-03-09,213.99,210.08,216.11,210.0,1919528
2021-03-10,210.21,205.91,210.6,203.5,1467727
2021-03-11,206.16,200.89,214.04,197.33,2422802
2021-03-12,200.48,201.75,202.33,199.64,1461826
2021-03-15,201.81,206.83,209.62,193.09,845244
2021-03-16,207.65,207.85,208.07,207.41,1784895
2021-03-17,206.84,199.55,220.02,187.38,934616
2021-03-18,199.21,202.44,204.6,197.14,1141764
2021-03-19,202.06,201.72,202.26,201.59,1819555
2021-03-22,202.16,207.97,209.73,201.44,1046294
2021-03-23,208.65,208.1,208.95,207.71,1665546
2021-03-24,208.21,211.15,211.87,207.4,1445538
2021-03-25,210.95,208.49,212.37,206.4,2170830
2021-03-26,209.52,209.84,209.98,209.37,1638617
2021-03-29,209.23,202.44,215.07,192.5,2153630
2021-03-30,202.94,194.92,212.14,192.83,852863
2021-03-31,195.15,198.3,200.89,191.91,1358165
2021-04-01,197.15,205.79,212.79,187.88,1019295
2021-04-02,205.2,204.99,205.23,204.96,526153
2021-04-05,205.45,205.39,205.47,205.37,1936978
2021-04-06,206.25,201.14,208.45,200.79,2118587
2021-04-07,201.96,196.89,203.85,188.25,2144055
2021-04-08,196.87,197.62,197.77,196.52,777182
2021-04-09,199.37,203.1,203.75,196.28,1104902
2021-04-12,202.2,198.43,204.41,197.68,1498919
2021-04-13,198.77,200.26,200.98,198.49,1560025
2021-04-14,201.25,198.54,202.65,197.73,1888704
2021-04-15,197.0,195.58,197.84,195.33,1383493
2021-04-16,197.74,191.31,202.97,191.13,1510547
2021-04-19,192.4,199.4,202.72,191.46,2217898
2021-04-20,200.67,195.7,204.56,194.45,2111531
2021-04-21,196.87,202.89,207.29,193.39,2020597
2021-04-22,201.5,199.26,201.85,198.41,1879439
2021-04-23,200.11,199.15,200.24,198.82,537699
2021-04-26,198.23,202.4,205.85,197.68,920053
2021-04-27,201.39,193.48,202.66,188.91,2445535
2021-04-28,192.63,186.22,198.39,179.45,902200
2021-04-29,186.7,189.05,192.07,185.84,1288485
2021-04-30,188.4,187.6,188.8,187.31,561557
2021-05-03,186.14,185.92,186.2,185.81,1972462
2021-05-04,186.8,186.77,186.83,186.75,1806018
2021-05-05,186.11,183.97,188.74,181.2,647149
2021-05-06,181.81,181.24,182.08,180.71,1611752
2021-05-07,181.47,179.81,182.55,179.47,1374828
2021-05-10,177.78,178.75,179.57,177.39,1967256
2021-05-11,178.33,171.22,182.64,169.49,868734
2021-05-12,172.47,166.34,172.99,163.65,2343590
2021-05-13,167.39,161.66,168.14,161.22,1300322
2021-05-14,163.75,164.72,165.59,163.16,1281909
2021-05-17,165.66,164.32,166.1,164.19,1983124
2021-05-18,164.31,160.74,166.65,158.81,1201742
2021-05-19,161.18,159.36,163.36,157.21,1176900
2021-05-20,159.87,157.39,161.64,157.01,622322
2021-05-21,157.43,156.56,157.7,156.28,1604187
2021-05-24,156.96,154.79,158.14,153.64,1258062
2021-05-25,155.18,160.54,163.27,152.66,1386563
2021-05-26,160.74,156.93,161.91,154.08,1075729
2021-05-27,157.87,160.37,163.87,155.7,1567773
2021-05-28,161.0,166.23,167.85,159.85,737414
2021-05-31,167.18,171.34,174.87,160.77,1297230
2021-06-01,171.51,172.96,174.0,171.24,1503981
2021-06-02,172.68,172.16,173.35,171.64,1066693
2021-06-03,173.91,174.4,174.78,173.51,1548029
2021-06-04,174.26,176.62,176.78,170.93,1393105
2021-06-07,178.7,173.73,183.66,173.64,1162020
2021-06-08,174.47,176.8,177.64,171.43,1885086
2021-06-09,178.34,180.81,182.23,175.58,637952
2021-06-10,179.54,173.54,179.96,171.44,2272139
2021-06-11,174.1,174.77,175.56,174.01,1860623
2021-06-14,174.87,167.72,180.75,165.34,800841
2021-06-15,167.96,161.86,168.69,157.3,2719285
2021-06-16,160.99,156.26,163.92,149.51,1733793
2021-06-17,157.86,155.92,157.99,154.83,1353941
2021-06-18,156.81,153.77,161.62,152.45,2163957
2021-06-21,153.27,157.45,159.62,151.81,1194789
2021-06-22,158.44,163.13,164.24,156.98,2352631
2021-06-23,163.18,166.09,168.61,162.48,1245377
2021-06-24,166.74,168.86,170.98,164.81,1050876
2021-06-25,169.86,166.34,170.67,163.99,1849246
2021-06-28,166.04,173.23,184.24,165.75,2026271
2021-06-29,172.22,166.48,177.45,165.48,1992722
2021-06-30,165.5,168.7,172.97,163.66,1552292
2021-07-01,167.97,168.42,169.09,167.48,1961703
2021-07-02,170.22,174.76,174.96,165.41,2353701
2021-07-05,175.09,180.42,181.38,168.03,1206777
2021-07-06,181.54,188.1,191.4,180.86,1221959
2021-07-07,187.64,191.92,193.77,184.45,1730931
2021-07-08,192.28,193.98,194.62,192.21,1170759
2021-07-09,194.4,192.34,195.37,192.05,1270017
2021-07-12,191.59,199.53,201.44,187.95,2648932
2021-07-13,197.93,191.65,201.14,186.35,2231804
2021-07-14,190.8,192.65,193.38,190.03,1990158
2021-07-15,190.94,190.72,191.01,190.55,789807
2021-07-16,190.58,197.41,203.48,186.64,2142021
2021-07-19,197.75,198.26,198.75,197.6,933172
2021-07-20,199.13,194.04,206.38,188.58,1013050
2021-07-21,193.93,195.81,196.49,193.79,777115
2021-07-22,194.77,192.05,198.34,190.82,989102
2021-07-23,191.84,194.02,194.99,190.27,1538777
2021-07-26,194.56,188.36,194.6,186.76,920063
2021-07-27,187.31,190.85,192.39,186.98,635627
2021-07-28,191.26,189.57,191.83,189.05,2097836
2021-07-29,188.63,198.28,209.45,177.91,1281294
2021-07-30,197.71,191.65,198.01,182.77,928258
2021-08-02,191.97,195.38,196.82,191.15,2106639
2021-08-03,193.78,189.06,198.21,187.21,2397567
2021-08-04,189.3,189.73,189.79,189.17,1737397
2021-08-05,189.86,192.05,193.61,187.1,1179920
2021-08-06,192.84,190.68,194.32,186.76,2111791
2021-08-09,191.38,190.32,192.28,188.84,1266900
2021-08-10,189.68,188.74,190.6,187.68,969175
2021-08-11,188.17,189.48,190.53,188.14,807224
2021-08-12,190.58,198.08,203.12,186.04,1371437
2021-08-13,196.93,199.03,200.65,193.72,1533269
2021-08-16,199.37,195.75,199.85,194.1,719790
2021-08-17,195.57,193.71,196.9,191.04,1418854
2021-08-18,192.71,197.65,202.97,190.37,817079
2021-08-19,196.28,197.44,198.49,194.41,1336089
2021-08-20,198.2,199.8,200.6,196.73,903408
2021-08-23,199.01,189.43,206.33,189.12,2655255
2021-08-24,189.83,187.15,192.74,186.85,1296090
2021-08-25,187.7,188.24,188.28,187.42,1033393
2021-08-26,188.15,189.91,190.48,185.83,643009
2021-08-27,191.57,191.03,192.13,190.79,1792694
2021-08-30,189.51,196.82,198.48,185.48,1407089
2021-08-31,198.23,197.84,198.44,197.54,1712994
2021-09-01,199.86,209.61,212.51,189.15,1432440
2021-09-02,209.97,215.0,220.55,204.13,917845
2021-09-03,213.64,210.34,217.58,208.58,1858831
2021-09-06,208.85,216.85,227.55,200.26,728696
2021-09-07,218.51,222.38,226.16,213.82,2303510
2021-09-08,222.07,219.87,224.15,217.44,1717111
2021-09-09,219.78,227.91,232.61,211.06,1811235
2021-09-10,228.86,233.77,237.68,222.89,2104218
2021-09-13,231.99,231.74,232.22,231.66,511310
2021-09-14,230.64,232.81,233.69,230.47,1017434
2021-09-15,232.21,236.39,241.73,225.85,782963
2021-09-16,236.92,237.89,238.84,236.33,590186
2021-09-17,238.69,246.13,250.75,234.65,2372604
2021-09-20,246.21,255.73,260.86,243.2,2432527
2021-09-21,257.33,257.13,257.34,257.07,1870041
2021-09-22,256.19,255.38,256.53,255.24,573702
2021-09-23,253.2,257.7,258.0,253.01,1932810
2021-09-24,254.95,256.49,259.16,252.85,1937876
2021-09-27,255.2,249.95,258.83,246.94,2386262
2021-09-28,249.63,258.51,259.31,246.8,1497123
2021-09-29,259.87,252.91,264.59,249.68,2440786
2021-09-30,253.89,254.25,254.68,253.47,1047959
2021-10-01,255.79,259.76,260.47,255.48,981315
2021-10-04,258.85,256.14,259.62,255.56,944811
2021-10-05,253.87,256.55,256.74,251.53,1098249
2021-10-06,254.9,262.09,273.15,251.78,1285055
2021-10-07,263.11,265.45,265.65,262.37,718631
2021-10-08,264.2,264.72,265.71,263.83,1425779
2021-10-11,263.65,275.19,276.16,254.79,1263821
2021-10-12,274.18,274.99,275.56,273.61,1148583
2021-10-13,275.83,274.42,276.49,274.23,1009232
2021-10-14,270.78,266.51,274.72,262.14,1086786
2021-10-15,265.65,258.44,277.25,256.09,646297
2021-10-18,258.55,255.98,259.44,254.33,1387487
2021-10-19,256.53,261.15,265.21,255.87,1590862
2021-10-20,260.6,255.12,260.85,255.07,645250
2021-10-21,254.15,253.12,254.28,252.59,1859281
2021-10-22,251.63,259.37,268.22,243.52,2361410
2021-10-25,259.65,267.64,277.19,259.58,2599378
2021-10-26,267.47,263.01,269.25,262.52,1274711
2021-10-27,262.4,259.27,268.59,258.56,1778281
2021-10-28,258.64,257.96,258.85,257.25,989918
2021-10-29,258.25,263.96,271.83,255.45,1232833
2021-11-01,263.88,263.48,264.5,263.12,660042
2021-11-02,265.32,270.31,270.35,263.07,2174122
2021-11-03,269.53,277.4,283.92,263.08,2113969
2021-11-04,276.0,279.64,282.62,273.15,2111678
2021-11-05,279.7,281.48,282.88,278.53,1528001
2021-11-08,281.03,291.26,300.22,277.07,1029361
2021-11-09,290.83,291.05,291.16,290.64,587774
2021-11-10,291.04,287.62,291.26,284.73,1718575
2021-11-11,290.05,288.81,291.04,287.92,538631
2021-11-12,289.05,295.84,307.52,276.42,2236663
2021-11-15,296.34,301.25,304.36,295.4,2105351
2021-11-16,298.86,300.41,300.57,298.52,1138113
2021-11-17,301.2,300.54,301.41,300.51,708612
2021-11-18,301.38,301.71,301.9,301.23,1338093
2021-11-19,303.04,308.93,317.46,298.48,2234220
2021-11-22,307.42,306.43,308.45,306.31,915240
2021-11-23,305.86,310.0,312.78,305.15,2033197
2021-11-24,311.28,313.39,313.66,311.27,1386132
2021-11-25,313.01,310.3,313.45,308.37,2086856
2021-11-26,309.7,316.97,321.61,309.14,1066193
2021-11-29,317.23,329.7,342.11,310.83,2743056
2021-11-30,329.54,334.05,335.73,324.57,692224
2021-12-01,333.45,338.7,342.04,328.51,2270212
2021-12-02,337.54,339.7,341.01,336.64,1333810
2021-12-03,341.74,339.4,344.04,338.38,1898280
2021-12-06,337.0,341.58,345.58,334.86,1805470
2021-12-07,341.22,338.33,342.01,336.95,1078980
2021-12-08,340.43,348.06,355.88,336.22,839454
2021-12-09,349.09,352.39,355.3,344.9,1250372
2021-12-10,351.68,360.19,361.62,342.52,1374393
2021-12-13,359.82,364.31,366.15,358.42,1617830
2021-12-14,363.95,363.69,364.16,363.5,915891
2021-12-15,362.67,362.42,362.73,362.36,1821712
2021-12-16,363.89,375.46,385.58,355.65,1255603
2021-12-17,376.31,383.51,385.04,375.4,1887560
2021-12-20,385.02,383.29,385.52,382.44,1758805
2021-12-21,381.92,393.93,410.21,376.44,2477243
2021-12-22,393.08,411.48,416.06,391.18,985200
2021-12-23,413.99,410.82,415.76,409.58,2089788
2021-12-24,408.8,415.63,415.91,408.65,810079
2021-12-27,414.71,404.32,419.65,399.94,1177625
2021-12-28,402.13,401.86,402.34,401.77,1022603
2021-12-29,403.88,408.85,411.25,401.46,2043204
2021-12-30,411.41,423.16,431.18,409.67,1178599
2021-12-31,423.42,434.04,438.66,418.87,1777601
2022-01-03,427.96,434.05,438.91,424.92,1104186
2022-01-04,437.01,437.4,437.64,436.89,1703691
2022-01-05,438.19,436.01,439.2,435.36,1078780
2022-01-06,437.29,427.76,455.93,415.72,1418262
2022-01-07,432.04,433.33,433.43,431.95,817448
2022-01-10,436.57,437.98,438.1,435.8,936178
2022-01-11,438.56,441.15,442.15,436.51,1755493
2022-01-12,440.5,448.71,448.99,435.9,2243205
2022-01-13,451.23,459.28,467.65,444.97,1145314
2022-01-14,462.38,487.07,507.08,425.21,996483
2022-01-17,485.63,499.94,509.08,483.84,2442091
2022-01-18,497.44,511.48,525.08,482.24,1389647
2022-01-19,512.2,514.01,514.61,510.64,1704189
2022-01-20,512.81,512.24,513.08,511.6,1218102
2022-01-21,513.49,512.11,513.67,511.37,1967802
2022-01-24,507.61,519.49,525.55,496.43,2391297
2022-01-25,520.89,514.04,524.55,510.77,1727143
2022-01-26,513.03,500.17,519.42,497.33,2443564
2022-01-27,500.82,491.49,513.14,489.72,2216060
2022-01-28,492.61,481.75,511.56,474.96,803516
2022-01-31,481.75,469.64,487.55,466.8,1266244
2022-02-01,468.65,489.01,500.8,467.69,1134622
2022-02-02,491.26,496.24,498.89,490.22,1890789
2022-02-03,494.94,499.86,502.62,489.76,632532
2022-02-04,497.17,501.36,502.57,493.54,623584
2022-02-07,497.24,484.99,514.41,483.53,1959243
2022-02-08,487.25,488.52,489.39,486.4,1215024
2022-02-09,490.12,483.31,493.56,474.3,2176592
2022-02-10,485.33,489.39,491.92,484.67,1412282
2022-02-11,491.24,483.42,493.59,474.68,704395
2022-02-14,485.4,488.97,489.97,484.7,717477
2022-02-15,492.46,496.36,499.68,491.31,1293731
2022-02-16,498.67,503.84,505.77,494.03,2184173
2022-02-17,499.84,503.9,505.55,498.94,937025
2022-02-18,504.87,516.17,517.33,504.81,1544115
2022-02-21,518.05,514.09,519.74,513.47,779838
2022-02-22,513.64,497.69,516.21,486.33,2601864
2022-02-23,495.89,505.36,506.43,491.57,1677136
2022-02-24,507.95,519.46,527.26,503.95,1004385
2022-02-25,515.78,507.27,528.45,504.0,695708
2022-02-28,505.17,511.55,512.42,502.15,1922390
2022-03-01,509.98,498.11,517.17,493.36,1618607
2022-03-02,499.62,503.64,504.03,498.24,1149197
2022-03-03,502.62,510.09,512.94,498.26,1319726
2022-03-04,510.91,509.8,510.99,508.49,1504140
2022-03-07,509.22,507.78,509.22,507.32,805643
2022-03-08,509.16,496.96,510.93,490.09,1850491
2022-03-09,494.58,502.02,503.98,490.23,950933
2022-03-10,500.91,496.99,504.73,491.86,1325831
2022-03-11,495.96,487.6,502.27,479.48,1701730
2022-03-14,488.13,496.24,501.04,481.74,1257761
2022-03-15,498.03,505.54,506.88,488.07,1975814
2022-03-16,501.19,510.15,514.7,500.0,2007086
2022-03-17,510.56,511.62,511.85,510.38,1681691
2022-03-18,511.77,511.3,512.04,511.01,618639
2022-03-21,515.77,492.69,525.83,482.73,1567160
2022-03-22,492.2,503.17,520.69,474.19,1106786
2022-03-23,504.36,499.83,504.74,499.39,1575340
2022-03-24,501.46,503.71,504.27,501.02,1084727
2022-03-25,504.08,510.17,510.39,503.6,1464883
2022-03-28,507.85,512.77,516.24,501.54,1213197
2022-03-29,515.62,521.05,523.33,514.7,891074
2022-03-30,522.42,522.55,522.57,522.38,938168
2022-03-31,524.57,512.89,536.69,508.83,1717554
2022-04-01,515.96,526.83,536.11,507.54,1188869
2022-04-04,527.29,515.64,536.12,512.19,2008554
2022-04-05,513.45,519.17,522.86,511.5,1424693
2022-04-06,519.73,523.74,526.36,516.12,1724686
2022-04-07,527.31,525.08,527.79,522.43,1984252
2022-04-08,524.99,510.15,542.46,506.74,2328604
2022-04-11,511.44,502.93,512.77,501.52,1740990
2022-04-12,500.34,498.75,501.06,498.06,606326
2022-04-13,496.68,494.86,499.05,491.73,1780105
2022-04-14,495.51,504.67,507.15,490.75,899260
2022-04-15,504.11,483.96,529.83,463.11,2099072
2022-04-18,483.02,505.47,515.75,479.25,2380259
2022-04-19,504.36,489.77,506.14,489.21,1914407
2022-04-20,488.79,495.99,497.92,487.9,1641793
2022-04-21,500.58,484.06,514.24,463.7,1261533
2022-04-22,487.36,475.39,490.81,471.09,1406432
2022-04-25,475.12,486.95,489.92,469.65,1641330
2022-04-26,486.87,486.62,486.91,486.44,1942962
2022-04-27,487.99,483.38,491.79,480.93,1464619
2022-04-28,483.74,476.92,493.45,474.13,1124463
2022-04-29,482.89,474.58,486.32,473.94,590490
2022-05-02,474.87,469.63,477.94,468.75,1473037
2022-05-03,470.39,457.0,478.51,456.75,1365943
2022-05-04,456.3,445.42,461.12,441.95,1839214
2022-05-05,445.02,448.18,450.63,443.38,1266612
2022-05-06,447.81,433.79,471.55,431.53,1674252
2022-05-09,432.8,417.08,439.58,412.87,2317842
2022-05-10,415.88,431.23,445.99,407.88,1507598
2022-05-11,434.51,431.9,435.68,430.57,1663077
2022-05-12,431.26,435.22,438.56,426.48,1637064
2022-05-13,432.13,430.4,433.77,428.95,697864
2022-05-16,429.87,420.76,443.66,409.14,1547201
2022-05-17,419.0,413.14,428.41,413.02,2085162
2022-05-18,416.14,428.16,446.12,404.99,2514977
2022-05-19,428.16,434.63,435.15,423.51,2079420
2022-05-20,433.85,417.82,440.42,409.75,1751865
2022-05-23,420.3,420.92,421.48,419.94,1508753
2022-05-24,421.88,432.63,434.95,419.59,1894942
2022-05-25,430.7,417.28,440.48,416.33,1530177
2022-05-26,418.0,422.96,426.92,412.54,2057888
2022-05-27,421.95,422.41,422.58,421.66,1452373
2022-05-30,422.46,404.97,432.19,375.4,2209675
2022-05-31,406.04,396.02,407.23,384.32,1266739
2022-06-01,395.99,390.73,401.08,389.99,753900
2022-06-02,391.88,386.97,395.13,386.58,2207518
2022-06-03,387.48,373.86,391.44,352.85,1970448
2022-06-06,374.12,379.46,385.58,365.01,2205743
2022-06-07,380.49,380.43,380.51,380.41,649272
2022-06-08,379.0,376.16,381.11,373.41,1227321
2022-06-09,375.65,375.28,375.91,375.21,1353697
2022-06-10,375.54,372.03,379.43,369.77,616061
2022-06-13,372.74,357.27,380.13,335.93,1319331
2022-06-14,358.37,363.66,370.14,353.58,1268811
2022-06-15,360.62,355.33,366.99,347.01,1697451
2022-06-16,355.83,346.86,359.0,346.8,1270315
2022-06-17,345.93,333.85,346.9,325.58,2693940
2022-06-20,333.17,326.92,334.37,322.31,1863418
2022-06-21,323.65,312.0,327.6,306.92,1752146
2022-06-22,314.45,310.53,316.11,307.8,2179543
2022-06-23,309.19,309.85,310.07,309.15,544916
2022-06-24,308.1,306.6,308.91,306.38,1489418
2022-06-27,304.69,312.49,312.55,291.54,753128
2022-06-28,310.91,303.05,322.7,295.43,1971290
2022-06-29,302.71,294.97,304.08,294.03,745290
2022-06-30,296.26,292.35,297.75,290.71,1488717
2022-07-01,292.14,287.57,293.08,284.77,1779798
2022-07-04,286.63,269.57,293.23,247.48,2610532
2022-07-05,271.21,259.4,271.55,258.56,1120619
2022-07-06,258.52,262.22,268.93,251.78,2007276
2022-07-07,262.24,256.41,268.86,248.64,1542716
2022-07-08,256.15,241.44,266.48,226.11,1978577
2022-07-11,241.71,242.82,243.5,241.17,790011
2022-07-12,242.77,238.01,248.75,235.44,1363852
2022-07-13,237.84,239.97,241.67,237.58,986797
2022-07-14,239.86,234.79,241.7,232.25,1036255
2022-07-15,236.03,238.26,238.64,234.73,1341241
2022-07-18,237.75,243.49,244.63,236.31,797414
2022-07-19,243.13,240.39,244.58,237.41,1753225
2022-07-20,241.02,239.23,243.78,236.74,807749
2022-07-21,238.07,233.43,240.37,229.51,1835551
2022-07-22,234.72,231.41,235.95,230.95,1524643
2022-07-25,229.56,224.09,230.37,220.19,621600
2022-07-26,222.87,217.8,225.69,217.05,1565195
2022-07-27,218.0,209.64,225.55,203.19,2616680
2022-07-28,209.66,210.99,211.29,208.65,1329570
2022-07-29,210.93,208.73,213.21,205.99,1113628
2022-08-01,207.1,214.05,216.03,205.92,1321371
2022-08-02,214.17,203.86,222.79,193.94,1429187
2022-08-03,202.21,195.56,203.37,193.0,1791587
2022-08-04,196.99,186.12,203.24,174.89,1383086
2022-08-05,186.45,188.24,188.34,183.61,1982886
2022-08-08,187.26,182.44,189.12,180.86,1800134
2022-08-09,182.69,180.21,185.27,179.46,597918
2022-08-10,179.51,185.98,197.58,171.92,2239349
2022-08-11,185.53,190.07,192.73,184.72,1793177
2022-08-12,188.99,184.77,189.43,183.42,1494745
2022-08-15,184.32,174.69,190.67,166.04,1181744
2022-08-16,173.98,172.36,176.21,169.6,907768
2022-08-17,172.79,174.51,175.53,170.52,983040
2022-08-18,173.88,171.46,175.06,170.58,2209638
2022-08-19,172.44,168.83,174.01,165.72,2260285
2022-08-22,168.16,169.41,170.18,167.05,840417
2022-08-23,169.79,173.16,174.23,167.67,633583
2022-08-24,172.74,167.67,177.11,163.68,2282785
2022-08-25,167.39,161.1,169.59,158.17,1660529
2022-08-26,160.55,165.2,165.26,156.13,826132
2022-08-29,166.82,166.81,166.83,166.81,898951
2022-08-30,168.28,165.64,168.75,163.78,1808839
2022-08-31,166.19,161.19,166.55,158.47,1727198
2022-09-01,160.7,163.14,166.01,158.43,1838468
2022-09-02,163.2,160.21,164.65,158.69,1321251
2022-09-05,159.79,157.64,162.27,155.25,1047205
2022-09-06,156.98,156.34,157.26,156.13,1239758
2022-09-07,155.8,150.63,158.56,146.37,2412445
2022-09-08,151.14,147.02,155.85,146.46,1298815
2022-09-09,148.02,147.68,148.24,147.57,1675460
2022-09-12,147.71,144.26,149.85,142.28,1365181
2022-09-13,143.2,141.36,146.24,140.84,614969
2022-09-14,141.39,142.78,143.51,140.27,2144736
2022-09-15,142.13,142.7,143.05,141.99,553432
2022-09-16,142.39,137.49,146.46,133.82,1791265
2022-09-19,137.4,132.87,137.75,131.97,2027881
2022-09-20,132.6,128.14,135.27,127.04,1649315
2022-09-21,127.83,128.04,128.04,127.78,962705
2022-09-22,128.25,130.52,131.78,128.14,2165252
2022-09-23,131.34,134.09,136.1,128.6,1853041
2022-09-26,132.06,135.71,138.85,129.08,2014954
2022-09-27,135.92,141.41,142.97,135.91,1881177
2022-09-28,141.68,141.38,141.75,141.36,1694708
2022-09-29,141.82,137.28,146.62,134.85,1224233
2022-09-30,137.1,135.29,138.01,133.12,1336117
2022-10-03,135.55,134.68,136.33,133.47,818303
2022-10-04,134.87,134.59,135.11,134.57,1679319
2022-10-05,134.88,131.58,136.73,130.15,863317
2022-10-06,131.64,131.82,131.93,131.62,1358194
2022-10-07,131.57,134.74,135.39,130.56,1014405
2022-10-10,135.71,136.16,136.3,135.49,860442
2022-10-11,135.81,136.9,137.26,134.75,1819150
2022-10-12,136.34,137.68,138.06,134.3,997676
2022-10-13,137.84,135.87,138.24,134.61,1734792
2022-10-14,135.28,136.93,137.3,134.92,885345
2022-10-17,135.68,137.62,138.32,135.66,1397431
2022-10-18,137.59,141.46,145.53,136.57,1732451
2022-10-19,141.86,143.58,146.52,140.59,1517365
2022-10-20,144.06,146.75,147.25,143.67,1060480
2022-10-21,147.29,144.33,150.59,143.13,1055836
2022-10-24,145.28,147.06,150.13,143.43,2092026
2022-10-25,148.11,147.67,148.24,147.53,705444
2022-10-26,146.98,145.37,147.35,144.68,1641252
2022-10-27,145.32,145.08,145.51,144.79,876750
2022-10-28,144.5,144.45,144.52,144.45,1536172
2022-10-31,144.74,145.08,145.38,144.69,1297941
2022-11-01,144.52,143.12,145.2,142.68,1422069
2022-11-02,143.3,143.5,143.67,143.29,1839536
2022-11-03,141.72,143.69,144.26,140.06,1806617
2022-11-04,144.46,146.33,147.57,142.36,1089277
2022-11-07,146.95,148.04,148.38,146.73,1619963
2022-11-08,148.02,150.1,150.42,147.24,2142461
2022-11-09,150.58,147.71,152.06,142.99,1583387
2022-11-10,148.3,153.37,154.58,145.78,2308737
2022-11-11,154.2,155.65,157.08,154.15,1951962
2022-11-14,156.09,155.04,157.38,154.35,1729423
2022-11-15,155.52,158.35,158.92,155.36,1027975
2022-11-16,158.5,155.29,158.56,153.8,1667631
2022-11-17,155.91,155.4,156.52,155.21,1568072
2022-11-18,155.08,160.15,161.18,154.74,1083148
2022-11-21,160.32,160.35,160.37,160.29,2000273
2022-11-22,159.98,161.17,161.79,159.5,1467831
2022-11-23,161.79,165.28,170.32,158.35,980210
2022-11-24,166.56,167.98,168.45,165.12,1083691
2022-11-25,167.25,164.53,167.27,163.7,789394
2022-11-28,163.49,165.31,166.7,160.49,1386069
2022-11-29,166.52,165.18,167.07,164.77,1820547
2022-11-30,165.02,168.12,171.93,161.79,2218847
2022-12-01,168.82,166.99,170.22,166.96,2158938
2022-12-02,167.25,166.82,167.34,166.57,1048159
2022-12-05,167.88,167.52,168.06,167.28,953312
2022-12-06,168.07,160.43,168.7,157.85,887822
2022-12-07,159.99,157.36,161.88,157.32,1723801
2022-12-08,158.58,156.05,160.38,155.0,2011199
2022-12-09,156.22,156.87,157.52,155.62,1700958
2022-12-12,157.69,156.56,157.95,156.05,2032012
2022-12-13,156.85,154.58,157.36,153.7,894141
2022-12-14,154.11,153.26,154.5,153.23,1384257
2022-12-15,153.17,155.53,158.72,149.86,1550814
2022-12-16,155.77,158.61,159.42,153.69,1117299
2022-12-19,157.36,159.53,160.73,156.49,887908
2022-12-20,158.12,160.15,160.28,156.05,617769
2022-12-21,159.22,164.88,168.83,154.95,2082272
2022-12-22,165.15,163.58,165.5,163.21,1315015
2022-12-23,162.73,167.4,169.29,161.16,1318020
2022-12-26,167.68,174.95,180.81,161.6,1338284
2022-12-27,174.86,175.63,176.21,174.62,1707589
2022-12-28,176.53,178.81,178.95,175.46,682297
2022-12-29,175.79,175.43,175.9,175.21,1694970
2022-12-30,175.11,179.04,179.66,174.88,1190812
2023-01-02,178.73,183.05,185.34,173.9,1172798
2023-01-03,181.98,190.08,198.2,181.0,873174
2023-01-04,190.51,189.68,191.03,188.69,1721592
2023-01-05,190.15,193.47,196.89,186.5,629330
2023-01-06,194.1,194.1,194.1,194.1,875076
2023-01-09,195.95,197.05,197.72,195.28,1382919
2023-01-10,196.79,189.09,209.96,175.25,2655408
2023-01-11,189.71,191.52,194.27,187.08,1259749
2023-01-12,189.83,190.03,190.17,189.5,652699
2023-01-13,190.25,191.56,193.64,189.57,2057959
2023-01-16,192.68,199.05,207.16,190.35,2559595
2023-01-17,198.79,200.48,200.93,198.55,874029
2023-01-18,198.53,200.04,201.85,197.24,1650152
2023-01-19,198.67,198.03,199.0,197.73,895658
2023-01-20,199.98,204.55,205.71,198.34,900854
2023-01-23,205.34,204.44,206.06,204.28,812079
2023-01-24,204.68,203.86,205.27,203.47,1730588
2023-01-25,203.12,202.29,203.24,202.06,555045
2023-01-26,202.68,209.28,214.25,198.18,1253476
2023-01-27,211.2,209.8,213.09,209.09,1265045
2023-01-30,208.7,206.47,212.9,206.28,802727
2023-01-31,205.91,202.53,206.98,201.89,1196554
2023-02-01,202.21,203.48,204.59,201.15,2049372
2023-02-02,202.6,207.02,208.27,199.92,2015168
2023-02-03,208.18,211.74,215.97,204.41,2067872
2023-02-06,212.48,209.38,215.93,207.62,829291
2023-02-07,210.49,213.99,215.87,208.93,597987
2023-02-08,214.36,216.74,216.88,210.87,642348
2023-02-09,219.25,221.04,222.63,219.16,606525
2023-02-10,220.47,228.03,236.09,214.32,1124402
2023-02-13,228.55,237.9,250.87,225.91,2714940
2023-02-14,239.53,251.44,261.26,230.51,838916
2023-02-15,252.0,250.16,252.08,247.24,2016492
2023-02-16,250.28,259.43,264.05,245.91,1552225
2023-02-17,258.28,262.09,265.84,256.2,1510615
2023-02-20,261.76,263.84,264.66,261.33,724947
2023-02-21,262.16,269.26,272.13,261.69,2513911
2023-02-22,270.28,266.08,271.52,260.93,2299484
2023-02-23,264.63,270.09,272.89,262.35,748790
2023-02-24,266.86,268.09,268.39,266.83,1833263
2023-02-27,268.13,267.43,268.38,267.35,1614710
2023-02-28,265.99,276.01,280.62,258.34,2551839
2023-03-01,275.23,278.23,281.41,273.93,2105257
2023-03-02,277.33,283.49,284.42,275.74,922713
2023-03-03,283.74,267.79,298.16,250.51,2835977
2023-03-06,267.0,269.62,270.66,264.62,1293865
2023-03-07,267.64,272.36,276.87,266.76,1667354
2023-03-08,272.39,278.04,281.41,271.36,1119885
2023-03-09,277.52,270.3,283.26,263.68,1212030
2023-03-10,268.9,273.52,275.19,266.86,1523457
2023-03-13,272.84,273.85,274.13,272.35,1220172
2023-03-14,274.0,278.23,281.31,272.26,2052749
2023-03-15,278.75,274.45,279.52,273.24,1411300
2023-03-16,272.77,275.28,276.77,268.66,842082
2023-03-17,274.48,272.79,277.23,270.92,1302529
2023-03-20,273.04,273.87,275.04,271.97,1490531
2023-03-21,273.58,286.53,301.98,257.65,1921120
2023-03-22,286.71,287.75,288.61,285.16,1056782
2023-03-23,288.47,296.22,299.51,285.73,1883014
2023-03-24,295.8,295.01,296.01,294.7,1143544
2023-03-27,295.85,304.54,315.42,286.98,2173997
2023-03-28,306.66,314.53,321.98,303.68,1650688
2023-03-29,313.99,326.2,340.73,299.33,1146880
2023-03-30,324.66,323.68,325.03,323.58,1369533
2023-03-31,325.45,320.91,326.34,314.4,861559
2023-04-03,323.49,323.32,323.49,323.17,668771
2023-04-04,325.63,325.27,326.19,325.05,1763293
2023-04-05,326.03,332.56,334.12,325.35,1289705
2023-04-06,331.69,338.59,340.53,329.64,2260852
2023-04-07,336.63,360.6,361.81,327.78,991103
2023-04-10,361.36,351.34,367.91,345.06,1002623
2023-04-11,352.2,363.54,366.48,341.48,2351677
2023-04-12,360.67,368.79,383.74,358.74,907659
2023-04-13,373.59,380.45,384.07,370.06,1226178
2023-04-14,384.18,389.35,390.02,381.63,1345450
2023-04-17,391.12,387.22,391.79,385.44,1435890
2023-04-18,387.46,402.5,417.89,386.93,1882281
2023-04-19,401.83,411.16,422.05,399.62,736726
2023-04-20,410.83,426.84,433.66,410.4,1694600
2023-04-21,420.51,411.91,427.95,410.7,2275383
2023-04-24,416.24,402.13,420.73,384.29,1251858
2023-04-25,400.74,401.15,401.8,399.99,718170
2023-04-26,398.65,402.8,407.66,391.63,974050
2023-04-27,401.28,407.24,410.89,397.59,1199065
2023-04-28,399.58,402.99,403.51,399.11,1183000
2023-05-01,402.25,405.69,409.67,400.01,1387799
2023-05-02,403.44,404.2,404.57,402.78,776577
2023-05-03,406.84,400.64,409.88,396.46,1935912
2023-05-04,399.29,389.12,411.45,385.93,1508858
2023-05-05,392.13,395.22,398.82,390.91,1470705
2023-05-08,397.47,403.41,405.67,396.08,788626
2023-05-09,401.92,394.36,407.93,388.06,1675839
2023-05-10,393.69,392.61,394.23,391.47,1187579
2023-05-11,393.66,398.32,400.68,393.43,674280
2023-05-12,399.38,392.4,400.47,391.13,722955
2023-05-15,392.67,400.57,405.29,392.36,725521
2023-05-16,398.75,403.85,406.66,397.91,1884510
2023-05-17,400.5,413.97,433.62,380.56,1740726
2023-05-18,412.36,400.71,414.12,394.73,885647
2023-05-19,400.88,426.65,441.41,388.78,2888319
2023-05-22,426.9,440.69,442.06,423.09,934429
2023-05-23,439.22,426.67,441.78,413.32,1284035
2023-05-24,422.13,438.18,455.31,411.19,1732063
2023-05-25,439.67,446.18,451.62,436.65,1146068
2023-05-26,446.89,464.88,469.53,443.26,790386
2023-05-29,461.41,479.38,499.93,454.23,1411873
2023-05-30,484.67,484.52,484.83,484.31,1914629
2023-05-31,488.32,476.4,501.02,472.93,717634
2023-06-01,477.48,469.23,485.0,468.11,912894
2023-06-02,471.15,466.74,472.28,466.37,828038
2023-06-05,464.81,466.82,468.65,462.29,823313
2023-06-06,467.63,459.34,471.63,458.82,2144690
2023-06-07,461.46,473.06,480.91,449.93,703103
2023-06-08,469.96,473.78,475.73,466.38,1213645
2023-06-09,475.53,473.77,477.36,472.28,741317
2023-06-12,473.84,456.53,498.09,453.91,2505947
2023-06-13,454.79,471.77,477.82,443.57,721486
2023-06-14,471.32,469.64,471.88,469.51,1986169
2023-06-15,469.08,467.62,469.16,466.98,634450
2023-06-16,467.81,484.5,486.63,463.41,882161
2023-06-19,482.03,480.37,482.41,479.3,1226266
2023-06-20,481.04,497.43,506.18,470.56,724033
2023-06-21,493.28,487.88,499.55,481.5,671077
2023-06-22,487.75,505.96,528.29,460.65,704102
2023-06-23,501.69,508.72,509.46,493.96,1543204
2023-06-26,507.45,508.81,509.1,506.77,1234560
2023-06-27,507.43,504.49,512.73,504.32,1752133
2023-06-28,506.77,498.24,519.9,488.72,1317325
2023-06-29,495.93,506.61,511.66,489.84,2347610
2023-06-30,508.61,509.67,510.23,508.38,1020985
2023-07-03,505.9,519.55,524.61,503.21,725132
2023-07-04,512.92,517.24,517.59,510.48,1038329
2023-07-05,513.84,514.62,515.01,513.78,686805
2023-07-06,514.72,520.6,522.65,513.44,1410970
2023-07-07,519.0,522.15,522.7,518.53,925840
2023-07-10,518.37,530.71,536.1,512.05,1588293
2023-07-11,529.54,515.72,541.66,504.08,884027
2023-07-12,514.98,526.91,535.21,501.74,796136
2023-07-13,527.21,521.77,537.51,511.81,561418
2023-07-14,517.98,528.63,533.77,510.37,1441280
2023-07-17,527.38,526.21,528.08,526.18,2035295
2023-07-18,523.72,507.11,526.02,497.27,1173803
2023-07-19,513.67,506.74,515.41,500.05,1658926
2023-07-20,508.89,513.59,519.46,504.84,1309654
2023-07-21,512.23,497.39,517.17,495.7,645920
2023-07-24,499.75,483.12,508.34,475.93,1966827
2023-07-25,486.18,488.76,492.96,484.13,1373784
2023-07-26,488.51,496.28,508.49,484.24,2027812
2023-07-27,498.93,508.87,523.9,495.28,1724877
2023-07-28,511.7,494.91,513.59,479.9,2519310
2023-07-31,494.61,497.09,498.69,493.37,1758117
2023-08-01,496.25,492.82,497.1,487.91,1317472
2023-08-02,493.68,509.12,510.01,486.42,1581200
2023-08-03,510.97,511.92,511.93,510.34,1783506
2023-08-04,510.79,522.1,522.3,502.87,1790886
2023-08-07,516.83,513.3,521.4,511.33,1045511
2023-08-08,515.14,540.75,546.02,497.52,2274078
2023-08-09,539.18,537.35,541.5,534.68,827908
2023-08-10,536.47,542.45,552.39,529.55,941609
2023-08-11,541.85,522.15,553.64,517.99,2335608
2023-08-14,521.8,528.14,533.86,514.4,1608675
2023-08-15,528.69,524.51,530.68,518.69,1000217
2023-08-16,521.48,507.9,537.5,502.32,1938629
2023-08-17,506.31,508.86,509.98,505.3,1606860
2023-08-18,510.65,498.8,520.4,497.7,2213356
2023-08-21,500.8,483.65,518.12,473.01,792783
2023-08-22,483.47,482.08,484.36,481.41,1236403
2023-08-23,480.63,460.84,486.98,434.44,1766541
2023-08-24,460.6,445.55,466.05,441.15,1000848
2023-08-25,444.51,452.38,461.14,432.18,1700741
2023-08-28,453.98,456.27,458.61,453.71,1326547
2023-08-29,456.73,451.09,458.72,444.5,918249
2023-08-30,454.43,458.88,465.43,453.84,1114363
2023-08-31,458.85,474.51,482.99,450.73,2299922
2023-09-01,473.63,470.27,479.4,466.13,1120916
2023-09-04,470.69,472.51,473.65,469.25,809367
2023-09-05,474.8,465.11,481.94,463.78,704819
2023-09-06,463.62,440.17,475.45,435.82,2668546
2023-09-07,437.78,435.97,439.28,434.5,657383
2023-09-08,437.43,436.88,437.87,436.74,1499495
2023-09-11,442.05,446.76,446.98,438.72,1791732
2023-09-12,449.35,458.74,462.79,446.88,1161018
2023-09-13,461.29,453.11,475.19,439.4,1519882
2023-09-14,454.58,445.9,456.41,441.87,1170448
2023-09-15,445.54,431.85,461.84,428.22,981042
2023-09-18,429.33,446.93,469.3,401.28,1547172
2023-09-19,447.48,431.57,450.57,425.69,903853
2023-09-20,431.73,426.73,436.88,425.84,1045010
2023-09-21,425.07,427.39,430.08,421.44,945870
2023-09-22,428.76,419.93,436.18,412.36,1933669
2023-09-25,418.17,404.02,425.62,394.44,2676590
2023-09-26,400.17,383.35,421.18,370.04,1400340
2023-09-27,385.17,384.26,385.43,383.98,2012756
2023-09-28,382.57,392.49,393.78,371.4,2051335
2023-09-29,387.87,374.55,390.96,362.89,2302241
2023-10-02,373.65,374.4,374.49,373.34,877286
2023-10-03,372.68,375.94,377.52,370.25,1035064
2023-10-04,375.89,365.29,389.26,356.39,702933
2023-10-05,364.28,362.3,364.87,359.82,1968116
2023-10-06,361.24,364.94,367.16,355.56,566853
2023-10-09,366.29,368.05,368.33,365.21,802743
2023-10-10,368.66,379.98,385.44,359.71,2040683
2023-10-11,379.83,394.55,398.64,379.55,1133010
2023-10-12,390.76,374.88,402.84,373.17,2692979
2023-10-13,377.39,368.18,381.67,367.78,2342572
2023-10-16,368.12,360.03,370.04,353.33,2045169
2023-10-17,359.67,361.34,361.79,358.36,1056363
2023-10-18,357.88,344.41,374.74,332.48,2297016
2023-10-19,343.48,341.52,343.98,340.63,1024779
2023-10-20,342.84,338.19,344.7,337.37,595262
2023-10-23,337.65,330.41,338.23,329.63,1758054
2023-10-24,331.97,343.14,344.28,329.3,2467704
2023-10-25,343.53,344.94,345.22,341.62,915228
2023-10-26,347.73,336.13,351.13,332.66,2585976
2023-10-27,335.8,342.08,343.78,333.53,1245404
2023-10-30,342.05,331.56,348.47,325.39,872843
2023-10-31,331.99,326.91,332.48,326.68,1628749
2023-11-01,325.52,331.74,340.86,324.89,938938
2023-11-02,332.32,338.27,339.89,329.28,1045979
2023-11-03,338.55,333.23,339.35,328.21,1559953
2023-11-06,333.22,336.23,339.43,328.04,1073796
2023-11-07,335.49,331.36,340.55,330.38,1309850
2023-11-08,332.2,322.21,336.48,316.81,2310553
2023-11-09,321.53,318.16,323.61,316.92,977460
2023-11-10,316.92,314.58,320.79,313.06,1061783
2023-11-13,314.72,309.86,319.97,308.89,593976
2023-11-14,309.87,303.59,313.5,302.6,1841775
2023-11-15,303.85,287.62,308.36,279.92,2119752
2023-11-16,286.61,275.02,287.49,273.5,1387030
2023-11-17,273.96,266.48,274.74,260.94,911772
2023-11-20,265.62,258.99,274.16,257.86,2192059
2023-11-21,257.01,251.44,264.51,242.86,2301767
2023-11-22,250.9,240.94,253.7,225.35,1388424
2023-11-23,240.47,237.58,240.6,235.43,612823
2023-11-24,236.27,231.91,239.72,229.75,1639169
2023-11-27,231.42,226.21,234.44,224.02,2030860
2023-11-28,224.8,217.49,234.34,211.41,1731878
2023-11-29,217.58,212.5,219.42,207.88,1285758
2023-11-30,211.62,222.15,236.83,211.53,2845617
2023-12-01,224.26,222.6,225.94,222.24,793707
2023-12-04,223.55,223.04,223.94,222.79,2015118
2023-12-05,224.31,218.4,227.59,210.34,1715164
2023-12-06,220.23,220.6,220.6,220.23,1228858
2023-12-07,220.44,211.65,224.72,211.14,1402368
2023-12-08,211.88,203.81,225.42,190.61,1704698
2023-12-11,203.13,202.58,203.62,201.91,1663020
2023-12-12,203.13,199.78,205.5,198.63,1893898
2023-12-13,197.61,199.26,200.14,197.36,1996523
2023-12-14,200.61,193.28,203.64,189.2,2234651
2023-12-15,195.49,195.54,195.6,195.46,1999804
2023-12-18,195.15,193.15,195.31,192.76,639352
2023-12-19,192.68,191.77,192.72,191.61,1422366
2023-12-20,191.66,190.44,192.24,190.39,1419945
2023-12-21,189.66,184.92,196.15,180.48,2258362
2023-12-22,185.36,184.3,186.38,183.71,1923807
2023-12-25,184.29,184.17,184.42,184.07,570923
2023-12-26,183.84,182.36,184.54,181.18,615723
2023-12-27,182.05,176.42,187.71,171.75,2390464
2023-12-28,176.26,176.54,176.73,176.1,867678
2023-12-29,176.65,166.81,183.52,150.41,1809647
2024-01-01,166.94,165.85,167.07,165.54,1222401
2024-01-02,166.26,165.42,166.46,164.52,2046107
2024-01-03,164.62,163.1,165.45,161.02,2144830
2024-01-04,164.72,169.13,171.8,162.88,761736
2024-01-05,168.48,165.01,171.44,163.12,1364947
2024-01-08,164.94,167.8,169.95,164.77,1736726
2024-01-09,166.6,172.6,176.38,162.58,1597760
2024-01-10,171.99,169.18,174.47,167.35,1708550
2024-01-11,168.68,167.66,170.15,166.87,1659845
2024-01-12,167.79,164.75,171.7,163.61,2318767
2024-01-15,164.63,164.47,164.79,164.45,1258928
2024-01-16,162.96,159.32,164.78,156.83,2088467
2024-01-17,159.03,160.9,161.01,156.77,800011
2024-01-18,160.63,160.5,160.69,160.36,1343348
2024-01-19,161.85,159.63,162.8,159.0,1494409
2024-01-22,157.98,153.35,158.3,150.95,1444846
2024-01-23,153.19,151.19,156.13,150.84,599709
2024-01-24,150.83,155.0,159.72,149.36,2136350
2024-01-25,155.08,155.78,156.06,154.56,1977795
2024-01-26,156.74,157.48,157.8,156.64,1520786
2024-01-29,158.22,155.13,158.89,152.73,2378251
2024-01-30,154.82,154.21,154.94,153.73,1836927
2024-01-31,153.56,149.08,157.76,143.6,1451314
2024-02-01,148.07,151.81,155.03,146.48,907037
2024-02-02,150.93,144.61,151.35,141.74,1121204
2024-02-05,142.59,142.07,142.86,141.68,1933575
2024-02-06,141.94,142.01,142.04,141.9,784479
2024-02-07,142.95,144.32,146.26,142.26,1122708
2024-02-08,142.72,150.8,155.32,135.88,1629021
2024-02-09,151.43,150.82,151.72,150.81,2017388
2024-02-12,150.58,150.98,151.18,150.12,1069544
2024-02-13,150.99,152.25,152.5,150.56,954726
2024-02-14,151.92,149.27,153.71,147.44,742815
2024-02-15,149.19,147.19,151.65,147.0,1587867
2024-02-16,146.89,151.41,151.56,144.44,1330375
2024-02-19,153.56,155.83,157.06,152.39,2251011
2024-02-20,154.64,158.22,161.93,150.85,1056562
2024-02-21,158.51,157.88,158.92,157.44,1734638
2024-02-22,156.75,149.88,163.85,146.52,2164723
2024-02-23,150.87,147.78,153.58,146.71,1685013
2024-02-26,147.17,152.94,160.26,144.81,1323681
2024-02-27,152.0,155.42,157.46,149.95,1080325
2024-02-28,156.23,157.29,158.95,154.51,1985553
2024-02-29,156.62,159.69,160.98,156.49,2372193
2024-03-01,159.46,162.71,162.93,155.33,908560
2024-03-04,163.36,159.66,164.12,156.37,1049990
2024-03-05,160.24,162.51,164.48,159.81,711332
2024-03-06,160.96,158.07,163.38,157.95,1353878
2024-03-07,156.64,161.18,166.86,154.9,704871
2024-03-08,160.19,158.78,160.58,158.47,744125
2024-03-11,157.88,159.69,161.44,156.66,957252
2024-03-12,159.42,163.12,163.48,156.74,1430019
2024-03-13,161.7,160.93,162.18,159.99,1654470
2024-03-14,162.82,164.4,165.73,161.89,1667877
2024-03-15,164.77,166.95,167.61,163.7,1642413
2024-03-18,168.07,172.9,174.08,166.09,1698644
2024-03-19,171.59,172.33,172.54,171.55,771502
2024-03-20,174.19,170.42,176.63,165.79,1582324
2024-03-21,170.11,181.45,195.38,160.6,3090713
2024-03-22,181.5,184.75,186.69,179.39,912959
2024-03-25,185.01,186.74,189.24,182.11,625724
2024-03-26,188.54,188.79,189.1,188.39,1796955
2024-03-27,188.31,185.6,189.39,183.32,1692658
2024-03-28,187.41,184.51,188.81,183.08,1917892
2024-03-29,185.95,183.59,186.94,181.06,1580463
2024-04-01,181.63,183.0,183.05,180.97,1079366
2024-04-02,182.5,179.12,186.28,173.82,1344671
2024-04-03,179.09,182.65,185.89,176.59,1088071
2024-04-04,182.94,179.38,183.85,178.21,2078565
2024-04-05,179.19,177.32,179.99,174.99,1369432
2024-04-08,177.71,178.04,178.09,177.59,556103
2024-04-09,177.99,177.4,178.54,176.8,525769
2024-04-10,176.87,178.79,179.44,176.42,1598337
2024-04-11,179.05,181.39,182.39,175.83,1834954
2024-04-12,180.24,187.51,187.72,177.33,2660107
2024-04-15,186.84,188.17,188.46,186.48,1462997
2024-04-16,187.62,199.58,208.7,185.57,2741104
2024-04-17,200.83,205.97,206.58,194.27,732495
2024-04-18,206.22,202.27,208.46,199.9,1679029
2024-04-19,203.98,204.15,204.33,203.79,1905598
2024-04-22,203.26,200.87,204.14,199.83,1599388
2024-04-23,201.66,205.97,206.08,199.8,1576994
2024-04-24,205.34,206.58,208.14,203.68,1326290
2024-04-25,207.87,209.43,211.22,206.3,2003113
2024-04-26,209.56,204.15,212.43,203.48,2154757
2024-04-29,202.89,205.6,208.21,201.13,2095797
2024-04-30,206.67,221.79,226.83,191.64,2952392
2024-05-01,221.95,216.38,227.1,208.57,2303593
2024-05-02,217.8,222.62,225.99,213.08,1374171
2024-05-03,221.57,215.73,223.35,213.97,1747063
2024-05-06,217.13,211.44,223.55,210.97,2466253
2024-05-07,210.38,216.77,217.53,210.17,2415940
2024-05-08,218.78,221.63,225.87,214.13,1309431
2024-05-09,221.86,220.94,222.49,219.94,539744
2024-05-10,220.41,220.88,221.04,219.99,823024
2024-05-13,220.91,217.57,221.06,217.08,1525240
2024-05-14,217.14,218.79,220.87,216.76,1493902
2024-05-15,218.56,220.24,222.91,215.97,1742423
2024-05-16,221.83,228.0,231.02,218.36,2358963
2024-05-17,228.03,229.8,229.9,225.8,998794
2024-05-20,227.66,226.72,228.07,226.04,1790612
2024-05-21,225.62,224.03,227.78,223.99,1905180
2024-05-22,226.64,230.02,230.91,225.66,1443487
2024-05-23,230.71,235.82,238.68,224.19,1637399
2024-05-24,234.84,232.96,234.86,230.96,1680877
2024-05-27,232.34,234.95,239.24,230.92,818275
2024-05-28,232.54,230.87,233.72,230.67,1978673
2024-05-29,231.4,233.91,234.59,230.76,1105418
2024-05-30,232.77,236.7,239.36,226.98,877255
2024-05-31,236.49,237.86,238.47,236.17,592606
2024-06-03,237.65,233.58,240.82,231.72,1866822
2024-06-04,233.46,233.66,233.68,233.32,1925768
2024-06-05,233.4,232.34,233.83,231.7,2056398
2024-06-06,230.9,232.28,234.6,229.35,1748294
2024-06-07,233.24,240.88,247.12,230.48,2145096
2024-06-10,238.64,239.48,240.69,238.43,1525536
2024-06-11,239.91,240.84,241.93,239.42,2005962
2024-06-12,240.28,246.11,247.66,235.39,2423562
2024-06-13,246.05,244.37,246.45,244.03,1392924
2024-06-14,245.92,253.01,261.28,235.08,1512426
2024-06-17,250.43,247.35,254.94,243.48,1588135
2024-06-18,246.91,245.93,247.0,245.24,1665003
2024-06-19,244.7,241.72,245.95,241.22,1997294
2024-06-20,242.42,249.87,254.09,239.2,2316779
2024-06-21,251.46,253.44,254.82,250.63,1364271
2024-06-24,251.55,254.48,255.53,250.5,2089124
2024-06-25,253.05,255.81,256.17,252.99,1408513
2024-06-26,255.73,253.77,255.97,253.07,1626518
2024-06-27,254.1,263.19,276.35,239.13,1399879
2024-06-28,265.97,273.79,276.3,264.45,1373057
2024-07-01,274.27,278.0,278.56,269.34,1536606
2024-07-02,278.91,285.1,292.78,278.2,1862475
2024-07-03,283.92,290.98,294.23,280.6,1809360
2024-07-04,290.07,291.63,293.89,288.26,1836720
2024-07-05,292.67,303.44,316.44,284.72,855287
2024-07-08,304.02,296.03,307.52,294.91,2147157
2024-07-09,300.02,299.56,300.2,299.2,1680244
2024-07-10,300.39,295.46,309.69,289.96,1802440
2024-07-11,296.4,304.51,313.89,286.4,2259267
2024-07-12,306.34,314.76,316.07,301.84,1508931
2024-07-15,313.75,323.87,333.9,309.51,1749679
2024-07-16,325.77,340.61,367.21,307.49,2849302
2024-07-17,339.71,348.31,348.34,338.33,634215
2024-07-18,347.33,362.38,382.95,323.24,2096609
2024-07-19,358.96,359.93,360.25,358.17,514765
2024-07-22,358.96,358.86,359.01,358.84,1110649
2024-07-23,359.0,355.82,362.03,351.95,1227512
2024-07-24,354.39,356.31,357.46,352.57,1843749
2024-07-25,355.23,361.89,364.77,353.65,829813
2024-07-26,362.46,373.42,376.64,356.94,1816278
2024-07-29,375.98,382.17,384.47,373.56,1855596
2024-07-30,383.64,393.24,396.44,377.5,2413245
2024-07-31,393.38,390.96,394.4,389.74,546223
2024-08-01,392.15,400.31,404.06,389.46,1210913
2024-08-02,403.19,410.0,420.78,393.19,1917732
2024-08-05,412.9,411.96,413.21,411.45,1357251
2024-08-06,410.42,399.95,420.2,393.18,1093976
2024-08-07,400.83,384.4,403.32,380.14,1467318
2024-08-08,386.86,387.13,387.33,386.79,1588680
2024-08-09,383.08,401.14,414.95,374.31,2080527
2024-08-12,401.48,407.15,411.15,396.43,676815
2024-08-13,408.43,399.24,416.18,391.44,1945309
2024-08-14,404.18,407.98,409.6,404.16,1553939
2024-08-15,407.99,408.04,408.05,407.95,905552
2024-08-16,409.46,425.59,431.61,379.79,712323
2024-08-19,423.86,422.63,425.22,421.08,910683
2024-08-20,426.79,425.14,428.41,424.84,1736328
2024-08-21,427.06,442.22,447.59,423.23,1140445
2024-08-22,443.37,457.94,469.15,441.04,2248399
2024-08-23,456.45,455.27,456.87,455.11,1767466
2024-08-26,454.55,438.78,464.37,428.5,1120001
2024-08-27,433.96,438.28,441.22,429.14,937486
2024-08-28,439.51,447.15,452.38,426.93,1255372
2024-08-29,444.84,452.84,462.21,444.02,1940883
2024-08-30,454.42,468.87,470.84,446.01,1141054
2024-09-02,466.52,466.71,466.82,466.45,1099689
2024-09-03,471.89,482.02,484.31,464.31,1283470
2024-09-04,482.93,485.49,485.61,482.63,1287254
2024-09-05,489.57,479.51,499.81,466.23,2224105
2024-09-06,478.51,477.66,478.82,477.46,1154921
2024-09-09,475.45,480.64,486.97,472.84,662456
2024-09-10,478.14,479.27,479.38,477.38,1447747
2024-09-11,478.51,482.25,485.31,477.23,1307303
2024-09-12,478.41,471.81,484.52,467.07,817223
2024-09-13,473.95,480.05,483.88,472.62,1333293
2024-09-16,482.9,487.89,487.97,474.17,641743
2024-09-17,488.16,475.36,496.8,458.52,1086634
2024-09-18,476.25,478.32,480.3,474.78,1608103
2024-09-19,479.0,480.41,480.53,478.16,1548856
2024-09-20,482.2,486.83,490.53,479.66,1926429
2024-09-23,487.39,478.48,502.02,470.06,1732641
2024-09-24,476.78,458.14,508.43,453.25,2469229
2024-09-25,457.8,465.8,473.3,444.54,1390343
2024-09-26,467.93,477.82,487.46,460.66,801603
2024-09-27,481.37,478.53,482.25,478.14,1626642
2024-09-30,478.8,485.98,486.82,471.84,1613306
2024-10-01,487.72,494.17,504.15,477.06,1553213
2024-10-02,493.92,487.88,494.1,487.66,1791677
2024-10-03,482.23,485.88,487.75,480.69,1590307
2024-10-04,480.98,492.69,501.12,478.54,917955
2024-10-07,494.43,507.32,514.61,487.67,1249357
2024-10-08,505.21,512.17,513.61,504.94,1379806
2024-10-09,508.36,490.44,522.49,483.55,2127139
2024-10-10,487.73,472.52,490.91,471.56,1852142
2024-10-11,465.64,455.15,474.51,442.93,1984174
2024-10-14,447.88,448.33,448.57,447.87,768723
2024-10-15,451.29,453.62,454.65,450.98,2037339
2024-10-16,451.58,466.01,469.29,443.76,2312766
2024-10-17,467.43,461.75,468.3,451.98,1386563
2024-10-18,462.76,464.94,465.35,461.14,1354646
2024-10-21,471.3,479.27,488.16,469.86,1584440
2024-10-22,483.62,492.81,496.53,476.91,1975457
2024-10-23,491.17,497.28,499.15,480.99,1747027
2024-10-24,495.43,507.2,515.08,494.05,1733772
2024-10-25,507.86,507.01,509.08,506.83,1089667
2024-10-28,505.92,522.79,523.21,482.12,868317
2024-10-29,523.9,519.47,525.57,517.43,1100216
2024-10-30,516.49,510.81,519.71,508.85,1951011
2024-10-31,511.3,514.6,515.88,509.85,1299035
2024-11-01,511.49,517.45,521.28,505.46,1313926
2024-11-04,514.23,505.45,517.37,501.48,1208125
2024-11-05,503.95,502.09,504.83,500.38,1164721
2024-11-06,501.23,495.33,502.23,493.96,1633142
2024-11-07,494.04,506.51,509.45,493.85,2069590
2024-11-08,509.61,507.41,510.71,506.7,2042424
2024-11-11,509.44,516.35,521.65,508.88,1534424
2024-11-12,515.54,516.62,516.74,514.91,881717
2024-11-13,517.99,516.41,519.24,514.84,553974
2024-11-14,521.96,512.88,536.6,498.66,1055437
2024-11-15,509.18,508.39,509.38,507.74,755341
2024-11-18,508.1,507.16,508.41,506.76,1805885
2024-11-19,508.81,504.3,511.76,503.51,1710918
2024-11-20,502.81,498.66,504.25,497.53,557459
2024-11-21,492.32,483.27,494.57,479.13,1861924
2024-11-22,483.08,486.12,487.38,482.14,1098636
2024-11-25,487.29,494.55,499.33,486.36,2292039
2024-11-26,499.05,504.38,511.02,497.87,1038865
2024-11-27,505.38,501.18,506.16,499.84,1201614
2024-11-28,502.55,519.15,526.43,496.33,1246293
2024-11-29,518.93,533.77,539.98,515.23,1658542
2024-12-02,535.62,543.73,555.5,527.81,832004
2024-12-03,541.87,545.51,547.29,541.61,1143010
2024-12-04,547.59,547.26,547.8,547.09,757368
2024-12-05,547.4,545.09,547.72,544.53,1785405
2024-12-06,546.66,542.83,550.77,538.01,1125221
2024-12-09,541.31,546.34,551.03,537.16,1394287
2024-12-10,543.49,545.49,547.7,541.92,2018365
2024-12-11,546.38,555.42,562.84,541.29,1118810
2024-12-12,559.56,538.15,574.15,527.96,831693
2024-12-13,540.46,536.8,543.84,536.52,2073462
2024-12-16,531.55,521.23,546.29,514.2,1367089
2024-12-17,519.75,521.01,521.34,518.87,793244
2024-12-18,524.59,520.91,526.52,520.41,1720844
2024-12-19,513.71,500.22,514.4,493.98,2280522
2024-12-20,500.31,495.82,505.2,491.15,1676104
2024-12-23,497.03,506.76,515.18,486.72,1086187
2024-12-24,508.15,505.04,509.74,502.67,1841421
2024-12-25,503.03,508.64,515.06,500.65,659137
2024-12-26,504.2,501.14,508.28,495.89,1251043
2024-12-27,502.57,505.83,508.41,499.69,936674
2024-12-30,510.55,505.86,514.39,499.67,1281329
2024-12-31,508.11,511.14,512.69,507.87,1816823
2025-01-01,512.56,519.8,529.47,507.94,1278534
2025-01-02,517.68,514.84,522.78,511.85,1715862
2025-01-03,516.4,503.53,536.21,481.15,2252878
2025-01-06,504.38,513.52,517.14,502.62,1419469
2025-01-07,515.04,515.83,516.18,514.82,1074735
2025-01-08,513.17,513.28,513.36,513.16,1930460
2025-01-09,513.65,503.8,515.75,500.35,795745
2025-01-10,501.88,482.38,503.97,481.24,1776889
2025-01-13,481.49,477.18,487.34,470.59,1969799
2025-01-14,473.35,483.46,498.86,466.11,1924381
2025-01-15,476.66,472.51,478.57,468.61,1969053
2025-01-16,471.83,473.4,473.89,470.67,988986
2025-01-17,473.05,465.78,477.59,461.02,1846757
2025-01-20,465.41,471.58,474.19,461.11,588517
2025-01-21,474.07,464.99,485.85,453.63,1814979
2025-01-22,465.73,462.86,466.41,461.26,2003535
2025-01-23,461.03,445.22,474.83,443.53,747943
2025-01-24,443.72,433.07,448.54,432.02,2320247
2025-01-27,436.21,423.89,442.3,417.95,2119928
2025-01-28,425.51,432.83,441.19,412.21,2026262
2025-01-29,432.6,427.65,436.9,421.5,1029586
2025-01-30,431.44,434.72,434.96,430.98,1670364
2025-01-31,437.87,425.31,441.71,414.45,2059948
2025-02-03,426.8,429.79,431.18,425.05,1047200
2025-02-04,430.45,422.76,431.3,420.94,1637298
2025-02-05,422.68,419.75,424.49,419.48,1433937
2025-02-06,419.2,413.44,421.52,411.84,1986420
2025-02-07,415.61,406.38,418.7,405.56,2332908
2025-02-10,409.32,408.42,409.43,407.69,749158
2025-02-11,412.11,399.28,425.26,396.36,1336381
2025-02-12,399.18,389.29,399.79,376.51,2174582
2025-02-13,385.16,376.01,395.74,375.06,2396450
2025-02-14,376.85,369.19,377.87,363.98,1359226
2025-02-17,369.29,382.47,387.09,363.46,2426799
2025-02-18,379.65,375.46,380.05,368.37,1712561
2025-02-19,374.57,367.01,377.58,363.77,1154511
2025-02-20,364.85,364.52,365.24,364.27,1055217
2025-02-21,360.91,349.31,364.9,341.94,1739067
2025-02-24,348.17,361.47,372.57,329.4,2248175
2025-02-25,359.82,350.27,374.5,349.27,1824383
2025-02-26,350.29,339.19,350.39,334.35,1367685
2025-02-27,338.66,331.12,343.28,326.3,2151931
2025-02-28,333.33,336.75,338.11,326.83,1925868
2025-03-03,339.7,343.29,343.75,337.67,1439218
2025-03-04,345.6,338.29,348.39,335.51,905759
2025-03-05,336.59,332.91,337.98,329.67,570611
2025-03-06,333.45,339.59,340.06,333.02,2160595
2025-03-07,338.84,342.47,346.81,334.58,2187557
2025-03-10,343.44,337.05,350.55,335.99,1656140
2025-03-11,335.28,336.94,337.81,334.41,734340
2025-03-12,339.17,325.14,349.12,321.54,2777311
2025-03-13,326.45,317.21,330.51,315.44,1507584
2025-03-14,317.53,307.07,322.95,305.92,1114187
2025-03-17,306.46,316.31,321.81,302.25,929168
2025-03-18,318.17,312.17,319.65,311.21,1516608
2025-03-19,311.83,316.26,320.99,307.17,1019584
2025-03-20,318.36,327.38,343.19,304.93,1676165
2025-03-21,325.19,321.07,328.3,315.02,813427
2025-03-24,324.61,322.34,328.73,321.86,743534
2025-03-25,322.97,314.77,328.28,306.54,2074696
2025-03-26,317.65,328.79,335.58,311.9,2500378
2025-03-27,331.16,322.5,333.68,321.97,1258656
2025-03-28,323.46,320.01,324.92,318.79,1414885
2025-03-31,319.53,317.16,320.45,315.17,1360347
2025-04-01,318.8,309.83,327.49,299.09,1284228
2025-04-02,309.2,318.38,319.2,294.77,2305941
2025-04-03,313.21,323.39,325.64,301.24,2017493
2025-04-04,322.03,320.92,322.73,320.33,1692887
2025-04-07,321.08,331.93,333.41,313.26,990513
2025-04-08,333.68,337.81,338.72,332.75,1742394
2025-04-09,336.64,337.23,337.89,336.47,749308
2025-04-10,336.12,324.15,353.92,323.02,701592
2025-04-11,322.41,325.49,325.9,319.8,1081960
2025-04-14,327.23,326.8,327.65,326.06,822077
2025-04-15,324.32,331.87,337.13,314.62,1313604
2025-04-16,332.72,320.6,339.55,307.13,2181419
2025-04-17,320.26,315.3,327.49,312.9,1862915
2025-04-18,313.72,317.21,319.63,309.56,1943850
2025-04-21,317.78,317.33,318.18,317.09,881864
2025-04-22,315.5,312.58,316.26,309.79,1819023
2025-04-23,313.43,318.29,323.05,305.78,909399
2025-04-24,318.07,318.85,319.14,317.75,2045427
2025-04-25,320.71,316.68,325.61,311.87,1717350
2025-04-28,315.84,315.88,315.88,315.84,663404
2025-04-29,314.78,314.51,314.93,314.31,1540238
2025-04-30,309.9,314.85,317.79,307.6,1873107
2025-05-01,316.42,310.87,316.81,307.55,1192927
2025-05-02,312.88,308.95,319.1,308.36,1766989
2025-05-05,308.41,305.68,313.19,301.56,2147816
2025-05-06,305.48,301.5,311.56,297.16,2138789
2025-05-07,303.01,300.2,305.37,299.2,1371682
2025-05-08,301.99,291.62,307.01,291.6,1405545
2025-05-09,292.37,285.82,294.94,284.65,2029209
2025-05-12,284.85,278.3,290.81,278.14,1061138
2025-05-13,275.71,269.0,282.78,265.18,1928703
2025-05-14,269.41,273.03,276.39,267.58,1836179
2025-05-15,273.9,267.82,278.88,265.79,793841
2025-05-16,268.5,267.85,268.93,267.39,1177906
2025-05-19,269.7,269.89,269.93,269.49,1548459
2025-05-20,269.9,269.83,269.93,269.82,1731646
2025-05-21,270.42,268.71,270.94,268.62,949253
2025-05-22,268.28,263.65,270.77,259.69,2166559
2025-05-23,265.0,270.91,279.95,258.38,2244249
2025-05-26,268.53,267.78,269.41,267.74,1126592
2025-05-27,268.0,271.13,275.5,264.45,2203294
2025-05-28,268.19,261.08,273.32,259.42,1446253
2025-05-29,261.83,251.22,267.56,249.78,1199030
2025-05-30,250.73,248.47,251.04,245.36,2032375
2025-06-02,247.84,244.68,250.06,243.5,1979383
2025-06-03,243.56,248.08,248.88,240.92,1416577
2025-06-04,251.97,249.28,254.58,246.95,742280
2025-06-05,246.55,242.94,249.81,242.85,1327494
2025-06-06,243.59,244.71,245.16,243.03,2091908
2025-06-09,246.38,249.57,252.25,244.75,2249964
2025-06-10,248.64,246.47,248.95,246.03,1749800
2025-06-11,245.87,244.08,247.7,243.09,1676871
2025-06-12,244.94,239.52,245.28,235.03,1854515
2025-06-13,239.3,233.6,245.78,233.23,1952047
2025-06-16,233.63,244.65,251.51,228.33,1307733
2025-06-17,244.46,247.18,249.69,242.58,790764
2025-06-18,245.81,246.84,246.86,245.65,1359187
2025-06-19,247.21,227.73,268.16,217.08,3257077
2025-06-20,229.27,232.02,233.21,228.13,766967
2025-06-23,233.75,226.88,235.47,221.59,835667
2025-06-24,226.71,225.21,228.37,225.09,897163
2025-06-25,224.44,216.67,226.16,216.13,833603
2025-06-26,216.32,221.8,222.94,215.12,2047327
2025-06-27,220.92,226.08,226.85,220.89,1042463
2025-06-30,224.96,222.79,227.31,219.04,1117125
2025-07-01,221.62,223.23,223.23,220.58,1429069
2025-07-02,222.99,224.3,225.31,222.18,1998702
2025-07-03,223.17,219.67,223.77,218.79,1286537
2025-07-04,217.81,213.06,220.15,210.79,1492652
2025-07-07,213.3,215.31,216.97,213.12,856090
2025-07-08,214.27,212.33,215.05,211.27,1247457
2025-07-09,212.91,212.74,213.01,212.68,1663020
2025-07-10,213.34,210.34,213.8,206.45,1925814
2025-07-11,209.94,210.41,210.59,209.5,1444271
2025-07-14,210.74,206.67,212.54,205.64,1418765
2025-07-15,205.72,199.42,213.49,193.2,1405000
2025-07-16,197.2,199.37,200.09,196.73,1481841
2025-07-17,199.15,199.33,199.49,199.01,1406708
2025-07-18,199.24,201.58,202.11,197.82,1192803
2025-07-21,200.1,203.28,203.43,197.45,2114691
2025-07-22,203.89,210.87,212.46,199.02,1019527
2025-07-23,210.92,213.75,214.26,209.11,1020151
2025-07-24,212.76,209.52,214.52,208.27,1533166
2025-07-25,209.76,208.04,210.11,207.97,1826620
2025-07-28,208.51,209.13,209.27,208.23,1321815
2025-07-29,209.22,208.06,209.76,206.24,2108566
2025-07-30,208.38,213.36,218.75,200.93,1625769
2025-07-31,214.34,209.06,215.65,206.87,941198
2025-08-01,210.64,208.57,212.37,204.67,607537
2025-08-04,209.35,214.48,215.32,203.72,1290835
2025-08-05,213.35,214.73,216.81,210.7,1005060
2025-08-06,214.74,209.07,217.92,207.51,985530
2025-08-07,209.82,201.67,215.06,200.29,2598847
2025-08-08,201.88,203.68,205.16,199.55,2171583
2025-08-11,203.81,205.74,206.43,202.81,788685
2025-08-12,206.72,205.05,206.87,204.57,2156191
2025-08-13,204.77,203.64,204.83,202.11,1564458
2025-08-14,203.61,210.02,210.87,202.17,1544397
2025-08-15,210.14,213.49,215.04,206.54,1621761
2025-08-18,214.98,218.84,220.16,210.08,1885084
2025-08-19,219.37,221.45,222.2,218.5,1087804
2025-08-20,221.98,224.85,226.34,217.76,1498905
2025-08-21,223.86,221.84,226.17,220.31,904737
2025-08-22,220.59,213.99,223.9,210.69,2591319
2025-08-25,214.57,214.68,214.7,214.51,523410
2025-08-26,213.83,214.47,214.81,213.6,1908083
2025-08-27,216.89,217.89,218.94,216.09,1780860
2025-08-28,217.23,220.02,221.32,215.72,2252283
2025-08-29,219.83,217.03,223.48,212.59,1109787
2025-09-01,217.52,220.96,222.28,214.19,689998
2025-09-02,220.16,225.23,227.93,214.26,1920709
2025-09-03,226.93,228.31,229.25,226.17,550577
2025-09-04,228.42,233.17,237.02,224.03,1356953
2025-09-05,234.27,234.31,234.33,234.24,1395914
2025-09-08,235.1,239.12,242.2,232.98,1587679
2025-09-09,240.26,244.46,245.34,238.72,1190402
2025-09-10,243.69,244.92,245.61,243.14,972957
2025-09-11,245.55,247.44,247.87,243.86,1276828
2025-09-12,247.41,247.29,247.59,247.28,996111
2025-09-15,245.14,235.35,245.45,227.26,2556556
2025-09-16,238.47,241.53,242.13,237.37,2135077
2025-09-17,239.86,241.27,242.21,239.19,1152648
2025-09-18,239.41,242.23,242.61,239.27,1123046
2025-09-19,243.14,248.75,251.57,234.3,1352562
2025-09-22,246.8,239.76,248.71,235.05,1258138
2025-09-23,239.3,244.53,252.17,237.52,1120044
2025-09-24,242.56,244.03,246.41,241.64,1172551
2025-09-25,244.56,244.36,244.7,244.32,1161639
2025-09-26,242.71,251.44,254.96,238.82,2656781
2025-09-29,251.93,262.03,273.93,238.18,2134314
2025-09-30,262.9,258.36,265.77,255.85,1884659
2025-10-01,259.19,268.18,277.55,245.78,1106330
2025-10-02,269.31,268.93,269.55,268.56,936013
2025-10-03,267.69,270.12,271.07,264.73,1232844
2025-10-06,270.54,274.66,276.53,269.6,2186056
2025-10-07,277.33,278.75,279.53,276.52,712792
2025-10-08,278.31,278.06,278.48,277.72,629816
2025-10-09,277.35,293.22,305.99,255.59,1241222
2025-10-10,292.09,294.63,296.16,291.05,1768012
2025-10-13,293.35,295.47,298.82,291.23,1748037
2025-10-14,294.52,299.27,300.19,293.16,2318676
2025-10-15,301.74,300.76,301.79,300.32,1601015
2025-10-16,300.38,307.49,308.02,299.61,656833
2025-10-17,309.58,307.36,310.48,304.86,1819487
2025-10-20,307.57,319.22,322.93,301.78,1069788
2025-10-21,321.13,330.69,331.76,311.35,1637013
2025-10-22,333.35,324.6,335.83,323.21,1093911
2025-10-23,324.72,333.51,346.34,323.21,2224071
2025-10-24,331.68,335.96,339.58,330.41,1470356
2025-10-27,335.08,350.34,363.3,308.29,892740
2025-10-28,353.25,365.24,366.64,346.23,2413334
2025-10-29,367.39,379.52,383.69,360.61,1736756
