customer_id,signup_date,birth_date,city,is_active
1,2025-03-04,1949-12-27,Jerez de la Frontera,True
2,2020-09-30,1960-01-10,Alcalá de Guadaíra,True
3,2025-08-03,2006-06-13,Santiago de Compostela,True
4,2022-09-25,1942-11-07,Jerez de la Frontera,True
5,2020-08-10,1985-05-03,Móstoles,True
6,2020-03-25,2004-03-27,Bilbao,True
7,2022-09-15,1959-10-11,Tarragona,True
8,2018-01-27,2008-01-28,Zaragoza,True
9,2021-10-25,1964-12-05,Teruel,True
10,2021-10-10,1949-03-03,Linares,True
11,2022-01-10,1970-11-09,Móstoles,True
12,2018-06-27,2005-06-19,Reus,True
13,2022-03-31,1947-01-26,Lugo,True
14,2025-01-18,1995-06-28,Cuenca,True
15,2025-11-25,1946-03-29,Córdoba,True
16,2021-03-31,1947-02-27,Santa Cruz de Tenerife,False
17,2022-04-06,1964-12-08,Reus,True
18,2022-02-03,1954-08-04,Guadalajara,True
19,2025-07-08,1963-12-14,San Sebastián,True
20,2025-02-13,1955-05-09,A Coruña,True
21,2019-11-01,1981-06-21,Toledo,True
22,2025-03-06,2001-09-26,Ourense,True
23,2021-08-21,2008-12-05,Granada,True
24,2018-05-12,1968-04-19,Hospitalet de Llobregat,True
25,2020-05-14,1990-11-19,Segovia,True
26,2023-08-07,1975-06-30,San Sebastián,True
27,2020-12-20,1952-07-11,Santander,True
28,2024-01-17,1963-07-28,Madrid,True
29,2024-07-18,1975-10-31,Cuenca,True
30,2019-07-21,1985-09-17,Valencia,True
31,2018-07-12,1949-11-01,Teruel,True
32,2025-08-19,1977-11-15,Getafe,True
33,2022-04-13,1993-06-17,Alicante,True
34,2024-03-16,1941-01-11,Torremolinos,True
35,2024-01-09,2007-05-13,Burgos,True
36,2021-10-25,1950-01-03,Ponferrada,True
37,2023-02-02,1940-04-16,Ávila,False
38,2020-01-02,1985-07-18,Marbella,False
39,2021-05-07,1997-04-28,Gandía,True
40,2019-09-19,1973-07-18,Zaragoza,True
41,2023-12-13,1940-01-19,Getafe,True
42,2018-03-21,1950-01-13,Cuenca,False
43,2021-06-13,1961-06-25,Granada,True
44,2024-05-12,1947-01-24,Jaén,True
45,2018-10-11,2008-03-27,A Coruña,True
46,2019-06-10,1999-03-10,Elche,False
47,2019-11-08,1963-10-12,Cáceres,False
48,2022-09-30,1959-01-01,Santiago de Compostela,True
49,2025-09-26,1958-01-17,Salamanca,True
50,2025-07-14,1998-04-21,Guadalajara,True
51,2023-10-21,1980-07-03,Sevilla,True
52,2018-09-20,1970-05-01,Cádiz,True
53,2020-07-31,1992-10-16,Telde,True
54,2025-12-09,1996-08-13,Granada,True
55,2018-05-09,1969-08-23,Huelva,True
56,2021-02-14,2000-01-07,Castellón de la Plana,True
57,2019-06-26,2004-11-22,Pontevedra,True
58,2020-09-22,2010-05-23,Elche,True
59,2020-02-19,1948-06-17,Málaga,True
60,2021-12-22,1977-12-31,Badalona,True
61,2018-08-10,2000-05-29,Bilbao,False
62,2019-02-08,1945-06-09,Hospitalet de Llobregat,True
63,2019-03-24,1962-04-22,Avilés,True
64,2023-01-12,1952-07-29,Sabadell,True
65,2023-03-10,1962-05-30,Huelva,True
66,2024-03-04,1948-10-13,Lucena,True
67,2024-01-24,1941-04-28,Linares,False
68,2020-08-26,1954-12-02,Badalona,True
69,2020-05-25,1975-12-24,Granada,True
70,2018-01-09,1975-01-10,Ávila,False
71,2023-02-07,1965-08-04,Sabadell,True
72,2024-03-26,1999-05-19,Castellón de la Plana,True
73,2021-04-30,1959-07-13,Granada,True
74,2024-01-30,1945-06-20,Segovia,True
75,2024-07-20,1982-10-10,Gandía,False
76,2023-12-16,1954-02-14,Granada,False
77,2018-11-25,1956-09-02,Motril,True
78,2025-07-28,1961-02-06,Hospitalet de Llobregat,True
79,2024-05-22,1962-02-01,Madrid,True
80,2024-12-11,1947-05-10,Terrassa,True
81,2024-05-04,1986-11-25,Segovia,False
82,2020-04-16,2000-01-31,Segovia,True
83,2022-06-10,1951-09-28,Logroño,True
84,2023-02-16,1968-05-13,Huelva,True
85,2024-12-19,1990-07-05,Málaga,True
86,2020-05-23,1985-05-20,Ávila,True
87,2021-11-30,1946-03-04,Santander,True
88,2019-10-09,1979-04-24,Santiago de Compostela,True
89,2024-11-10,1998-09-02,Cáceres,True
90,2024-03-21,1966-11-10,Barakaldo,True
91,2019-07-05,1963-09-23,Torremolinos,False
92,2024-03-16,1953-12-11,Burgos,True
93,2020-05-12,2004-05-18,Zamora,True
94,2025-02-10,1963-09-07,Gandía,True
95,2018-07-28,1948-04-12,Vitoria-Gasteiz,True
96,2021-02-07,1943-12-15,Almería,True
97,2019-06-20,1997-02-26,Ávila,True
98,2022-12-15,1989-06-29,Sabadell,True
99,2019-04-04,1946-10-01,Teruel,True
100,2022-02-21,1992-04-04,Lugo,True
101,2019-06-07,1943-10-02,Salamanca,True
102,2018-06-13,1972-02-06,Ibiza,True
103,2025-06-24,1949-03-22,Ciudad Real,True
104,2022-07-23,1995-09-06,Teruel,False
105,2020-08-27,1954-07-30,Oviedo,False
106,2018-04-12,1956-02-03,Valladolid,True
107,2022-08-14,2000-02-06,Santander,True
108,2025-11-12,1949-09-12,Toledo,False
109,2023-04-12,1959-12-15,Palma,True
110,2023-03-01,1971-05-15,Salamanca,True
111,2020-07-21,1959-12-31,Jerez de la Frontera,True
112,2022-06-21,1969-06-13,Miranda de Ebro,False
113,2021-02-17,1971-07-03,San Sebastián,True
114,2025-08-15,1988-02-08,Valladolid,False
115,2019-04-18,1963-06-08,Oviedo,True
116,2020-12-23,1943-06-07,Marbella,True
117,2021-11-16,2005-05-11,Segovia,True
118,2023-09-26,1950-05-17,Talavera de la Reina,False
119,2020-02-18,1962-11-07,Córdoba,True
120,2018-01-07,1986-08-23,A Coruña,True
121,2025-07-09,1957-09-04,Cuenca,True
122,2025-06-13,1969-08-15,Cartagena,True
123,2019-05-26,2004-07-27,Palencia,True
124,2025-06-24,1976-08-21,Soria,True
125,2021-04-26,1989-09-26,Dos Hermanas,True
126,2025-06-16,1974-01-05,Oviedo,True
127,2021-05-17,1976-06-06,Lugo,True
128,2021-05-29,1965-09-27,Ibiza,True
129,2024-07-03,1994-06-05,Bilbao,True
130,2022-12-15,1979-09-01,Las Palmas de Gran Canaria,True
131,2019-11-27,1999-02-09,Jaén,True
132,2025-06-12,1996-10-13,Cartagena,True
133,2020-08-20,2000-05-11,Salamanca,True
134,2020-03-26,1953-03-21,Jerez de la Frontera,True
135,2023-05-01,1994-11-03,Huelva,True
136,2025-01-23,1991-08-24,Avilés,True
137,2022-04-22,1984-05-08,Hospitalet de Llobregat,True
138,2025-05-11,2001-09-09,Almería,False
139,2019-03-13,2009-11-01,Sabadell,True
140,2025-10-21,1986-06-20,Alicante,True
141,2020-10-17,1950-11-20,Reus,True
142,2023-03-19,1999-11-22,Cáceres,False
143,2024-09-04,1968-06-19,Lleida,True
144,2023-08-30,1978-04-14,Lugo,True
145,2019-10-14,2006-09-19,Elche,True
146,2020-10-09,1997-03-16,Miranda de Ebro,True
147,2023-11-06,1983-06-23,Pamplona,True
148,2022-12-07,1946-12-13,León,True
149,2021-10-07,1968-09-06,Santiago de Compostela,True
150,2019-09-10,1960-09-29,Talavera de la Reina,True
151,2025-12-03,1959-03-12,Motril,True
152,2021-09-17,1988-09-05,Alicante,True
153,2020-04-27,1977-09-10,Talavera de la Reina,False
154,2024-07-20,2002-05-25,Cádiz,False
155,2024-06-16,1974-02-15,Torrevieja,True
156,2021-12-11,1966-10-15,Talavera de la Reina,False
157,2022-09-13,1988-04-14,Santiago de Compostela,True
158,2020-06-22,1983-10-20,Telde,True
159,2023-06-13,1942-08-09,Talavera de la Reina,True
160,2025-08-13,1976-04-09,Calatayud,True
161,2019-06-07,1995-10-29,A Coruña,True
162,2022-06-02,1993-02-06,Vigo,True
163,2018-12-10,1997-08-30,Sabadell,True
164,2023-03-07,1956-04-20,Lucena,True
165,2021-09-02,1958-12-27,Reus,True
166,2022-04-02,1964-12-17,Terrassa,True
167,2018-12-02,1982-03-12,Cádiz,True
168,2018-08-02,1971-05-25,Telde,True
169,2025-04-23,1943-08-12,Jerez de la Frontera,False
170,2020-03-27,1941-10-29,Cartagena,True
171,2019-06-02,1982-06-26,Logroño,True
172,2020-06-11,1981-09-20,Torrelavega,True
173,2019-11-19,1994-05-10,Móstoles,False
174,2019-04-15,2009-10-11,Zaragoza,False
175,2019-03-19,1991-12-01,Jerez de la Frontera,False
176,2024-06-16,2000-10-07,Toledo,True
177,2020-03-23,1946-10-26,Alcalá de Henares,True
178,2025-01-13,1961-10-14,Marbella,True
179,2021-05-20,2001-05-21,Getafe,True
180,2024-05-07,2010-03-19,Córdoba,True
181,2022-10-21,1999-05-07,Guadalajara,True
182,2025-04-06,1970-08-12,El Ejido,True
183,2023-07-01,1949-06-20,Girona,False
184,2025-02-16,1981-03-30,Teruel,True
185,2023-11-08,1998-05-10,Burgos,True
186,2024-01-14,2009-06-30,Torrevieja,True
187,2024-08-23,1964-01-29,Soria,False
188,2018-12-21,1965-01-08,Tarragona,True
189,2023-03-19,1991-02-14,Murcia,True
190,2021-10-09,1942-07-29,Valencia,False
191,2020-01-15,1983-09-28,Las Palmas de Gran Canaria,True
192,2020-11-24,1970-07-14,Miranda de Ebro,False
193,2025-11-12,1964-10-13,Ourense,True
194,2020-02-22,1947-09-06,La Laguna,True
195,2023-06-25,1989-10-22,La Laguna,True
196,2025-03-30,2003-11-11,Castellón de la Plana,True
197,2018-03-12,1948-05-07,Ponferrada,True
198,2025-10-04,1961-10-29,Salamanca,True
199,2022-02-20,1982-06-16,Lugo,True
200,2022-10-09,2006-12-02,Lugo,True
201,2025-11-18,1980-09-15,Burgos,True
202,2020-08-02,1950-10-28,Avilés,True
203,2024-01-04,2008-05-18,Gijón,True
204,2023-06-07,1964-10-21,Alcalá de Henares,False
205,2023-11-19,1993-07-16,León,False
206,2020-03-06,1966-07-30,Santa Cruz de Tenerife,True
207,2021-05-23,1941-04-08,A Coruña,True
208,2018-07-06,1944-11-21,Lugo,True
209,2019-06-02,1997-03-23,Castellón de la Plana,True
210,2018-02-20,1991-07-02,León,True
211,2022-12-10,1970-07-26,Gijón,False
212,2020-10-31,1982-11-10,Torremolinos,True
213,2022-06-30,1984-02-12,Huelva,True
214,2025-09-12,1944-10-22,Teruel,True
215,2024-04-24,1967-04-05,Jaén,False
216,2019-05-01,1990-01-24,Terrassa,True
217,2024-12-08,1960-03-31,Mérida,True
218,2022-12-19,1966-09-04,Alcalá de Henares,False
219,2021-06-04,1991-01-05,Cartagena,True
220,2019-02-11,2008-06-05,Ibiza,True
221,2020-12-19,1999-04-01,Jaén,True
222,2019-12-13,1989-07-09,Huelva,True
223,2022-08-01,1980-06-01,Getafe,True
224,2018-05-14,1960-10-07,León,True
225,2025-11-19,1980-09-24,Huelva,True
226,2020-12-19,2010-09-05,Pamplona,True
227,2020-03-21,1978-02-20,Torremolinos,True
228,2025-04-06,1953-05-14,Burgos,True
229,2018-10-20,1945-05-08,Calatayud,True
230,2024-09-03,2007-03-11,Vigo,False
231,2022-12-04,1951-02-26,Alicante,True
232,2025-11-06,1976-02-10,Burgos,True
233,2023-07-16,1979-04-10,Jaén,True
234,2022-11-05,2005-11-24,Soria,True
235,2018-04-16,1948-03-11,Santa Cruz de Tenerife,False
236,2024-06-14,1992-09-02,Cádiz,False
237,2025-07-16,1964-03-06,Pontevedra,True
238,2019-12-19,1982-03-18,Mérida,True
239,2021-02-13,1956-04-13,Madrid,True
240,2023-07-08,1948-03-08,Elche,True
241,2021-09-27,1968-10-20,Logroño,True
242,2019-10-21,1969-08-03,Badalona,True
243,2021-03-26,1999-06-11,Hospitalet de Llobregat,True
244,2024-03-03,1943-04-17,Reus,True
245,2020-10-30,1969-01-01,Torremolinos,False
246,2022-07-14,1986-03-02,Almería,True
247,2024-02-01,1981-06-12,Badalona,True
248,2023-10-25,1972-06-15,Cartagena,True
249,2025-01-05,1979-08-28,Lucena,True
250,2024-02-28,1951-10-03,León,True
251,2025-10-31,1983-06-27,Sevilla,True
252,2025-01-24,1994-08-16,La Laguna,True
253,2021-06-26,1989-06-01,El Ejido,True
254,2019-01-17,1960-02-27,Torremolinos,True
255,2019-04-27,1998-02-09,Teruel,True
256,2021-04-10,1985-08-26,Burgos,True
257,2023-05-31,1982-05-13,Santander,True
258,2019-08-16,1974-05-31,Avilés,False
259,2023-09-13,2006-12-14,Alcalá de Guadaíra,False
260,2021-02-05,2009-04-27,Terrassa,True
261,2023-09-11,1963-12-20,Almería,True
262,2021-05-07,1992-08-27,Madrid,False
263,2023-06-29,1953-05-01,Tarragona,True
264,2021-11-14,1969-10-28,Lugo,True
265,2022-03-26,1980-11-06,Soria,False
266,2025-10-27,1961-06-04,Pontevedra,True
267,2022-08-10,1943-12-01,Segovia,True
268,2025-11-28,1974-03-15,Talavera de la Reina,False
269,2025-04-24,1953-08-24,Valencia,False
270,2019-06-02,1985-01-23,Alcalá de Henares,True
271,2019-02-16,1979-07-02,Málaga,True
272,2023-02-15,1941-05-17,Huesca,True
273,2025-05-05,1953-11-06,Huelva,True
274,2020-12-21,1970-05-16,Cartagena,True
275,2025-04-15,1947-03-16,Valladolid,False
276,2023-12-26,1974-02-03,Segovia,True
277,2023-06-22,1988-07-15,Algeciras,True
278,2020-08-19,1996-08-15,León,False
279,2019-01-06,1978-12-07,Málaga,True
280,2025-11-23,1949-01-06,Lleida,True
281,2021-05-11,1942-08-06,Córdoba,True
282,2018-08-18,1966-04-27,Ciudad Real,True
283,2019-08-20,1961-11-27,Cáceres,True
284,2025-08-24,1956-02-26,Calatayud,True
285,2024-11-01,1974-04-27,Cartagena,True
286,2023-08-01,1992-04-25,Huesca,True
287,2025-02-25,1962-10-14,Reus,True
288,2018-02-08,1981-09-27,León,True
289,2019-10-10,1946-08-17,Lleida,False
290,2024-08-03,1966-11-02,Vitoria-Gasteiz,False
291,2025-09-28,1962-06-09,Reus,True
292,2020-03-26,1974-07-06,Torrevieja,True
293,2022-04-12,1991-04-23,Ciudad Real,True
294,2025-11-04,1966-06-27,Cádiz,False
295,2025-05-20,1975-07-05,Miranda de Ebro,True
296,2025-09-10,2009-10-28,Lucena,False
297,2023-07-28,1965-09-04,Santa Cruz de Tenerife,True
298,2021-12-14,1959-08-25,Vitoria-Gasteiz,True
299,2020-10-23,2000-10-20,Barakaldo,True
300,2019-07-15,1996-05-12,Málaga,False
301,2025-04-01,1943-07-15,Salamanca,True
302,2018-05-17,1991-12-30,Cuenca,True
303,2019-01-05,1966-06-23,Soria,True
304,2019-12-21,1958-01-05,Dos Hermanas,True
305,2022-02-07,1987-08-16,Gandía,False
306,2019-11-05,1963-01-20,Torrevieja,False
307,2021-04-23,2006-12-23,Zamora,True
308,2023-04-03,1946-10-03,Huesca,True
309,2020-07-13,2000-09-03,Barcelona,False
310,2024-04-01,1972-10-24,Linares,True
311,2018-02-27,1963-09-22,A Coruña,True
312,2022-02-18,2000-05-12,Ávila,True
313,2025-02-28,1973-04-29,Marbella,True
314,2023-04-16,1942-03-31,Cartagena,False
315,2024-04-18,1969-06-05,Murcia,True
316,2018-09-16,1997-01-01,Alicante,False
317,2021-05-22,1998-03-31,Badalona,True
318,2018-07-05,1943-05-04,Palencia,False
319,2019-04-21,1948-09-19,La Laguna,False
320,2019-07-10,1974-11-13,Reus,True
321,2025-10-23,1988-06-18,Terrassa,True
322,2019-09-25,1977-03-21,Bilbao,True
323,2023-06-28,1995-03-26,Badalona,False
324,2021-02-19,1942-12-08,Guadalajara,True
325,2022-12-27,1961-03-07,Cuenca,True
326,2025-09-09,1972-12-14,Santiago de Compostela,False
327,2025-03-26,1972-03-06,Granada,True
328,2020-02-17,1950-12-16,Reus,True
329,2020-05-18,1997-07-27,Vitoria-Gasteiz,True
330,2018-03-29,1944-07-15,Valladolid,True
331,2019-05-31,2010-08-08,Vigo,True
332,2024-03-20,1958-08-02,Alcalá de Henares,True
333,2020-08-12,1969-06-23,Huesca,True
334,2024-09-07,1940-04-02,Miranda de Ebro,False
335,2019-08-16,1951-08-30,Santiago de Compostela,True
336,2019-12-16,1949-11-11,Barakaldo,False
337,2019-06-24,1941-05-01,Ciudad Real,True
338,2020-09-01,1992-10-29,Soria,True
339,2020-12-22,1944-09-13,Dos Hermanas,True
340,2023-11-25,1950-03-13,Motril,True
341,2022-01-22,1986-01-16,Alcalá de Henares,True
342,2023-08-26,1959-11-16,Murcia,True
343,2025-05-22,1986-10-12,Palencia,True
344,2018-05-08,1945-06-16,Torrevieja,True
345,2022-10-13,2001-07-21,Marbella,True
346,2022-12-22,1946-08-05,Jaén,True
347,2019-08-31,1945-11-22,Dos Hermanas,True
348,2025-02-06,1992-07-07,Lugo,True
349,2022-04-10,1993-08-05,Cáceres,True
350,2023-09-02,1994-04-25,Girona,True
351,2025-11-14,1950-04-07,Bilbao,True
352,2024-03-08,2004-09-01,Las Palmas de Gran Canaria,True
353,2020-07-24,1977-02-14,Zamora,True
354,2022-06-22,1977-04-27,Málaga,True
355,2021-07-04,1999-09-02,Torrelavega,True
356,2019-09-18,2001-08-13,Elche,True
357,2018-12-16,1948-05-12,Girona,True
358,2022-03-07,1951-09-03,Ourense,True
359,2024-04-19,1990-05-23,Valladolid,True
360,2022-08-10,1971-09-21,Logroño,False
361,2022-09-29,2004-09-08,Lucena,False
362,2024-09-25,1968-01-12,Ciudad Real,True
363,2023-09-10,1959-02-01,Teruel,True
364,2020-07-07,1949-09-16,Albacete,True
365,2022-02-14,1950-04-22,Miranda de Ebro,True
366,2022-10-24,1990-04-29,Cartagena,True
367,2025-03-17,1989-12-12,Jerez de la Frontera,True
368,2025-05-18,2002-03-19,Burgos,True
369,2021-01-24,2003-01-16,Salamanca,False
370,2021-12-08,1940-07-19,Gijón,False
371,2024-05-08,1998-12-21,Hospitalet de Llobregat,True
372,2025-02-06,1942-10-01,Linares,True
373,2020-05-31,1973-10-01,Terrassa,True
374,2019-10-07,1973-03-13,Salamanca,True
375,2024-05-13,1993-06-28,Jaén,False
376,2019-09-30,1954-02-14,Cartagena,True
377,2018-12-01,1964-05-30,Lleida,True
378,2023-06-13,1994-06-18,Lleida,True
379,2020-06-01,2007-09-23,Badajoz,True
380,2022-10-27,1949-12-12,León,True
381,2024-08-26,1983-08-28,Cáceres,True
382,2018-07-06,1959-10-13,Barcelona,False
383,2018-08-13,1940-09-08,Ibiza,True
384,2020-05-15,2008-11-03,Alcalá de Guadaíra,True
385,2021-03-31,1969-06-08,Sevilla,True
386,2022-10-30,1955-10-06,Dos Hermanas,True
387,2025-11-22,1960-08-23,Gandía,True
388,2025-06-29,1971-10-10,Huelva,True
389,2018-06-23,1979-02-19,Cádiz,True
390,2018-11-15,1968-02-01,Pontevedra,True
391,2022-07-15,2003-08-26,Vitoria-Gasteiz,True
392,2019-04-17,1976-05-03,Cádiz,False
393,2019-12-05,1995-06-15,Reus,True
394,2022-01-22,1947-11-27,Girona,True
395,2020-09-23,1979-02-01,Alcalá de Henares,True
396,2018-11-19,1975-07-04,Salamanca,True
397,2020-06-26,1969-11-17,Calatayud,True
398,2025-02-06,1950-03-25,Cáceres,True
399,2021-12-02,1971-07-01,San Sebastián,True
400,2020-08-25,1949-03-22,Huesca,True
401,2019-12-12,1994-01-16,Teruel,True
402,2025-05-08,1946-10-05,Oviedo,False
403,2025-01-16,1984-04-30,Alicante,True
404,2024-07-01,1980-04-09,Vigo,True
405,2025-01-02,1968-12-29,Pamplona,True
406,2022-12-07,1946-02-15,Elche,True
407,2021-05-25,1964-08-22,Alcalá de Henares,True
408,2023-09-10,1946-08-28,Salamanca,True
409,2018-06-04,1945-02-07,Guadalajara,True
410,2018-11-11,1997-11-01,Linares,True
411,2023-09-08,1974-06-29,Alicante,True
412,2018-06-18,1980-05-06,Pontevedra,True
413,2021-08-09,1994-04-11,Elche,True
414,2018-09-11,1980-06-01,Marbella,True
415,2021-11-07,2004-01-31,Jaén,True
416,2019-12-08,1943-07-06,Santander,True
417,2022-12-05,1987-01-06,Mérida,True
418,2022-01-30,1973-06-13,León,True
419,2021-10-17,2000-11-27,Getafe,True
420,2025-01-28,1998-01-26,Valladolid,True
421,2019-01-23,1990-01-21,Talavera de la Reina,True
422,2025-05-13,1994-01-26,Teruel,True
423,2024-07-14,1999-07-15,Huesca,False
424,2021-06-24,1998-11-09,Barakaldo,True
425,2024-09-03,2003-08-05,Jaén,True
426,2022-03-23,1997-09-23,Valladolid,True
427,2025-07-07,2003-01-20,Cáceres,True
428,2025-07-09,1977-12-26,Badajoz,True
429,2022-01-25,1967-09-16,Gijón,False
430,2021-10-31,2008-09-25,Castellón de la Plana,True
431,2019-07-18,1953-11-25,Huelva,True
432,2019-02-19,1985-07-18,Santiago de Compostela,True
433,2023-11-27,1943-05-21,Barakaldo,True
434,2024-12-06,1951-10-04,Getafe,True
435,2019-10-27,1956-03-22,Cartagena,True
436,2019-11-10,2004-09-12,Lleida,True
437,2022-02-01,2000-09-05,La Laguna,False
438,2024-11-05,1965-07-24,Tarragona,True
439,2020-09-06,1967-10-06,Elche,False
440,2020-03-05,1972-12-31,Pontevedra,False
441,2023-03-07,2009-01-10,León,True
442,2023-08-22,1987-04-27,Terrassa,False
443,2020-03-28,1994-03-31,Alcalá de Guadaíra,False
444,2018-08-02,1997-07-10,Torrevieja,False
445,2024-03-21,1949-03-15,Mérida,False
446,2021-03-13,1947-07-11,Zaragoza,True
447,2023-10-04,1953-03-21,Girona,True
448,2020-06-28,1980-06-21,Albacete,False
449,2022-08-27,1944-10-11,Barcelona,True
450,2020-08-23,1974-08-23,Jaén,True
451,2018-04-26,1968-08-03,Málaga,True
452,2025-04-16,1970-01-29,Huesca,True
453,2021-03-21,1982-05-21,Alcalá de Guadaíra,True
454,2023-04-06,1980-03-30,Murcia,True
455,2018-11-21,1941-09-14,Torrelavega,True
456,2019-09-05,1989-03-27,Móstoles,True
457,2019-04-01,2009-08-19,León,True
458,2019-05-15,1944-04-13,La Laguna,True
459,2024-12-26,1981-01-03,Motril,True
460,2023-08-10,1993-07-14,A Coruña,True
461,2023-10-12,1991-08-04,La Laguna,True
462,2021-04-08,1978-07-05,Almería,True
463,2020-09-12,1991-03-13,Terrassa,True
464,2025-06-30,1947-09-06,Cáceres,False
465,2018-10-05,1987-03-12,Santiago de Compostela,True
466,2023-09-11,1989-09-18,Cádiz,True
467,2023-04-10,1943-11-27,Vitoria-Gasteiz,True
468,2022-03-10,1962-10-03,Cádiz,True
469,2018-10-04,1970-12-07,La Laguna,True
470,2025-01-17,1949-04-19,Madrid,True
471,2021-09-23,1951-12-20,Córdoba,True
472,2021-10-18,1997-09-01,Oviedo,True
473,2025-09-05,1981-09-06,Torrevieja,True
474,2019-07-07,1945-08-29,Reus,True
475,2020-04-05,1943-12-06,Palma,False
476,2021-07-16,1967-10-26,Badajoz,True
477,2024-02-03,1982-06-21,Torrelavega,True
478,2025-04-03,1957-02-22,León,True
479,2018-07-15,1998-10-30,Valladolid,True
480,2022-02-16,1979-03-15,Hospitalet de Llobregat,True
481,2022-05-03,1970-06-01,Gijón,True
482,2023-07-31,1972-12-15,Mérida,True
483,2018-12-05,2005-03-25,Sabadell,True
484,2024-10-03,1956-03-10,Santiago de Compostela,True
485,2019-02-25,1947-03-08,Soria,True
486,2021-06-09,1980-01-02,Móstoles,True
487,2019-11-14,2001-11-18,Lleida,True
488,2018-06-23,2005-03-16,Ciudad Real,True
489,2022-11-17,1964-08-18,Vitoria-Gasteiz,False
490,2018-08-23,1946-09-24,Logroño,True
491,2022-01-28,1986-01-11,Zaragoza,False
492,2019-08-08,1994-07-04,Lleida,True
493,2018-10-03,1961-03-04,San Sebastián,True
494,2022-04-18,1990-11-21,Algeciras,True
495,2025-08-13,1980-05-13,Guadalajara,True
496,2018-11-11,1991-06-28,Alcalá de Guadaíra,True
497,2022-06-19,1968-03-15,Bilbao,True
498,2019-04-10,1942-04-29,Gijón,True
499,2022-05-05,1990-05-22,Sevilla,True
500,2020-12-02,2003-02-28,Tarragona,True
501,2024-11-11,1965-08-14,Castellón de la Plana,True
502,2019-07-10,1946-08-23,Tarragona,True
503,2025-12-31,1979-12-07,Linares,True
504,2021-08-02,1999-11-30,Albacete,True
505,2024-03-02,1988-08-21,Ponferrada,False
506,2019-10-08,2003-11-10,Vitoria-Gasteiz,True
507,2022-01-20,1985-08-22,Telde,True
508,2020-04-03,1952-06-16,La Laguna,True
509,2018-04-18,1972-05-17,Lugo,True
510,2023-03-30,1989-06-28,Dos Hermanas,True
511,2018-12-20,1945-11-24,Salamanca,True
512,2023-05-15,1987-02-28,Badalona,True
513,2024-06-12,1946-08-13,Dos Hermanas,False
514,2025-03-16,1946-08-27,Tarragona,True
515,2023-10-21,1970-11-28,Dos Hermanas,False
516,2024-03-08,1997-05-25,Alcalá de Henares,True
517,2019-06-13,1978-10-24,Gandía,False
518,2018-08-15,1951-02-20,Mérida,True
519,2019-11-06,1954-07-13,Soria,False
520,2020-07-12,1971-01-16,Mérida,False
521,2018-11-20,1962-06-25,Palma,True
522,2024-03-06,1964-08-15,Dos Hermanas,True
523,2024-11-21,1987-11-11,Linares,True
524,2019-11-22,1993-02-03,Madrid,True
525,2025-05-22,1996-01-09,Móstoles,True
526,2024-04-27,1943-09-11,Jerez de la Frontera,True
527,2025-03-12,2009-03-03,Pontevedra,True
528,2020-05-13,2008-10-21,Pontevedra,True
529,2025-03-02,1942-09-19,Valencia,False
530,2024-02-13,1965-12-26,San Sebastián,False
531,2023-06-02,1961-12-20,Hospitalet de Llobregat,True
532,2018-10-26,2001-10-11,Granada,True
533,2022-08-30,1983-06-11,Alicante,True
534,2024-10-20,1952-11-20,Segovia,False
535,2021-07-31,2005-11-13,Albacete,False
536,2019-06-20,2008-03-29,Guadalajara,True
537,2019-03-11,1968-08-17,La Laguna,True
538,2020-12-31,1980-05-02,Santander,True
539,2018-07-27,1966-01-13,Talavera de la Reina,False
540,2022-09-09,1962-04-10,Zaragoza,True
541,2024-06-24,2004-09-10,Segovia,True
542,2019-10-15,1984-09-13,Badajoz,True
543,2021-06-17,1984-08-14,Cádiz,True
544,2022-05-30,1985-05-06,Reus,False
545,2020-05-31,1992-05-02,Ciudad Real,True
546,2021-02-26,1984-05-25,Getafe,False
547,2025-05-03,2000-05-02,Elche,True
548,2018-02-03,1949-08-23,Girona,True
549,2020-12-19,2005-04-07,Cuenca,True
550,2022-02-07,1944-01-22,Hospitalet de Llobregat,True
551,2024-04-20,1957-06-18,Cuenca,True
552,2018-10-29,1974-08-29,Gandía,True
553,2024-03-02,1965-02-03,Cartagena,True
554,2019-05-02,1951-07-18,Málaga,True
555,2021-10-20,1990-01-17,Cuenca,True
556,2020-03-26,1994-01-18,Badajoz,True
557,2018-06-14,1944-01-24,Algeciras,True
558,2021-09-26,1982-07-02,Mérida,True
559,2024-10-19,1986-04-01,Alcalá de Guadaíra,True
560,2024-11-16,1968-07-29,Zaragoza,True
561,2024-11-30,2006-04-30,Palencia,True
562,2023-09-09,1985-09-23,A Coruña,True
563,2024-04-24,1966-11-23,Elche,True
564,2022-02-17,1969-09-19,Torremolinos,False
565,2024-07-18,1967-08-08,Pamplona,True
566,2023-04-28,1963-10-27,Bilbao,True
567,2024-06-27,1991-10-27,Santa Cruz de Tenerife,True
568,2024-07-18,1983-02-07,Calatayud,True
569,2024-12-13,2009-06-29,Toledo,True
570,2025-08-20,1961-09-23,Algeciras,True
571,2025-11-09,1949-11-10,Avilés,True
572,2021-07-08,1977-07-27,Teruel,True
573,2020-04-15,1976-10-25,Gandía,True
574,2023-04-16,2006-01-05,Granada,True
575,2023-10-26,1958-08-08,Ourense,True
576,2025-06-05,1982-12-01,Cáceres,True
577,2019-12-11,1981-03-28,A Coruña,True
578,2021-12-22,2000-08-19,San Sebastián,True
579,2020-12-18,1994-09-24,Torrevieja,True
580,2020-10-06,1965-01-11,Ourense,True
581,2021-05-04,2009-03-08,León,True
582,2025-09-28,2003-04-01,Castellón de la Plana,True
583,2021-11-29,1990-04-14,Miranda de Ebro,True
584,2024-06-06,2000-09-13,Santiago de Compostela,True
585,2022-06-05,1970-12-18,Huesca,True
586,2021-03-24,2004-01-25,Jaén,True
587,2022-12-17,1998-11-06,Torrelavega,True
588,2020-05-26,1958-02-16,A Coruña,True
589,2024-04-21,2002-06-16,Burgos,True
590,2024-11-26,2006-06-20,Alcalá de Henares,True
591,2018-07-27,2000-02-04,Cáceres,True
592,2020-08-11,1944-09-16,Málaga,True
593,2023-04-19,1949-01-07,Alcalá de Guadaíra,True
594,2024-03-04,1954-03-03,Badalona,True
595,2023-05-03,1982-11-01,Bilbao,True
596,2021-03-22,1968-10-24,León,True
597,2019-01-02,1998-07-09,Pontevedra,True
598,2018-06-02,1955-09-15,Terrassa,False
599,2019-12-22,1943-04-05,Barcelona,True
600,2020-02-03,2007-03-13,Ponferrada,False
601,2018-02-07,1966-10-08,Vigo,True
602,2021-10-04,1965-07-12,Reus,False
603,2024-02-04,1987-01-14,Valencia,False
604,2019-07-04,1985-03-27,Alicante,True
605,2019-04-07,1969-08-31,Zaragoza,True
606,2025-04-09,1963-01-30,Gijón,True
607,2021-10-12,2010-12-10,Ponferrada,True
608,2020-03-02,1955-09-29,Murcia,False
609,2022-07-19,1978-05-15,Badajoz,True
610,2022-06-30,2000-01-16,Málaga,True
611,2019-07-30,1982-11-01,Soria,False
612,2018-01-28,1963-05-25,Talavera de la Reina,True
613,2020-12-29,1969-07-28,Palencia,True
614,2024-06-04,1941-01-09,Ávila,True
615,2025-10-08,1961-03-14,Granada,True
616,2023-03-22,1967-07-11,Zaragoza,True
617,2023-08-21,2003-02-13,Salamanca,True
618,2025-03-01,1966-06-20,Guadalajara,True
619,2020-06-16,1951-12-25,Torrevieja,True
620,2024-10-17,1973-07-08,Terrassa,True
621,2023-04-13,2007-12-11,A Coruña,True
622,2020-06-13,2008-05-07,Santander,True
623,2024-09-06,2010-08-21,Jaén,True
624,2023-12-04,2003-02-20,Cuenca,True
625,2024-04-29,1950-01-24,Granada,True
626,2023-09-02,1958-02-19,Pontevedra,True
627,2019-11-05,1969-06-08,Mérida,True
628,2025-08-18,1958-06-05,Madrid,True
629,2023-09-22,1979-12-19,Granada,True
630,2023-10-04,1977-04-08,Reus,True
631,2024-04-07,1981-06-25,Salamanca,True
632,2022-06-10,1962-10-30,Almería,True
633,2024-06-26,1946-07-21,Córdoba,True
634,2025-11-08,1945-09-20,Santiago de Compostela,False
635,2018-10-10,1982-05-08,Algeciras,True
636,2020-01-08,2008-12-26,Alcalá de Guadaíra,True
637,2025-03-30,1977-09-17,Guadalajara,False
638,2022-04-16,1980-03-28,Toledo,True
639,2025-08-28,1999-05-16,Santiago de Compostela,True
640,2021-11-25,1950-08-23,Oviedo,False
641,2022-05-29,1987-06-12,Dos Hermanas,True
642,2020-07-01,1940-04-23,Cádiz,False
643,2023-03-12,2000-06-03,Santiago de Compostela,True
644,2022-04-03,1960-08-08,Santander,True
645,2019-09-28,1964-09-23,Avilés,False
646,2019-04-08,1942-11-21,Barakaldo,True
647,2018-03-06,1961-08-04,Ibiza,True
648,2024-08-29,1943-01-05,Tarragona,True
649,2025-11-20,1944-05-14,Santander,True
650,2022-07-06,1979-05-19,Santa Cruz de Tenerife,True
651,2018-08-20,1952-07-27,Gandía,False
652,2020-08-17,2005-08-17,Pontevedra,True
653,2024-09-15,2009-04-22,Soria,True
654,2019-08-10,1999-03-25,Mérida,True
655,2021-05-15,1964-09-07,Granada,True
656,2024-08-20,2005-12-16,Oviedo,True
657,2022-10-16,1989-11-13,Valencia,True
658,2021-11-11,1997-09-18,Logroño,True
659,2023-11-19,1968-08-05,Terrassa,True
660,2021-05-13,1973-10-09,Gijón,True
661,2023-04-24,1961-08-14,Telde,True
662,2025-12-08,1952-12-13,Alicante,False
663,2024-04-22,1977-01-08,Terrassa,True
664,2019-07-04,1974-11-05,Santander,True
665,2021-09-14,1998-01-07,Jaén,False
666,2022-02-28,1948-04-17,A Coruña,True
667,2020-02-20,1944-08-15,Burgos,True
668,2024-10-13,1994-02-02,Córdoba,False
669,2020-02-10,2008-05-02,Alcalá de Henares,True
670,2024-04-08,1959-06-21,Torrevieja,True
671,2021-09-25,1967-03-14,El Ejido,True
672,2020-02-18,2006-07-09,Sevilla,True
673,2023-05-16,1961-10-06,Móstoles,True
674,2022-06-13,1961-06-21,Lugo,True
675,2021-03-05,1974-02-24,Alicante,True
676,2022-01-11,1967-09-02,Ávila,True
677,2023-07-30,1981-10-22,Málaga,True
678,2023-04-08,2008-04-30,Segovia,False
679,2022-02-27,1968-01-27,Badalona,True
680,2020-06-25,2006-07-02,Huesca,True
681,2024-03-16,1992-05-24,Madrid,True
682,2021-04-24,1953-09-03,Palma,True
683,2022-04-05,1991-02-12,Santander,True
684,2025-05-05,2001-06-10,Zamora,True
685,2023-06-25,2004-11-29,San Sebastián,True
686,2023-03-03,1955-02-03,Ciudad Real,True
687,2024-02-17,1983-10-23,Gijón,False
688,2024-01-30,1997-07-30,Granada,True
689,2018-11-01,1999-12-13,Lucena,True
690,2022-08-17,1952-05-02,Pamplona,True
691,2025-12-06,1953-07-19,El Ejido,True
692,2023-02-11,1973-06-25,Granada,True
693,2025-06-24,1995-04-24,Torrevieja,True
694,2018-03-06,1940-08-04,A Coruña,True
695,2018-02-18,1941-07-02,Cáceres,True
696,2024-01-04,1965-09-20,Cádiz,True
697,2025-10-29,2000-06-20,Girona,True
698,2020-01-05,1949-08-07,Málaga,True
699,2020-09-14,1957-03-21,Cartagena,True
700,2021-12-22,1963-12-25,Barcelona,True
701,2022-07-22,1981-03-06,Vigo,True
702,2025-10-26,1960-04-05,Palencia,True
703,2018-11-27,1998-08-25,Bilbao,True
704,2019-01-18,1976-05-11,Toledo,True
705,2023-05-04,1945-01-12,Vitoria-Gasteiz,True
706,2019-12-03,1947-06-02,Valencia,True
707,2025-03-26,2010-05-15,Valladolid,True
708,2019-01-26,1987-05-20,Córdoba,True
709,2025-10-06,1990-11-06,Elche,True
710,2018-11-01,2001-05-27,Miranda de Ebro,False
711,2024-04-27,1999-01-15,Algeciras,True
712,2021-07-12,1941-05-28,Ibiza,True
713,2025-12-29,1975-09-25,Huelva,True
714,2024-04-28,1961-07-28,Vigo,True
715,2022-05-13,2000-09-27,Santiago de Compostela,True
716,2019-07-28,2010-12-02,Jaén,True
717,2021-11-17,1944-10-25,Málaga,True
718,2018-11-08,1970-07-22,Móstoles,True
719,2024-09-05,1975-08-04,Soria,True
720,2021-01-24,2010-04-18,Tarragona,True
721,2021-12-28,1989-08-12,Toledo,True
722,2025-08-16,1992-07-23,Barakaldo,True
723,2024-12-08,1966-07-01,Santander,True
724,2018-12-03,1964-01-15,Teruel,True
725,2025-02-09,1953-11-03,Talavera de la Reina,True
726,2019-03-13,1948-03-17,Almería,False
727,2022-12-27,1972-04-15,Burgos,True
728,2018-12-24,1956-10-23,Girona,True
729,2024-03-22,1985-12-21,Badalona,True
730,2019-01-03,1971-10-02,Lugo,True
731,2024-09-15,2010-05-17,Soria,False
732,2018-02-20,1966-03-08,Badalona,True
733,2018-12-13,2005-01-10,Ourense,False
734,2020-09-21,1991-04-24,Mérida,True
735,2022-04-09,1955-03-17,Alcalá de Guadaíra,True
736,2021-01-04,1984-03-28,Huesca,True
737,2022-11-16,1964-10-03,Terrassa,True
738,2018-11-12,1972-05-25,Torrelavega,False
739,2025-01-04,1984-06-24,Getafe,True
740,2023-02-19,1949-08-06,Alcalá de Guadaíra,True
741,2022-06-09,1969-10-21,Cartagena,True
742,2021-09-11,1979-06-30,Valladolid,True
743,2025-04-20,1993-04-29,Alcalá de Guadaíra,True
744,2024-10-06,2002-05-18,Palma,True
745,2019-12-29,1975-09-23,Segovia,True
746,2025-10-17,1996-10-11,Castellón de la Plana,False
747,2020-09-19,1969-03-27,Toledo,True
748,2022-05-29,1972-09-29,Torremolinos,False
749,2020-03-29,1993-02-17,Santiago de Compostela,True
750,2024-03-03,1942-05-31,Alicante,False
751,2020-05-08,1979-05-03,Ponferrada,True
752,2018-10-11,1976-09-14,Valencia,True
753,2021-05-25,1961-09-17,Torrelavega,True
754,2022-09-30,2010-10-16,Toledo,True
755,2024-09-15,1982-12-29,Madrid,True
756,2023-09-07,2002-01-20,Terrassa,True
757,2022-01-12,2002-12-12,A Coruña,True
758,2018-12-15,1949-10-23,Santander,True
759,2021-12-25,1954-12-03,San Sebastián,True
760,2024-04-25,1997-11-13,San Sebastián,True
761,2021-09-20,1978-08-14,Marbella,True
762,2020-11-25,1959-12-01,Badajoz,True
763,2024-04-04,1992-01-30,Pontevedra,True
764,2022-03-13,1975-02-02,Alicante,True
765,2024-08-07,2001-12-10,Gandía,True
766,2018-04-11,1983-04-24,Marbella,True
767,2018-12-18,1950-05-31,Huesca,True
768,2021-11-06,1980-11-06,Ibiza,True
769,2021-11-27,1982-09-19,Málaga,True
770,2025-10-24,1980-08-03,Segovia,True
771,2018-07-03,2003-10-07,Torremolinos,True
772,2021-11-06,1998-02-17,Marbella,True
773,2019-11-05,2006-06-07,Santander,True
774,2024-03-10,1954-05-14,Valladolid,True
775,2023-03-08,1960-10-19,Hospitalet de Llobregat,True
776,2020-02-03,1997-06-17,Barakaldo,True
777,2018-04-30,2006-02-25,Murcia,False
778,2023-01-16,1993-02-16,Sabadell,True
779,2025-11-26,1959-04-09,Ibiza,True
780,2025-11-22,1945-08-12,Pontevedra,True
781,2024-01-09,1956-10-09,Cuenca,True
782,2023-02-18,1950-03-23,Ávila,True
783,2023-06-28,1987-05-06,Vitoria-Gasteiz,True
784,2022-05-11,1994-11-04,Barcelona,True
785,2021-11-26,1971-07-30,Reus,True
786,2025-07-22,2003-05-03,Palencia,False
787,2024-08-14,1947-08-09,Alcalá de Guadaíra,True
788,2020-09-04,1967-05-25,Torremolinos,True
789,2025-10-11,1952-09-06,Badajoz,True
790,2024-09-08,1952-05-14,Pontevedra,True
791,2020-01-31,1983-08-30,Vitoria-Gasteiz,True
792,2025-03-27,1955-07-17,Ourense,True
793,2021-03-29,1952-08-02,Gijón,True
794,2023-01-22,1995-07-27,Lucena,False
795,2018-02-09,1983-06-23,Alcalá de Guadaíra,True
796,2022-04-22,1990-05-19,Gandía,True
797,2022-08-03,2001-06-05,Castellón de la Plana,True
798,2022-12-24,1983-11-04,Calatayud,True
799,2018-05-07,2008-04-11,Telde,True
800,2021-01-30,1960-03-03,A Coruña,True
801,2023-02-17,1990-09-30,Valencia,True
802,2019-04-09,1991-05-19,Torremolinos,True
803,2024-02-03,1972-11-29,Santiago de Compostela,True
804,2018-06-20,2008-03-07,Lleida,True
805,2022-10-08,1949-03-09,Bilbao,True
806,2021-05-04,1942-11-22,Tarragona,True
807,2018-12-23,1979-05-23,Sevilla,True
808,2020-08-28,1958-10-30,Alcalá de Henares,True
809,2025-12-21,1994-10-01,Pamplona,True
810,2024-11-28,1952-06-28,Ibiza,True
811,2018-09-01,1991-02-22,Albacete,True
812,2024-09-10,1988-05-02,Calatayud,True
813,2025-11-23,1966-04-03,Ponferrada,True
814,2023-10-09,2000-12-10,Málaga,True
815,2022-08-13,1945-04-26,Miranda de Ebro,False
816,2019-06-04,2002-12-05,Dos Hermanas,True
817,2025-12-23,1968-11-23,Santander,True
818,2025-08-01,1975-03-26,Castellón de la Plana,True
819,2025-02-03,1964-02-09,Pamplona,True
820,2023-01-26,1946-10-10,Vitoria-Gasteiz,True
821,2019-01-17,1976-02-21,Badajoz,True
822,2025-10-16,1973-02-09,Reus,False
823,2021-09-02,1992-03-17,Almería,False
824,2019-01-17,2005-07-29,Reus,True
825,2025-10-27,1972-02-20,Motril,True
826,2022-06-18,1959-07-17,Sabadell,True
827,2023-07-20,1964-02-03,Soria,True
828,2021-10-15,1989-02-06,Pontevedra,True
829,2023-06-11,2010-09-21,Zamora,False
830,2018-07-18,1944-02-14,Málaga,True
831,2023-02-26,1941-06-17,Sevilla,False
832,2019-10-10,1979-08-04,Reus,True
833,2022-10-19,1958-02-24,Dos Hermanas,False
834,2021-05-21,1954-04-06,Miranda de Ebro,True
835,2022-01-16,1962-06-18,Jaén,True
836,2025-04-11,1954-11-06,Lucena,True
837,2021-06-05,2005-02-17,Santa Cruz de Tenerife,True
838,2019-01-09,2003-02-17,Málaga,True
839,2023-05-08,1946-12-28,Dos Hermanas,True
840,2023-10-29,2001-01-01,Lleida,True
841,2025-10-20,1970-10-28,Sevilla,False
842,2022-09-26,2002-04-07,Dos Hermanas,True
843,2020-07-26,1974-05-14,Linares,True
844,2019-02-24,1949-04-04,Segovia,True
845,2021-05-10,1952-04-20,Toledo,True
846,2019-06-30,1997-07-23,Huesca,True
847,2024-04-26,1940-10-04,Murcia,True
848,2022-12-08,1971-07-04,Las Palmas de Gran Canaria,True
849,2019-09-13,1976-12-07,Murcia,True
850,2020-06-08,1947-10-11,Málaga,True
851,2019-05-20,1992-11-22,Talavera de la Reina,True
852,2022-10-25,1968-03-19,Alcalá de Guadaíra,True
853,2025-03-25,1947-07-23,Santander,True
854,2024-09-23,2004-09-12,Móstoles,True
855,2025-09-29,1942-05-28,Barakaldo,False
856,2020-04-21,1986-06-13,Móstoles,True
857,2022-05-24,1966-07-07,San Sebastián,True
858,2020-09-07,1984-05-25,Talavera de la Reina,True
859,2023-08-09,1997-03-30,Getafe,True
860,2018-02-19,1972-05-24,Segovia,True
861,2024-05-17,1977-10-03,Cuenca,True
862,2019-12-09,2008-06-05,Elche,False
863,2018-10-26,1941-06-30,Alcalá de Henares,True
864,2020-12-09,1959-05-10,Córdoba,False
865,2022-06-19,1985-06-13,León,True
866,2023-08-15,2008-10-26,Terrassa,True
867,2022-07-06,1947-05-24,Vitoria-Gasteiz,True
868,2024-11-28,1953-09-12,Miranda de Ebro,True
869,2018-11-20,1985-11-14,Ibiza,False
870,2019-09-29,1988-02-14,Soria,True
871,2025-02-11,2008-06-21,Bilbao,True
872,2018-09-28,1967-10-29,Girona,True
873,2020-09-04,1945-03-12,Santander,True
874,2022-11-15,1950-05-28,Reus,True
875,2018-08-14,1967-09-30,Logroño,True
876,2019-12-21,1950-09-18,El Ejido,True
877,2025-11-13,1941-01-06,Zaragoza,True
878,2021-11-21,1986-12-02,Mérida,True
879,2020-11-27,1954-12-24,Guadalajara,True
880,2021-01-05,2005-10-02,Sevilla,True
881,2018-05-01,1970-01-20,Sabadell,True
882,2018-09-19,1963-08-04,Pontevedra,True
883,2023-07-26,1980-11-01,Badajoz,True
884,2023-08-09,1990-11-09,Calatayud,True
885,2020-11-10,2009-05-18,Marbella,False
886,2025-07-24,2004-11-04,Torremolinos,True
887,2023-09-16,1940-03-25,Córdoba,False
888,2018-02-20,1961-12-09,Córdoba,True
889,2022-04-18,1953-06-18,Oviedo,False
890,2018-05-25,1989-08-07,Bilbao,True
891,2021-08-11,1962-04-10,Terrassa,False
892,2021-08-03,1964-05-02,Huelva,True
893,2019-05-05,1985-01-14,Lucena,True
894,2023-10-14,1944-02-13,Hospitalet de Llobregat,True
895,2023-03-21,1965-04-29,Salamanca,True
896,2024-03-15,1980-12-22,El Ejido,True
897,2021-04-09,1990-07-31,Palencia,True
898,2020-09-20,1981-08-14,Guadalajara,True
899,2023-07-14,2009-04-24,Palma,True
900,2024-02-17,2008-03-23,Santander,True
901,2022-08-07,1942-02-22,Santa Cruz de Tenerife,True
902,2025-02-17,2002-03-19,El Ejido,False
903,2018-01-06,2008-02-01,Barakaldo,True
904,2021-06-13,1949-04-29,Ibiza,True
905,2020-09-02,1977-08-30,Castellón de la Plana,False
906,2019-08-07,2003-11-05,Miranda de Ebro,True
907,2020-08-06,1986-08-18,Badalona,True
908,2022-03-06,1981-02-16,Jaén,True
909,2023-09-02,1951-12-23,Vitoria-Gasteiz,True
910,2018-11-03,1993-02-06,Vigo,True
911,2025-06-06,1951-09-23,La Laguna,True
912,2021-07-14,1975-04-03,Soria,True
913,2021-01-18,1960-12-15,Huelva,False
914,2019-07-12,2009-12-20,Madrid,True
915,2019-03-09,1954-09-30,Tarragona,True
916,2022-07-24,1950-10-31,A Coruña,True
917,2020-04-30,1980-07-17,Salamanca,True
918,2019-05-07,1948-02-10,Zaragoza,True
919,2021-05-31,2003-03-22,Móstoles,True
920,2021-09-04,1953-04-22,Linares,True
921,2021-12-28,1975-07-20,Badajoz,True
922,2021-05-09,1963-05-05,Oviedo,True
923,2022-07-15,1980-07-26,Ourense,True
924,2020-10-20,1948-06-30,Alicante,True
925,2019-07-27,1950-11-23,El Ejido,True
926,2020-06-29,1951-09-23,Palma,True
927,2022-03-05,2001-07-27,Pamplona,False
928,2018-12-11,1992-03-29,Alcalá de Henares,True
929,2018-11-04,1941-12-15,Motril,True
930,2025-03-30,1979-10-13,Dos Hermanas,True
931,2021-09-20,1950-12-28,Córdoba,False
932,2018-07-27,1955-01-26,Pontevedra,True
933,2022-06-06,1984-07-05,Jerez de la Frontera,True
934,2022-10-14,1955-07-03,Ciudad Real,True
935,2020-02-06,1964-09-01,Miranda de Ebro,True
936,2019-09-01,1943-02-09,Murcia,True
937,2020-10-03,1998-01-26,Ponferrada,True
938,2024-03-05,1982-12-22,Granada,True
939,2022-04-18,1952-04-23,Terrassa,True
940,2023-11-24,1962-05-09,Pamplona,False
941,2024-02-05,1941-10-01,Toledo,True
942,2022-01-10,1983-01-13,Santiago de Compostela,True
943,2021-11-10,1990-09-30,Gandía,True
944,2021-01-12,1956-02-18,Jerez de la Frontera,True
945,2020-06-16,1942-08-18,Miranda de Ebro,True
946,2023-04-17,1987-07-01,Ciudad Real,True
947,2020-08-11,1954-04-27,Málaga,True
948,2020-09-14,1963-11-29,A Coruña,True
949,2018-08-18,2008-07-18,Telde,True
950,2022-05-10,1971-10-31,Oviedo,True
951,2024-08-23,1968-07-12,Ciudad Real,False
952,2018-04-26,2003-02-09,Ciudad Real,False
953,2024-04-27,1952-09-30,Vigo,False
954,2023-07-10,1988-08-20,Salamanca,True
955,2018-06-05,1948-02-05,Granada,True
956,2020-06-15,1941-10-15,Cáceres,True
957,2021-09-20,1995-02-04,Palma,True
958,2021-10-27,2004-04-26,Oviedo,False
959,2021-08-18,1945-05-05,Cádiz,True
960,2025-11-26,1952-09-15,Torremolinos,True
961,2022-02-03,1946-07-04,Guadalajara,True
962,2025-06-05,1975-06-28,Alcalá de Henares,True
963,2021-05-21,1968-12-10,Alcalá de Guadaíra,False
964,2022-11-25,1997-05-08,Castellón de la Plana,True
965,2019-12-15,2003-06-11,Ourense,True
966,2024-11-18,2010-08-09,Ciudad Real,True
967,2024-08-09,1955-09-24,Toledo,True
968,2025-09-21,1966-06-03,Dos Hermanas,True
969,2018-01-08,2002-12-24,Pontevedra,True
970,2024-05-13,1942-11-27,Gijón,True
971,2024-11-09,1959-10-26,Vitoria-Gasteiz,True
972,2023-07-26,1952-08-13,Valladolid,True
973,2020-09-01,1971-02-11,Segovia,True
974,2018-12-30,2003-08-09,Logroño,True
975,2021-10-07,1980-01-26,El Ejido,True
976,2020-10-19,2002-03-09,Motril,True
977,2019-03-19,2004-08-18,Almería,True
978,2022-11-30,2005-09-21,Terrassa,False
979,2022-08-23,1984-03-27,Toledo,True
980,2022-03-18,1949-02-05,Torrevieja,True
981,2024-06-25,1998-05-26,Telde,True
982,2018-10-29,1942-12-30,Ponferrada,True
983,2020-12-05,1949-05-24,Huelva,True
984,2022-03-18,1954-06-08,Huelva,True
985,2019-01-17,1970-04-26,Getafe,False
986,2023-06-01,2003-03-16,Jerez de la Frontera,True
987,2025-05-01,1954-10-20,Móstoles,False
988,2019-10-06,1944-10-20,Málaga,True
989,2020-02-18,1976-09-19,Lugo,True
990,2024-01-22,1963-10-19,Barakaldo,True
991,2020-08-30,1948-08-08,Lucena,True
992,2024-03-01,1984-01-17,Teruel,True
993,2018-01-16,1978-05-12,Linares,True
994,2025-06-04,1996-01-29,Getafe,True
995,2019-02-02,1942-04-23,Ibiza,True
996,2021-04-10,1947-05-08,Elche,True
997,2021-06-17,2010-05-31,Barcelona,True
998,2025-05-31,1963-10-10,Linares,True
999,2022-05-07,1956-08-02,Guadalajara,False
1000,2022-02-22,1956-09-26,Tarragona,True
1001,2022-12-07,1981-09-21,Ávila,True
1002,2021-01-05,1990-08-15,Granada,True
1003,2025-10-23,1999-11-18,Málaga,True
1004,2021-11-09,1988-07-29,Badalona,False
1005,2024-08-12,1960-05-30,Lugo,True
1006,2022-05-05,1986-11-18,Terrassa,False
1007,2025-09-15,1982-08-07,Pontevedra,False
1008,2023-05-05,1966-10-23,Jaén,True
1009,2018-05-23,1985-01-16,Pontevedra,False
1010,2024-05-29,2000-10-13,Cartagena,True
1011,2023-01-14,1955-07-05,Calatayud,False
1012,2020-02-29,1951-04-27,Córdoba,True
1013,2025-08-30,1979-01-22,Palma,False
1014,2025-01-13,1953-04-07,Getafe,True
1015,2018-10-02,1947-10-22,Talavera de la Reina,True
1016,2024-03-11,1969-04-04,Miranda de Ebro,True
1017,2018-02-20,2010-07-25,Cartagena,True
1018,2022-09-15,1950-02-04,Terrassa,True
1019,2024-05-09,1992-09-29,Madrid,True
1020,2019-02-15,1949-06-23,Vigo,True
1021,2021-03-17,1988-01-20,Albacete,False
1022,2020-12-17,1974-05-13,Bilbao,True
1023,2024-10-30,1982-06-09,Algeciras,True
1024,2022-07-09,1952-11-26,Cartagena,True
1025,2025-10-12,1976-01-15,Algeciras,True
1026,2021-09-19,2001-12-12,La Laguna,True
1027,2023-05-01,1964-02-04,Guadalajara,True
1028,2021-05-26,1967-11-24,Miranda de Ebro,True
1029,2025-10-22,2001-06-10,Málaga,False
1030,2020-07-22,1952-01-21,Palencia,False
1031,2022-12-20,2009-06-10,Soria,True
1032,2022-09-04,1994-04-10,San Sebastián,True
1033,2022-12-15,1958-12-18,Badalona,True
1034,2023-10-17,1973-07-18,Granada,True
1035,2019-10-14,1945-11-20,Salamanca,True
1036,2022-07-11,1952-03-02,Cáceres,False
1037,2018-04-29,1955-08-03,Avilés,False
1038,2020-04-02,1945-03-03,Santander,True
1039,2018-07-27,1972-04-30,Palma,True
1040,2023-03-17,1985-04-25,Barcelona,True
1041,2019-05-23,2001-02-09,Jerez de la Frontera,True
1042,2023-06-26,1993-04-17,Tarragona,True
1043,2023-04-28,1992-08-25,Lugo,True
1044,2019-11-01,1963-03-16,Linares,True
1045,2022-05-03,1944-06-14,Zaragoza,False
1046,2020-05-27,1959-11-10,San Sebastián,True
1047,2020-04-26,1964-02-21,Bilbao,True
1048,2018-03-24,2010-01-01,El Ejido,True
1049,2019-06-26,1998-01-29,Oviedo,True
1050,2018-02-04,1960-01-28,Torrelavega,True
1051,2021-06-05,2003-12-11,San Sebastián,True
1052,2022-03-23,1971-04-14,Reus,True
1053,2023-03-27,1967-02-08,Mérida,True
1054,2022-06-15,1992-06-08,Marbella,True
1055,2025-06-06,1973-07-28,Ourense,True
1056,2024-10-30,1965-05-11,Palencia,True
1057,2023-05-28,1945-09-22,Zamora,False
1058,2025-03-08,1969-03-03,Miranda de Ebro,True
1059,2025-12-22,1998-06-12,Palencia,True
1060,2023-10-20,2008-09-03,La Laguna,False
1061,2024-09-23,1976-04-02,Barakaldo,True
1062,2019-07-28,2004-09-16,Jerez de la Frontera,True
1063,2021-04-25,1963-04-10,Terrassa,True
1064,2018-05-25,1992-04-21,Pontevedra,True
1065,2021-11-06,2005-03-07,Telde,True
1066,2025-02-27,2010-06-01,Elche,False
1067,2025-07-14,1972-02-29,Gandía,True
1068,2019-11-28,1998-12-30,Ourense,True
1069,2019-02-04,1982-03-27,Dos Hermanas,True
1070,2024-04-08,2008-06-11,Gijón,False
1071,2021-10-06,1998-09-17,Linares,True
1072,2020-07-03,2006-10-07,Salamanca,True
1073,2021-09-19,1973-05-06,Ávila,True
1074,2023-03-15,1950-07-26,Elche,True
1075,2025-02-11,1992-05-09,Madrid,False
1076,2018-10-19,1982-05-13,Avilés,True
1077,2025-08-20,1974-03-29,Cáceres,True
1078,2018-08-10,1953-07-11,Alcalá de Guadaíra,False
1079,2021-11-04,1976-09-16,Vigo,False
1080,2023-02-18,1952-11-06,Segovia,False
1081,2020-01-09,2009-11-18,Jaén,True
1082,2025-01-28,1955-11-12,Segovia,True
1083,2018-01-20,1980-07-21,Miranda de Ebro,True
1084,2019-11-22,1991-09-13,Zaragoza,True
1085,2018-12-27,1951-08-11,Murcia,True
1086,2022-10-25,1976-03-10,Sabadell,False
1087,2022-04-20,1940-06-01,Algeciras,True
1088,2022-03-09,1941-04-06,Soria,True
1089,2023-12-16,1957-02-04,Cádiz,True
1090,2025-01-10,2005-10-24,Santander,True
1091,2021-11-11,1967-12-31,Dos Hermanas,True
1092,2023-08-24,1992-10-23,Salamanca,True
1093,2018-07-07,1966-10-02,Ponferrada,True
1094,2023-11-02,1993-07-02,Cáceres,True
1095,2025-09-14,1952-01-02,Zamora,False
1096,2023-07-01,1972-03-24,Avilés,True
1097,2022-07-11,1941-09-18,Santa Cruz de Tenerife,True
1098,2019-06-22,1958-12-12,Cádiz,True
1099,2019-11-24,1951-01-18,Cuenca,True
1100,2018-06-03,1973-08-29,Vitoria-Gasteiz,True
1101,2023-12-31,1995-11-26,Lucena,True
1102,2018-07-16,1999-05-22,Marbella,True
1103,2018-03-22,1944-04-29,Torremolinos,True
1104,2022-04-07,1951-02-01,Lugo,True
1105,2025-11-14,1953-09-26,Ibiza,True
1106,2025-01-25,1940-10-31,Palencia,True
1107,2019-02-18,1999-06-08,Mérida,True
1108,2024-10-16,2002-11-12,Alcalá de Guadaíra,True
1109,2019-03-06,1985-11-23,Cartagena,True
1110,2019-04-12,2010-05-28,Marbella,True
1111,2024-10-30,1957-12-02,Ávila,True
1112,2020-04-06,1972-02-10,Badalona,True
1113,2018-06-11,1989-03-05,Valencia,False
1114,2025-09-19,1983-02-14,Valladolid,True
1115,2018-02-22,2000-04-03,Linares,False
1116,2024-06-09,2000-01-08,Valencia,True
1117,2019-01-04,2009-12-07,Badajoz,True
1118,2019-02-19,1962-12-16,San Sebastián,True
1119,2021-04-27,1963-09-11,Alicante,True
1120,2019-12-17,1943-07-16,Ponferrada,True
1121,2025-08-04,1968-01-20,Sabadell,True
1122,2019-01-25,2008-01-08,Córdoba,True
1123,2019-07-21,1999-07-06,San Sebastián,True
1124,2022-01-04,1979-04-09,Cartagena,True
1125,2019-01-16,1973-06-06,Zamora,True
1126,2022-06-30,1975-11-28,Reus,True
1127,2022-04-29,2001-11-22,Torrevieja,True
1128,2025-04-11,1954-12-18,Torremolinos,True
1129,2018-08-29,1954-04-20,Marbella,True
1130,2024-08-16,1983-04-21,Vigo,True
1131,2020-01-13,1994-11-04,Toledo,True
1132,2024-11-09,1942-08-02,Dos Hermanas,True
1133,2023-06-23,1950-02-17,Badalona,True
1134,2018-09-17,1963-06-21,Bilbao,True
1135,2025-11-25,2000-10-26,Cáceres,True
1136,2024-06-19,2004-12-06,Vigo,True
1137,2025-07-06,1970-05-08,Mérida,True
1138,2025-11-09,1995-06-19,Málaga,True
1139,2020-10-15,1983-03-27,Albacete,True
1140,2025-03-12,1974-07-12,Teruel,True
1141,2024-04-05,1994-12-26,Lucena,True
1142,2019-10-05,1985-05-10,Elche,False
1143,2019-11-09,1946-09-19,Castellón de la Plana,True
1144,2021-09-17,1964-12-14,Lucena,True
1145,2024-03-04,1997-09-18,Toledo,True
1146,2020-08-20,1947-01-27,Reus,True
1147,2024-06-05,1980-03-14,Linares,False
1148,2023-01-06,1968-05-09,Sevilla,False
1149,2025-04-30,1941-08-05,Marbella,True
1150,2018-05-27,1989-12-25,Lugo,True
1151,2019-01-08,1994-03-16,Cartagena,True
1152,2023-09-14,1990-06-13,Ibiza,True
1153,2023-02-12,1970-07-31,Cuenca,True
1154,2020-07-02,1980-10-08,Valladolid,True
1155,2024-12-13,1993-10-28,Elche,True
1156,2022-01-28,2004-03-24,Tarragona,True
1157,2025-05-22,1959-11-23,Almería,True
1158,2025-02-08,1966-03-12,Lugo,True
1159,2025-11-15,1949-07-15,Córdoba,False
1160,2023-07-10,1952-08-07,Badalona,True
1161,2024-11-07,1957-07-29,Avilés,True
1162,2022-05-29,1959-05-05,Reus,True
1163,2020-02-20,2004-04-21,Zamora,True
1164,2022-08-25,1944-03-03,Vitoria-Gasteiz,True
1165,2024-08-08,1951-01-20,Tarragona,True
1166,2024-08-10,1985-03-26,Alcalá de Guadaíra,False
1167,2018-01-18,1987-07-31,Lucena,True
1168,2022-11-08,1992-06-29,Torrevieja,False
1169,2019-12-27,2002-01-24,Madrid,True
1170,2019-06-10,1949-04-16,Talavera de la Reina,True
1171,2024-10-18,1968-11-15,Gandía,False
1172,2022-09-11,1994-08-20,Santander,True
1173,2021-11-05,1966-05-23,Tarragona,True
1174,2019-07-20,1977-01-10,Móstoles,True
1175,2023-09-30,1966-10-25,Lugo,False
1176,2025-12-25,2006-02-07,Lugo,True
1177,2020-04-02,1958-10-24,Cartagena,True
1178,2025-09-13,1970-12-23,Dos Hermanas,False
1179,2025-04-16,1955-12-14,Gandía,True
1180,2025-02-21,1968-12-02,Torremolinos,True
1181,2024-04-22,1983-02-04,Madrid,True
1182,2025-06-25,2003-09-16,Terrassa,True
1183,2023-12-27,1965-08-26,Sabadell,True
1184,2023-11-12,1949-07-20,Jerez de la Frontera,True
1185,2018-08-06,2000-02-17,Granada,True
1186,2019-10-22,1965-09-17,Torrelavega,True
1187,2018-09-12,2001-12-15,Ponferrada,True
1188,2024-01-26,1942-11-24,Ciudad Real,True
1189,2019-02-24,1995-04-10,Ourense,False
1190,2025-04-04,1990-05-09,Talavera de la Reina,True
1191,2025-10-22,1965-10-21,Logroño,True
1192,2022-04-12,1974-10-08,Terrassa,False
1193,2025-09-07,1968-01-19,Lugo,True
1194,2020-10-26,1958-03-21,Cartagena,False
1195,2022-12-20,1960-03-26,Vitoria-Gasteiz,True
1196,2025-04-06,1972-12-28,Alcalá de Henares,True
1197,2024-10-07,1957-08-16,Avilés,True
1198,2019-12-28,2001-03-30,Huelva,True
1199,2019-12-13,2005-12-12,Badajoz,True
1200,2018-06-16,1978-06-11,Miranda de Ebro,True
1201,2019-06-17,1954-06-09,Madrid,True
1202,2018-01-24,1969-08-27,Alicante,True
1203,2019-09-27,1943-08-01,Teruel,False
1204,2024-09-10,1944-07-24,Pamplona,True
1205,2025-06-04,1967-01-07,Castellón de la Plana,True
1206,2024-03-03,1972-02-15,Huelva,True
1207,2021-07-25,1987-02-19,Telde,False
1208,2023-11-03,1946-02-12,Gandía,True
1209,2024-02-03,1988-03-06,Hospitalet de Llobregat,True
1210,2020-06-25,1959-02-21,Barakaldo,True
1211,2022-01-17,1966-05-03,Las Palmas de Gran Canaria,False
1212,2024-12-07,1987-08-05,Elche,False
1213,2025-04-13,1940-10-15,Torremolinos,True
1214,2022-12-31,1961-07-24,San Sebastián,True
1215,2024-12-19,1961-11-15,Córdoba,True
1216,2021-08-07,1974-03-19,Torremolinos,True
1217,2024-01-22,2004-12-13,León,True
1218,2023-10-19,2009-02-14,Guadalajara,True
1219,2023-09-15,1979-12-22,Castellón de la Plana,True
1220,2025-04-22,1957-04-09,Soria,True
1221,2019-01-29,1955-01-07,A Coruña,True
1222,2025-01-11,1945-11-15,Ibiza,True
1223,2020-05-23,2001-06-28,Sabadell,True
1224,2020-04-22,1988-03-30,Girona,True
1225,2018-10-23,2007-01-03,Teruel,True
1226,2021-09-20,1943-05-26,Linares,True
1227,2019-12-31,1962-08-07,Ourense,True
1228,2020-07-21,1963-03-16,Badalona,True
1229,2025-01-25,1976-04-13,Girona,True
1230,2022-05-15,2000-05-27,Sevilla,True
1231,2025-03-12,2004-08-14,Cartagena,True
1232,2024-07-26,1944-01-31,Huelva,True
1233,2023-08-22,1949-07-09,Ponferrada,True
1234,2021-05-19,1994-06-01,Linares,True
1235,2022-11-28,1974-03-21,Barcelona,True
1236,2018-05-07,1982-07-10,Zaragoza,True
1237,2019-07-13,2006-12-29,Barcelona,True
1238,2024-02-14,1966-06-18,Vitoria-Gasteiz,True
1239,2025-08-06,2005-06-06,San Sebastián,True
1240,2018-02-15,1989-08-28,Ourense,True
1241,2018-06-21,1940-06-13,Pontevedra,True
1242,2024-01-10,1989-02-13,Jaén,True
1243,2021-11-09,1958-12-30,Badalona,False
1244,2023-10-01,1952-10-11,Zaragoza,True
1245,2024-12-01,1962-09-03,Avilés,True
1246,2025-07-11,1990-11-23,Lucena,False
1247,2024-02-27,1981-05-19,San Sebastián,True
1248,2021-04-05,2000-04-04,Motril,True
1249,2020-03-19,2005-02-04,Madrid,True
1250,2021-09-17,1972-01-15,Dos Hermanas,True
1251,2020-08-18,1948-12-22,León,True
1252,2020-03-03,1968-07-05,Castellón de la Plana,True
1253,2024-11-29,1999-02-27,Salamanca,True
1254,2019-09-17,1990-09-27,Vigo,True
1255,2021-07-19,1978-06-04,Calatayud,True
1256,2020-10-05,2010-06-26,Telde,True
1257,2025-03-09,1979-02-15,Miranda de Ebro,True
1258,2019-07-05,2000-12-19,Valladolid,False
1259,2023-03-11,1979-12-15,Ciudad Real,True
1260,2023-06-18,1989-06-29,Marbella,True
1261,2024-10-20,1947-05-10,Miranda de Ebro,False
1262,2019-07-28,1988-04-27,Palma,True
1263,2025-01-10,1946-11-10,Huelva,False
1264,2023-09-09,1996-08-31,Jerez de la Frontera,True
1265,2024-06-29,1976-05-06,Alcalá de Henares,True
1266,2018-05-31,1989-06-26,Ávila,True
1267,2024-01-20,1982-05-09,Bilbao,True
1268,2022-02-07,1975-03-19,Telde,False
1269,2024-08-12,2005-10-12,Ponferrada,True
1270,2023-08-15,1985-10-16,Linares,True
1271,2023-08-19,1940-12-13,Barakaldo,True
1272,2024-11-20,2001-05-18,Calatayud,True
1273,2019-07-29,1980-01-12,Zaragoza,True
1274,2024-05-06,1999-02-27,Huesca,True
1275,2023-06-04,1972-03-10,Córdoba,True
1276,2023-06-21,1960-10-15,Motril,True
1277,2020-08-16,1943-11-03,Logroño,True
1278,2022-01-19,1974-10-26,Elche,False
1279,2018-07-10,1943-07-31,Bilbao,True
1280,2025-11-22,1986-10-10,Vitoria-Gasteiz,True
1281,2020-12-14,1991-11-29,Santiago de Compostela,True
1282,2022-03-23,1998-08-23,Toledo,True
1283,2025-04-30,1946-12-25,Mérida,True
1284,2020-07-01,1986-04-29,Hospitalet de Llobregat,True
1285,2021-11-14,1983-09-05,Torrevieja,False
1286,2018-01-28,1985-01-08,Alcalá de Guadaíra,True
1287,2020-07-31,1946-12-01,Badajoz,True
1288,2020-05-16,1953-06-24,Gijón,True
1289,2024-10-01,2004-05-08,Sevilla,True
1290,2022-08-26,1969-08-16,Torremolinos,True
1291,2023-05-16,1982-12-22,Ibiza,True
1292,2025-04-05,1976-11-11,Cádiz,True
1293,2019-06-08,1991-06-14,Alcalá de Henares,True
1294,2025-01-22,1985-12-28,Córdoba,False
1295,2019-08-25,1945-01-06,Calatayud,True
1296,2020-01-08,1986-05-08,Hospitalet de Llobregat,True
1297,2024-04-27,1997-03-15,Cádiz,False
1298,2025-06-03,1965-06-06,Jaén,True
1299,2024-10-20,1982-04-17,Torrevieja,True
1300,2022-08-10,1993-11-26,Huesca,True
1301,2020-01-15,1995-11-29,Barakaldo,True
1302,2019-11-18,2004-12-20,Zamora,False
1303,2024-09-09,1992-12-25,Motril,True
1304,2022-04-28,1951-11-11,Marbella,True
1305,2023-11-12,1985-03-31,Terrassa,True
1306,2024-10-16,1948-08-21,Oviedo,True
1307,2024-11-23,1993-10-23,Algeciras,False
1308,2023-12-17,1985-02-26,Sevilla,True
1309,2025-05-24,1951-09-10,Móstoles,True
1310,2018-01-05,2009-07-07,Bilbao,True
1311,2022-09-20,1973-03-24,Córdoba,True
1312,2022-10-24,1960-08-02,Torrevieja,True
1313,2022-04-11,1971-06-12,Alcalá de Henares,True
1314,2025-10-24,1991-09-08,Málaga,True
1315,2020-11-08,1982-10-21,Santa Cruz de Tenerife,False
1316,2018-12-10,1965-05-31,Getafe,False
1317,2022-08-01,1963-02-16,Avilés,True
1318,2018-01-30,1991-11-08,Mérida,True
1319,2018-01-30,1973-08-23,Bilbao,True
1320,2021-07-17,1976-09-05,Cuenca,True
1321,2022-10-12,1998-06-15,Madrid,True
1322,2024-01-05,1977-12-31,Vigo,True
1323,2021-02-02,2001-01-22,Barcelona,True
1324,2022-08-20,1989-07-13,Ourense,True
1325,2022-02-25,1990-02-27,Ourense,True
1326,2021-06-10,1991-10-28,Albacete,True
1327,2022-06-19,2006-01-04,Alcalá de Guadaíra,False
1328,2025-05-24,1950-09-07,Santa Cruz de Tenerife,True
1329,2025-11-04,1954-07-07,Málaga,True
1330,2022-06-29,2010-07-10,Zamora,True
1331,2024-11-20,2002-07-15,Lucena,True
1332,2025-02-17,1940-06-22,Linares,True
1333,2023-04-16,1993-11-06,Girona,True
1334,2020-12-13,1959-11-23,Guadalajara,True
1335,2018-06-04,2004-12-30,Talavera de la Reina,False
1336,2022-06-30,1995-01-30,Bilbao,True
1337,2025-12-24,1993-08-07,Granada,False
1338,2019-12-19,1997-06-11,Valencia,True
1339,2020-04-06,1998-12-06,Mérida,True
1340,2018-05-18,2010-05-01,Getafe,True
1341,2025-10-31,1960-10-13,Murcia,True
1342,2018-05-28,1972-04-09,La Laguna,True
1343,2019-10-07,1947-10-16,Miranda de Ebro,True
1344,2021-12-17,2000-01-29,Barcelona,True
1345,2020-03-31,1986-06-13,El Ejido,True
1346,2018-10-09,1948-02-02,Lugo,True
1347,2024-04-09,1992-04-18,Albacete,True
1348,2021-02-06,1960-04-20,Móstoles,False
1349,2023-02-06,1976-03-28,Pontevedra,True
1350,2019-12-18,1976-07-10,Gandía,True
1351,2018-10-24,1985-02-20,Ponferrada,True
1352,2019-04-25,1986-01-18,Torrelavega,False
1353,2024-06-12,1962-06-10,Lleida,False
1354,2024-04-25,1983-05-22,Santander,True
1355,2023-02-23,2001-02-23,Reus,False
1356,2018-04-23,1983-03-29,Torremolinos,True
1357,2022-04-17,1996-11-05,Telde,True
1358,2020-07-30,1968-04-28,Badalona,False
1359,2023-10-17,1988-01-21,El Ejido,True
1360,2020-12-14,1962-04-09,León,True
1361,2025-07-22,2007-03-06,Zamora,True
1362,2020-01-02,1982-10-02,Segovia,True
1363,2024-06-07,1964-02-21,Gijón,False
1364,2025-08-30,1957-01-22,Valencia,True
1365,2020-08-19,2005-12-23,La Laguna,False
1366,2020-04-26,1960-07-24,Palma,True
1367,2024-12-08,1971-12-10,Teruel,True
1368,2019-05-07,1947-01-15,Barakaldo,True
1369,2018-01-28,2008-07-24,Santiago de Compostela,False
1370,2023-05-30,1973-04-20,Cartagena,True
1371,2024-06-11,1964-08-24,Castellón de la Plana,True
1372,2023-09-25,1965-02-21,Barcelona,True
1373,2024-06-20,1951-07-04,Lucena,True
1374,2022-09-30,1982-11-29,Santiago de Compostela,True
1375,2021-11-23,1975-04-28,Oviedo,True
1376,2019-05-09,2002-08-23,Mérida,True
1377,2025-09-24,1940-10-02,El Ejido,True
1378,2022-04-04,1992-02-15,Málaga,True
1379,2024-11-14,1963-04-19,Gijón,True
1380,2020-08-29,1964-03-02,Elche,False
1381,2021-11-06,1972-10-29,Gijón,True
1382,2020-05-12,1977-08-06,Guadalajara,True
1383,2022-06-29,1965-01-31,Tarragona,True
1384,2019-06-22,1991-08-31,Santa Cruz de Tenerife,True
1385,2021-01-10,1961-02-25,Ourense,True
1386,2022-04-10,1957-08-03,Huesca,True
1387,2019-09-05,1982-06-07,El Ejido,True
1388,2023-08-09,1952-01-24,Pamplona,True
1389,2021-07-17,2010-06-15,Castellón de la Plana,True
1390,2024-04-21,1990-12-10,Lucena,True
1391,2025-09-29,1954-08-27,Granada,True
1392,2020-11-07,1982-10-02,Pamplona,True
1393,2021-10-02,1963-04-22,Cuenca,True
1394,2024-04-02,1963-02-13,Albacete,True
1395,2019-05-12,1971-07-01,Móstoles,True
1396,2024-06-16,1998-04-20,Bilbao,True
1397,2021-03-11,1971-11-10,Soria,True
1398,2023-06-20,2009-07-03,Tarragona,False
1399,2022-04-10,1995-01-20,León,True
1400,2019-08-17,1955-01-13,Vitoria-Gasteiz,True
1401,2021-10-13,1977-11-04,Pamplona,True
1402,2022-07-16,1946-05-26,Jaén,True
1403,2020-07-23,1968-02-15,Segovia,True
1404,2025-12-19,1963-12-30,Móstoles,True
1405,2021-01-16,1979-11-30,Cuenca,True
1406,2023-11-04,1980-05-25,Badalona,True
1407,2018-04-05,1951-03-21,La Laguna,True
1408,2025-11-10,2007-04-06,Jaén,True
1409,2022-06-15,1949-03-29,Málaga,True
1410,2023-04-23,1989-03-15,Lucena,True
1411,2022-06-15,1987-01-03,Jaén,True
1412,2024-12-06,1953-12-06,Jaén,True
1413,2022-05-16,1967-10-03,Santa Cruz de Tenerife,True
1414,2021-03-09,1979-10-04,Pamplona,True
1415,2023-11-28,1955-04-22,Jerez de la Frontera,True
1416,2022-01-01,1969-03-05,Elche,True
1417,2024-01-24,1964-06-09,Lugo,True
1418,2025-10-28,1988-05-19,Oviedo,True
1419,2023-02-14,1996-08-12,Vitoria-Gasteiz,False
1420,2022-11-17,1986-12-17,Vitoria-Gasteiz,True
1421,2021-06-22,1971-02-23,Torrevieja,True
1422,2019-01-02,1979-08-22,Salamanca,True
1423,2020-11-30,1953-12-20,Palencia,True
1424,2023-11-14,2008-01-11,Alcalá de Guadaíra,True
1425,2023-04-06,1988-01-03,El Ejido,True
1426,2023-07-08,2007-10-11,Torrevieja,True
1427,2022-10-30,1966-04-12,Getafe,True
1428,2018-01-30,1989-03-07,Guadalajara,True
1429,2024-04-15,1979-03-20,Barcelona,True
1430,2025-03-30,1974-12-18,Toledo,True
1431,2018-11-21,1977-11-17,Pamplona,True
1432,2024-11-16,2002-04-03,Burgos,True
1433,2023-12-19,1964-02-12,Badalona,True
1434,2018-10-08,1956-05-13,Alcalá de Guadaíra,True
1435,2025-02-21,1980-11-06,Cartagena,True
1436,2025-11-09,1995-11-14,Castellón de la Plana,True
1437,2018-03-21,1953-08-25,Lucena,False
1438,2018-04-01,1956-09-05,Marbella,True
1439,2019-05-28,2004-02-29,Lleida,True
1440,2020-08-11,1948-02-03,Teruel,True
1441,2020-06-08,1970-09-03,Terrassa,True
1442,2023-08-04,1973-04-26,Alicante,True
1443,2018-05-10,1969-08-17,Jaén,True
1444,2019-08-22,1945-01-10,Burgos,True
1445,2018-10-20,1988-09-24,Elche,True
1446,2020-10-21,1974-03-26,El Ejido,True
1447,2020-10-16,1974-07-10,Lleida,True
1448,2018-05-18,1957-11-13,Reus,True
1449,2019-01-20,1986-10-02,Logroño,False
1450,2023-04-21,1974-11-28,Salamanca,False
1451,2019-10-12,1996-06-11,Córdoba,True
1452,2024-03-01,1986-09-25,Sevilla,True
1453,2025-02-28,1966-10-22,Palma,True
1454,2018-08-02,1999-10-24,Las Palmas de Gran Canaria,False
1455,2020-08-24,1996-10-12,Girona,True
1456,2019-11-17,1964-10-08,Madrid,True
1457,2020-09-22,1940-10-19,Córdoba,True
1458,2025-09-30,1982-08-21,Getafe,True
1459,2019-01-02,1962-04-25,Zaragoza,True
1460,2025-09-10,1995-07-02,Zamora,False
1461,2025-01-04,1945-05-21,Granada,True
1462,2019-09-23,2002-12-02,A Coruña,True
1463,2019-05-31,1983-10-07,Santa Cruz de Tenerife,True
1464,2024-04-06,2010-09-29,San Sebastián,True
1465,2022-12-02,2005-10-11,Avilés,True
1466,2022-03-28,1972-02-18,Alcalá de Guadaíra,True
1467,2018-06-11,1983-07-16,Lleida,True
1468,2024-02-02,2002-07-14,Castellón de la Plana,True
1469,2020-02-04,1988-10-08,Albacete,True
1470,2023-04-03,1964-09-12,Getafe,False
1471,2024-03-21,1954-05-21,Motril,True
1472,2023-01-15,1966-07-11,Ávila,True
1473,2023-02-03,1940-01-24,Vitoria-Gasteiz,True
1474,2020-01-30,1941-09-05,Cartagena,False
1475,2024-12-15,1961-06-03,Soria,True
1476,2025-05-20,1988-05-08,Talavera de la Reina,True
1477,2025-08-30,1984-08-20,Lugo,True
1478,2021-03-05,1968-12-09,Badalona,True
1479,2019-03-29,1948-08-20,Mérida,True
1480,2018-06-29,1951-08-23,Oviedo,False
1481,2020-04-07,1949-08-08,Castellón de la Plana,True
1482,2018-05-11,1991-03-24,San Sebastián,True
1483,2025-05-18,1983-12-14,Cáceres,True
1484,2024-08-14,1962-12-17,Lucena,True
1485,2024-10-17,2004-05-26,Huelva,True
1486,2020-05-04,1998-10-30,Castellón de la Plana,False
1487,2018-11-24,1981-12-28,Vitoria-Gasteiz,True
1488,2024-04-04,2006-09-13,Terrassa,True
1489,2025-12-11,1945-03-25,Murcia,True
1490,2018-06-16,2005-11-16,Huelva,True
1491,2018-11-16,1959-05-15,Mérida,True
1492,2020-08-04,1987-09-12,Talavera de la Reina,True
1493,2023-11-26,1998-12-06,Santander,True
1494,2020-01-03,1990-02-05,Ourense,True
1495,2019-03-09,2008-09-29,Vitoria-Gasteiz,True
1496,2025-07-25,1981-02-25,Logroño,True
1497,2019-03-03,1954-12-19,Gijón,True
1498,2023-08-30,1970-04-12,Barakaldo,True
1499,2024-09-23,1979-09-29,Ciudad Real,False
1500,2024-03-03,1969-02-15,Guadalajara,True
1501,2025-02-06,1978-08-18,Soria,True
1502,2024-04-25,1988-12-13,Las Palmas de Gran Canaria,True
1503,2024-03-03,2006-10-19,Torrelavega,True
1504,2023-01-28,1980-02-23,Barcelona,True
1505,2018-05-22,1965-07-09,Getafe,True
1506,2019-07-08,1967-01-29,Almería,True
1507,2020-06-27,1959-04-10,Segovia,True
1508,2025-09-26,1964-10-03,Lugo,True
1509,2024-05-26,1991-04-13,Teruel,True
1510,2023-03-01,1971-11-28,Teruel,True
1511,2022-02-12,1992-03-24,Santander,True
1512,2021-05-15,1948-03-30,Pontevedra,True
1513,2020-06-09,2005-11-15,Huelva,True
1514,2023-05-31,1955-07-06,Castellón de la Plana,True
1515,2025-09-25,2003-01-20,Pontevedra,True
1516,2019-01-26,1993-05-26,San Sebastián,True
1517,2024-06-18,1974-03-25,Jaén,True
1518,2021-10-01,1971-03-19,Girona,True
1519,2019-05-09,2009-02-11,Santa Cruz de Tenerife,True
1520,2024-10-03,1941-01-09,Vitoria-Gasteiz,True
1521,2022-04-16,1944-11-08,Salamanca,True
1522,2021-07-31,1988-06-09,Vigo,True
1523,2023-08-20,2002-08-07,Telde,True
1524,2025-07-22,2005-08-19,Barcelona,False
1525,2024-09-03,1991-08-10,Gandía,True
1526,2022-11-05,1965-12-30,Barcelona,True
1527,2021-10-08,1947-05-28,Elche,True
1528,2018-07-21,1989-03-05,Hospitalet de Llobregat,True
1529,2022-06-21,1985-01-07,Girona,True
1530,2019-06-19,2008-05-13,Alcalá de Guadaíra,True
1531,2020-03-22,1983-10-08,Barcelona,True
1532,2020-03-14,1990-05-06,Murcia,False
1533,2023-11-18,1962-02-02,Santander,True
1534,2022-10-28,1969-01-05,Pontevedra,True
1535,2025-07-14,1977-02-07,Sabadell,True
1536,2020-02-20,1968-10-09,Albacete,True
1537,2018-04-10,2009-01-18,Salamanca,True
1538,2021-12-03,1995-04-14,Lleida,True
1539,2022-12-10,1944-01-10,Santa Cruz de Tenerife,True
1540,2022-03-12,1953-12-29,Jaén,True
1541,2018-08-12,1961-10-21,Cartagena,False
1542,2021-03-24,1941-03-26,Zamora,True
1543,2019-04-01,1967-05-17,Tarragona,True
1544,2021-09-21,1958-10-01,A Coruña,True
1545,2024-02-17,1986-12-11,Ávila,True
1546,2024-12-26,2005-06-26,Huesca,True
1547,2025-06-30,1941-08-25,Toledo,True
1548,2025-06-10,1987-04-06,Córdoba,True
1549,2018-09-04,1965-06-24,Palma,True
1550,2024-12-06,1964-05-03,Lucena,True
1551,2018-02-04,1945-12-22,Talavera de la Reina,True
1552,2025-06-08,1999-03-22,Cuenca,False
1553,2018-03-20,1966-03-29,Bilbao,True
1554,2022-04-09,1985-08-15,Málaga,False
1555,2023-06-09,1993-07-26,A Coruña,True
1556,2020-03-25,1984-11-30,Reus,True
1557,2025-12-28,1941-12-05,Córdoba,True
1558,2023-12-09,1967-05-10,Valladolid,True
1559,2019-10-06,1941-08-25,Albacete,True
1560,2021-12-26,1996-02-03,Palencia,True
1561,2023-08-16,1964-09-30,Granada,True
1562,2022-05-05,1942-08-23,Ourense,False
1563,2020-07-12,1953-08-11,Zamora,False
1564,2025-05-14,1952-04-24,Linares,True
1565,2023-11-03,2000-10-28,Murcia,False
1566,2025-09-12,1960-05-27,Terrassa,True
1567,2019-09-18,1978-04-05,Salamanca,False
1568,2021-09-10,1980-04-18,Santiago de Compostela,True
1569,2025-04-26,1952-06-06,Madrid,True
1570,2020-04-08,1952-05-22,Salamanca,True
1571,2023-11-16,1952-02-18,Girona,False
1572,2019-08-18,1998-11-15,Vigo,False
1573,2021-07-24,1946-01-31,Ourense,True
1574,2019-04-30,1956-07-08,Segovia,True
1575,2019-08-20,2005-03-24,Jerez de la Frontera,True
1576,2022-08-23,1976-11-22,Palencia,True
1577,2025-02-21,2006-03-28,Miranda de Ebro,True
1578,2020-02-09,1949-07-30,Dos Hermanas,True
1579,2024-11-11,1995-05-08,Burgos,True
1580,2024-11-13,1960-09-18,Getafe,True
1581,2025-09-16,1942-05-04,Ciudad Real,True
1582,2023-05-07,1952-01-11,Gandía,True
1583,2023-04-05,2003-11-17,Bilbao,True
1584,2022-05-07,1984-02-02,Elche,True
1585,2020-03-02,1960-04-19,Algeciras,True
1586,2018-03-03,1964-03-17,Badalona,True
1587,2025-07-12,1958-03-13,Ibiza,True
1588,2022-12-05,1995-05-11,Castellón de la Plana,True
1589,2023-02-18,1962-02-20,Sabadell,True
1590,2018-06-21,1994-07-16,Toledo,True
1591,2022-06-03,1994-11-10,Pontevedra,True
1592,2023-11-22,1997-07-17,Algeciras,True
1593,2023-01-24,1980-12-27,Córdoba,False
1594,2020-10-03,1986-07-14,A Coruña,True
1595,2018-06-10,1990-01-12,Talavera de la Reina,True
1596,2025-01-27,1944-06-03,Avilés,True
1597,2022-06-19,1967-04-28,León,True
1598,2022-09-27,1966-05-31,Murcia,False
1599,2025-09-27,1986-05-19,Huesca,True
1600,2025-03-31,1980-07-10,Linares,True
1601,2019-04-09,1956-02-16,Madrid,False
1602,2025-10-22,1989-01-07,Alcalá de Guadaíra,True
1603,2021-08-17,1980-06-13,Jerez de la Frontera,True
1604,2024-08-14,2003-12-07,Palma,False
1605,2019-01-05,1962-06-08,Soria,True
1606,2025-12-24,1954-09-17,Sevilla,True
1607,2025-12-02,1980-04-25,Vitoria-Gasteiz,True
1608,2023-11-16,2003-06-15,Talavera de la Reina,True
1609,2023-09-27,1994-11-29,Zaragoza,True
1610,2022-04-08,1943-12-09,Calatayud,False
1611,2024-05-05,1999-03-03,Teruel,True
1612,2019-08-16,1956-01-18,Lucena,True
1613,2021-06-21,2005-07-03,Tarragona,True
1614,2020-01-11,1950-07-19,Dos Hermanas,False
1615,2018-01-15,1995-11-08,Torrelavega,True
1616,2023-08-01,1984-09-25,Santiago de Compostela,True
1617,2024-10-26,1984-04-08,La Laguna,True
1618,2025-05-25,1982-09-05,Reus,True
1619,2018-11-22,1993-12-08,Getafe,True
1620,2024-02-20,1964-12-13,Cartagena,True
1621,2020-04-30,1944-05-21,Gijón,True
1622,2025-04-29,1971-04-24,Algeciras,True
1623,2018-05-13,1999-11-03,Pontevedra,True
1624,2021-05-07,1969-09-14,Linares,True
1625,2022-09-04,1955-12-28,Zaragoza,True
1626,2024-11-08,1999-04-18,Getafe,True
1627,2024-04-21,1955-12-01,Reus,True
1628,2022-01-15,1943-03-20,Linares,True
1629,2021-08-15,1973-01-24,Toledo,True
1630,2022-10-17,1989-05-20,Motril,True
1631,2019-07-06,1950-12-12,Miranda de Ebro,True
1632,2022-08-22,1987-01-25,Ibiza,True
1633,2024-11-11,1945-03-21,Marbella,True
1634,2025-01-20,1987-06-15,Linares,True
1635,2025-09-21,1994-04-04,León,True
1636,2021-07-20,1963-04-18,Cáceres,True
1637,2024-12-27,1971-09-30,Dos Hermanas,True
1638,2023-07-27,1986-08-16,Pamplona,True
1639,2020-01-07,1994-09-03,Santa Cruz de Tenerife,True
1640,2020-03-03,1940-02-21,Sevilla,True
1641,2025-01-05,1950-07-31,Ibiza,True
1642,2022-08-26,1977-02-22,Córdoba,True
1643,2024-04-14,1997-03-11,Las Palmas de Gran Canaria,True
1644,2020-04-04,2001-11-26,León,True
1645,2018-10-05,1967-08-12,Palencia,True
1646,2021-08-19,2008-10-24,Almería,True
1647,2021-09-27,1970-08-16,Barcelona,True
1648,2024-11-28,1942-08-12,Oviedo,True
1649,2021-10-16,2000-04-30,Torrevieja,False
1650,2018-05-26,1997-12-03,Alcalá de Guadaíra,True
1651,2025-01-13,1981-04-28,A Coruña,False
1652,2023-03-10,2010-05-02,Badalona,False
1653,2018-08-18,1986-09-30,Palencia,True
1654,2025-08-09,1968-04-21,Ourense,True
1655,2020-05-03,1991-10-20,Valladolid,True
1656,2021-12-19,1945-12-09,Teruel,True
1657,2018-05-08,1970-06-05,Toledo,True
1658,2019-11-11,1991-03-23,Móstoles,True
1659,2024-09-03,1950-06-25,Salamanca,True
1660,2021-07-12,2003-09-07,Algeciras,True
1661,2018-12-22,1984-08-04,La Laguna,True
1662,2021-05-24,1959-05-23,Cáceres,True
1663,2019-04-05,1973-07-28,Algeciras,True
1664,2019-01-15,1979-10-24,Gandía,True
1665,2023-05-31,1984-11-10,Teruel,True
1666,2023-06-04,2005-09-16,Cáceres,True
1667,2021-09-02,1952-11-08,Málaga,True
1668,2023-10-16,2000-09-16,Dos Hermanas,True
1669,2018-05-30,1981-03-18,Talavera de la Reina,True
1670,2023-11-10,1950-05-23,Almería,True
1671,2018-06-30,2001-08-21,Getafe,False
1672,2021-09-27,1981-11-19,Córdoba,True
1673,2025-05-23,2006-11-20,Salamanca,True
1674,2021-07-02,1997-04-24,Ibiza,True
1675,2020-02-28,1965-09-16,Miranda de Ebro,True
1676,2022-12-12,2000-03-17,Sevilla,True
1677,2019-10-08,1964-07-19,Torremolinos,True
1678,2024-12-26,1990-03-16,Badajoz,True
1679,2024-02-01,1971-06-06,Lugo,True
1680,2019-08-03,2003-03-11,León,True
1681,2019-12-03,1946-05-23,Salamanca,True
1682,2021-10-19,1988-06-30,Lleida,True
1683,2018-04-29,1982-03-26,Lucena,True
1684,2018-08-09,1947-09-22,Sabadell,True
1685,2025-11-26,1993-06-24,Alcalá de Henares,True
1686,2025-09-27,2002-09-28,Tarragona,True
1687,2021-07-03,1969-10-24,Palma,True
1688,2025-07-10,1987-11-11,Jaén,False
1689,2023-03-23,1990-12-09,Dos Hermanas,True
1690,2025-11-01,1982-01-04,Málaga,True
1691,2025-09-04,1997-10-24,Alicante,True
1692,2020-07-05,1952-11-22,Murcia,True
1693,2022-01-28,1975-03-05,Gijón,True
1694,2025-06-17,1969-08-20,Soria,True
1695,2018-05-04,1945-11-11,Elche,True
1696,2023-05-15,1981-05-18,Calatayud,True
1697,2021-11-28,1994-03-24,Pontevedra,True
1698,2019-02-26,1976-05-24,Marbella,True
1699,2025-04-14,1946-05-13,Palencia,True
1700,2022-06-30,1992-12-23,Badalona,True
1701,2020-09-25,1989-02-27,Zaragoza,False
1702,2022-04-22,1945-12-04,Zamora,True
1703,2025-10-13,1993-01-06,Girona,True
1704,2022-11-19,1990-11-20,Zamora,True
1705,2020-08-25,1955-07-12,Barakaldo,True
1706,2025-12-25,1991-07-07,Castellón de la Plana,True
1707,2024-09-07,1981-07-12,Soria,True
1708,2022-12-29,1955-10-21,Salamanca,False
1709,2018-10-13,1993-09-02,Marbella,True
1710,2024-09-08,2009-03-14,Toledo,True
1711,2025-03-26,1999-03-24,Granada,True
1712,2019-07-24,1992-02-07,Vitoria-Gasteiz,True
1713,2019-08-24,1999-04-16,Teruel,True
1714,2021-04-08,1974-12-26,Murcia,True
1715,2020-03-12,1958-06-14,Segovia,True
1716,2025-08-15,1967-04-28,Girona,True
1717,2021-11-11,1948-01-04,Madrid,True
1718,2023-09-22,1976-04-05,Dos Hermanas,False
1719,2018-09-13,1973-02-14,Lugo,False
1720,2018-01-04,2003-02-06,Ourense,True
1721,2022-01-11,1949-11-03,León,False
1722,2020-08-21,1978-09-24,Alcalá de Henares,True
1723,2021-07-27,2003-11-09,Toledo,True
1724,2022-11-18,1988-11-26,Las Palmas de Gran Canaria,True
1725,2023-04-30,1952-06-23,Avilés,True
1726,2022-01-15,1977-06-06,Teruel,True
1727,2025-07-07,1951-04-06,Alcalá de Guadaíra,True
1728,2025-04-09,1941-05-29,Huesca,True
1729,2023-06-17,1999-01-09,Girona,False
1730,2019-07-11,1947-08-06,Alcalá de Guadaíra,True
1731,2022-08-31,1980-11-29,Móstoles,False
1732,2024-12-27,1956-02-17,Reus,True
1733,2024-03-11,1980-05-17,Talavera de la Reina,True
1734,2020-02-01,1978-02-08,Móstoles,True
1735,2023-08-03,2005-07-28,La Laguna,True
1736,2021-01-07,1976-11-09,Santiago de Compostela,True
1737,2018-05-18,1943-05-25,Vigo,True
1738,2022-02-18,1950-02-25,Madrid,True
1739,2025-09-29,1947-03-08,Huesca,True
1740,2023-11-27,2007-05-04,Miranda de Ebro,True
1741,2018-11-17,1986-12-14,Murcia,True
1742,2023-04-20,1996-07-30,Barakaldo,False
1743,2018-11-16,2001-05-15,Vitoria-Gasteiz,True
1744,2024-07-02,1968-01-13,Murcia,True
1745,2021-11-08,1987-12-31,El Ejido,True
1746,2023-10-01,1982-02-04,Pontevedra,True
1747,2022-09-21,1971-08-30,Ponferrada,True
1748,2018-05-25,2002-05-10,Getafe,True
1749,2024-04-27,1963-05-14,Granada,True
1750,2024-06-26,1955-03-03,Pontevedra,True
1751,2021-04-10,2006-02-25,Cartagena,True
1752,2023-06-09,1947-05-27,Dos Hermanas,True
1753,2021-02-12,1962-08-12,Dos Hermanas,True
1754,2021-02-01,1963-01-19,El Ejido,True
1755,2024-10-09,1955-08-31,Alcalá de Henares,True
1756,2025-05-23,1980-01-26,Guadalajara,True
1757,2020-12-06,2010-03-15,La Laguna,True
1758,2023-12-01,1942-12-20,Zamora,False
1759,2019-08-18,1993-06-05,Teruel,True
1760,2022-08-19,2009-02-10,Talavera de la Reina,True
1761,2022-12-08,2005-02-17,Vitoria-Gasteiz,True
1762,2024-06-24,2005-11-18,Albacete,True
1763,2020-12-18,2007-10-11,Torremolinos,True
1764,2023-03-16,1975-10-10,Elche,True
1765,2023-12-22,1960-12-17,Toledo,True
1766,2022-05-17,1982-07-30,Ávila,True
1767,2022-11-16,1941-01-23,León,False
1768,2023-01-13,1974-04-09,Segovia,False
1769,2025-08-29,1943-09-06,Málaga,False
1770,2025-02-23,1971-09-29,Girona,True
1771,2025-04-24,1964-06-15,Valladolid,True
1772,2019-02-07,1962-11-28,Bilbao,True
1773,2023-03-04,2009-05-12,La Laguna,True
1774,2024-08-08,2009-02-14,Avilés,True
1775,2025-08-07,2001-12-05,Gijón,True
1776,2018-02-13,2000-05-11,El Ejido,True
1777,2018-02-18,1976-11-22,Málaga,True
1778,2025-09-08,1980-01-03,Albacete,True
1779,2021-03-06,1962-08-07,Avilés,True
1780,2024-12-12,1948-03-31,Granada,False
1781,2025-05-13,1959-06-14,Getafe,True
1782,2025-12-10,1950-10-06,Linares,False
1783,2019-06-17,1973-09-23,Barakaldo,True
1784,2025-04-07,1990-10-13,Gijón,False
1785,2025-10-20,1956-07-12,Torrelavega,True
1786,2025-05-29,1946-10-17,Vitoria-Gasteiz,True
1787,2021-02-06,2009-01-08,Sabadell,True
1788,2025-06-27,2009-01-25,Soria,True
1789,2018-10-31,1964-11-16,Granada,True
1790,2021-09-24,1945-05-22,Ávila,False
1791,2020-12-20,1955-12-18,Lleida,True
1792,2020-04-01,1994-10-02,Barcelona,True
1793,2023-07-09,1949-09-23,Huesca,True
1794,2022-11-02,1959-08-05,Murcia,True
1795,2022-12-14,2004-03-07,Ávila,True
1796,2018-10-26,1946-04-26,Pontevedra,True
1797,2023-01-01,1941-09-06,Valencia,True
1798,2025-03-07,1940-01-29,Algeciras,True
1799,2020-12-27,1953-08-07,Valladolid,False
1800,2024-06-11,1940-05-01,Badajoz,True
1801,2023-07-03,1982-11-23,Girona,True
1802,2018-10-15,1988-06-15,Telde,True
1803,2025-09-24,2009-12-17,Torrevieja,True
1804,2024-01-02,1972-03-14,Valladolid,True
1805,2022-06-29,1944-12-13,Pamplona,False
1806,2025-04-04,1948-02-18,Cuenca,True
1807,2021-10-24,1947-03-21,Reus,True
1808,2021-04-02,1998-02-11,Palma,True
1809,2018-06-11,1974-06-19,Barakaldo,True
1810,2025-10-21,1974-12-30,Marbella,True
1811,2022-01-11,1983-08-24,Jaén,False
1812,2022-11-29,2005-12-20,Avilés,True
1813,2020-03-01,1942-04-11,Alcalá de Henares,True
1814,2022-05-12,1945-08-26,Santiago de Compostela,True
1815,2023-08-09,1987-11-26,Tarragona,False
1816,2018-03-09,1943-04-28,Zamora,True
1817,2018-06-25,1976-05-18,Sevilla,True
1818,2025-05-02,1999-11-13,Mérida,True
1819,2025-08-09,1988-02-20,Teruel,True
1820,2020-08-12,1946-06-18,Algeciras,True
1821,2023-06-26,1998-08-28,Cádiz,True
1822,2024-12-07,1944-02-09,Santander,True
1823,2019-06-19,1941-04-15,Oviedo,True
1824,2021-06-12,1948-09-23,Reus,True
1825,2024-08-17,1945-09-26,Marbella,True
1826,2024-09-03,1995-03-25,Telde,True
1827,2020-04-10,1978-03-28,Zamora,True
1828,2025-08-10,1976-01-25,Soria,True
1829,2025-09-03,1991-09-03,Santiago de Compostela,True
1830,2020-05-23,2008-07-24,Córdoba,True
1831,2021-10-06,1945-09-02,Sevilla,True
1832,2022-08-28,1955-01-28,Guadalajara,True
1833,2022-12-02,1961-11-09,Madrid,True
1834,2019-02-14,2010-12-20,Pamplona,True
1835,2019-10-09,1941-05-27,Castellón de la Plana,True
1836,2018-01-30,1956-02-05,Linares,True
1837,2024-08-28,1965-06-15,Terrassa,True
1838,2023-05-04,2002-02-11,Dos Hermanas,True
1839,2025-03-05,1964-04-22,Mérida,True
1840,2020-09-06,1955-08-29,Murcia,True
1841,2024-09-08,1956-02-24,Valencia,True
1842,2018-12-27,1996-04-07,Palencia,True
1843,2018-01-19,1990-01-13,La Laguna,True
1844,2023-12-12,1948-08-01,Cartagena,True
1845,2024-01-20,1985-07-14,Telde,True
1846,2025-01-09,1999-02-24,Ibiza,True
1847,2020-03-04,1950-02-09,Teruel,True
1848,2023-04-28,1984-08-19,Oviedo,True
1849,2018-06-26,1944-11-05,San Sebastián,True
1850,2020-05-08,1978-12-30,Torrelavega,True
1851,2023-01-31,1943-11-20,Marbella,True
1852,2024-01-11,1955-10-12,Zaragoza,True
1853,2023-06-10,1986-03-12,Torremolinos,True
1854,2020-08-21,2004-09-19,Lleida,True
1855,2021-08-28,1977-08-05,Palma,True
1856,2021-08-27,1960-08-21,Torremolinos,True
1857,2019-02-06,1961-04-09,Badalona,False
1858,2022-03-19,1959-10-18,Huelva,True
1859,2023-06-08,1944-11-15,Girona,True
1860,2024-11-01,1980-10-26,Oviedo,True
1861,2019-07-13,1981-01-24,Avilés,True
1862,2021-01-09,1958-02-21,Valladolid,True
1863,2025-10-06,1991-01-07,Granada,True
1864,2019-04-01,1981-10-06,Reus,True
1865,2021-11-08,1959-09-22,Ponferrada,True
1866,2025-02-26,1994-11-11,Calatayud,True
1867,2024-03-14,1960-08-09,Linares,True
1868,2023-11-08,1983-11-21,Las Palmas de Gran Canaria,True
1869,2023-03-11,1965-01-16,El Ejido,True
1870,2020-10-07,1962-03-26,Soria,True
1871,2020-06-29,1993-02-02,Teruel,False
1872,2018-01-21,1977-06-24,Córdoba,True
1873,2023-04-12,2005-10-20,Gandía,True
1874,2023-12-16,1975-05-18,Torrevieja,True
1875,2025-10-24,1948-10-16,Tarragona,True
1876,2018-12-07,1990-02-07,El Ejido,True
1877,2022-07-24,1959-07-23,Dos Hermanas,True
1878,2020-09-06,1998-02-06,Linares,True
1879,2025-07-03,1967-05-07,Zaragoza,True
1880,2024-05-25,2007-01-16,Madrid,True
1881,2023-02-07,1981-08-09,Alcalá de Guadaíra,False
1882,2022-07-19,1956-08-04,Guadalajara,True
1883,2025-11-23,1996-10-28,Almería,False
1884,2018-10-17,1974-07-12,Valladolid,True
1885,2021-04-29,1978-03-17,Burgos,True
1886,2024-11-13,1988-08-30,Pontevedra,True
1887,2025-09-05,1947-04-06,Cartagena,False
1888,2018-08-13,1986-03-06,Cuenca,False
1889,2019-03-31,1974-05-10,Cuenca,True
1890,2018-06-17,1972-10-18,Cuenca,True
1891,2024-04-07,2003-03-28,Motril,True
1892,2020-04-18,1952-06-01,Valladolid,True
1893,2019-04-11,1998-03-24,Torrevieja,True
1894,2024-07-04,2003-01-20,Ibiza,True
1895,2020-07-12,1968-09-30,Ciudad Real,False
1896,2023-08-25,2001-01-09,Sabadell,True
1897,2018-09-17,1973-06-12,Albacete,True
1898,2023-08-16,1987-04-02,Sevilla,True
1899,2023-12-19,2000-11-07,A Coruña,False
1900,2023-01-26,1995-09-16,Guadalajara,True
1901,2025-10-10,1945-11-20,Avilés,False
1902,2023-02-19,1947-10-31,Jaén,True
1903,2020-01-03,1965-11-14,Huelva,True
1904,2021-02-04,1950-01-18,Huesca,True
1905,2020-04-16,1986-09-17,Pamplona,True
1906,2022-09-03,2001-03-21,Santiago de Compostela,False
1907,2023-04-26,1971-02-07,Terrassa,True
1908,2025-03-25,1941-12-04,Ponferrada,True
1909,2018-04-01,1960-11-03,Mérida,True
1910,2022-08-14,1991-12-01,Zamora,True
1911,2021-08-29,1983-08-13,Alcalá de Henares,True
1912,2023-12-12,1989-03-16,Lleida,True
1913,2024-05-12,1951-11-02,Salamanca,True
1914,2020-11-30,1960-05-06,Torrevieja,True
1915,2021-03-26,2009-01-21,Lucena,True
1916,2021-03-10,1980-11-25,Calatayud,True
1917,2019-10-21,2003-11-10,A Coruña,True
1918,2019-12-20,2003-07-12,Logroño,True
1919,2019-10-23,1961-05-05,Torremolinos,True
1920,2021-07-20,1991-07-18,Dos Hermanas,True
1921,2022-02-23,1956-07-20,Ibiza,True
1922,2018-05-23,1999-09-16,Segovia,False
1923,2019-08-29,1973-06-15,Tarragona,True
1924,2019-10-28,1987-11-16,Palencia,True
1925,2018-04-13,1976-04-17,Valencia,True
1926,2023-02-20,1968-09-22,Teruel,True
1927,2024-02-16,1985-07-09,Valladolid,True
1928,2021-04-25,1982-07-08,Ponferrada,False
1929,2024-06-07,1999-10-30,Huesca,True
1930,2022-12-16,1970-05-21,Torremolinos,True
1931,2018-06-14,1952-07-04,Lugo,True
1932,2018-04-12,1976-01-12,Cartagena,True
1933,2023-01-01,1972-01-24,Linares,True
1934,2024-10-26,1997-07-14,Avilés,True
1935,2020-06-28,2010-02-03,Miranda de Ebro,True
1936,2018-12-09,1988-04-20,Tarragona,True
1937,2018-12-24,1985-11-30,Barcelona,True
1938,2021-07-25,1994-02-10,Móstoles,True
1939,2018-08-18,1999-10-26,Cuenca,True
1940,2022-10-18,1973-02-28,Talavera de la Reina,True
1941,2021-03-11,1970-12-11,Albacete,True
1942,2022-12-31,1990-05-01,Linares,True
1943,2022-12-25,2006-07-11,Terrassa,True
1944,2021-03-28,1954-09-11,Sabadell,True
1945,2022-08-24,1952-07-09,Alcalá de Henares,True
1946,2019-08-12,1958-08-22,Palencia,True
1947,2023-11-22,1970-02-02,Motril,False
1948,2024-08-16,2007-11-01,Toledo,True
1949,2022-08-05,1997-04-23,Burgos,True
1950,2024-03-26,1981-06-16,Vigo,True
1951,2019-07-15,1957-11-16,Gijón,True
1952,2021-03-31,1989-09-09,Castellón de la Plana,True
1953,2021-05-21,1992-07-02,Palencia,True
1954,2023-03-14,1960-02-22,Jerez de la Frontera,True
1955,2019-09-23,1963-07-26,Palencia,False
1956,2025-02-20,1982-05-24,Sevilla,True
1957,2021-03-24,1977-06-04,Oviedo,True
1958,2025-09-18,1997-11-05,Santander,True
1959,2021-02-09,1984-03-26,Motril,True
1960,2022-01-21,1992-02-17,Torrevieja,True
1961,2020-11-22,1996-05-04,Elche,False
1962,2019-05-05,1973-06-25,Badajoz,True
1963,2018-03-13,1963-04-14,Zaragoza,True
1964,2019-08-22,1968-09-05,Alicante,False
1965,2019-07-09,1972-01-23,Zaragoza,True
1966,2022-01-19,1977-08-20,Vitoria-Gasteiz,False
1967,2021-12-29,1944-05-15,Ponferrada,True
1968,2025-03-02,1946-11-22,Badajoz,True
1969,2025-01-16,1956-06-09,Málaga,True
1970,2019-11-16,1988-10-11,Soria,False
1971,2025-09-06,1967-01-04,Burgos,True
1972,2025-09-20,1972-07-10,Málaga,True
1973,2021-12-11,1952-11-22,El Ejido,True
1974,2021-02-26,1973-06-18,Castellón de la Plana,True
1975,2019-10-30,1949-03-10,Las Palmas de Gran Canaria,True
1976,2020-06-24,1956-11-26,Ourense,True
1977,2023-11-24,1987-09-26,Lugo,True
1978,2019-04-12,1977-06-10,Reus,False
1979,2019-04-23,1951-10-10,Cádiz,True
1980,2021-06-30,2001-12-30,Cuenca,True
1981,2022-12-16,1993-08-13,Mérida,True
1982,2021-11-02,1955-06-13,Palencia,True
1983,2019-05-01,1959-12-13,Dos Hermanas,False
1984,2019-08-07,2001-09-22,Santa Cruz de Tenerife,True
1985,2020-05-09,1951-09-06,Jaén,True
1986,2019-04-03,1946-12-22,Cádiz,True
1987,2022-11-02,1943-10-25,Palma,True
1988,2025-05-26,1986-01-24,Alcalá de Henares,True
1989,2019-05-03,1962-09-12,Córdoba,True
1990,2025-06-27,1940-12-02,Málaga,True
1991,2024-09-30,1958-06-05,Alcalá de Henares,False
1992,2020-01-27,2000-02-29,Albacete,True
1993,2019-08-20,2006-12-11,Miranda de Ebro,False
1994,2021-11-25,1971-08-06,Zaragoza,False
1995,2024-11-15,1961-09-11,Gandía,True
1996,2019-02-10,1991-11-13,El Ejido,True
1997,2020-02-24,1965-04-14,Calatayud,False
1998,2024-01-10,1940-05-21,Málaga,False
1999,2023-08-28,2003-06-30,Elche,True
2000,2024-08-11,1956-08-10,Lleida,True
2001,2019-03-16,1956-03-23,Ciudad Real,False
2002,2022-10-04,1959-03-23,Badajoz,True
2003,2019-04-08,2008-04-22,Segovia,True
2004,2019-03-28,1986-08-17,Alcalá de Guadaíra,True
2005,2022-01-19,2003-03-23,León,True
2006,2018-06-16,1947-05-19,Soria,True
2007,2022-04-26,1965-06-11,Reus,True
2008,2021-07-01,2001-08-21,Lleida,True
2009,2022-07-27,1966-01-26,Sabadell,True
2010,2018-10-13,1982-09-03,Guadalajara,True
2011,2025-07-24,1984-02-09,Marbella,True
2012,2023-11-11,1999-01-30,Jaén,True
2013,2022-06-06,1975-12-10,Alcalá de Henares,False
2014,2019-11-23,1945-10-21,Cuenca,False
2015,2021-10-19,1957-12-19,Getafe,True
2016,2022-07-14,1951-01-05,Santa Cruz de Tenerife,True
2017,2023-08-07,1964-12-26,Madrid,True
2018,2025-03-22,1975-11-27,Ciudad Real,True
2019,2024-10-06,1976-04-13,Castellón de la Plana,True
2020,2019-08-27,2008-11-24,Reus,True
2021,2020-10-23,1983-11-25,Valencia,True
2022,2019-07-06,1942-08-31,Málaga,True
2023,2018-10-07,1984-09-08,Jerez de la Frontera,False
2024,2022-04-17,1994-03-29,Soria,True
2025,2024-12-22,1995-11-30,Málaga,True
2026,2025-05-31,2007-06-06,Mérida,True
2027,2023-03-24,1958-02-11,Ponferrada,True
2028,2023-07-02,1985-04-15,Ávila,True
2029,2024-01-24,1989-01-14,Cádiz,False
2030,2018-05-10,1978-08-12,Sevilla,True
2031,2021-07-12,1973-10-05,Lleida,True
2032,2018-05-15,1955-11-13,Ourense,True
2033,2021-05-26,2003-05-06,Calatayud,True
2034,2019-07-05,1968-01-12,Talavera de la Reina,True
2035,2019-03-25,1991-01-13,Castellón de la Plana,True
2036,2025-09-08,1988-05-22,Pontevedra,True
2037,2024-04-21,1954-01-08,Gandía,True
2038,2020-12-14,1984-05-19,Alcalá de Henares,False
2039,2024-12-01,2000-09-09,Ciudad Real,True
2040,2021-03-11,1968-10-01,Granada,True
2041,2018-07-04,1951-07-02,Cuenca,True
2042,2024-07-19,1942-05-31,Pamplona,True
2043,2019-02-03,1978-05-30,Albacete,False
2044,2022-08-15,1971-07-07,Granada,True
2045,2020-10-11,1961-01-18,San Sebastián,True
2046,2018-12-14,2001-09-21,Motril,False
2047,2019-04-14,1970-04-15,Calatayud,True
2048,2021-08-28,1943-05-09,Reus,True
2049,2022-09-27,1990-12-17,Badajoz,False
2050,2020-12-28,1941-10-30,Elche,True
2051,2021-07-20,1973-11-20,Pontevedra,True
2052,2024-06-03,1948-10-07,Castellón de la Plana,True
2053,2025-07-28,1958-06-22,Zamora,True
2054,2025-06-26,1970-06-18,Calatayud,True
2055,2022-01-28,1979-02-11,Palma,True
2056,2018-11-05,1988-01-27,Las Palmas de Gran Canaria,True
2057,2018-07-14,1966-09-03,Pontevedra,True
2058,2020-07-14,1996-01-12,Linares,True
2059,2024-06-26,1948-07-01,Alcalá de Henares,True
2060,2018-10-03,1990-10-25,Cáceres,True
2061,2020-05-09,1971-02-27,Huelva,True
2062,2021-05-21,1985-04-10,Palencia,True
2063,2024-01-21,1968-02-10,Palma,True
2064,2020-10-26,1996-01-25,Badajoz,True
2065,2024-02-21,1956-03-14,Cádiz,True
2066,2023-10-16,1956-09-25,Pontevedra,True
2067,2025-05-30,2006-08-02,Alicante,True
2068,2025-02-25,1987-10-17,Murcia,False
2069,2022-11-12,1990-10-15,Pamplona,True
2070,2020-04-01,1972-09-05,Alicante,True
2071,2019-09-09,2006-12-19,Palencia,True
2072,2022-08-08,1968-08-02,Motril,True
2073,2022-08-17,1963-12-12,León,True
2074,2020-11-16,2001-08-14,Getafe,True
2075,2020-09-03,1950-03-10,Teruel,True
2076,2020-10-02,1967-11-10,Alicante,True
2077,2022-11-22,1977-11-10,San Sebastián,False
2078,2020-04-07,1954-04-18,Burgos,True
2079,2020-11-24,2010-11-04,Miranda de Ebro,True
2080,2019-12-22,1997-10-20,Córdoba,False
2081,2023-06-14,2010-03-06,Cádiz,True
2082,2018-12-10,1968-02-29,Móstoles,True
2083,2018-09-18,1976-07-06,Cuenca,True
2084,2019-01-05,1975-08-10,Alcalá de Guadaíra,True
2085,2024-05-27,2005-11-22,Gandía,False
2086,2023-11-08,1999-08-04,Madrid,False
2087,2023-11-22,1962-08-04,Valencia,False
2088,2020-09-02,1993-10-23,Sevilla,True
2089,2021-07-07,1969-07-17,Madrid,True
2090,2020-08-24,1977-12-08,Las Palmas de Gran Canaria,True
2091,2019-12-19,1959-03-17,Miranda de Ebro,True
2092,2020-11-07,1992-11-19,Granada,True
2093,2022-03-15,2002-10-07,Torremolinos,True
2094,2022-10-02,1982-08-08,Santander,False
2095,2019-08-17,1972-07-25,Elche,True
2096,2021-06-16,1941-11-21,San Sebastián,False
2097,2024-10-17,1943-02-14,Barakaldo,True
2098,2018-08-12,2001-12-18,Logroño,True
2099,2024-03-13,1974-07-06,Salamanca,True
2100,2025-11-09,1972-07-21,Sevilla,True
2101,2020-08-26,1979-09-09,Talavera de la Reina,True
2102,2022-05-29,1962-12-04,Palencia,True
2103,2020-08-22,1966-09-06,Ibiza,False
2104,2019-10-19,1979-05-16,Pamplona,True
2105,2025-03-24,1976-06-13,Algeciras,True
2106,2018-11-25,2009-12-05,Castellón de la Plana,True
2107,2022-08-19,1969-11-06,Sabadell,False
2108,2019-02-16,1954-05-21,Ávila,True
2109,2021-12-12,1977-10-04,Móstoles,True
2110,2024-02-22,2006-03-10,Soria,True
2111,2018-04-23,2008-05-11,Lucena,True
2112,2020-01-23,1996-07-13,Lleida,True
2113,2019-07-12,1940-04-10,Hospitalet de Llobregat,True
2114,2021-06-05,1968-02-23,Pontevedra,True
2115,2019-10-09,1962-05-24,Mérida,True
2116,2025-04-13,2008-06-19,Dos Hermanas,True
2117,2025-09-09,1976-10-23,Segovia,True
2118,2019-07-01,1963-05-21,Oviedo,True
2119,2021-09-03,1965-04-12,Palma,True
2120,2022-02-14,1956-04-26,Barcelona,False
2121,2024-05-25,1960-02-20,Cádiz,False
2122,2024-04-06,1998-01-20,Murcia,True
2123,2018-12-31,1981-06-26,Palma,True
2124,2019-11-23,1944-06-19,Hospitalet de Llobregat,True
2125,2024-09-25,1963-05-04,Teruel,True
2126,2022-02-16,1955-04-06,Vigo,True
2127,2023-11-24,1979-01-15,Reus,True
2128,2023-07-18,1950-08-19,Telde,True
2129,2020-02-20,2010-03-02,Burgos,True
2130,2023-07-18,1974-04-11,Dos Hermanas,True
2131,2020-04-26,1993-11-01,Las Palmas de Gran Canaria,False
2132,2021-03-05,2005-03-12,Avilés,True
2133,2022-08-01,1953-02-03,Jerez de la Frontera,True
2134,2020-12-08,1961-02-15,Cartagena,True
2135,2020-10-14,1973-02-28,Madrid,True
2136,2023-02-20,1947-09-10,El Ejido,True
2137,2021-08-17,2002-03-04,Barcelona,True
2138,2025-12-31,1974-05-28,Sabadell,True
2139,2020-11-15,1946-07-21,Málaga,True
2140,2018-08-02,1969-11-11,La Laguna,True
2141,2021-12-22,1994-05-26,Logroño,False
2142,2024-09-16,2003-08-29,Córdoba,True
2143,2023-08-29,1995-08-04,Toledo,True
2144,2022-06-05,2000-03-21,Guadalajara,True
2145,2024-04-10,1943-09-09,Madrid,True
2146,2019-11-27,1985-03-11,Valencia,False
2147,2023-04-02,1951-11-01,Linares,True
2148,2023-12-13,1978-11-03,Huesca,True
2149,2021-07-07,1943-12-18,Dos Hermanas,True
2150,2021-02-24,2007-02-02,Cuenca,False
2151,2021-03-04,1963-08-13,Murcia,True
2152,2020-12-16,1986-05-19,Segovia,True
2153,2019-11-07,1968-04-22,Castellón de la Plana,True
2154,2019-09-12,1989-11-07,Barakaldo,True
2155,2022-12-08,1944-10-09,Avilés,True
2156,2020-07-30,1956-06-06,Algeciras,True
2157,2019-11-01,2003-05-02,Alicante,True
2158,2023-07-21,1943-08-29,Lleida,True
2159,2025-12-14,1990-04-26,Castellón de la Plana,True
2160,2019-04-06,2004-07-28,Huesca,True
2161,2019-01-19,1958-04-11,León,True
2162,2019-11-21,2007-04-12,Badajoz,True
2163,2024-04-26,1999-06-29,Madrid,True
2164,2018-01-17,1987-03-11,Pontevedra,True
2165,2018-11-11,1962-01-31,Valencia,True
2166,2021-09-08,1942-04-30,León,True
2167,2025-08-19,1950-12-11,Barcelona,True
2168,2019-03-11,1969-01-09,Teruel,True
2169,2023-03-01,2003-06-29,Barakaldo,True
2170,2025-01-17,1964-02-29,Getafe,True
2171,2021-09-11,1943-12-07,Bilbao,True
2172,2023-01-30,1969-02-23,Vigo,True
2173,2018-07-19,1997-09-28,León,True
2174,2018-08-16,2006-09-23,Huelva,True
2175,2024-10-02,1974-03-20,Linares,True
2176,2019-12-31,1961-07-15,Hospitalet de Llobregat,True
2177,2020-05-02,1954-08-14,Talavera de la Reina,True
2178,2021-03-13,1998-01-22,Bilbao,True
2179,2021-05-07,1984-01-14,Girona,True
2180,2021-06-24,2001-06-13,Móstoles,True
2181,2025-06-18,1948-08-15,Guadalajara,True
2182,2023-06-29,1979-12-18,Talavera de la Reina,True
2183,2024-04-25,1993-11-09,Sabadell,True
2184,2022-09-27,1973-01-13,Murcia,True
2185,2025-01-27,1978-03-21,Linares,True
2186,2021-10-31,1981-08-01,Telde,True
2187,2019-09-28,1984-06-08,Cáceres,True
2188,2023-11-20,1947-07-14,Ponferrada,True
2189,2018-11-21,1982-11-06,Palencia,True
2190,2019-06-08,2001-05-23,Palencia,True
2191,2023-11-13,1978-05-16,Ponferrada,True
2192,2024-03-06,1946-11-12,Córdoba,True
2193,2023-09-23,1978-02-13,Badalona,True
2194,2025-05-30,2004-08-15,Vigo,True
2195,2021-12-26,1962-11-12,Madrid,True
2196,2023-08-25,1941-06-17,Torremolinos,True
2197,2023-03-11,1956-02-09,Gijón,True
2198,2018-07-05,1947-06-22,Terrassa,False
2199,2021-05-04,1968-03-01,Alcalá de Henares,True
2200,2025-07-08,1980-05-13,Cartagena,True
2201,2021-10-30,1956-10-16,Las Palmas de Gran Canaria,True
2202,2024-10-10,1963-04-07,Marbella,True
2203,2018-03-15,1940-07-10,Barcelona,True
2204,2019-12-05,1998-11-01,Torrevieja,True
2205,2022-07-18,1999-01-03,Móstoles,True
2206,2021-05-25,1995-06-27,Murcia,True
2207,2025-07-22,2001-12-05,Barcelona,True
2208,2018-12-25,1951-03-22,Alcalá de Guadaíra,True
2209,2019-04-04,1941-06-04,Avilés,False
2210,2020-05-07,1983-03-01,Bilbao,True
2211,2020-09-17,1979-02-04,Pamplona,False
2212,2024-01-16,1957-02-15,Linares,True
2213,2023-03-14,1953-04-17,Elche,True
2214,2019-04-23,1954-11-25,Teruel,True
2215,2022-12-29,1983-07-08,Elche,True
2216,2023-01-16,1992-07-02,Santander,True
2217,2024-05-21,1975-02-22,Lucena,True
2218,2019-02-25,1996-07-22,Girona,False
2219,2023-07-24,2006-02-15,Madrid,True
2220,2024-03-20,1966-02-01,Algeciras,True
2221,2023-06-15,1986-01-20,Alcalá de Henares,True
2222,2025-08-11,1983-10-09,Santa Cruz de Tenerife,True
2223,2023-12-04,1941-09-15,Sabadell,True
2224,2024-03-16,1945-09-12,Burgos,False
2225,2022-09-05,1982-06-19,Torremolinos,True
2226,2025-03-31,1971-02-09,Tarragona,True
2227,2018-03-27,1954-06-22,León,True
2228,2023-04-07,1970-11-06,Lleida,True
2229,2020-06-18,1992-09-20,Zamora,False
2230,2025-05-14,1982-01-10,Dos Hermanas,False
2231,2025-12-23,1975-01-08,Terrassa,True
2232,2025-07-20,1998-07-16,Cuenca,True
2233,2019-10-26,1995-10-15,Ibiza,True
2234,2018-12-20,1999-11-05,Torrevieja,True
2235,2020-03-28,1954-01-09,Móstoles,True
2236,2022-08-31,1984-04-17,Palencia,True
2237,2024-03-30,1944-03-21,Cádiz,True
2238,2020-12-04,1972-01-12,Zaragoza,True
2239,2023-08-25,1942-11-13,Motril,True
2240,2019-04-12,1995-05-28,Santa Cruz de Tenerife,True
2241,2020-07-06,1983-08-20,Ávila,False
2242,2021-12-26,2009-01-08,Córdoba,True
2243,2024-03-31,1963-12-31,Teruel,False
2244,2023-10-13,1994-03-19,Logroño,True
2245,2018-07-26,1979-04-12,Reus,False
2246,2019-03-31,1949-07-01,Murcia,True
2247,2019-02-22,1990-06-18,Córdoba,True
2248,2019-11-16,1996-07-06,Sevilla,False
2249,2022-01-21,1954-02-01,Ponferrada,True
2250,2023-09-04,1984-09-17,Málaga,True
2251,2022-01-29,1970-01-07,Alcalá de Guadaíra,True
2252,2020-04-06,1979-05-24,Terrassa,True
2253,2018-01-27,1962-01-03,Elche,True
2254,2023-08-31,1955-05-13,Jaén,True
2255,2022-08-27,1972-05-09,Pamplona,True
2256,2019-09-13,2007-07-29,Cáceres,True
2257,2020-07-23,1952-05-18,Sabadell,True
2258,2022-08-04,1981-02-26,Mérida,True
2259,2022-01-21,1942-09-02,Lleida,True
2260,2018-02-10,2004-05-19,Mérida,False
2261,2018-12-14,1970-05-08,Segovia,True
2262,2019-11-05,1978-12-10,Granada,True
2263,2018-06-01,1999-03-24,San Sebastián,True
2264,2024-06-11,1945-03-09,Pamplona,False
2265,2025-05-28,1986-08-19,Ponferrada,True
2266,2025-08-20,2002-11-14,Lugo,False
2267,2021-07-08,1970-11-16,El Ejido,True
2268,2023-12-02,1994-10-05,Huesca,True
2269,2023-01-02,1997-10-06,Ibiza,False
2270,2025-01-01,2010-09-22,Cartagena,True
2271,2025-10-27,1970-12-22,Bilbao,True
2272,2020-03-19,1967-01-19,Jaén,True
2273,2021-10-02,1974-12-27,Dos Hermanas,True
2274,2024-01-25,1965-06-21,Las Palmas de Gran Canaria,True
2275,2024-03-10,1968-01-05,Mérida,True
2276,2025-02-16,1954-05-10,Cádiz,True
2277,2024-01-21,1993-02-26,Ávila,True
2278,2021-05-29,2005-03-06,Sabadell,False
2279,2019-03-29,2005-09-01,Granada,True
2280,2020-11-29,1996-04-01,Gandía,True
2281,2018-07-15,2007-11-15,Bilbao,False
2282,2023-01-13,1966-09-24,Pontevedra,True
2283,2023-01-31,1970-05-30,La Laguna,True
2284,2024-07-10,1990-09-28,Pamplona,True
2285,2024-09-05,1960-12-23,Albacete,True
2286,2025-06-24,2010-05-28,Pontevedra,True
2287,2022-03-27,1986-08-15,Santander,True
2288,2023-10-17,1992-03-31,Avilés,True
2289,2022-01-19,1980-10-03,Málaga,True
2290,2022-10-10,1976-12-19,Jaén,True
2291,2022-10-07,1951-09-01,Elche,True
2292,2018-11-16,1973-02-17,Cáceres,True
2293,2024-04-08,1986-07-22,Barcelona,False
2294,2024-07-21,1984-10-01,Vitoria-Gasteiz,True
2295,2022-12-08,2001-10-24,Castellón de la Plana,True
2296,2022-09-04,1954-08-11,Huesca,True
2297,2023-06-09,2003-10-19,Reus,True
2298,2025-11-25,1986-01-15,Cáceres,True
2299,2020-05-20,1980-11-09,Elche,True
2300,2019-10-05,1990-02-25,Guadalajara,False
2301,2019-05-02,1993-12-21,Badalona,True
2302,2022-02-22,1991-04-18,Ponferrada,True
2303,2019-09-20,1950-07-25,Guadalajara,True
2304,2022-03-14,1967-03-17,Ponferrada,True
2305,2019-08-09,1952-10-01,Alcalá de Henares,True
2306,2021-06-03,1965-06-07,Las Palmas de Gran Canaria,True
2307,2023-06-26,1940-03-09,Sevilla,True
2308,2018-10-04,1944-01-04,Terrassa,True
2309,2021-06-22,1990-10-03,Tarragona,False
2310,2022-03-26,1982-08-20,Móstoles,True
2311,2019-07-22,1985-04-14,Vitoria-Gasteiz,True
2312,2023-01-17,1999-11-10,Tarragona,True
2313,2021-08-25,1948-01-05,Cartagena,True
2314,2022-08-05,1974-09-27,Santa Cruz de Tenerife,False
2315,2021-10-20,1988-07-14,Córdoba,False
2316,2022-12-20,2006-01-08,Miranda de Ebro,True
2317,2019-11-10,2003-06-12,Jerez de la Frontera,True
2318,2025-12-07,1967-09-16,Ourense,True
2319,2025-03-22,1990-03-07,Jaén,True
2320,2024-12-09,1988-08-10,Pontevedra,True
2321,2024-05-24,1986-10-22,Avilés,True
2322,2023-08-21,1941-09-03,Sevilla,True
2323,2023-12-19,1956-02-15,Cádiz,True
2324,2020-04-22,1962-01-02,Madrid,True
2325,2023-12-26,1994-06-11,Soria,True
2326,2018-07-04,1984-02-03,Cádiz,True
2327,2020-01-10,1977-03-23,Jerez de la Frontera,False
2328,2021-07-23,1974-04-09,Torrelavega,True
2329,2019-02-11,1988-08-09,Calatayud,True
2330,2020-01-19,1962-12-05,Linares,True
2331,2022-07-27,2000-11-17,Calatayud,True
2332,2021-08-25,1956-04-12,Jerez de la Frontera,True
2333,2021-05-05,1974-12-25,Málaga,True
2334,2022-08-18,1969-01-31,Ávila,True
2335,2019-05-11,1944-08-26,Palma,True
2336,2024-09-11,1992-07-29,La Laguna,True
2337,2023-08-29,1974-07-18,Torremolinos,True
2338,2021-07-27,1981-09-13,Lugo,True
2339,2023-06-07,1942-08-05,Badalona,True
2340,2018-03-18,1964-02-23,Lugo,False
2341,2025-07-28,1949-02-08,Santander,True
2342,2025-04-22,2010-06-11,Dos Hermanas,True
2343,2022-07-25,1980-01-04,Jaén,True
2344,2023-08-12,1958-04-02,Huesca,True
2345,2019-11-20,2010-02-27,Santander,True
2346,2022-10-02,1989-10-21,Tarragona,True
2347,2023-03-19,1995-09-09,Ponferrada,True
2348,2019-11-17,1940-01-18,Granada,False
2349,2023-05-30,1964-07-08,Getafe,True
2350,2025-08-17,1974-02-07,Albacete,True
2351,2020-05-21,1992-06-30,Badajoz,True
2352,2019-10-24,2006-04-25,A Coruña,True
2353,2021-05-16,1948-01-18,Barcelona,True
2354,2019-07-27,2005-01-18,Ourense,False
2355,2022-11-05,1958-12-01,Murcia,True
2356,2021-07-27,2001-03-12,Zamora,True
2357,2025-12-08,1980-08-12,Burgos,True
2358,2021-08-10,1970-08-25,Ibiza,True
2359,2024-09-21,1969-06-19,Cádiz,False
2360,2019-07-02,1997-12-29,Almería,True
2361,2018-01-18,1940-11-09,Oviedo,True
2362,2025-10-23,2003-02-04,Castellón de la Plana,True
2363,2024-01-14,1947-04-13,Bilbao,True
2364,2024-01-16,1942-10-11,Logroño,True
2365,2019-05-21,1971-09-01,Toledo,True
2366,2022-01-06,1974-09-12,Oviedo,True
2367,2025-10-26,1940-10-03,Sevilla,True
2368,2020-03-01,1979-11-19,El Ejido,True
2369,2018-03-23,2008-01-15,Miranda de Ebro,True
2370,2025-12-14,1972-02-07,Avilés,True
2371,2024-11-17,1996-02-03,Palencia,True
2372,2020-06-24,1961-01-06,Valencia,False
2373,2018-05-31,1965-03-09,Valencia,False
2374,2025-12-05,1994-05-15,Ibiza,True
2375,2025-02-28,1975-07-14,Torremolinos,False
2376,2024-05-20,1984-11-19,Valencia,True
2377,2020-03-04,1999-03-13,Vigo,True
2378,2024-10-05,1990-09-13,Oviedo,True
2379,2019-06-10,2006-12-04,Motril,True
2380,2024-05-23,1960-06-13,Mérida,True
2381,2021-01-28,1957-03-18,Cádiz,False
2382,2025-10-09,2000-10-20,A Coruña,True
2383,2025-08-20,1990-04-01,Reus,True
2384,2022-10-16,1997-07-03,Bilbao,True
2385,2021-08-16,1978-10-21,Badalona,True
2386,2025-08-17,1986-07-01,Alicante,True
2387,2023-10-20,2008-02-04,Córdoba,False
2388,2020-07-08,1944-03-18,Miranda de Ebro,False
2389,2023-12-21,1980-04-08,Segovia,True
2390,2020-03-08,1970-01-10,Jaén,False
2391,2018-04-14,2006-02-27,Telde,False
2392,2022-10-02,1946-09-05,Santander,True
2393,2021-09-10,1967-11-19,Motril,True
2394,2019-02-01,1942-07-02,Torrevieja,True
2395,2018-04-09,1993-02-27,Pamplona,False
2396,2020-10-22,1962-03-04,Marbella,True
2397,2021-10-27,1944-11-18,Valladolid,True
2398,2020-08-27,1946-07-17,Getafe,True
2399,2019-01-27,1996-02-07,Tarragona,True
2400,2018-12-17,1945-06-11,Algeciras,True
2401,2025-10-11,1945-10-31,Dos Hermanas,True
2402,2022-12-16,1944-11-30,Palencia,True
2403,2022-11-04,1945-11-25,Marbella,True
2404,2024-04-09,1944-09-06,Ponferrada,True
2405,2022-07-04,1948-08-06,Cartagena,True
2406,2020-08-12,1993-10-15,Barakaldo,True
2407,2023-02-01,1974-06-11,Alicante,True
2408,2024-12-15,1995-07-21,Málaga,True
2409,2025-07-30,2010-03-29,Jerez de la Frontera,True
2410,2021-09-06,1992-09-25,Avilés,True
2411,2018-02-20,1993-05-24,Motril,True
2412,2020-03-04,1991-06-05,Dos Hermanas,True
2413,2020-11-15,1971-11-19,Terrassa,True
2414,2024-12-18,1979-11-21,Gijón,True
2415,2018-06-30,1945-06-05,Dos Hermanas,True
2416,2022-11-21,1986-01-13,Bilbao,True
2417,2021-06-28,1992-05-12,Santiago de Compostela,True
2418,2019-08-27,1982-02-14,Salamanca,True
2419,2021-04-07,1973-02-01,El Ejido,True
2420,2025-05-17,2000-11-07,Huesca,True
2421,2023-09-09,1990-03-11,Lucena,True
2422,2020-03-11,1957-12-22,Vitoria-Gasteiz,False
2423,2018-10-08,1970-08-22,Avilés,True
2424,2025-10-16,2002-01-25,Alicante,True
2425,2021-09-18,1991-11-22,Vigo,False
2426,2024-11-28,1966-11-18,Terrassa,True
2427,2019-03-06,1980-10-03,Córdoba,True
2428,2018-01-16,1997-04-22,Telde,True
2429,2023-03-26,1995-12-22,Las Palmas de Gran Canaria,True
2430,2021-09-19,2006-05-24,Toledo,True
2431,2020-01-25,1940-08-08,Cuenca,True
2432,2022-01-05,1942-09-10,Ourense,True
2433,2021-04-05,1979-07-06,Avilés,True
2434,2022-01-14,1943-12-09,Jerez de la Frontera,True
2435,2021-03-09,1955-08-16,Telde,False
2436,2019-12-15,1970-06-27,Lugo,True
2437,2020-03-13,1941-12-05,Oviedo,True
2438,2019-02-19,1941-11-18,Alcalá de Guadaíra,True
2439,2019-03-31,1970-05-11,Ibiza,True
2440,2020-09-10,1973-02-28,Guadalajara,True
2441,2023-11-29,1995-11-29,Girona,False
2442,2018-09-25,1950-08-18,Huesca,False
2443,2019-06-20,1957-01-05,Avilés,True
2444,2025-10-15,1973-07-29,Segovia,True
2445,2025-02-18,1961-12-09,Córdoba,True
2446,2024-08-02,1956-12-18,A Coruña,True
2447,2019-09-01,1969-05-25,Santander,True
2448,2021-02-21,1951-05-06,Badajoz,False
2449,2023-06-26,1958-10-09,Jaén,True
2450,2025-06-10,1995-03-01,Motril,True
2451,2022-05-09,2007-05-27,San Sebastián,True
2452,2022-03-13,1984-09-23,Mérida,True
2453,2021-08-11,2003-12-02,Guadalajara,True
2454,2023-06-03,2004-03-15,Valencia,True
2455,2024-07-08,1975-12-21,Vitoria-Gasteiz,False
2456,2024-07-19,1998-04-16,Algeciras,True
2457,2020-04-11,1980-07-22,La Laguna,True
2458,2021-06-07,1978-02-17,Toledo,True
2459,2022-03-13,1962-11-01,Lugo,True
2460,2018-12-11,1966-06-21,Lleida,True
2461,2020-07-31,1992-05-22,Córdoba,True
2462,2024-12-19,1970-03-06,Sabadell,True
2463,2022-11-07,1976-09-08,Guadalajara,True
2464,2021-07-22,1964-06-29,Toledo,True
2465,2022-12-15,1960-12-21,Ávila,True
2466,2022-01-10,1947-05-24,Ponferrada,True
2467,2023-10-02,1989-01-15,San Sebastián,True
2468,2021-02-06,1960-06-06,Málaga,True
2469,2022-01-15,1943-06-08,Santiago de Compostela,True
2470,2020-03-16,2000-07-25,Valladolid,True
2471,2025-08-31,1964-08-15,Avilés,True
2472,2019-07-19,2007-07-02,Santiago de Compostela,False
2473,2018-02-04,2009-01-31,Palencia,True
2474,2021-11-20,2010-04-04,Hospitalet de Llobregat,False
2475,2024-07-03,2007-12-26,Bilbao,True
2476,2025-05-03,1985-12-28,Teruel,False
2477,2020-07-21,1960-05-10,Ibiza,True
2478,2023-10-14,1992-08-29,Lugo,True
2479,2023-03-05,1970-07-24,Jaén,True
2480,2020-02-09,1978-06-20,Terrassa,True
2481,2023-01-18,1990-02-06,Jerez de la Frontera,True
2482,2024-06-23,1951-07-07,Salamanca,False
2483,2018-02-09,1984-11-02,Barakaldo,True
2484,2021-10-23,1960-03-24,Terrassa,True
2485,2022-07-11,2008-06-08,A Coruña,True
2486,2024-08-01,1942-01-31,Vigo,True
2487,2019-07-24,1953-10-15,Valladolid,True
2488,2024-10-05,1994-07-13,Pontevedra,False
2489,2022-04-11,1958-04-27,Barcelona,True
2490,2022-05-02,1956-11-23,Elche,True
2491,2024-05-21,1980-07-04,Vitoria-Gasteiz,False
2492,2019-01-17,1955-05-19,Marbella,True
2493,2019-12-29,1942-11-16,Móstoles,True
2494,2020-02-04,1957-11-07,Motril,False
2495,2022-04-30,1965-06-18,Ibiza,True
2496,2025-05-25,1987-01-17,Motril,True
2497,2022-02-18,1986-07-09,El Ejido,True
2498,2022-08-10,1975-02-01,Zaragoza,False
2499,2019-06-13,1988-02-16,Terrassa,True
2500,2018-10-09,1974-11-24,Ibiza,True
2501,2020-04-22,1967-10-16,Girona,True
2502,2025-06-15,1982-08-05,Zaragoza,True
2503,2021-06-25,1992-09-14,Palma,True
2504,2025-09-06,1981-03-05,Miranda de Ebro,True
2505,2019-08-08,1979-12-27,Motril,True
2506,2024-10-13,1962-02-22,Cáceres,True
2507,2024-05-20,1984-01-17,Reus,True
2508,2018-06-10,2006-02-22,Linares,True
2509,2023-02-13,1971-02-10,Palencia,True
2510,2019-12-19,1977-03-27,Santander,True
2511,2024-12-05,2005-10-12,Girona,True
2512,2025-05-23,1956-06-16,Vigo,True
2513,2025-11-01,1943-12-01,La Laguna,False
2514,2019-10-09,1964-07-24,Pamplona,True
2515,2025-06-23,1945-12-27,Las Palmas de Gran Canaria,False
2516,2022-08-12,2008-05-07,Lugo,True
2517,2022-02-19,1946-11-12,Marbella,True
2518,2021-08-28,1976-10-16,Tarragona,True
2519,2020-04-29,1985-05-26,Córdoba,True
2520,2018-10-27,1997-04-25,Alicante,True
2521,2022-06-24,1957-06-10,Barcelona,True
2522,2020-10-23,1950-04-15,Alcalá de Guadaíra,True
2523,2023-03-17,1983-06-28,Alicante,True
2524,2024-02-25,1998-12-11,Santander,True
2525,2022-11-28,1952-07-31,Elche,True
2526,2019-10-23,1955-04-21,Cádiz,True
2527,2019-12-27,1966-05-22,Sevilla,True
2528,2022-05-20,1955-02-10,Huelva,True
2529,2018-02-15,2000-10-08,Burgos,True
2530,2022-01-06,1955-12-18,Las Palmas de Gran Canaria,True
2531,2025-07-27,1987-10-03,Las Palmas de Gran Canaria,True
2532,2018-07-15,1996-12-12,Mérida,True
2533,2025-05-27,1949-03-22,Talavera de la Reina,True
2534,2022-12-24,1944-09-13,Getafe,True
2535,2022-03-26,2008-10-26,Palma,False
2536,2022-03-15,1961-05-26,Palma,True
2537,2022-09-24,1942-07-04,El Ejido,True
2538,2020-02-27,2000-12-31,Logroño,True
2539,2019-01-31,1999-07-31,Calatayud,True
2540,2018-06-30,1977-04-17,Badajoz,True
2541,2021-09-01,1968-12-12,Ourense,True
2542,2025-01-02,1958-07-31,Santiago de Compostela,True
2543,2022-10-19,1950-11-02,Santa Cruz de Tenerife,True
2544,2021-12-31,1969-01-04,Oviedo,True
2545,2025-05-02,1968-05-15,El Ejido,True
2546,2023-02-23,1959-09-30,Motril,True
2547,2021-02-14,1998-04-23,Cartagena,True
2548,2018-10-03,1959-08-10,Badalona,True
2549,2024-09-18,1984-10-26,Marbella,True
2550,2024-05-20,1955-05-20,Torrelavega,False
2551,2024-09-23,1969-02-05,Pamplona,True
2552,2025-08-08,2009-03-16,Alcalá de Guadaíra,True
2553,2025-02-15,2008-05-02,Segovia,False
2554,2025-06-22,1983-04-03,Motril,True
2555,2024-10-28,1992-06-26,Tarragona,True
2556,2025-03-08,2006-07-20,Santa Cruz de Tenerife,True
2557,2025-11-26,1941-03-11,Santa Cruz de Tenerife,True
2558,2019-05-24,1967-09-16,La Laguna,True
2559,2020-09-24,1995-08-08,Jaén,True
2560,2022-03-15,1984-09-28,Ponferrada,True
2561,2022-03-20,1958-05-03,San Sebastián,True
2562,2024-09-15,1979-10-23,Valladolid,True
2563,2021-07-24,1997-09-27,Córdoba,True
2564,2022-08-27,1998-02-20,León,True
2565,2020-07-27,2005-09-30,Valladolid,True
2566,2020-04-23,1988-05-20,Lucena,False
2567,2025-06-16,1962-04-12,Telde,True
2568,2022-04-12,1986-10-13,Soria,True
2569,2025-01-23,1940-07-17,Motril,False
2570,2018-10-14,1957-04-07,Lucena,True
2571,2019-08-03,1958-04-27,Dos Hermanas,True
2572,2024-08-24,1989-03-28,Ibiza,True
2573,2018-11-17,1978-03-29,Alicante,True
2574,2020-03-20,1961-12-21,Sabadell,True
2575,2020-10-16,1967-03-12,León,True
2576,2025-02-16,1958-01-25,Burgos,False
2577,2023-05-25,1947-03-06,Cuenca,True
2578,2019-11-19,1982-03-25,Lleida,True
2579,2024-11-01,2005-12-07,Girona,True
2580,2023-05-29,1941-10-11,Toledo,True
2581,2018-12-07,2008-01-30,Palencia,True
2582,2019-09-18,1989-08-06,Oviedo,True
2583,2023-03-15,1967-06-10,Reus,True
2584,2024-04-21,1994-05-15,Torrevieja,True
2585,2019-07-14,2004-02-18,Elche,True
2586,2020-02-16,1940-05-16,El Ejido,False
2587,2022-03-13,1984-02-02,Hospitalet de Llobregat,False
2588,2022-06-05,2006-08-02,Guadalajara,True
2589,2021-06-14,1997-07-05,Alcalá de Henares,True
2590,2018-06-09,1951-03-02,Talavera de la Reina,False
2591,2019-10-28,1957-06-04,Girona,False
2592,2021-11-28,1985-09-19,Castellón de la Plana,True
2593,2022-02-17,2002-06-25,Granada,True
2594,2022-10-03,2005-12-31,Santander,True
2595,2018-05-22,1972-06-03,Pamplona,True
2596,2018-04-26,2002-07-28,Logroño,True
2597,2020-12-06,1994-04-25,Reus,False
2598,2019-08-27,1962-10-24,Santander,True
2599,2025-06-07,1954-06-25,El Ejido,True
2600,2019-01-14,1997-10-23,Talavera de la Reina,True
2601,2024-07-28,1947-03-17,Mérida,False
2602,2022-09-29,1954-11-16,Sabadell,True
2603,2021-05-22,1984-11-30,A Coruña,True
2604,2022-04-17,1992-07-30,Salamanca,True
2605,2018-12-31,1949-10-20,Vitoria-Gasteiz,True
2606,2021-11-11,1952-10-20,Burgos,True
2607,2022-06-19,2002-09-17,Salamanca,True
2608,2019-11-21,1984-02-11,Almería,True
2609,2025-10-23,1977-06-26,Cáceres,True
2610,2021-03-27,2005-10-06,Girona,True
2611,2022-03-15,1956-09-20,Alcalá de Guadaíra,True
2612,2020-01-16,1985-02-02,Torremolinos,True
2613,2020-05-20,1956-08-26,Palma,True
2614,2020-01-19,2008-02-09,Avilés,True
2615,2022-08-02,1979-07-16,Pamplona,False
2616,2019-03-24,1997-02-04,Calatayud,True
2617,2018-12-18,1973-11-20,Sevilla,True
2618,2021-11-02,1942-08-30,Madrid,True
2619,2023-06-11,2000-05-11,Málaga,True
2620,2020-12-25,2007-06-12,Almería,True
2621,2018-06-21,1948-09-08,Las Palmas de Gran Canaria,True
2622,2018-01-30,1973-09-13,Móstoles,True
2623,2020-12-24,1983-08-05,Elche,True
2624,2024-10-11,1978-07-12,Zamora,True
2625,2021-11-06,1968-04-12,La Laguna,False
2626,2025-06-17,1975-10-01,Toledo,True
2627,2021-12-29,1969-08-17,Málaga,True
2628,2025-10-31,1976-01-18,Alcalá de Guadaíra,True
2629,2019-05-19,1987-08-09,Miranda de Ebro,False
2630,2020-10-15,1973-01-19,Tarragona,True
2631,2025-05-22,1982-08-19,Badajoz,True
2632,2020-02-09,1940-04-12,Vitoria-Gasteiz,False
2633,2021-08-12,1941-06-28,Vitoria-Gasteiz,True
2634,2018-07-07,2006-01-05,Soria,True
2635,2020-08-14,1994-06-08,Castellón de la Plana,True
2636,2024-11-14,1947-04-20,Albacete,True
2637,2023-05-05,1999-01-23,Málaga,True
2638,2021-04-18,1994-06-21,Avilés,True
2639,2023-11-01,1991-04-22,Gandía,True
2640,2023-08-02,1947-10-24,Palencia,True
2641,2024-02-26,1981-11-17,Calatayud,False
2642,2019-04-19,1983-04-04,Barakaldo,True
2643,2020-09-23,1958-12-27,Calatayud,True
2644,2025-05-26,2002-10-16,Linares,True
2645,2018-04-30,1954-05-17,Soria,False
2646,2021-02-22,1959-10-09,Torrelavega,True
2647,2025-07-09,1951-01-16,Logroño,True
2648,2023-12-30,1996-11-02,Castellón de la Plana,True
2649,2025-10-04,1969-11-09,Telde,False
2650,2024-09-26,1945-10-20,San Sebastián,True
2651,2022-04-13,1998-08-31,San Sebastián,True
2652,2022-11-25,1960-12-07,Telde,True
2653,2021-04-06,1947-11-13,Torremolinos,True
2654,2024-08-22,1956-11-17,Torremolinos,True
2655,2019-06-06,1968-02-11,Toledo,True
2656,2018-01-07,1967-11-19,Granada,True
2657,2020-02-17,1974-10-27,Sabadell,True
2658,2022-02-04,2000-12-10,Dos Hermanas,True
2659,2024-09-30,1992-12-31,Telde,True
2660,2018-02-07,1988-04-16,Reus,True
2661,2021-04-30,1959-08-22,Valencia,True
2662,2019-08-27,1993-12-16,León,True
2663,2025-06-18,2003-01-24,Algeciras,True
2664,2021-06-19,1985-01-25,Sevilla,True
2665,2025-12-03,1991-06-29,Torrevieja,True
2666,2020-06-02,1984-05-29,Ponferrada,True
2667,2022-03-23,1945-04-11,Valladolid,True
2668,2020-05-12,2005-09-23,Telde,True
2669,2018-08-04,2009-08-15,Oviedo,False
2670,2022-05-24,1966-10-31,Barakaldo,False
2671,2019-10-15,1941-12-07,Lugo,True
2672,2022-09-27,2000-10-25,Elche,False
2673,2022-05-23,1975-01-31,Huelva,True
2674,2021-03-05,1965-05-01,Avilés,True
2675,2024-02-23,1975-04-30,Málaga,True
2676,2024-07-05,1944-11-08,Palencia,True
2677,2019-11-02,1991-10-12,Alcalá de Guadaíra,True
2678,2023-05-31,1966-02-11,Huesca,True
2679,2020-03-12,2005-12-19,Bilbao,True
2680,2024-06-15,1949-02-22,Huesca,True
2681,2022-10-16,2000-12-15,Calatayud,False
2682,2019-01-29,1971-11-25,Elche,True
2683,2018-08-03,1950-07-12,Badajoz,True
2684,2024-08-27,1978-12-02,Teruel,True
2685,2022-07-13,1961-12-24,Algeciras,True
2686,2022-06-13,1983-11-02,Palencia,True
2687,2019-12-08,1998-07-25,Toledo,True
2688,2025-07-10,1999-01-29,Linares,True
2689,2025-04-17,1974-04-12,Miranda de Ebro,True
2690,2022-12-29,1972-12-14,El Ejido,True
2691,2018-12-05,1950-12-13,Castellón de la Plana,True
2692,2023-09-19,1960-03-06,Cádiz,True
2693,2024-06-03,1983-01-07,Miranda de Ebro,True
2694,2019-01-23,1993-03-10,Gijón,True
2695,2025-03-25,2003-01-17,Girona,True
2696,2019-05-28,1948-12-02,Soria,True
2697,2024-01-11,1956-08-02,Hospitalet de Llobregat,True
2698,2018-03-22,1975-04-30,Ourense,True
2699,2023-12-12,1983-10-31,Motril,True
2700,2024-07-23,1988-05-09,Bilbao,True
2701,2020-04-29,1999-01-31,Sevilla,True
2702,2024-09-19,2002-05-15,Gijón,True
2703,2023-01-06,1968-03-12,Sevilla,True
2704,2024-06-13,1958-07-02,Bilbao,True
2705,2024-04-22,1963-01-13,Algeciras,True
2706,2019-05-26,1985-05-29,Palencia,True
2707,2024-02-08,1955-05-25,Sabadell,False
2708,2025-05-19,1940-01-03,Santander,True
2709,2023-10-29,2010-03-24,Ponferrada,True
2710,2022-12-28,1952-07-18,Pontevedra,True
2711,2021-07-05,1986-11-21,Ciudad Real,True
2712,2023-09-23,1958-10-29,Málaga,True
2713,2018-07-03,1961-04-09,Algeciras,True
2714,2021-05-12,1959-04-23,Alcalá de Guadaíra,True
2715,2020-06-03,1993-02-02,Ciudad Real,True
2716,2024-12-23,1977-11-10,Huelva,True
2717,2020-12-03,1974-04-02,Bilbao,False
2718,2022-06-27,1980-11-30,Jaén,False
2719,2025-08-03,1978-02-27,Huesca,True
2720,2018-10-17,1996-06-24,Burgos,False
2721,2025-10-25,1997-12-01,Avilés,True
2722,2024-04-27,1998-12-20,San Sebastián,True
2723,2024-10-13,1954-09-19,Terrassa,True
2724,2021-07-19,2010-09-04,Girona,True
2725,2024-10-08,1962-03-16,Huelva,True
2726,2023-12-17,1949-11-13,Lugo,True
2727,2021-09-11,1997-06-07,Linares,True
2728,2021-09-28,2009-10-20,Burgos,True
2729,2020-07-13,1964-07-19,El Ejido,True
2730,2020-06-29,1973-12-20,Marbella,True
2731,2019-05-21,1955-10-07,Cáceres,True
2732,2021-06-09,1992-10-28,Castellón de la Plana,True
2733,2021-11-30,2002-11-03,Pontevedra,False
2734,2024-03-09,1964-04-25,Móstoles,True
2735,2018-07-16,1955-04-27,Segovia,False
2736,2022-05-15,1956-03-17,Albacete,True
2737,2025-08-08,2010-10-05,A Coruña,True
2738,2022-07-08,1982-10-12,Alcalá de Henares,True
2739,2018-02-08,2001-08-08,Badajoz,True
2740,2025-05-17,1951-05-03,Huesca,True
2741,2020-12-31,1944-09-28,Vitoria-Gasteiz,False
2742,2025-12-07,2009-10-03,Santander,True
2743,2022-09-10,2003-05-29,Reus,True
2744,2021-12-20,1982-01-17,Gandía,True
2745,2022-10-19,1986-09-14,Santa Cruz de Tenerife,True
2746,2018-12-23,1967-06-03,Badalona,True
2747,2019-01-05,1996-12-09,Jaén,True
2748,2020-09-10,1948-05-26,Calatayud,True
2749,2018-12-13,2006-09-11,León,True
2750,2023-07-12,1940-12-16,Sabadell,True
2751,2019-07-13,1983-01-12,Valencia,True
2752,2025-08-04,1987-10-06,Sevilla,True
2753,2024-11-29,1957-01-22,Almería,True
2754,2025-11-17,1987-12-08,Albacete,True
2755,2025-06-01,1987-05-19,Móstoles,True
2756,2023-01-12,1955-02-13,Cáceres,False
2757,2019-12-18,1946-09-27,Cuenca,True
2758,2023-10-06,1971-09-11,Lucena,True
2759,2022-04-02,1955-04-18,Guadalajara,False
2760,2021-10-16,2000-12-02,Santander,True
2761,2019-04-28,1966-01-08,Palencia,True
2762,2020-12-20,1959-02-11,Almería,True
2763,2024-05-18,1975-04-25,Las Palmas de Gran Canaria,False
2764,2025-03-18,1986-04-01,Algeciras,False
2765,2024-12-05,1983-10-21,Granada,True
2766,2024-11-26,1981-04-19,Valladolid,True
2767,2019-03-15,1940-06-17,Albacete,False
2768,2020-02-02,1976-01-26,Ciudad Real,True
2769,2022-10-31,1984-02-22,Palma,True
2770,2023-10-08,1953-10-15,Badalona,True
2771,2023-06-20,1940-08-14,Teruel,True
2772,2020-10-21,1960-04-13,Elche,True
2773,2021-05-10,1972-09-12,Sabadell,False
2774,2024-01-07,1964-03-05,Marbella,False
2775,2025-05-12,1979-06-01,Zaragoza,True
2776,2022-11-13,1940-07-09,Ciudad Real,False
2777,2025-12-14,1957-10-21,Torremolinos,True
2778,2018-06-14,1951-12-29,Barcelona,True
2779,2021-09-18,1942-11-01,Zaragoza,True
2780,2023-05-18,1999-09-06,Burgos,True
2781,2023-06-27,1989-05-09,Valencia,True
2782,2019-06-06,1969-02-22,Hospitalet de Llobregat,True
2783,2022-05-12,1951-10-16,Torremolinos,False
2784,2018-03-28,1951-04-25,Teruel,True
2785,2018-02-25,2008-11-04,La Laguna,True
2786,2021-11-02,1978-07-19,Getafe,True
2787,2022-11-15,1983-01-29,Ponferrada,True
2788,2018-12-05,2008-04-06,Sabadell,True
2789,2019-09-17,2005-06-04,Badajoz,True
2790,2021-02-25,2008-10-14,Torremolinos,False
2791,2025-11-11,1962-03-11,Logroño,True
2792,2020-03-23,1982-07-07,Marbella,True
2793,2023-08-20,1994-10-28,Gijón,True
2794,2024-08-18,1996-06-03,Vitoria-Gasteiz,True
2795,2019-05-09,1951-11-14,Hospitalet de Llobregat,True
2796,2020-02-27,1953-02-11,Sabadell,True
2797,2020-03-28,1948-02-27,Lucena,True
2798,2023-11-21,1967-06-29,Vitoria-Gasteiz,False
2799,2020-06-27,1970-02-27,Sabadell,True
2800,2023-09-20,1978-04-25,San Sebastián,True
2801,2019-03-27,1964-02-26,Cuenca,True
2802,2021-12-08,2003-11-03,Terrassa,True
2803,2018-07-14,1956-04-21,Córdoba,True
2804,2025-05-29,2006-10-25,Soria,True
2805,2023-04-18,1965-02-18,Móstoles,True
2806,2020-01-28,1962-08-19,Castellón de la Plana,True
2807,2021-05-31,1950-01-02,Málaga,True
2808,2025-08-29,1989-07-02,Dos Hermanas,True
2809,2022-01-20,2006-08-26,Alcalá de Henares,True
2810,2022-03-03,1961-05-17,Bilbao,True
2811,2024-07-21,1974-06-15,Linares,False
2812,2019-06-19,1996-06-24,Móstoles,True
2813,2024-07-30,1998-09-14,Avilés,True
2814,2022-12-31,1948-11-06,Huelva,False
2815,2024-12-10,1970-10-06,Palencia,True
2816,2020-04-07,1987-11-13,Teruel,True
2817,2020-02-25,1977-07-08,Lugo,True
2818,2024-04-14,1971-02-28,Cuenca,True
2819,2019-04-26,1979-02-15,Motril,True
2820,2023-11-16,1985-03-15,Cádiz,True
2821,2021-01-27,2002-07-03,Dos Hermanas,True
2822,2024-05-08,1945-06-15,Avilés,True
2823,2022-06-17,1984-05-30,A Coruña,False
2824,2018-11-04,1954-11-06,Lleida,True
2825,2022-04-23,1990-06-18,Talavera de la Reina,True
2826,2021-01-17,1958-07-25,Gijón,True
2827,2024-05-31,1959-07-17,Alcalá de Henares,True
2828,2023-10-02,1980-11-09,Gandía,True
2829,2023-11-21,1963-03-22,Palencia,False
2830,2021-04-28,2003-07-17,Burgos,True
2831,2019-12-02,1960-02-02,Córdoba,True
2832,2021-04-10,1943-07-04,Vitoria-Gasteiz,True
2833,2021-02-11,1951-12-06,Burgos,False
2834,2018-07-31,1997-08-19,Santander,False
2835,2020-05-10,1987-12-17,Torremolinos,True
2836,2021-11-24,1996-10-04,Móstoles,False
2837,2021-08-22,1947-06-20,Lugo,True
2838,2019-07-02,1976-08-19,Murcia,True
2839,2018-08-23,1996-02-27,El Ejido,True
2840,2020-06-17,2005-07-14,Miranda de Ebro,True
2841,2018-03-06,1988-03-18,Barakaldo,False
2842,2024-07-17,1949-07-19,Toledo,False
2843,2020-11-20,1996-03-07,Vitoria-Gasteiz,True
2844,2020-04-24,1979-09-02,Telde,True
2845,2020-04-15,1992-03-07,Pamplona,True
2846,2022-06-08,1953-12-18,Tarragona,True
2847,2022-11-13,1973-01-26,Huesca,False
2848,2019-01-19,1984-06-29,Gijón,True
2849,2019-12-23,1956-12-10,Vigo,True
2850,2020-01-09,1998-02-04,León,True
2851,2019-10-30,1955-12-11,Barcelona,True
2852,2020-02-09,1946-03-25,Huesca,True
2853,2020-10-01,1980-10-27,San Sebastián,False
2854,2019-02-15,2004-12-24,Cáceres,True
2855,2018-02-18,1994-02-14,Málaga,True
2856,2018-03-26,1949-11-14,El Ejido,True
2857,2025-03-24,1943-12-04,Dos Hermanas,True
2858,2018-12-09,1964-01-05,Huesca,False
2859,2024-09-22,1941-03-18,El Ejido,False
2860,2019-03-12,1988-08-28,Zamora,False
2861,2018-12-15,1958-02-24,Alcalá de Guadaíra,True
2862,2024-04-24,1979-11-11,Zaragoza,True
2863,2023-05-16,1953-11-11,Santander,True
2864,2025-10-05,1963-12-30,Pamplona,True
2865,2018-03-28,1943-12-30,Marbella,True
2866,2019-02-25,1985-11-22,Terrassa,True
2867,2020-07-07,1942-02-25,Santa Cruz de Tenerife,True
2868,2019-08-27,1971-09-12,Bilbao,True
2869,2025-09-04,1974-07-08,Torremolinos,True
2870,2019-03-28,1960-02-22,Marbella,False
2871,2021-02-28,1972-01-21,Huelva,True
2872,2019-04-30,1972-05-04,Jaén,False
2873,2024-10-12,1953-07-22,Oviedo,True
2874,2021-10-03,1993-10-17,Gijón,True
2875,2019-09-08,1999-11-12,Palencia,True
2876,2021-03-21,1971-04-03,Marbella,True
2877,2023-08-07,1999-05-14,Guadalajara,False
2878,2025-12-23,1946-11-07,Almería,False
2879,2019-09-01,2009-10-11,Bilbao,True
2880,2019-08-29,1975-01-16,Tarragona,True
2881,2023-05-14,1946-01-14,Torremolinos,True
2882,2021-02-14,1952-12-23,Linares,True
2883,2019-06-07,1956-04-25,Talavera de la Reina,True
2884,2023-07-18,1978-01-09,Torrevieja,True
2885,2022-08-23,1993-12-25,Vitoria-Gasteiz,True
2886,2025-05-02,1962-01-22,Talavera de la Reina,True
2887,2023-07-30,1988-05-01,A Coruña,True
2888,2024-01-06,1960-08-23,Talavera de la Reina,True
2889,2022-09-24,1987-04-10,Pontevedra,True
2890,2020-06-17,2003-01-28,Linares,True
2891,2018-01-12,1958-03-28,Cádiz,True
2892,2023-04-26,1951-12-26,Torremolinos,True
2893,2021-12-01,1972-05-16,Alcalá de Guadaíra,True
2894,2019-08-14,1989-06-23,Terrassa,True
2895,2020-07-08,1945-01-04,Alcalá de Guadaíra,True
2896,2025-10-20,2003-02-26,Huesca,True
2897,2018-04-18,2002-06-14,Sabadell,True
2898,2025-11-12,1949-07-05,Barakaldo,True
2899,2023-05-08,1993-04-13,Zaragoza,True
2900,2022-02-05,1952-09-03,Jaén,True
2901,2018-02-21,1991-01-23,Terrassa,True
2902,2020-01-18,1982-02-22,Alcalá de Guadaíra,True
2903,2025-11-01,1966-11-14,Elche,True
2904,2021-10-13,1979-10-31,San Sebastián,True
2905,2021-03-20,1949-12-24,Teruel,True
2906,2025-03-16,1942-11-18,Móstoles,True
2907,2023-08-24,1954-05-21,El Ejido,True
2908,2022-10-02,2000-12-30,Reus,True
2909,2020-11-22,1991-04-28,Gandía,True
2910,2020-07-20,1978-01-03,Zaragoza,True
2911,2019-01-12,1986-10-14,Toledo,False
2912,2019-05-28,2006-09-02,Las Palmas de Gran Canaria,True
2913,2018-08-18,1959-08-22,Barcelona,True
2914,2024-04-09,1994-04-14,Huelva,True
2915,2023-04-03,1982-10-30,Segovia,True
2916,2022-07-18,1974-02-18,Calatayud,True
2917,2022-03-02,1998-01-05,Sabadell,True
2918,2019-03-21,1949-05-13,Huelva,True
2919,2021-10-06,1942-07-08,La Laguna,True
2920,2024-01-28,1949-07-20,Motril,True
2921,2018-02-14,2007-11-14,Salamanca,True
2922,2020-04-06,1997-04-09,Algeciras,True
2923,2018-12-15,1991-02-23,Vigo,True
2924,2023-06-05,1944-02-05,Lucena,True
2925,2021-06-18,1940-10-04,Ciudad Real,True
2926,2022-06-19,1984-11-16,Avilés,True
2927,2022-05-20,2005-02-07,Ciudad Real,False
2928,2025-11-18,2000-07-12,Málaga,True
2929,2023-08-25,1949-01-22,Gandía,True
2930,2019-09-08,1942-02-15,Alcalá de Henares,True
2931,2023-05-08,1992-08-08,Algeciras,True
2932,2019-09-13,2001-03-21,Alicante,True
2933,2025-01-07,1948-05-14,Santa Cruz de Tenerife,False
2934,2025-08-23,1998-09-10,Huesca,True
2935,2019-10-22,1985-01-01,Mérida,False
2936,2024-10-29,1998-06-09,Mérida,False
2937,2021-10-30,1980-02-23,Dos Hermanas,True
2938,2022-01-15,1995-12-07,Girona,True
2939,2025-12-29,2009-06-15,Talavera de la Reina,True
2940,2024-11-05,1994-06-12,Huelva,False
2941,2024-05-11,1996-04-27,Valencia,True
2942,2018-03-03,1952-10-17,Salamanca,True
2943,2018-12-24,1984-10-04,Málaga,True
2944,2019-11-27,1966-07-09,Zaragoza,True
2945,2024-06-19,1972-08-05,Ciudad Real,True
2946,2020-01-04,2003-10-03,Reus,True
2947,2023-04-23,1962-12-20,Lleida,True
2948,2019-07-30,1951-02-14,Vigo,True
2949,2022-01-28,1965-09-18,Hospitalet de Llobregat,True
2950,2024-12-13,2001-01-21,Dos Hermanas,True
2951,2023-10-01,1996-01-14,Segovia,True
2952,2025-08-26,1977-01-25,Gandía,True
2953,2025-08-27,1943-10-30,Cartagena,False
2954,2018-08-22,2006-06-25,Santander,True
2955,2024-04-16,1940-09-17,Teruel,False
2956,2021-04-05,1973-09-18,Zaragoza,True
2957,2018-10-26,1960-01-04,Talavera de la Reina,False
2958,2025-07-03,1948-05-21,Albacete,True
2959,2025-03-16,1988-01-03,Alicante,True
2960,2020-01-09,2005-08-25,Marbella,False
2961,2022-06-14,2008-12-01,Girona,True
2962,2021-09-08,1945-10-13,Segovia,True
2963,2024-10-11,1983-08-17,Las Palmas de Gran Canaria,True
2964,2023-05-05,1950-04-04,Miranda de Ebro,True
2965,2024-02-11,1953-12-21,Elche,True
2966,2020-05-24,1968-09-21,Vigo,True
2967,2024-09-28,2009-06-16,Toledo,True
2968,2022-01-20,2010-11-01,Girona,False
2969,2020-05-24,1944-11-07,Las Palmas de Gran Canaria,False
2970,2025-09-01,1977-12-10,Burgos,True
2971,2019-12-23,1947-07-02,Huesca,True
2972,2022-07-18,1947-05-01,Palencia,False
2973,2023-01-24,1977-08-27,Cáceres,True
2974,2020-11-28,1956-07-06,Lucena,True
2975,2022-10-22,1970-09-07,Palencia,True
2976,2021-12-01,1977-08-07,Torrevieja,True
2977,2025-09-22,2010-04-28,Zaragoza,False
2978,2022-11-25,1971-10-27,Pontevedra,True
2979,2018-02-10,1990-04-27,Getafe,True
2980,2025-06-28,1991-11-24,Murcia,True
2981,2025-06-13,2005-11-18,Segovia,True
2982,2023-02-22,1953-03-25,Valencia,False
2983,2019-04-11,2000-06-17,Badalona,True
2984,2018-01-16,1980-06-02,Dos Hermanas,True
2985,2025-03-02,1991-11-21,Málaga,True
2986,2020-02-08,1977-09-11,Santiago de Compostela,True
2987,2024-09-27,1973-11-14,Las Palmas de Gran Canaria,True
2988,2020-02-22,2000-12-21,Pontevedra,False
2989,2022-02-25,1972-08-20,Cádiz,True
2990,2021-06-11,1985-01-16,Sevilla,True
2991,2025-04-11,1980-11-28,Badalona,True
2992,2021-12-13,1988-08-31,Sabadell,True
2993,2021-10-07,1950-03-04,Oviedo,True
2994,2022-03-09,1955-11-14,Lugo,True
2995,2024-02-02,1979-02-07,Toledo,True
2996,2025-05-25,2001-10-09,Girona,True
2997,2025-11-15,1995-08-28,Málaga,False
2998,2019-03-02,1948-01-16,Bilbao,True
2999,2022-08-12,1949-04-20,Valencia,True
3000,2024-12-30,1988-11-13,Málaga,True
3001,2023-08-24,1992-02-22,Algeciras,True
3002,2022-09-19,1959-01-03,Telde,True
3003,2024-03-09,1974-03-10,Torremolinos,True
3004,2023-04-08,1951-03-01,Albacete,False
3005,2023-03-16,1977-01-17,San Sebastián,True
3006,2022-06-10,1940-09-06,Guadalajara,True
3007,2023-09-10,1965-06-11,Burgos,False
3008,2020-12-19,1967-07-30,Terrassa,True
3009,2018-01-18,1977-03-11,Algeciras,True
3010,2019-09-21,2010-12-02,Guadalajara,True
3011,2023-10-27,2006-07-02,Getafe,True
3012,2019-11-30,1991-05-02,Girona,True
3013,2022-05-23,1957-04-14,Murcia,True
3014,2018-07-31,1991-11-04,Sabadell,True
3015,2025-02-19,1975-01-10,Oviedo,True
3016,2021-07-27,1986-05-29,Zaragoza,True
3017,2019-02-12,2003-09-13,Dos Hermanas,True
3018,2025-01-30,1991-10-04,Barcelona,True
3019,2025-01-13,1963-05-07,Lugo,True
3020,2021-08-13,1958-04-12,Linares,True
3021,2022-11-27,1941-01-13,Pamplona,True
3022,2019-09-19,1942-06-30,Cartagena,True
3023,2018-11-19,1991-04-19,Toledo,True
3024,2019-06-19,1980-09-14,Vitoria-Gasteiz,True
3025,2022-01-06,1956-09-26,La Laguna,True
3026,2020-06-27,1966-08-21,Avilés,True
3027,2020-10-01,2005-02-27,Toledo,True
3028,2025-05-24,1944-08-22,Miranda de Ebro,True
3029,2019-08-12,1996-04-15,Cádiz,True
3030,2024-07-01,1949-04-11,Torremolinos,True
3031,2024-09-06,1951-01-03,Marbella,True
3032,2020-12-09,1956-03-15,Linares,True
3033,2022-01-20,1958-08-28,Barcelona,True
3034,2018-03-31,1977-02-12,Huelva,True
3035,2025-01-06,1946-11-05,Ibiza,True
3036,2022-03-18,1968-02-18,Vitoria-Gasteiz,False
3037,2019-10-22,1956-02-17,Palencia,True
3038,2020-01-02,1999-03-07,Vigo,True
3039,2018-05-09,1950-07-07,Zamora,False
3040,2023-06-06,1995-01-31,Getafe,True
3041,2019-10-11,1986-10-22,Torrelavega,False
3042,2020-02-29,1994-05-18,Jerez de la Frontera,True
3043,2023-10-23,1985-11-28,Teruel,True
3044,2022-02-03,1950-04-19,Las Palmas de Gran Canaria,True
3045,2019-07-22,1959-09-19,Jaén,True
3046,2019-06-03,1964-01-03,Miranda de Ebro,True
3047,2019-01-12,1971-04-09,Lugo,True
3048,2023-03-29,2006-11-08,Valencia,True
3049,2022-06-27,1957-04-27,Torrelavega,True
3050,2025-09-15,2004-05-11,Miranda de Ebro,False
3051,2019-02-26,1992-05-11,Alcalá de Henares,True
3052,2020-04-23,2004-10-11,Castellón de la Plana,True
3053,2023-01-02,1978-01-06,Getafe,True
3054,2021-07-29,1995-11-19,Marbella,True
3055,2022-10-25,1957-12-01,Vigo,True
3056,2025-02-04,1945-10-06,Tarragona,True
3057,2018-05-19,1985-11-16,Torrelavega,True
3058,2021-04-17,1994-03-06,San Sebastián,False
3059,2023-12-13,1971-08-08,Barcelona,True
3060,2020-01-07,1968-12-12,Sabadell,True
3061,2022-01-05,1962-01-03,Huelva,True
3062,2022-03-03,1973-05-15,Huesca,True
3063,2019-05-16,1940-11-11,Segovia,True
3064,2021-09-09,1959-03-06,Alicante,True
3065,2021-08-10,1960-11-14,Ourense,True
3066,2021-03-07,1993-12-27,Las Palmas de Gran Canaria,True
3067,2019-02-26,1990-04-29,Miranda de Ebro,True
3068,2025-07-12,1946-09-17,Pontevedra,False
3069,2022-09-24,2001-03-13,Girona,True
3070,2021-08-04,1957-10-10,Palma,True
3071,2023-07-17,1984-09-25,Córdoba,False
3072,2022-09-22,1950-09-12,Sevilla,True
3073,2024-09-29,1969-04-29,Alcalá de Henares,True
3074,2024-06-18,1941-11-27,León,True
3075,2024-06-16,1940-06-01,Alicante,True
3076,2022-07-08,1943-04-27,A Coruña,False
3077,2018-06-10,1970-04-08,San Sebastián,True
3078,2023-04-09,1948-07-13,Terrassa,True
3079,2021-01-30,1968-06-15,Albacete,True
3080,2024-03-29,2009-06-29,Segovia,True
3081,2018-07-12,1975-04-15,Palencia,True
3082,2023-02-05,1984-04-04,San Sebastián,False
3083,2019-05-13,1973-07-18,Cartagena,True
3084,2020-07-06,1944-04-16,El Ejido,True
3085,2021-08-15,2001-09-08,Girona,True
3086,2018-12-27,1957-02-23,Guadalajara,True
3087,2024-01-11,1940-06-10,Lucena,True
3088,2018-06-26,1949-12-09,Lucena,False
3089,2018-11-04,1963-08-29,Valladolid,True
3090,2022-04-04,1964-03-19,Calatayud,False
3091,2024-07-17,1981-05-01,Sevilla,True
3092,2019-08-30,2007-07-23,Madrid,False
3093,2022-08-20,1997-02-20,Tarragona,True
3094,2023-11-08,1987-05-02,La Laguna,True
3095,2025-06-01,1983-12-20,Miranda de Ebro,True
3096,2023-06-01,1960-04-05,Linares,True
3097,2021-04-28,2003-10-27,Jaén,True
3098,2020-09-19,1999-03-01,San Sebastián,True
3099,2020-04-23,2002-05-07,Huelva,True
3100,2023-07-19,1945-05-28,Las Palmas de Gran Canaria,True
3101,2020-06-04,1981-12-31,Talavera de la Reina,True
3102,2019-03-05,1970-07-17,Ibiza,True
3103,2023-12-02,1986-02-08,Segovia,True
3104,2021-07-01,2003-07-25,Reus,True
3105,2023-08-29,1949-06-24,Dos Hermanas,True
3106,2022-01-29,1974-08-04,Tarragona,False
3107,2023-10-05,1958-03-19,Hospitalet de Llobregat,True
3108,2021-02-12,1977-12-15,Calatayud,True
3109,2024-06-22,1998-03-03,Marbella,True
3110,2019-03-15,2006-11-03,Torremolinos,True
3111,2023-03-03,1956-10-11,Burgos,True
3112,2025-06-04,1987-08-18,Tarragona,True
3113,2019-04-30,1989-05-15,Jaén,True
3114,2020-05-18,1953-07-06,Barcelona,True
3115,2023-09-12,1969-12-09,Lucena,True
3116,2022-02-23,1948-10-10,Lucena,True
3117,2022-09-27,1957-05-25,Ponferrada,True
3118,2019-12-25,1993-04-17,Miranda de Ebro,True
3119,2023-07-15,1986-07-12,Girona,True
3120,2018-07-24,1997-12-26,Santander,False
3121,2020-06-18,1950-05-02,Lucena,False
3122,2024-06-14,1963-11-18,La Laguna,True
3123,2019-02-18,1964-09-17,Telde,False
3124,2025-11-05,2004-03-21,Hospitalet de Llobregat,True
3125,2019-02-19,1959-09-23,Burgos,True
3126,2019-12-02,2010-06-28,Ibiza,True
3127,2021-03-25,2003-04-29,Getafe,True
3128,2018-01-13,1948-06-15,Gijón,True
3129,2025-11-09,1995-10-24,Torrevieja,True
3130,2025-09-18,1961-05-29,Calatayud,True
3131,2018-10-12,1954-12-13,Gijón,True
3132,2023-02-08,1952-09-21,El Ejido,True
3133,2022-10-19,1969-12-20,Cádiz,True
3134,2020-12-16,1946-11-27,Calatayud,True
3135,2018-02-09,1993-04-16,Ciudad Real,False
3136,2024-07-16,1940-02-02,Castellón de la Plana,False
3137,2023-04-20,1949-10-24,Córdoba,True
3138,2024-05-12,2001-01-03,Ponferrada,True
3139,2023-11-22,1985-02-20,Calatayud,True
3140,2019-01-20,1948-12-20,Palencia,True
3141,2021-10-06,1980-08-09,Castellón de la Plana,True
3142,2024-02-14,1963-02-01,Barakaldo,True
3143,2022-02-01,1981-02-26,El Ejido,True
3144,2021-05-18,2003-09-17,Valladolid,False
3145,2025-06-12,1993-06-12,Torrevieja,True
3146,2025-09-09,1986-08-03,Vitoria-Gasteiz,True
3147,2022-08-08,1959-10-05,Barakaldo,False
3148,2022-01-03,1984-08-29,Jerez de la Frontera,True
3149,2025-10-21,1978-08-22,Cuenca,True
3150,2019-01-01,1957-05-22,Toledo,True
3151,2021-01-26,1996-03-28,Santiago de Compostela,False
3152,2023-01-15,1987-04-09,Oviedo,True
3153,2025-08-13,1971-04-18,Valladolid,True
3154,2022-09-06,1964-10-13,Salamanca,True
3155,2024-07-01,1986-08-28,Zamora,True
3156,2019-05-19,1978-11-20,Reus,True
3157,2021-11-22,1965-11-15,Torremolinos,False
3158,2023-08-06,2001-07-02,Huesca,True
3159,2019-09-08,1986-12-08,Ponferrada,True
3160,2025-06-14,1954-08-03,Palencia,True
3161,2018-09-22,1966-06-10,El Ejido,True
3162,2020-06-09,1965-05-22,Alcalá de Henares,True
3163,2023-06-24,1967-06-09,Almería,True
3164,2025-05-28,1940-01-22,Lucena,True
3165,2021-12-05,1965-05-31,Gandía,True
3166,2024-04-15,1953-11-28,Linares,True
3167,2019-08-08,2005-10-06,Palma,True
3168,2018-11-27,1966-02-02,Telde,True
3169,2021-12-23,1962-04-25,Vitoria-Gasteiz,True
3170,2022-06-23,1948-10-20,Ávila,False
3171,2024-09-11,1967-11-17,Oviedo,True
3172,2025-08-12,1968-12-06,Madrid,True
3173,2020-03-28,1962-06-06,Alcalá de Guadaíra,True
3174,2020-03-28,1967-01-04,Salamanca,True
3175,2024-05-10,1996-05-14,Alicante,True
3176,2022-03-20,2010-03-11,Girona,True
3177,2023-11-27,1979-08-24,Segovia,True
3178,2025-09-07,2003-12-06,Ciudad Real,True
3179,2022-10-18,1981-11-08,Terrassa,False
3180,2023-03-05,1942-06-25,Ourense,True
3181,2022-09-21,1947-12-07,Alcalá de Guadaíra,True
3182,2021-05-23,2010-07-28,Santander,True
3183,2022-03-09,1951-06-02,Cartagena,True
3184,2024-05-05,1966-04-26,Lucena,True
3185,2022-05-28,1951-04-19,Hospitalet de Llobregat,True
3186,2023-03-11,2008-06-13,Mérida,True
3187,2018-08-11,1947-08-06,Granada,True
3188,2025-04-15,1949-08-08,Valladolid,True
3189,2021-04-05,1990-09-23,Torrevieja,True
3190,2018-09-07,1950-11-23,Madrid,True
3191,2018-08-06,2002-12-10,Ibiza,True
3192,2024-04-21,2006-06-05,Valencia,True
3193,2025-07-30,1997-05-21,Teruel,True
3194,2021-06-27,2004-07-07,Almería,True
3195,2024-12-29,2001-09-14,Palma,True
3196,2018-01-01,1953-09-23,Móstoles,False
3197,2023-10-31,1948-09-09,Santander,True
3198,2023-04-25,1942-03-18,Gandía,True
3199,2018-08-16,1950-12-05,Palencia,True
3200,2020-01-24,1961-01-28,Santiago de Compostela,True
3201,2024-11-14,2001-02-14,Lleida,False
3202,2024-12-02,1951-01-19,Girona,True
3203,2018-03-30,1956-07-30,Huesca,True
3204,2025-05-16,1961-08-04,Calatayud,True
3205,2025-11-05,1989-01-16,Palma,True
3206,2021-04-02,1965-12-19,Logroño,True
3207,2024-08-08,1984-03-23,Guadalajara,True
3208,2022-05-22,1974-08-12,Marbella,True
3209,2022-10-07,1953-04-17,Jerez de la Frontera,True
3210,2019-05-08,1990-08-14,Talavera de la Reina,True
3211,2021-05-25,1943-01-21,San Sebastián,True
3212,2025-05-15,1995-08-12,Lleida,True
3213,2021-12-23,1952-06-30,Alicante,False
3214,2023-02-21,1964-11-03,El Ejido,False
3215,2022-01-05,1984-11-29,Gandía,True
3216,2025-12-02,1987-02-08,Talavera de la Reina,True
3217,2019-12-16,1998-11-05,Teruel,True
3218,2024-04-25,1970-06-09,Reus,True
3219,2019-07-28,1964-12-20,Barakaldo,True
3220,2022-06-02,1946-02-13,San Sebastián,True
3221,2023-04-17,1994-05-09,Barakaldo,True
3222,2025-12-12,1985-06-25,Barakaldo,True
3223,2019-06-15,2002-08-07,Soria,True
3224,2024-07-06,1971-03-25,Madrid,True
3225,2022-07-12,1946-01-23,Córdoba,True
3226,2019-10-14,1960-10-14,Málaga,True
3227,2023-08-08,2000-12-11,Elche,True
3228,2020-08-06,2009-03-27,La Laguna,True
3229,2019-12-14,2005-04-29,Talavera de la Reina,True
3230,2022-09-17,1945-10-10,Granada,True
3231,2019-04-14,1943-05-11,Huelva,True
3232,2022-03-14,1994-05-31,Pamplona,True
3233,2019-12-14,1968-10-23,Marbella,True
3234,2022-03-27,1951-12-14,Vitoria-Gasteiz,True
3235,2020-03-29,1957-07-23,Torrelavega,True
3236,2025-08-12,1965-08-31,Telde,True
3237,2019-10-26,1978-12-10,Cáceres,True
3238,2020-02-27,1947-09-19,Madrid,True
3239,2025-07-01,1948-08-18,Ibiza,True
3240,2019-07-30,1940-06-20,Cuenca,True
3241,2024-05-16,1989-01-13,Huelva,True
3242,2025-08-26,2005-06-27,San Sebastián,True
3243,2020-02-18,1958-08-12,Pontevedra,True
3244,2023-08-14,1971-08-03,Ciudad Real,True
3245,2024-04-07,1952-05-14,Motril,True
3246,2025-01-05,1973-09-28,Huelva,True
3247,2019-06-05,2010-03-11,Mérida,True
3248,2019-04-29,1984-09-27,Santa Cruz de Tenerife,True
3249,2024-01-24,1969-09-08,Cádiz,True
3250,2021-04-02,1962-07-21,Talavera de la Reina,True
3251,2018-10-06,1954-02-28,León,True
3252,2024-06-14,1961-08-28,Mérida,False
3253,2023-08-11,1968-01-05,Hospitalet de Llobregat,True
3254,2024-02-15,2002-07-30,Torremolinos,True
3255,2020-12-13,1998-08-09,Jerez de la Frontera,True
3256,2022-09-23,1963-05-28,Palma,True
3257,2018-09-01,1952-06-30,Ibiza,True
3258,2021-09-12,2007-12-11,Barakaldo,False
3259,2018-09-13,1961-02-19,Valencia,True
3260,2024-04-28,1994-09-22,Algeciras,True
3261,2018-10-17,1977-05-05,Getafe,True
3262,2018-11-27,1989-06-21,Torrevieja,False
3263,2021-01-13,2004-11-22,Córdoba,True
3264,2023-07-28,1985-07-16,Telde,True
3265,2022-11-03,1982-11-05,Palencia,True
3266,2020-07-21,1941-12-03,Granada,True
3267,2020-03-14,1987-12-04,Móstoles,False
3268,2025-08-25,2001-04-30,Cádiz,True
3269,2018-08-02,1974-09-24,Toledo,True
3270,2022-10-27,2002-12-02,Sabadell,True
3271,2019-04-19,1979-04-16,Sevilla,False
3272,2022-02-15,1971-07-24,Avilés,True
3273,2018-08-26,1961-05-14,Santa Cruz de Tenerife,True
3274,2018-02-11,1960-05-17,Badalona,True
3275,2024-01-06,1990-12-17,Córdoba,False
3276,2018-03-03,2004-07-30,Santander,True
3277,2018-11-10,1945-01-30,Dos Hermanas,True
3278,2021-03-03,1943-12-03,Segovia,True
3279,2025-05-07,1961-11-29,Ponferrada,True
3280,2022-06-18,1982-12-12,Barakaldo,True
3281,2018-11-11,1946-11-07,Torrelavega,False
3282,2020-04-23,1984-05-26,Ciudad Real,False
3283,2020-06-21,1979-10-16,Palencia,False
3284,2024-03-08,1966-04-04,Bilbao,True
3285,2020-12-31,1968-08-09,Santiago de Compostela,True
3286,2018-08-10,1971-02-05,Badalona,True
3287,2024-12-22,1983-08-15,Miranda de Ebro,True
3288,2019-07-16,1986-09-27,Santa Cruz de Tenerife,True
3289,2024-03-14,1958-11-28,Sevilla,True
3290,2019-08-05,1943-03-21,La Laguna,True
3291,2025-04-16,2008-07-23,Reus,False
3292,2018-03-29,1984-10-04,Algeciras,True
3293,2024-08-06,1974-06-19,Palencia,True
3294,2018-12-13,1945-05-10,Miranda de Ebro,False
3295,2022-04-22,1984-06-09,Cádiz,False
3296,2022-04-25,1979-11-01,Córdoba,True
3297,2022-04-03,1956-07-18,Barakaldo,True
3298,2018-08-03,1999-04-01,Salamanca,True
3299,2021-11-25,1942-05-01,Móstoles,True
3300,2021-10-09,1963-07-21,Alcalá de Henares,True
3301,2018-04-23,1970-08-03,Cartagena,True
3302,2022-10-18,2010-03-18,Granada,True
3303,2024-03-16,1974-10-26,León,False
3304,2023-12-31,1981-08-01,Sabadell,True
3305,2024-05-16,2008-12-27,Mérida,True
3306,2022-04-11,1981-12-04,La Laguna,True
3307,2018-03-04,1965-03-07,Miranda de Ebro,True
3308,2020-10-20,2009-03-14,Santiago de Compostela,True
3309,2024-05-28,1975-05-27,Algeciras,True
3310,2022-01-21,1964-02-10,Barakaldo,True
3311,2025-04-28,2009-03-21,Móstoles,True
3312,2021-06-11,1990-12-30,Barakaldo,True
3313,2020-12-19,1956-01-15,Lleida,True
3314,2022-12-07,1940-10-17,Alicante,True
3315,2022-01-09,1983-01-30,Vitoria-Gasteiz,True
3316,2020-06-11,1976-08-28,Granada,True
3317,2018-11-22,1964-10-19,Murcia,True
3318,2018-09-20,1979-07-07,Gijón,True
3319,2021-02-05,1963-04-14,Valencia,True
3320,2025-01-25,1955-08-27,Huesca,False
3321,2025-05-10,1944-06-12,Santa Cruz de Tenerife,True
3322,2018-06-07,1956-07-12,Gandía,False
3323,2024-07-03,1968-06-20,Córdoba,True
3324,2020-07-22,1945-06-15,Ávila,False
3325,2018-03-08,2000-11-10,Ciudad Real,True
3326,2018-07-03,1993-11-17,La Laguna,True
3327,2018-11-14,1985-06-24,Lleida,True
3328,2018-11-14,1961-04-05,Ibiza,True
3329,2022-03-02,2001-02-04,Terrassa,True
3330,2022-10-13,1965-05-25,Huesca,True
3331,2024-10-22,2010-09-16,Cuenca,True
3332,2022-07-30,1998-06-29,Guadalajara,True
3333,2021-04-19,1995-10-17,Jerez de la Frontera,True
3334,2018-07-02,1966-02-04,Teruel,False
3335,2018-04-15,1949-07-13,Móstoles,True
3336,2021-07-06,1985-10-28,Badajoz,True
3337,2025-12-29,1970-11-12,Las Palmas de Gran Canaria,True
3338,2024-07-14,1942-12-04,Barakaldo,True
3339,2022-04-10,2008-06-01,Bilbao,True
3340,2018-11-13,1960-02-24,Vigo,True
3341,2024-06-10,1996-07-19,Lugo,True
3342,2024-01-17,2005-10-06,Sevilla,True
3343,2023-12-02,1944-08-12,Móstoles,True
3344,2023-11-19,1986-09-06,Lleida,True
3345,2020-03-09,1991-08-10,Ponferrada,False
3346,2021-09-08,1961-10-22,Cuenca,True
3347,2021-07-13,2007-02-14,Torremolinos,True
3348,2022-12-28,2005-09-28,Badalona,True
3349,2021-12-12,1990-04-13,Gandía,True
3350,2022-01-23,1998-08-12,Torrevieja,True
3351,2023-01-13,2010-07-17,Terrassa,True
3352,2019-05-29,1988-03-25,Santander,True
3353,2022-07-28,2000-06-23,Madrid,True
3354,2024-10-16,1963-05-08,León,True
3355,2019-04-29,1947-04-24,Badalona,True
3356,2019-08-31,1991-09-04,Valencia,True
3357,2020-03-22,1956-02-21,Reus,True
3358,2019-05-10,1977-07-22,Ávila,True
3359,2025-12-23,1982-02-25,Málaga,True
3360,2018-05-20,1978-09-14,Jerez de la Frontera,True
3361,2018-10-27,1951-11-16,Badajoz,False
3362,2022-05-09,1977-11-21,Ciudad Real,True
3363,2025-10-25,1989-12-18,La Laguna,True
3364,2019-05-03,1970-03-20,Zamora,True
3365,2024-11-30,1949-09-01,Córdoba,True
3366,2021-12-24,1980-04-09,Badalona,True
3367,2022-11-20,1965-12-14,Torrevieja,True
3368,2020-01-22,2004-12-04,Alcalá de Henares,False
3369,2023-09-18,1947-07-08,Teruel,False
3370,2024-08-28,1993-03-16,Guadalajara,True
3371,2023-02-01,1974-01-13,Soria,True
3372,2023-09-15,2004-10-26,Alcalá de Henares,True
3373,2019-02-01,1960-11-01,Palencia,True
3374,2018-07-17,1990-08-11,Mérida,False
3375,2024-07-02,1985-08-05,Sabadell,True
3376,2022-04-23,1968-07-31,Oviedo,False
3377,2018-06-21,2005-11-27,Ibiza,True
3378,2021-02-13,1991-08-07,Murcia,True
3379,2021-11-23,1965-07-20,Calatayud,True
3380,2021-01-26,1983-08-29,Lleida,True
3381,2019-11-25,1965-11-17,Ávila,False
3382,2019-03-11,1960-10-13,Logroño,True
3383,2019-01-29,1958-07-22,Lugo,True
3384,2019-11-23,1942-06-15,Getafe,False
3385,2024-01-21,1988-04-04,Avilés,True
3386,2018-04-16,1973-02-25,Ibiza,True
3387,2024-05-28,1978-04-06,Lleida,True
3388,2023-02-02,1966-06-17,Torremolinos,True
3389,2019-05-07,1979-11-14,Girona,True
3390,2018-12-22,1952-04-10,Miranda de Ebro,True
3391,2019-04-23,1971-09-25,Jaén,True
3392,2020-06-30,2005-04-03,Huelva,True
3393,2023-09-08,1970-01-31,Miranda de Ebro,True
3394,2023-10-02,2000-04-17,Huelva,True
3395,2021-07-13,1943-06-10,Girona,True
3396,2025-11-28,1986-10-07,Segovia,True
3397,2024-04-05,1999-04-24,Pamplona,True
3398,2025-02-11,1996-04-10,El Ejido,True
3399,2024-07-29,1973-10-01,Telde,True
3400,2020-12-22,1982-03-05,Teruel,True
3401,2020-02-06,2005-10-23,Valencia,True
3402,2020-03-24,1996-12-12,Linares,False
3403,2020-05-27,1940-04-14,Girona,True
3404,2024-04-03,1994-11-01,Ibiza,True
3405,2018-06-08,1977-07-07,Ávila,True
3406,2025-01-28,1992-05-20,La Laguna,True
3407,2023-06-07,1987-08-04,Barakaldo,False
3408,2021-05-14,1960-10-20,Ponferrada,True
3409,2023-07-01,1996-07-09,Barcelona,True
3410,2024-02-04,1983-02-24,Ponferrada,True
3411,2019-04-06,2007-09-24,León,True
3412,2023-01-06,1969-03-11,Santander,True
3413,2019-04-20,1955-10-22,Alicante,False
3414,2025-05-29,1950-03-09,Albacete,True
3415,2025-11-26,1951-06-28,Torrevieja,True
3416,2023-06-27,1993-12-03,Badalona,True
3417,2018-04-29,1966-02-06,Burgos,True
3418,2022-08-03,1945-06-15,Ourense,True
3419,2020-12-07,2000-07-22,Segovia,True
3420,2022-12-16,1978-02-22,Hospitalet de Llobregat,True
3421,2018-08-12,1964-01-27,Castellón de la Plana,True
3422,2021-10-23,1997-01-30,Córdoba,True
3423,2022-08-06,1959-11-08,Pontevedra,False
3424,2024-01-05,1958-07-01,Pamplona,True
3425,2024-11-17,1994-10-17,Valladolid,True
3426,2024-01-20,1941-10-14,Cádiz,True
3427,2019-01-05,2010-01-06,Valladolid,False
3428,2024-03-14,1945-09-10,Bilbao,True
3429,2020-05-12,1972-06-26,A Coruña,True
3430,2019-10-06,1988-01-22,Barcelona,False
3431,2020-07-28,1966-01-12,Zaragoza,False
3432,2021-09-19,1977-02-01,Las Palmas de Gran Canaria,True
3433,2020-10-15,1941-03-22,Algeciras,True
3434,2023-11-27,1949-03-13,Gandía,True
3435,2023-06-10,1943-10-17,Zaragoza,True
3436,2018-04-10,1960-08-19,Pamplona,True
3437,2020-10-09,1943-01-11,Burgos,True
3438,2022-03-28,1998-10-15,Hospitalet de Llobregat,True
3439,2021-01-10,1947-08-14,Huelva,True
3440,2025-11-21,2008-05-24,Terrassa,True
3441,2024-01-28,1994-04-07,Teruel,True
3442,2024-08-06,1975-02-02,Avilés,True
3443,2021-07-02,2010-05-28,Soria,True
3444,2018-04-06,1967-02-08,Miranda de Ebro,True
3445,2019-02-13,1963-09-16,Bilbao,True
3446,2022-03-23,1966-02-16,Sabadell,True
3447,2022-07-23,1990-04-30,Miranda de Ebro,True
3448,2025-11-18,1987-11-02,Gandía,True
3449,2018-03-12,1984-08-03,Barcelona,False
3450,2024-02-17,2004-02-09,Marbella,True
3451,2024-06-24,1942-03-26,Barcelona,True
3452,2023-01-06,1973-03-06,Torrevieja,True
3453,2025-03-17,1967-11-13,Valladolid,True
3454,2025-01-24,1947-07-03,Málaga,True
3455,2020-04-30,1983-12-11,Alcalá de Henares,True
3456,2019-08-02,1976-03-03,Murcia,True
3457,2023-11-14,2004-11-12,Vigo,True
3458,2018-08-30,2008-11-05,Valencia,True
3459,2021-06-29,2006-06-08,Zamora,True
3460,2018-05-30,1968-11-02,Vigo,True
3461,2018-01-23,1964-01-21,Ibiza,True
3462,2023-06-25,1988-12-11,Valencia,True
3463,2025-04-24,1961-02-23,Soria,True
3464,2023-06-02,1986-02-24,Ourense,False
3465,2018-11-30,1949-06-04,Sabadell,True
3466,2022-03-19,1951-06-02,El Ejido,True
3467,2019-05-13,1954-11-28,Palma,True
3468,2019-04-11,1943-07-03,Sabadell,True
3469,2025-01-08,1987-01-23,Castellón de la Plana,True
3470,2024-02-19,1977-07-06,Hospitalet de Llobregat,True
3471,2019-04-27,1979-01-25,Ponferrada,True
3472,2025-08-03,1964-04-27,Mérida,True
3473,2022-03-03,1990-07-31,Bilbao,True
3474,2021-04-03,1986-12-10,Ibiza,True
3475,2022-03-01,1986-08-06,Móstoles,True
3476,2023-03-11,1958-11-23,Valladolid,False
3477,2019-07-09,1954-09-25,Cáceres,True
3478,2023-04-25,1940-11-17,Segovia,True
3479,2019-09-08,1982-03-18,Motril,False
3480,2018-01-23,1967-12-23,Avilés,True
3481,2019-01-20,1988-03-29,Reus,True
3482,2018-09-08,1996-01-26,Alicante,True
3483,2018-10-01,1971-06-10,Vitoria-Gasteiz,True
3484,2020-07-14,1970-12-12,Pamplona,True
3485,2020-02-29,1964-08-19,León,True
3486,2022-10-12,1992-06-07,Salamanca,True
3487,2022-07-10,1962-11-08,Ourense,True
3488,2025-05-24,1958-03-05,Huelva,True
3489,2019-02-26,2005-07-20,Las Palmas de Gran Canaria,True
3490,2020-12-12,1990-07-27,Marbella,True
3491,2023-11-10,1992-09-09,San Sebastián,True
3492,2021-09-14,1991-08-24,Alcalá de Henares,True
3493,2024-11-27,1999-12-22,Elche,True
3494,2018-01-11,2010-04-12,Santa Cruz de Tenerife,False
3495,2019-01-10,1995-03-02,Huesca,True
3496,2023-05-02,1940-01-09,Soria,True
3497,2018-08-02,1952-04-15,Badajoz,True
3498,2022-10-09,1999-08-24,Elche,True
3499,2023-08-12,2008-03-07,Sevilla,True
3500,2022-05-30,1973-11-06,Talavera de la Reina,True
3501,2021-12-25,1967-12-20,Mérida,True
3502,2018-11-17,1994-04-24,Las Palmas de Gran Canaria,False
3503,2025-02-08,1964-11-30,Huesca,True
3504,2024-04-14,1979-08-15,Castellón de la Plana,True
3505,2020-10-23,2001-06-27,Sevilla,True
3506,2022-11-19,1998-07-02,Albacete,True
3507,2022-02-06,1981-10-24,Logroño,True
3508,2022-10-04,1959-03-07,Murcia,True
3509,2020-02-22,1974-04-24,Guadalajara,True
3510,2018-02-13,1957-07-27,Lleida,True
3511,2020-03-09,1940-07-02,Alcalá de Henares,True
3512,2019-01-21,1973-02-03,Torrelavega,True
3513,2018-02-23,1994-06-08,Burgos,True
3514,2021-01-31,1997-07-26,Torrevieja,True
3515,2025-10-19,2003-03-08,Torrelavega,True
3516,2018-08-23,1991-05-02,Jerez de la Frontera,False
3517,2023-04-13,1994-07-04,Pamplona,True
3518,2019-12-13,1982-06-22,San Sebastián,True
3519,2019-03-02,1943-06-05,Guadalajara,True
3520,2025-12-31,1953-09-28,Oviedo,False
3521,2019-06-24,1947-06-06,Terrassa,True
3522,2019-05-05,1945-01-10,Lleida,True
3523,2018-09-13,1968-03-10,Málaga,False
3524,2021-02-10,1957-06-02,Bilbao,True
3525,2018-03-10,1969-11-04,Segovia,False
3526,2019-11-25,1992-08-24,Cuenca,True
3527,2025-06-14,1976-03-03,Terrassa,True
3528,2025-07-05,1945-07-07,Motril,True
3529,2023-08-17,1953-03-26,Burgos,True
3530,2022-12-22,1943-12-29,Miranda de Ebro,True
3531,2025-09-21,1985-05-07,Badalona,True
3532,2018-01-14,1967-12-01,Miranda de Ebro,True
3533,2019-04-28,1970-08-19,Alicante,True
3534,2025-10-23,1947-09-22,Vigo,False
3535,2018-12-28,1950-06-06,Linares,True
3536,2018-12-20,1956-08-27,Segovia,True
3537,2018-03-24,2008-10-13,Calatayud,True
3538,2020-06-09,1997-03-26,Guadalajara,True
3539,2020-10-07,1967-08-12,San Sebastián,False
3540,2020-02-22,2007-01-20,Dos Hermanas,True
3541,2022-04-03,2003-05-01,León,True
3542,2019-07-30,1990-09-10,Segovia,True
3543,2020-02-11,1964-06-22,Palma,True
3544,2021-04-23,1963-04-08,Lleida,True
3545,2023-06-30,1971-11-11,Madrid,True
3546,2025-03-13,1986-12-04,Tarragona,True
3547,2025-09-15,1955-04-18,Algeciras,False
3548,2024-07-25,1974-08-07,Teruel,True
3549,2020-05-12,2002-12-30,Girona,True
3550,2025-08-25,1965-11-24,Ibiza,True
3551,2023-08-26,1989-06-27,Burgos,True
3552,2020-05-13,1963-03-02,Las Palmas de Gran Canaria,True
3553,2018-05-09,1950-05-06,Mérida,True
3554,2020-02-03,1982-08-19,Alcalá de Guadaíra,True
3555,2021-08-15,1973-05-25,Vigo,True
3556,2024-08-07,1943-01-14,Soria,True
3557,2025-01-22,1972-03-12,El Ejido,True
3558,2023-05-02,1970-01-10,Zamora,True
3559,2019-02-15,1956-10-14,Ciudad Real,True
3560,2023-03-28,1989-01-19,Gijón,True
3561,2022-12-04,1995-04-27,Reus,True
3562,2025-10-15,1979-01-09,Hospitalet de Llobregat,True
3563,2020-09-24,1962-08-29,Guadalajara,True
3564,2023-05-31,2000-11-15,Hospitalet de Llobregat,True
3565,2020-08-17,2008-06-19,Gandía,True
3566,2022-10-11,2009-06-11,Burgos,False
3567,2022-06-30,1993-03-16,Jerez de la Frontera,True
3568,2019-11-13,1966-12-19,Getafe,False
3569,2023-11-17,1957-10-21,Vigo,True
3570,2019-06-17,1999-07-08,Valladolid,True
3571,2018-08-09,1948-02-10,Salamanca,True
3572,2019-08-03,1971-01-19,Reus,True
3573,2023-03-02,1940-01-28,Barakaldo,True
3574,2019-12-06,1967-01-11,Salamanca,True
3575,2020-08-25,1958-03-29,Girona,True
3576,2020-09-29,1953-10-29,Ourense,True
3577,2022-03-13,1940-06-11,Torrevieja,True
3578,2019-02-14,1982-03-28,Lugo,True
3579,2025-11-02,1959-01-23,Elche,True
3580,2023-03-14,2003-05-11,Santander,True
3581,2019-01-28,1974-10-09,Dos Hermanas,True
3582,2019-07-01,1975-11-16,Soria,False
3583,2025-07-26,2005-07-10,Sabadell,True
3584,2023-12-28,1946-06-06,Albacete,True
3585,2024-07-30,1942-05-31,Telde,False
3586,2019-12-31,2008-11-19,La Laguna,True
3587,2021-10-24,1984-12-26,Almería,True
3588,2022-06-19,1946-12-06,San Sebastián,True
3589,2023-08-10,1956-11-11,Córdoba,True
3590,2022-11-19,1948-04-30,Zamora,True
3591,2020-01-07,1978-03-11,Teruel,True
3592,2022-05-04,2000-07-31,Torrevieja,True
3593,2022-09-24,1956-02-08,Zaragoza,True
3594,2023-10-21,1949-07-19,Alicante,True
3595,2021-11-19,2001-07-19,Málaga,True
3596,2022-07-15,1941-02-04,Zaragoza,True
3597,2024-06-11,1985-06-25,Talavera de la Reina,True
3598,2018-02-17,1983-08-12,Bilbao,False
3599,2022-07-04,1977-11-25,Lucena,True
3600,2020-11-25,2006-07-28,Vitoria-Gasteiz,True
3601,2023-01-19,1985-01-15,Guadalajara,True
3602,2025-12-26,1970-01-22,A Coruña,False
3603,2019-04-03,2010-06-21,Oviedo,False
3604,2023-12-18,2008-02-23,Talavera de la Reina,False
3605,2018-11-24,1953-06-28,Almería,True
3606,2025-12-08,1992-12-11,Ávila,True
3607,2024-11-22,2005-04-11,Reus,True
3608,2023-03-19,1965-04-10,Córdoba,True
3609,2023-06-29,1981-04-16,Cuenca,True
3610,2024-09-20,2001-07-30,Guadalajara,True
3611,2021-10-14,2000-07-22,Ponferrada,True
3612,2018-04-07,1988-09-09,Burgos,True
3613,2022-01-01,1977-06-01,Cádiz,True
3614,2021-05-04,1997-01-20,Algeciras,True
3615,2022-01-03,2005-08-30,Algeciras,True
3616,2022-06-11,1962-04-22,Oviedo,True
3617,2019-01-23,1951-04-23,Huesca,True
3618,2022-11-01,1964-08-23,Albacete,False
3619,2025-09-23,1995-05-17,Santander,False
3620,2023-11-15,1991-01-20,Reus,True
3621,2021-08-30,1973-06-11,Algeciras,True
3622,2025-02-25,1949-01-26,Toledo,True
3623,2018-11-19,1970-04-21,Vitoria-Gasteiz,True
3624,2022-09-27,1975-12-14,Cádiz,True
3625,2020-11-18,2004-09-26,Bilbao,True
3626,2018-11-21,1978-11-19,Torremolinos,True
3627,2024-05-27,1963-05-31,Palencia,True
3628,2024-01-18,1961-11-13,Lucena,True
3629,2023-04-22,1959-04-22,Girona,True
3630,2025-09-22,2009-10-28,Gijón,True
3631,2025-07-13,1944-02-07,Móstoles,True
3632,2020-01-13,2000-11-04,León,True
3633,2022-07-26,1958-08-01,Cádiz,True
3634,2025-05-15,1951-08-23,Miranda de Ebro,True
3635,2024-09-19,2010-11-24,Vitoria-Gasteiz,True
3636,2020-06-25,1960-03-03,Cádiz,True
3637,2020-06-24,1945-09-19,Murcia,True
3638,2025-12-26,1994-08-31,Reus,True
3639,2025-02-13,1993-05-26,Valladolid,True
3640,2023-05-03,1990-01-11,El Ejido,True
3641,2021-08-02,1971-01-27,Lleida,True
3642,2023-08-06,1958-11-24,A Coruña,True
3643,2025-07-19,1974-12-29,Torrelavega,True
3644,2025-05-30,1991-04-03,Jaén,True
3645,2024-04-18,1970-12-23,Jaén,True
3646,2023-12-10,1973-02-13,Palencia,True
3647,2021-07-15,1980-07-03,Alicante,True
3648,2025-01-03,1992-06-23,Calatayud,True
3649,2024-05-02,1978-09-18,Terrassa,False
3650,2018-04-06,2007-05-30,León,True
3651,2023-07-04,1961-01-21,Toledo,False
3652,2019-06-24,1973-12-13,Móstoles,False
3653,2019-05-21,1948-09-12,Barcelona,True
3654,2019-03-30,1991-03-16,Ponferrada,True
3655,2019-10-14,2008-10-18,Hospitalet de Llobregat,True
3656,2021-12-12,2007-05-26,Las Palmas de Gran Canaria,True
3657,2024-09-20,1965-01-07,Segovia,True
3658,2025-01-25,1949-06-23,Logroño,False
3659,2025-02-06,2008-05-04,Vitoria-Gasteiz,True
3660,2024-01-03,1987-10-10,Barcelona,True
3661,2022-07-13,1984-05-23,Alicante,True
3662,2023-01-15,1954-01-30,Oviedo,True
3663,2018-01-14,1987-10-15,Valladolid,True
3664,2025-05-11,1955-06-15,Málaga,True
3665,2025-04-29,1977-07-05,Terrassa,True
3666,2025-02-19,1942-08-09,Cartagena,True
3667,2024-11-02,1995-08-13,Gandía,False
3668,2024-09-21,1991-03-10,Badalona,False
3669,2021-08-24,1994-09-16,Santander,True
3670,2025-01-06,1982-05-03,Linares,False
3671,2018-04-04,2006-08-27,Getafe,False
3672,2025-05-03,1974-12-05,Lugo,True
3673,2020-03-01,1954-06-24,Reus,True
3674,2020-09-07,1955-09-20,Elche,False
3675,2020-03-29,1968-12-14,Dos Hermanas,True
3676,2018-05-07,1958-07-28,Pontevedra,True
3677,2020-09-30,2001-05-02,Móstoles,True
3678,2020-09-17,1955-11-13,Alicante,True
3679,2019-04-01,1994-03-10,Valladolid,False
3680,2019-10-15,1961-12-19,Alicante,True
3681,2018-10-14,1940-08-13,Algeciras,True
3682,2022-07-23,1986-08-18,Elche,False
3683,2018-10-16,2010-04-01,Terrassa,False
3684,2024-01-10,1950-11-08,Móstoles,True
3685,2023-12-28,2004-02-15,Jerez de la Frontera,True
3686,2018-09-02,1966-04-13,Barcelona,True
3687,2018-06-13,1972-08-07,Hospitalet de Llobregat,True
3688,2023-09-27,1996-06-14,Bilbao,True
3689,2019-05-24,1949-04-18,Huesca,True
3690,2024-07-02,2007-08-10,Torremolinos,True
3691,2022-02-10,1977-01-15,Barakaldo,True
3692,2020-09-22,1983-04-18,Ibiza,True
3693,2021-09-13,1997-08-07,Huelva,True
3694,2025-12-14,1984-02-06,Santander,True
3695,2021-11-03,1966-06-29,Lleida,True
3696,2023-01-19,2002-10-05,Ávila,True
3697,2024-08-31,1943-03-17,Alcalá de Guadaíra,True
3698,2021-03-27,1942-04-30,Telde,False
3699,2024-04-27,1972-07-16,Ponferrada,True
3700,2019-10-11,1990-12-04,Vitoria-Gasteiz,True
3701,2025-12-30,1979-06-18,Ponferrada,True
3702,2025-10-18,1951-07-14,Huesca,True
3703,2022-04-23,1963-01-31,Vitoria-Gasteiz,True
3704,2020-05-16,1992-04-28,Palencia,True
3705,2018-02-19,1963-04-10,Cuenca,True
3706,2023-10-18,1976-05-29,Torrevieja,True
3707,2019-11-29,1970-11-18,San Sebastián,True
3708,2023-08-15,1968-03-12,Mérida,True
3709,2023-06-11,1998-03-03,Calatayud,False
3710,2023-05-29,1955-09-26,Torrevieja,False
3711,2018-02-28,1999-12-30,Motril,True
3712,2021-06-20,1958-07-09,Telde,True
3713,2024-10-28,2009-10-18,Sevilla,True
3714,2021-12-31,1984-09-30,Reus,True
3715,2025-02-28,1941-02-03,Cáceres,False
3716,2020-04-09,1972-08-13,Logroño,True
3717,2025-01-09,1948-11-12,Valladolid,True
3718,2021-01-16,1989-08-21,A Coruña,True
3719,2024-01-12,1947-02-16,Granada,True
3720,2023-11-12,1962-03-31,Santander,True
3721,2020-01-19,2001-11-16,Bilbao,False
3722,2020-07-24,2001-11-14,Reus,True
3723,2024-10-31,1963-11-04,Lugo,True
3724,2020-02-18,2005-10-15,Motril,False
3725,2019-06-27,1986-11-18,Palencia,True
3726,2020-07-21,1961-11-19,Madrid,True
3727,2023-05-09,1981-08-26,Málaga,True
3728,2018-07-29,1968-08-09,Vitoria-Gasteiz,True
3729,2023-05-14,1950-06-11,Lleida,True
3730,2020-03-19,1948-12-16,Santiago de Compostela,True
3731,2024-09-16,1983-09-17,Palencia,True
3732,2024-07-10,1978-07-22,Torremolinos,True
3733,2022-12-19,2009-09-28,San Sebastián,True
3734,2025-02-13,1995-02-14,Reus,False
3735,2020-10-28,2007-09-11,Badalona,True
3736,2023-07-11,1996-08-14,Oviedo,True
3737,2023-06-03,1986-02-17,León,False
3738,2021-05-12,1963-09-14,A Coruña,True
3739,2021-02-01,2000-10-23,Ourense,True
3740,2025-01-07,1979-06-24,Torremolinos,False
3741,2020-01-17,1983-09-29,Almería,True
3742,2023-09-19,1982-03-18,Valencia,True
3743,2018-09-26,2008-03-22,Girona,True
3744,2019-01-23,1979-10-05,Zamora,True
3745,2024-01-16,1956-05-21,Avilés,True
3746,2020-08-07,1959-02-16,Salamanca,True
3747,2021-08-03,2008-10-04,Cáceres,True
3748,2025-09-05,1966-12-02,Murcia,True
3749,2025-07-15,1953-11-13,Soria,True
3750,2022-06-11,2010-07-01,Calatayud,False
3751,2024-11-04,1999-06-11,Zaragoza,True
3752,2023-10-17,1982-07-03,Bilbao,True
3753,2022-09-04,2009-12-15,Burgos,True
3754,2020-12-12,1982-05-05,Palencia,True
3755,2021-06-08,1969-12-09,Ciudad Real,True
3756,2021-07-15,1980-05-06,Salamanca,True
3757,2022-05-31,2008-06-03,Terrassa,True
3758,2022-07-14,1944-12-17,Badalona,True
3759,2019-07-28,1980-12-27,Miranda de Ebro,True
3760,2025-11-24,1958-02-21,Ibiza,True
3761,2020-11-14,1966-06-12,Guadalajara,True
3762,2022-10-18,2010-12-15,Toledo,True
3763,2024-04-12,2006-04-20,Palma,True
3764,2024-12-04,1985-02-13,Lleida,False
3765,2019-03-14,1946-09-04,Santander,True
3766,2023-05-19,2004-09-15,Alcalá de Henares,True
3767,2018-07-08,2010-02-01,Barakaldo,True
3768,2025-12-03,1983-09-11,Santander,True
3769,2024-10-21,1992-07-31,Toledo,True
3770,2018-08-18,1997-05-20,Zamora,True
3771,2022-02-22,1979-04-22,León,True
3772,2019-07-05,2007-04-09,Huelva,True
3773,2022-08-22,1953-08-13,Teruel,True
3774,2024-06-09,1957-12-10,Ourense,True
3775,2020-10-01,1969-05-30,Pontevedra,True
3776,2025-05-30,1963-05-23,Ourense,True
3777,2021-04-08,2001-11-11,Cádiz,True
3778,2018-10-06,2010-07-04,Segovia,False
3779,2022-01-19,2009-04-27,Tarragona,True
3780,2020-05-29,1956-07-08,Soria,True
3781,2023-03-03,1972-06-29,Valladolid,True
3782,2025-11-23,1963-03-28,Torrelavega,True
3783,2018-04-05,1952-08-01,Sevilla,True
3784,2022-10-17,1975-07-22,Castellón de la Plana,True
3785,2023-12-05,1945-05-29,Badajoz,True
3786,2024-05-06,1979-03-23,Algeciras,False
3787,2021-09-01,2010-11-20,A Coruña,True
3788,2024-06-12,1969-12-10,Vitoria-Gasteiz,True
3789,2018-11-06,1990-09-18,Linares,False
3790,2019-04-06,1987-09-15,Zaragoza,True
3791,2018-12-26,1991-06-28,Alicante,True
3792,2020-02-21,2007-06-16,Huelva,True
3793,2022-11-01,1964-11-02,Alicante,True
3794,2019-09-16,1998-05-09,Valladolid,True
3795,2025-04-07,1991-08-09,Zamora,True
3796,2025-10-07,2006-05-04,Girona,False
3797,2022-07-03,1991-07-25,Ponferrada,True
3798,2022-05-17,1941-09-10,El Ejido,True
3799,2022-10-16,1953-07-02,Ávila,False
3800,2024-07-21,2000-07-07,Soria,True
3801,2025-05-01,1999-09-11,Palma,True
3802,2024-06-10,1971-10-26,Pontevedra,True
3803,2019-08-31,1958-06-29,Salamanca,True
3804,2018-04-18,1987-11-09,Móstoles,False
3805,2018-06-11,2009-12-05,Dos Hermanas,True
3806,2018-10-11,1969-05-18,Segovia,False
3807,2025-05-19,1958-09-25,Palma,True
3808,2022-10-04,1964-04-26,Santa Cruz de Tenerife,False
3809,2020-06-08,2009-04-16,Ciudad Real,True
3810,2022-12-06,1951-01-17,Toledo,True
3811,2020-05-04,1974-02-16,Lucena,True
3812,2022-06-24,1957-10-26,Ibiza,True
3813,2024-08-14,1951-03-08,Linares,False
3814,2023-09-07,1991-11-18,Mérida,True
3815,2020-05-08,1950-10-18,Castellón de la Plana,True
3816,2022-01-07,2007-04-04,Segovia,True
3817,2020-05-11,1948-02-23,Gandía,True
3818,2020-11-11,1985-08-22,Torremolinos,False
3819,2018-03-08,1940-08-25,Toledo,True
3820,2022-06-28,1948-12-22,Ciudad Real,True
3821,2021-06-23,1945-11-09,Girona,False
3822,2025-04-24,1966-12-23,Santa Cruz de Tenerife,False
3823,2018-12-12,1998-05-09,San Sebastián,True
3824,2023-04-15,1941-06-03,Miranda de Ebro,True
3825,2021-08-17,1944-01-26,Huesca,True
3826,2019-12-28,1990-08-26,El Ejido,True
3827,2019-09-30,1952-07-30,Elche,True
3828,2018-09-08,1993-06-27,Ibiza,False
3829,2025-05-31,1966-04-17,Guadalajara,True
3830,2019-10-08,1977-08-11,Oviedo,True
3831,2023-10-26,1953-07-31,Logroño,True
3832,2019-03-25,2010-07-25,Zaragoza,True
3833,2020-04-15,1967-06-17,Hospitalet de Llobregat,True
3834,2020-12-22,1995-10-17,Soria,True
3835,2018-04-16,1969-09-30,Jerez de la Frontera,False
3836,2018-05-21,2005-12-07,Huesca,False
3837,2018-07-10,1988-05-25,Toledo,True
3838,2023-11-22,1955-03-25,Zaragoza,True
3839,2021-11-29,1959-12-24,Linares,True
3840,2018-09-29,1950-01-31,Elche,True
3841,2022-08-28,1988-02-25,Lleida,True
3842,2024-10-06,1997-02-18,Almería,True
3843,2023-04-08,1963-01-16,Dos Hermanas,True
3844,2024-01-21,1972-10-18,Murcia,True
3845,2019-01-30,1982-11-12,Valencia,True
3846,2024-05-28,1957-08-10,Dos Hermanas,True
3847,2019-06-16,1952-10-16,Telde,True
3848,2019-01-24,2004-05-07,Hospitalet de Llobregat,True
3849,2024-11-24,1949-06-10,Santander,True
3850,2020-01-27,2005-06-29,Barakaldo,True
3851,2025-12-20,1981-06-17,Logroño,True
3852,2023-10-19,1991-10-12,Burgos,True
3853,2019-06-24,1969-06-03,Sabadell,True
3854,2019-08-18,1991-12-23,Algeciras,True
3855,2022-04-27,1996-09-08,Lucena,True
3856,2020-01-17,1941-04-14,Huesca,True
3857,2020-09-01,1954-07-10,Barcelona,True
3858,2024-06-01,1983-02-18,Torrevieja,False
3859,2020-02-09,1996-05-27,Pontevedra,True
3860,2020-05-29,1980-08-28,Cartagena,True
3861,2022-12-07,1950-07-27,Miranda de Ebro,True
3862,2023-10-09,1970-04-07,Zamora,False
3863,2020-02-03,1962-11-26,Zamora,True
3864,2023-06-20,2009-04-05,Lugo,True
3865,2019-01-31,1999-12-06,Zamora,True
3866,2020-12-12,1945-08-30,Cuenca,True
3867,2018-04-15,1988-09-28,Dos Hermanas,True
3868,2023-02-17,1949-12-20,Sevilla,True
3869,2021-04-26,1951-05-01,Albacete,True
3870,2022-11-22,1989-08-21,Jaén,False
3871,2023-08-30,1956-05-19,Barcelona,True
3872,2023-09-24,1957-06-25,Huesca,True
3873,2020-06-27,2009-08-11,Cádiz,True
3874,2021-12-20,1987-02-25,Getafe,True
3875,2024-04-24,1987-08-07,Cáceres,True
3876,2023-12-24,1972-07-14,Santiago de Compostela,True
3877,2023-12-15,1954-12-17,Guadalajara,True
3878,2025-08-18,1954-11-10,Vitoria-Gasteiz,True
3879,2024-12-07,1960-04-19,Teruel,True
3880,2024-11-02,1978-01-15,Palma,True
3881,2022-06-30,1966-08-07,Talavera de la Reina,False
3882,2022-09-22,1982-10-02,Alicante,True
3883,2021-05-13,1940-01-12,Huelva,True
3884,2024-03-26,1999-12-09,Salamanca,True
3885,2024-11-16,1993-04-15,Motril,True
3886,2022-08-08,1952-08-02,Huesca,True
3887,2019-10-19,2008-08-05,Santander,True
3888,2019-10-16,1997-12-17,Terrassa,True
3889,2020-03-03,1962-04-20,Albacete,True
3890,2021-02-05,1952-08-06,Hospitalet de Llobregat,True
3891,2024-07-27,2000-04-25,Teruel,True
3892,2019-08-07,2000-04-22,Miranda de Ebro,True
3893,2018-02-14,1997-02-15,Sevilla,True
3894,2023-11-18,1949-03-16,Pamplona,True
3895,2020-08-09,1999-04-01,Lleida,True
3896,2019-05-27,1988-07-22,Murcia,True
3897,2018-10-16,2007-09-01,Zamora,False
3898,2018-06-17,1974-03-24,Torrelavega,True
3899,2023-03-26,1978-03-18,Madrid,True
3900,2025-12-17,2002-01-12,Castellón de la Plana,True
3901,2020-07-09,1986-11-27,Marbella,True
3902,2024-10-07,1993-09-28,Cuenca,True
3903,2025-06-16,1984-05-13,Girona,True
3904,2025-02-26,1949-06-08,Miranda de Ebro,True
3905,2021-02-03,1962-07-30,Vitoria-Gasteiz,True
3906,2022-09-15,1999-11-02,Torrelavega,False
3907,2018-12-07,1941-02-27,Málaga,True
3908,2023-06-12,1961-10-11,Madrid,True
3909,2024-08-18,1978-11-30,Logroño,True
3910,2025-12-12,1983-10-08,Ourense,True
3911,2024-05-05,1973-09-18,Móstoles,True
3912,2025-06-27,1974-04-28,Córdoba,True
3913,2024-08-15,1997-08-28,Málaga,True
3914,2019-04-27,2008-07-17,La Laguna,True
3915,2025-07-18,2003-08-20,Móstoles,True
3916,2022-06-01,2004-06-09,Córdoba,True
3917,2022-12-09,1981-05-02,Pontevedra,False
3918,2018-06-02,1975-10-08,Pamplona,True
3919,2022-11-04,2000-01-10,Jerez de la Frontera,True
3920,2020-01-11,1942-03-02,Pamplona,False
3921,2019-02-09,1966-03-22,Badalona,True
3922,2023-02-14,1962-09-29,Ciudad Real,True
3923,2021-11-10,1971-08-12,Santander,True
3924,2018-07-15,1969-02-10,Reus,True
3925,2025-02-13,1963-08-11,Zaragoza,True
3926,2024-02-20,1998-02-28,Soria,True
3927,2021-11-28,2010-01-23,Oviedo,True
3928,2018-12-31,1969-12-10,Ciudad Real,True
3929,2020-07-21,1968-05-25,Salamanca,True
3930,2019-01-06,1997-05-14,Hospitalet de Llobregat,True
3931,2023-07-30,1997-05-15,Gijón,True
3932,2020-04-08,1963-09-30,Castellón de la Plana,True
3933,2022-11-29,1972-06-05,Zaragoza,False
3934,2021-08-15,1941-06-05,Torremolinos,True
3935,2021-06-25,1985-05-28,San Sebastián,True
3936,2024-04-12,1988-04-15,Oviedo,True
3937,2025-10-20,1946-10-24,Palma,True
3938,2025-12-24,1993-08-24,Barakaldo,True
3939,2020-12-14,1953-01-28,Zamora,True
3940,2022-06-14,1951-12-08,Talavera de la Reina,True
3941,2021-04-18,1995-01-12,Vigo,False
3942,2021-08-19,1960-03-03,Lleida,True
3943,2020-10-04,1989-02-28,Teruel,True
3944,2021-01-26,1942-05-13,Valencia,True
3945,2025-10-18,1959-08-24,Santander,False
3946,2022-12-09,1998-02-15,Las Palmas de Gran Canaria,True
3947,2021-04-30,1961-11-10,Cádiz,False
3948,2023-06-03,1979-05-19,Terrassa,True
3949,2024-05-15,1957-03-31,Badalona,True
3950,2023-10-26,1992-02-11,Hospitalet de Llobregat,True
3951,2022-05-05,2006-12-30,Ávila,True
3952,2022-01-30,1963-08-24,Girona,True
3953,2020-08-19,1968-09-20,Santiago de Compostela,True
3954,2025-10-10,1952-01-25,Soria,False
3955,2025-11-17,1962-02-24,A Coruña,True
3956,2019-01-31,2010-05-10,Gandía,True
3957,2024-01-02,1968-02-15,Marbella,True
3958,2024-10-10,1960-06-09,Albacete,True
3959,2025-03-26,1989-09-15,Telde,True
3960,2024-06-10,1944-10-09,Reus,True
3961,2023-07-30,1993-01-09,Girona,True
3962,2019-12-03,1941-12-25,Ourense,True
3963,2025-04-17,1945-02-28,Albacete,True
3964,2025-12-03,1953-04-07,Motril,True
3965,2018-09-25,2004-06-28,Miranda de Ebro,True
3966,2018-04-23,2004-01-08,Getafe,True
3967,2025-11-24,2008-07-28,Alcalá de Guadaíra,False
3968,2020-05-31,1999-05-16,Tarragona,True
3969,2025-10-26,2000-07-11,Palencia,True
3970,2024-05-23,1985-07-27,Badalona,True
3971,2024-01-20,2001-02-14,Alcalá de Henares,True
3972,2018-01-28,1994-09-09,Lucena,True
3973,2022-01-07,1992-09-13,Sevilla,True
3974,2018-10-18,1995-01-26,Motril,True
3975,2019-10-23,2005-09-20,Avilés,True
3976,2024-09-29,2009-05-31,Oviedo,True
3977,2018-05-01,1998-04-05,Valencia,True
3978,2021-09-21,1947-12-29,Málaga,False
3979,2024-06-09,2002-11-19,Talavera de la Reina,True
3980,2022-04-11,2002-06-24,Elche,True
3981,2021-11-07,1956-06-01,Málaga,True
3982,2019-12-28,2003-06-14,Girona,False
3983,2023-08-09,1948-02-21,Gijón,True
3984,2020-04-01,1960-05-01,Albacete,False
3985,2025-02-05,1947-04-26,Zamora,True
3986,2019-01-21,1986-12-31,Torrelavega,True
3987,2024-10-18,1945-06-18,Ourense,True
3988,2022-03-09,1948-07-26,Calatayud,True
3989,2023-12-08,1941-02-16,Almería,True
3990,2021-06-08,1942-06-25,Vigo,True
3991,2018-10-12,1955-06-19,Avilés,True
3992,2023-08-03,1956-04-22,A Coruña,True
3993,2021-11-15,1948-09-12,Teruel,True
3994,2024-06-09,1955-11-15,Lleida,True
3995,2019-12-29,1985-07-07,Teruel,True
3996,2022-12-29,1942-09-21,Cartagena,True
3997,2024-01-11,1950-10-16,Salamanca,False
3998,2019-03-18,1971-04-25,Gijón,True
3999,2019-11-17,1948-12-11,Valencia,True
4000,2019-09-28,1995-01-05,Zamora,False
4001,2025-05-21,1989-02-28,Talavera de la Reina,True
4002,2019-04-22,1999-12-29,Lugo,True
4003,2020-10-05,1972-10-22,Huesca,True
4004,2023-07-04,1956-11-23,Hospitalet de Llobregat,True
4005,2018-08-29,1983-02-06,Barakaldo,True
4006,2024-08-18,1948-11-10,Mérida,True
4007,2025-05-06,1968-10-03,Cáceres,True
4008,2025-11-16,1987-09-21,Mérida,True
4009,2024-02-16,1997-09-14,Palma,True
4010,2019-07-09,1980-03-07,Palma,True
4011,2025-01-09,1978-03-31,Hospitalet de Llobregat,True
4012,2018-12-04,1984-01-01,Jerez de la Frontera,True
4013,2021-08-09,1990-05-09,Torrevieja,True
4014,2021-06-06,1984-08-22,León,True
4015,2025-11-02,1944-12-11,Cáceres,True
4016,2020-02-10,1948-01-01,Salamanca,False
4017,2024-05-28,1988-09-11,Oviedo,True
4018,2018-07-16,1987-12-07,Jerez de la Frontera,True
4019,2021-05-25,1974-07-13,Avilés,True
4020,2024-01-12,1944-09-14,Girona,True
4021,2023-11-17,1955-12-30,Badajoz,True
4022,2025-11-03,1944-01-05,Las Palmas de Gran Canaria,True
4023,2020-01-31,1959-11-17,Segovia,True
4024,2020-04-13,1984-06-07,Ibiza,True
4025,2024-11-15,1941-05-25,Córdoba,False
4026,2020-04-23,2001-11-05,Torremolinos,False
4027,2018-01-20,1961-07-26,Barakaldo,True
4028,2021-09-16,1955-11-19,Talavera de la Reina,True
4029,2022-03-03,1976-01-23,Córdoba,True
4030,2024-09-18,1962-01-31,Cartagena,True
4031,2022-09-28,2001-01-15,Pontevedra,True
4032,2025-01-08,1967-10-15,Ibiza,False
4033,2025-04-30,2006-02-01,Burgos,True
4034,2018-02-11,1977-04-23,Badalona,True
4035,2020-02-16,2009-11-27,Castellón de la Plana,True
4036,2018-02-12,1996-03-17,Barcelona,True
4037,2023-01-14,1951-07-25,Barakaldo,True
4038,2018-10-16,1997-03-14,Torremolinos,True
4039,2023-06-25,1945-12-19,Gijón,True
4040,2019-11-17,2006-05-25,Torrelavega,False
4041,2025-10-17,1975-09-22,León,True
4042,2021-03-12,1991-02-23,Ávila,True
4043,2019-05-05,1975-06-06,Palma,False
4044,2024-03-22,1984-09-03,Palma,True
4045,2018-05-27,1982-01-26,Torrevieja,True
4046,2020-07-25,1943-05-31,Talavera de la Reina,True
4047,2025-10-12,1946-01-17,La Laguna,True
4048,2022-02-28,1979-04-21,Huesca,True
4049,2018-06-18,1999-06-21,Gandía,True
4050,2020-02-14,2008-12-12,Ibiza,True
4051,2018-06-29,1991-01-11,El Ejido,False
4052,2021-10-30,1962-07-02,Oviedo,True
4053,2020-04-01,1997-10-15,Granada,True
4054,2019-09-20,1966-03-06,Gandía,True
4055,2020-01-24,1996-04-08,Avilés,True
4056,2022-12-03,1942-04-09,Lleida,True
4057,2020-10-03,1993-12-23,Cáceres,True
4058,2019-10-22,1952-11-10,Lugo,False
4059,2018-08-21,1949-12-28,Motril,True
4060,2023-12-29,1941-07-26,Cartagena,True
4061,2021-08-10,1973-03-24,Algeciras,True
4062,2019-03-02,2001-05-23,Santa Cruz de Tenerife,True
4063,2018-01-15,1990-06-25,Granada,True
4064,2024-05-11,1950-09-25,Telde,True
4065,2018-05-25,1990-07-26,Santiago de Compostela,True
4066,2025-04-11,1982-09-28,Pontevedra,True
4067,2021-03-02,2001-07-05,Murcia,True
4068,2020-08-31,2001-04-06,Castellón de la Plana,True
4069,2021-11-14,1997-02-13,Reus,True
4070,2019-09-20,1980-09-30,A Coruña,False
4071,2020-07-05,1952-12-14,León,True
4072,2019-12-16,1974-11-06,Torrelavega,False
4073,2022-02-16,2006-05-22,Cádiz,True
4074,2021-05-13,1952-12-01,Córdoba,True
4075,2025-12-20,1988-07-30,Santa Cruz de Tenerife,False
4076,2019-05-28,1996-03-16,Ciudad Real,True
4077,2022-07-21,1977-10-12,Terrassa,True
4078,2023-01-27,1979-10-28,Talavera de la Reina,True
4079,2021-10-15,1969-03-31,Logroño,True
4080,2023-12-11,1958-06-22,Santander,True
4081,2020-02-22,1990-12-28,Avilés,False
4082,2025-05-24,2010-05-07,Cartagena,True
4083,2023-03-13,1989-03-07,Badalona,True
4084,2021-06-11,1959-02-26,Barcelona,True
4085,2019-03-22,1988-09-12,Bilbao,True
4086,2024-12-29,1976-12-21,Lucena,True
4087,2021-10-15,1989-06-29,Zaragoza,True
4088,2023-10-21,1978-09-26,Gijón,False
4089,2018-04-08,2002-04-04,Ibiza,True
4090,2025-06-25,1955-06-18,Burgos,False
4091,2025-08-19,1990-07-17,Teruel,True
4092,2024-06-13,2010-02-21,Palma,True
4093,2021-07-20,1982-01-14,Santander,False
4094,2019-06-19,2008-06-01,Castellón de la Plana,True
4095,2024-11-13,1987-08-08,Pamplona,False
4096,2025-08-01,1948-09-15,Motril,True
4097,2018-02-05,1944-09-24,Valladolid,False
4098,2021-07-07,1972-01-01,Palma,True
4099,2020-05-22,1967-08-05,Motril,True
4100,2021-07-16,1992-05-05,Tarragona,True
4101,2025-11-21,1955-09-20,Ponferrada,True
4102,2024-04-20,1954-05-03,Teruel,True
4103,2019-05-01,1987-10-03,Cartagena,True
4104,2024-04-19,1989-07-20,Pamplona,True
4105,2021-02-25,2001-11-24,Santander,False
4106,2025-06-12,1953-02-26,Lleida,True
4107,2018-06-11,1952-03-01,Toledo,True
4108,2023-05-08,1955-04-17,Cádiz,True
4109,2022-01-24,1979-07-23,Madrid,True
4110,2023-01-07,1941-10-12,Castellón de la Plana,False
4111,2024-05-10,1970-11-05,Zamora,False
4112,2022-02-24,1946-03-07,Oviedo,True
4113,2021-05-14,2000-10-08,Barcelona,False
4114,2019-03-31,2010-12-17,Logroño,True
4115,2025-02-10,1968-10-08,Ponferrada,True
4116,2018-12-07,1971-10-28,Móstoles,False
4117,2023-07-20,1941-06-06,Cartagena,False
4118,2022-09-08,1955-03-02,Cuenca,False
4119,2020-02-26,1986-01-22,Miranda de Ebro,False
4120,2018-04-07,1983-12-04,Segovia,False
4121,2018-08-02,1998-04-05,La Laguna,True
4122,2020-12-13,1980-04-10,Girona,True
4123,2021-01-22,2007-04-14,Barakaldo,True
4124,2018-11-25,1969-11-13,Lugo,True
4125,2024-12-31,1940-12-15,Pontevedra,True
4126,2022-04-09,1957-11-28,Elche,True
4127,2018-05-28,2002-05-18,Burgos,True
4128,2021-10-06,1972-11-27,Badajoz,False
4129,2022-10-05,1976-07-12,Zamora,True
4130,2021-11-19,2004-07-07,Ávila,True
4131,2023-06-26,1965-04-07,Burgos,True
4132,2023-01-17,2000-04-08,Jaén,True
4133,2021-07-29,1985-08-24,Torremolinos,True
4134,2019-06-11,2008-05-14,Marbella,True
4135,2019-12-27,1973-07-01,Motril,True
4136,2020-08-28,2009-11-16,Linares,False
4137,2018-02-09,2004-11-14,El Ejido,True
4138,2021-10-29,1995-05-24,Huelva,True
4139,2025-01-08,1981-05-03,Pamplona,False
4140,2025-06-16,1949-06-29,Murcia,True
4141,2025-11-24,1952-06-11,Palma,False
4142,2018-11-29,1956-08-24,Linares,True
4143,2019-01-11,1940-05-05,Girona,True
4144,2020-08-12,1958-11-10,Lucena,True
4145,2022-05-04,1968-09-29,Pamplona,True
4146,2023-05-04,1957-09-13,Valencia,True
4147,2020-02-02,1982-02-04,León,True
4148,2024-08-21,1945-06-30,Lleida,True
4149,2018-01-26,1947-02-19,Oviedo,False
4150,2020-12-14,1952-11-28,Santiago de Compostela,True
4151,2020-02-15,2002-10-18,Sevilla,True
4152,2018-11-07,1956-11-18,Gijón,True
4153,2020-07-21,1954-07-28,Barcelona,True
4154,2024-08-23,1966-08-14,Getafe,True
4155,2025-03-08,1965-08-09,Las Palmas de Gran Canaria,True
4156,2021-11-13,2005-12-24,La Laguna,True
4157,2025-05-06,2001-04-27,Torrelavega,True
4158,2019-10-23,1945-10-19,Granada,True
4159,2021-11-10,2005-10-02,Granada,True
4160,2022-10-28,1947-03-04,Tarragona,True
4161,2025-07-25,1947-12-01,Segovia,True
4162,2022-01-20,2002-08-17,Móstoles,True
4163,2018-09-27,1991-01-24,Ávila,True
4164,2021-07-30,1980-06-10,Ciudad Real,True
4165,2023-05-22,1973-03-26,Valencia,True
4166,2023-06-27,1968-02-14,Santiago de Compostela,False
4167,2020-02-19,1960-06-18,Alcalá de Henares,True
4168,2025-09-30,1971-08-29,Badalona,True
4169,2023-03-06,1969-02-05,Hospitalet de Llobregat,True
4170,2023-03-18,1980-07-25,Teruel,True
4171,2022-04-29,1977-08-23,Jerez de la Frontera,False
4172,2021-07-21,1974-03-22,Pamplona,True
4173,2022-02-06,1941-04-02,Girona,True
4174,2025-06-03,1955-07-02,Teruel,True
4175,2020-01-24,1959-06-20,Málaga,True
4176,2023-04-19,1953-06-12,Burgos,True
4177,2018-03-30,1984-08-13,Barcelona,True
4178,2024-02-29,1964-11-28,Santa Cruz de Tenerife,True
4179,2024-10-21,2004-12-05,Valencia,True
4180,2019-10-17,1983-09-21,Logroño,True
4181,2019-03-11,1946-01-01,Soria,True
4182,2024-10-25,1965-12-15,Huesca,True
4183,2023-07-18,1959-06-01,Terrassa,True
4184,2021-06-15,1996-08-27,Zaragoza,True
4185,2021-06-26,2001-05-15,Cartagena,True
4186,2019-05-15,1993-09-30,Dos Hermanas,True
4187,2021-10-29,2005-01-07,Guadalajara,True
4188,2019-06-09,1973-02-25,Vigo,False
4189,2018-09-16,1941-08-03,Tarragona,True
4190,2020-10-05,1958-10-16,Soria,True
4191,2021-07-04,1996-11-12,Elche,True
4192,2024-03-23,1970-07-27,Pontevedra,True
4193,2025-10-31,1957-06-09,Dos Hermanas,False
4194,2025-02-04,1991-05-05,Santa Cruz de Tenerife,True
4195,2024-11-01,1961-04-06,Santander,True
4196,2023-04-09,1941-09-27,Segovia,True
4197,2019-01-27,1974-06-18,Huesca,True
4198,2018-11-30,1987-06-24,Castellón de la Plana,True
4199,2020-12-25,1946-01-02,Tarragona,True
4200,2020-03-02,2010-12-27,Miranda de Ebro,True
4201,2022-01-30,2009-10-10,Granada,True
4202,2020-07-03,1996-10-17,Almería,True
4203,2024-12-17,1983-04-17,Ourense,True
4204,2021-01-22,1968-09-16,Castellón de la Plana,False
4205,2024-10-13,1988-02-11,Palma,True
4206,2025-03-30,1956-11-18,Getafe,True
4207,2021-04-25,2005-10-18,Granada,True
4208,2020-03-09,1986-12-19,Gandía,True
4209,2022-03-21,1977-12-12,El Ejido,True
4210,2020-04-16,1952-12-03,Ponferrada,True
4211,2025-04-23,1997-10-10,Terrassa,True
4212,2023-03-20,2009-08-07,Huesca,True
4213,2022-04-14,1989-10-24,Zaragoza,True
4214,2021-07-10,1949-08-31,Miranda de Ebro,True
4215,2020-03-21,2003-05-13,Móstoles,True
4216,2019-10-30,1992-08-12,Dos Hermanas,True
4217,2018-03-11,1951-02-12,Lucena,False
4218,2024-03-13,1982-10-20,Guadalajara,True
4219,2022-03-17,1989-05-09,Jerez de la Frontera,True
4220,2025-04-01,1969-01-21,Barcelona,True
4221,2024-11-16,2008-03-25,Algeciras,True
4222,2021-08-20,1990-09-29,Vigo,True
4223,2023-09-27,1945-01-04,Dos Hermanas,True
4224,2018-10-06,1952-07-20,Teruel,True
4225,2019-11-01,2004-01-16,La Laguna,True
4226,2022-01-15,1972-01-13,Zamora,True
4227,2021-11-08,2007-05-12,Motril,True
4228,2024-02-11,1945-07-29,Cáceres,True
4229,2022-06-10,2002-04-25,Teruel,True
4230,2019-01-02,1958-08-05,Tarragona,True
4231,2020-12-04,1960-05-26,La Laguna,True
4232,2025-08-31,1990-01-12,Jerez de la Frontera,True
4233,2025-10-27,1960-03-25,Torrevieja,True
4234,2020-06-16,2008-01-19,Santa Cruz de Tenerife,False
4235,2019-07-18,1984-11-28,Segovia,True
4236,2025-02-11,2000-02-18,Barcelona,True
4237,2021-04-01,1984-02-28,Jerez de la Frontera,True
4238,2025-10-26,1977-03-23,Lugo,True
4239,2020-03-30,1992-11-25,Algeciras,True
4240,2024-07-14,1984-02-03,Almería,True
4241,2018-11-27,1992-03-05,Guadalajara,True
4242,2019-11-04,1975-08-19,Las Palmas de Gran Canaria,True
4243,2018-01-31,1996-04-23,Cartagena,True
4244,2024-03-28,1973-07-31,Badajoz,True
4245,2020-04-05,2007-08-29,Móstoles,True
4246,2020-03-12,1969-05-05,Ávila,True
4247,2025-04-18,1965-08-08,Tarragona,True
4248,2024-10-07,1998-06-10,Logroño,True
4249,2022-07-20,1958-05-10,Gijón,True
4250,2022-05-07,1949-07-29,Ibiza,True
4251,2024-05-24,2006-01-01,Palencia,True
4252,2025-07-24,1959-03-25,Alcalá de Henares,True
4253,2022-01-18,1981-08-10,Lucena,True
4254,2020-07-30,1990-11-08,Torrelavega,True
4255,2018-04-08,1967-10-20,El Ejido,True
4256,2020-01-12,1969-12-16,Ibiza,True
4257,2022-05-11,2004-08-03,Soria,True
4258,2022-05-20,1993-12-28,Calatayud,False
4259,2023-05-21,1990-04-25,Getafe,True
4260,2025-06-25,1962-04-18,Huelva,True
4261,2018-01-02,1942-10-19,Cartagena,True
4262,2018-02-15,1964-08-08,Almería,True
4263,2022-04-12,2005-05-18,Vigo,False
4264,2019-02-03,1944-10-20,Guadalajara,True
4265,2020-02-21,1977-12-18,Guadalajara,True
4266,2022-09-07,1998-08-22,Cádiz,True
4267,2018-05-24,1950-10-09,Palencia,True
4268,2023-02-15,1958-05-12,Sevilla,False
4269,2025-08-24,1942-09-22,Elche,True
4270,2019-04-07,1947-09-22,La Laguna,True
4271,2024-07-02,2002-05-06,Ourense,True
4272,2018-04-03,2003-01-21,Vigo,True
4273,2025-10-04,1953-10-02,Las Palmas de Gran Canaria,True
4274,2025-08-09,1973-11-10,Jerez de la Frontera,True
4275,2022-11-07,1981-10-12,Badalona,True
4276,2018-02-24,1991-09-29,Córdoba,True
4277,2021-02-24,2003-09-09,León,True
4278,2020-04-10,1963-12-24,Jerez de la Frontera,True
4279,2020-02-10,1961-01-24,Tarragona,True
4280,2025-04-17,1943-12-16,Vigo,True
4281,2022-11-19,1990-02-22,Castellón de la Plana,True
4282,2018-07-13,1965-09-14,Cuenca,True
4283,2022-02-13,1980-12-06,Elche,True
4284,2022-03-09,1999-02-01,Guadalajara,True
4285,2024-01-24,1953-01-26,Soria,True
4286,2021-11-21,1976-07-06,Oviedo,True
4287,2022-03-05,1981-12-09,Albacete,True
4288,2019-08-28,2000-05-06,Valencia,True
4289,2022-07-29,1972-04-29,Girona,True
4290,2020-11-03,1952-05-07,Valladolid,False
4291,2025-03-28,1981-11-09,Tarragona,True
4292,2025-08-18,1954-09-27,Córdoba,True
4293,2025-01-04,1953-01-05,Getafe,True
4294,2025-02-04,2006-10-26,Zaragoza,False
4295,2024-06-07,1952-07-07,Ibiza,True
4296,2022-06-12,1947-05-02,Terrassa,False
4297,2023-08-16,1988-10-20,Córdoba,True
4298,2024-06-15,1940-05-12,Torrelavega,False
4299,2025-06-15,1954-10-10,Santa Cruz de Tenerife,True
4300,2021-10-03,1983-11-20,Torremolinos,True
4301,2022-03-10,1989-03-15,Barcelona,True
4302,2022-05-28,1959-08-27,Pontevedra,True
4303,2022-07-30,2001-09-14,Marbella,True
4304,2025-03-22,1980-09-12,Teruel,True
4305,2020-02-11,2004-04-02,Almería,False
4306,2023-08-29,1949-09-02,Valencia,True
4307,2018-10-23,2002-05-06,Salamanca,True
4308,2022-07-22,1967-03-04,Ibiza,True
4309,2019-01-31,1957-02-18,Jerez de la Frontera,True
4310,2021-04-26,1950-11-11,Ibiza,True
4311,2025-08-19,1946-05-26,Motril,True
4312,2019-05-03,1977-11-07,Ciudad Real,True
4313,2018-02-13,2002-08-09,Getafe,True
4314,2022-05-08,1973-08-20,Ibiza,True
4315,2024-12-11,1992-11-25,Torrevieja,True
4316,2024-08-27,1943-10-04,Castellón de la Plana,False
4317,2023-08-10,1968-09-03,Albacete,True
4318,2025-11-09,1982-06-27,Talavera de la Reina,True
4319,2019-02-06,1977-12-03,Alcalá de Henares,True
4320,2021-12-08,2001-06-10,Castellón de la Plana,False
4321,2022-04-06,1943-06-21,Castellón de la Plana,True
4322,2018-12-22,1982-08-08,Torrelavega,True
4323,2018-12-06,1962-01-05,Pamplona,False
4324,2023-02-06,1974-01-28,Zamora,True
4325,2023-04-07,1943-01-30,Soria,True
4326,2025-11-23,1980-06-23,Las Palmas de Gran Canaria,True
4327,2019-01-24,1940-12-03,Dos Hermanas,True
4328,2025-07-28,2010-01-19,Jerez de la Frontera,False
4329,2022-12-26,1946-03-14,Gandía,True
4330,2021-01-30,2002-07-17,Vigo,True
4331,2024-01-04,1998-08-24,Lucena,True
4332,2019-04-27,2002-08-22,Mérida,True
4333,2023-01-25,1966-04-27,Zaragoza,True
4334,2024-09-28,1969-09-24,Sabadell,True
4335,2019-09-27,1946-11-22,Palma,True
4336,2020-10-17,1940-07-05,Talavera de la Reina,True
4337,2025-05-02,1955-11-05,Toledo,True
4338,2020-01-19,1960-01-17,Zamora,False
4339,2024-07-18,1984-04-05,Santa Cruz de Tenerife,True
4340,2025-11-10,1950-06-01,Málaga,True
4341,2019-06-25,2006-06-02,Móstoles,True
4342,2022-11-30,1984-07-05,Cuenca,True
4343,2022-10-28,1941-11-03,Cáceres,False
4344,2022-02-17,1996-12-14,Santiago de Compostela,True
4345,2023-04-25,1943-01-03,Miranda de Ebro,True
4346,2025-11-15,1977-11-18,Motril,True
4347,2020-12-12,1999-08-19,Ciudad Real,True
4348,2023-09-09,1961-10-27,Alcalá de Guadaíra,True
4349,2019-10-26,1947-10-01,Pontevedra,True
4350,2020-03-15,1980-01-08,Barakaldo,False
4351,2022-03-10,1990-01-01,Ávila,True
4352,2025-05-12,1956-08-22,Madrid,True
4353,2024-04-11,1943-07-26,Santa Cruz de Tenerife,True
4354,2021-05-15,1951-12-14,Barcelona,True
4355,2018-09-03,1985-10-09,El Ejido,True
4356,2025-06-20,1963-11-08,Madrid,True
4357,2021-05-27,1952-04-18,Segovia,False
4358,2023-05-22,1959-02-27,Avilés,True
4359,2023-05-14,1982-12-13,Las Palmas de Gran Canaria,True
4360,2022-05-08,1989-08-12,Vitoria-Gasteiz,True
4361,2018-10-18,1953-02-08,Logroño,True
4362,2023-09-20,1953-01-16,Motril,True
4363,2018-10-25,1990-10-16,Calatayud,True
4364,2022-08-21,1996-02-16,Cuenca,False
4365,2020-12-11,1976-06-16,Granada,True
4366,2018-06-25,1968-10-01,Barcelona,True
4367,2025-07-14,2005-03-05,Guadalajara,True
4368,2024-10-19,1960-02-28,Dos Hermanas,True
4369,2023-09-19,1976-06-21,San Sebastián,False
4370,2025-02-15,1954-02-09,La Laguna,True
4371,2021-03-24,1984-08-07,Huelva,True
4372,2018-05-07,1977-06-09,Motril,True
4373,2025-11-25,2009-09-17,Huesca,True
4374,2018-06-13,1973-02-24,Miranda de Ebro,True
4375,2023-03-18,1998-04-30,Zamora,True
4376,2024-01-02,1994-04-21,Soria,False
4377,2023-04-09,1985-11-18,Castellón de la Plana,True
4378,2025-09-20,1992-11-21,Ourense,False
4379,2024-10-14,1993-10-08,Barakaldo,True
4380,2019-07-17,1982-02-07,Zamora,True
4381,2023-06-29,1970-09-20,A Coruña,True
4382,2025-01-30,1945-08-24,Torrelavega,True
4383,2021-01-16,1965-12-03,Getafe,True
4384,2021-07-06,1969-01-30,La Laguna,True
4385,2021-11-28,1967-06-26,Avilés,True
4386,2023-10-22,2000-08-27,Badalona,True
4387,2024-09-14,1978-01-09,Logroño,True
4388,2024-11-16,2010-08-05,Alcalá de Guadaíra,True
4389,2025-09-20,1966-06-20,Avilés,True
4390,2022-01-20,2003-12-07,Santiago de Compostela,True
4391,2020-04-17,1981-07-05,Madrid,True
4392,2019-04-26,2005-01-02,Ponferrada,True
4393,2020-04-22,1993-08-29,Vitoria-Gasteiz,True
4394,2020-01-20,1998-02-01,Valencia,True
4395,2022-05-24,1983-06-14,Burgos,False
4396,2023-02-24,1988-03-18,Zamora,True
4397,2024-10-18,1946-06-18,Torrelavega,True
4398,2022-03-23,1989-05-27,Barcelona,True
4399,2020-02-13,1962-11-10,Valencia,True
4400,2024-03-05,1992-05-09,Miranda de Ebro,True
4401,2022-09-19,1957-11-14,Burgos,True
4402,2022-10-18,1996-05-07,Castellón de la Plana,True
4403,2023-05-06,1979-03-22,Talavera de la Reina,True
4404,2019-07-27,1956-03-31,Sevilla,True
4405,2018-08-12,1943-09-06,Motril,True
4406,2024-02-25,1988-01-07,Burgos,True
4407,2019-01-28,2006-08-29,Sabadell,True
4408,2025-05-28,1990-10-30,Granada,True
4409,2021-10-14,1996-01-06,Miranda de Ebro,True
4410,2020-09-12,1960-09-04,Telde,True
4411,2024-05-26,2007-06-10,Burgos,False
4412,2021-12-19,1961-03-16,Teruel,True
4413,2024-07-20,1968-05-31,Telde,True
4414,2022-04-19,1958-03-23,Santiago de Compostela,True
4415,2019-10-19,1948-03-06,Pontevedra,True
4416,2021-01-09,1983-08-16,Sevilla,True
4417,2022-07-23,1959-10-28,La Laguna,True
4418,2019-11-10,1955-07-27,Telde,True
4419,2018-01-13,1961-06-03,Logroño,True
4420,2024-07-02,1993-10-20,Talavera de la Reina,True
4421,2020-08-09,1949-01-01,Jaén,True
4422,2022-12-25,1979-09-13,Teruel,True
4423,2022-04-24,1995-03-07,Toledo,True
4424,2021-01-17,1958-05-27,Castellón de la Plana,True
4425,2023-11-17,1970-09-16,Soria,True
4426,2023-09-10,1995-03-26,Talavera de la Reina,True
4427,2024-10-20,1958-06-07,Guadalajara,True
4428,2018-11-13,1993-11-30,Toledo,True
4429,2022-07-13,1958-08-01,Las Palmas de Gran Canaria,True
4430,2022-07-18,1964-08-05,Santander,True
4431,2020-08-03,1974-01-15,Getafe,False
4432,2018-04-10,2001-08-02,Vigo,True
4433,2025-10-28,1945-10-20,Tarragona,True
4434,2018-03-31,1974-11-20,Pontevedra,True
4435,2022-04-10,1941-11-02,Castellón de la Plana,True
4436,2022-12-30,1978-01-19,Linares,True
4437,2021-11-27,1960-07-03,Burgos,True
4438,2020-11-30,1982-12-06,Zaragoza,True
4439,2024-07-26,1997-11-12,Mérida,True
4440,2020-03-12,1943-04-04,Toledo,True
4441,2020-07-25,1948-01-27,Zaragoza,True
4442,2025-10-19,1989-08-05,Lucena,True
4443,2023-11-22,1962-11-21,Tarragona,True
4444,2019-08-04,1979-02-08,Miranda de Ebro,False
4445,2020-02-01,1960-07-20,Badalona,True
4446,2023-11-03,1945-12-28,Santa Cruz de Tenerife,False
4447,2024-12-18,1944-09-04,Pontevedra,True
4448,2019-12-22,1965-11-10,Lugo,True
4449,2022-09-30,1955-01-24,La Laguna,True
4450,2020-03-11,1994-01-24,Huelva,True
4451,2019-02-20,1964-02-20,Oviedo,True
4452,2023-03-10,1989-08-26,Guadalajara,True
4453,2019-09-18,1987-11-16,Gijón,True
4454,2018-02-05,1969-03-14,Calatayud,True
4455,2023-10-04,1941-11-09,Gandía,True
4456,2018-08-21,1975-05-01,Alcalá de Guadaíra,True
4457,2023-04-06,1953-12-26,Dos Hermanas,True
4458,2024-10-30,1972-12-10,Pontevedra,True
4459,2023-03-10,1962-01-19,Reus,True
4460,2019-03-27,2004-01-02,Santander,True
4461,2024-10-18,2007-09-09,Córdoba,True
4462,2022-03-26,1952-03-11,Almería,True
4463,2023-12-07,1983-12-15,Barcelona,True
4464,2022-07-13,1987-02-07,Alicante,False
4465,2023-10-30,1971-10-02,Móstoles,True
4466,2022-07-18,2007-06-07,Torrelavega,True
4467,2022-07-28,1954-12-21,Gandía,False
4468,2019-06-02,1943-04-08,Ibiza,True
4469,2022-02-14,1966-10-10,Torremolinos,True
4470,2022-08-17,1974-04-28,Toledo,True
4471,2018-04-08,1968-03-21,Castellón de la Plana,True
4472,2018-03-07,1959-05-04,Girona,True
4473,2019-08-26,1980-05-13,Alcalá de Henares,True
4474,2019-07-27,1998-03-25,Palencia,True
4475,2019-08-06,1941-06-20,Santa Cruz de Tenerife,False
4476,2020-11-01,1983-09-02,Hospitalet de Llobregat,True
4477,2023-03-21,1973-05-02,Ibiza,True
4478,2022-08-31,1944-08-09,Santander,False
4479,2025-03-06,1949-01-31,Ponferrada,True
4480,2021-12-06,1981-09-22,Talavera de la Reina,False
4481,2022-11-11,1947-01-03,Getafe,True
4482,2023-10-01,1989-06-27,Torrevieja,True
4483,2023-05-18,1946-01-29,Ciudad Real,True
4484,2021-06-25,1985-06-17,Calatayud,True
4485,2019-02-19,1953-02-03,Ourense,True
4486,2018-04-12,1985-09-16,Las Palmas de Gran Canaria,True
4487,2022-03-01,1942-03-02,Tarragona,True
4488,2024-11-15,1981-04-17,Albacete,True
4489,2021-03-13,1973-01-04,Lucena,True
4490,2024-07-26,1951-01-23,Lleida,True
4491,2022-11-11,2008-07-04,Badajoz,True
4492,2024-02-23,2005-05-15,Vigo,True
4493,2019-09-21,1973-11-26,Valladolid,True
4494,2022-12-07,2005-08-15,Vitoria-Gasteiz,True
4495,2019-08-06,2008-05-15,Palma,True
4496,2022-04-22,1964-09-27,Barcelona,True
4497,2018-06-30,1967-03-05,El Ejido,False
4498,2020-03-07,1977-07-14,Vigo,True
4499,2019-09-14,1978-04-20,Lugo,True
4500,2020-05-12,1940-01-19,Motril,True
4501,2018-06-03,1963-10-27,Torrevieja,True
4502,2020-06-16,1982-01-05,Calatayud,False
4503,2023-07-15,1950-04-01,Jaén,True
4504,2021-11-04,1995-05-03,Guadalajara,False
4505,2020-11-23,1991-10-08,Ourense,True
4506,2021-09-16,1996-08-27,Logroño,True
4507,2019-09-30,1999-11-27,Alcalá de Henares,True
4508,2021-02-16,1993-04-11,Santander,True
4509,2018-04-02,1978-12-04,Torrevieja,True
4510,2023-09-16,1966-12-19,Valencia,False
4511,2022-07-16,1944-08-07,Alcalá de Henares,True
4512,2020-11-21,1949-07-21,Huesca,True
4513,2020-06-15,1962-04-25,Alicante,False
4514,2019-02-08,2002-07-25,Santiago de Compostela,True
4515,2022-08-18,2006-08-13,Hospitalet de Llobregat,True
4516,2021-09-18,1966-10-31,Jaén,True
4517,2024-12-27,1983-03-03,Barakaldo,True
4518,2021-07-09,1945-02-07,Girona,True
4519,2022-11-06,1953-10-26,Terrassa,True
4520,2018-05-06,1969-12-11,Guadalajara,True
4521,2020-08-23,1983-08-25,Castellón de la Plana,False
4522,2022-06-12,1992-10-15,Las Palmas de Gran Canaria,True
4523,2020-08-21,1965-09-12,Santander,True
4524,2019-11-07,1970-02-25,Zaragoza,True
4525,2024-08-27,1973-10-22,Jaén,True
4526,2018-12-04,2006-02-27,El Ejido,True
4527,2022-10-22,1984-03-13,Linares,False
4528,2025-10-27,1998-02-17,Teruel,False
4529,2018-01-09,1982-04-10,Oviedo,True
4530,2021-04-08,1972-11-26,Ciudad Real,True
4531,2018-12-25,1943-08-17,Calatayud,False
4532,2021-09-14,1948-12-19,Algeciras,False
4533,2018-12-04,1943-07-18,Murcia,True
4534,2020-02-27,2010-10-31,Calatayud,False
4535,2023-07-02,1949-08-24,Burgos,True
4536,2024-11-25,1987-03-13,Huelva,True
4537,2021-03-11,1952-06-08,Motril,True
4538,2020-11-30,1954-02-13,San Sebastián,True
4539,2023-10-10,1948-08-15,Valencia,True
4540,2025-09-23,1965-06-14,Algeciras,True
4541,2021-10-19,1999-08-30,Zaragoza,True
4542,2023-01-28,1972-03-08,Badajoz,True
4543,2025-04-30,2003-04-22,Hospitalet de Llobregat,True
4544,2020-08-21,1967-10-01,Logroño,True
4545,2020-09-12,1981-05-20,Teruel,True
4546,2018-05-31,1947-02-16,Granada,True
4547,2019-04-28,1953-04-01,Marbella,False
4548,2019-06-01,1953-05-25,Huelva,True
4549,2021-09-24,2001-09-12,Segovia,True
4550,2023-05-27,1979-01-21,Badalona,True
4551,2025-03-24,1999-12-14,Logroño,True
4552,2024-08-04,1967-02-21,Ibiza,False
4553,2025-05-11,1943-01-13,Cuenca,True
4554,2020-02-24,1970-12-16,Motril,True
4555,2020-10-29,1974-12-13,Gijón,True
4556,2023-03-14,1999-01-23,Barcelona,True
4557,2021-08-18,1980-05-02,Alcalá de Guadaíra,True
4558,2025-12-07,1977-11-21,Barakaldo,True
4559,2024-05-09,2002-10-14,Gijón,True
4560,2019-11-04,1962-06-25,Terrassa,True
4561,2021-10-02,1953-04-17,Córdoba,False
4562,2020-09-10,1986-01-01,Móstoles,True
4563,2021-02-12,1958-02-22,Gijón,True
4564,2018-02-07,1996-08-28,Cuenca,True
4565,2024-11-23,1973-06-19,Zamora,True
4566,2023-06-01,2009-03-21,Gandía,True
4567,2019-08-29,1969-10-30,Barakaldo,False
4568,2023-08-31,1964-07-13,Cáceres,True
4569,2023-12-06,1992-12-22,Murcia,False
4570,2020-03-16,1979-01-08,Córdoba,True
4571,2024-08-17,1989-01-31,Ponferrada,True
4572,2023-02-13,1943-12-29,León,True
4573,2022-07-27,1992-11-13,Pamplona,False
4574,2018-09-15,1982-07-27,Terrassa,False
4575,2024-10-29,1991-04-22,Santa Cruz de Tenerife,False
4576,2024-08-17,1959-12-30,Tarragona,True
4577,2025-04-24,1943-06-22,Santa Cruz de Tenerife,True
4578,2024-07-01,1962-10-19,Barcelona,True
4579,2023-12-14,1960-07-25,Córdoba,True
4580,2023-01-15,1961-06-09,Barcelona,True
4581,2018-07-15,1946-10-29,Miranda de Ebro,True
4582,2024-02-17,1977-05-22,Cádiz,True
4583,2025-03-06,2010-09-10,Salamanca,True
4584,2025-06-09,1944-08-04,Valencia,False
4585,2020-05-24,1987-12-01,Barakaldo,True
4586,2019-04-20,1961-01-25,Talavera de la Reina,True
4587,2021-09-07,1955-11-25,Santiago de Compostela,True
4588,2018-02-28,2001-06-17,Sabadell,True
4589,2025-04-03,1962-01-12,Torrevieja,True
4590,2019-06-16,2007-03-26,Ávila,True
4591,2021-04-12,2000-04-08,Torrelavega,True
4592,2022-10-13,1958-04-23,Zaragoza,True
4593,2021-03-28,1967-10-07,Santiago de Compostela,True
4594,2025-03-02,1946-02-25,Huelva,False
4595,2019-05-13,1940-04-19,La Laguna,True
4596,2021-01-11,1956-01-21,Torremolinos,True
4597,2021-10-14,1950-11-23,Gandía,True
4598,2023-12-30,1981-09-28,Badajoz,True
4599,2025-06-29,1995-02-12,Miranda de Ebro,True
4600,2021-12-30,2010-10-13,Linares,True
4601,2022-05-08,1956-12-24,Santiago de Compostela,False
4602,2018-03-16,1995-08-27,Linares,False
4603,2019-10-27,1953-01-29,Zamora,True
4604,2025-09-25,1987-12-24,Avilés,True
4605,2025-01-30,1971-07-11,Jerez de la Frontera,True
4606,2022-05-14,2007-11-22,Girona,True
4607,2023-09-30,2009-08-09,Hospitalet de Llobregat,True
4608,2020-02-18,1995-09-20,Vitoria-Gasteiz,True
4609,2024-07-29,2007-01-30,Motril,False
4610,2020-07-17,1998-12-11,Valencia,True
4611,2023-02-19,1974-09-29,Soria,True
4612,2020-03-26,1943-10-07,Algeciras,True
4613,2018-01-16,1991-03-22,Ciudad Real,True
4614,2025-06-15,1973-06-03,Bilbao,True
4615,2018-01-31,1968-04-10,Alicante,True
4616,2019-01-29,1993-05-07,Mérida,True
4617,2019-04-23,1993-03-10,Alcalá de Guadaíra,True
4618,2024-03-17,1989-06-26,Zamora,True
4619,2018-05-14,2010-07-12,Vitoria-Gasteiz,True
4620,2021-07-02,1988-03-08,Sabadell,True
4621,2019-03-13,1944-12-04,Palencia,True
4622,2019-07-15,2002-06-07,Ávila,True
4623,2019-09-19,1965-03-06,Zamora,True
4624,2018-11-01,1987-08-20,Cuenca,True
4625,2021-06-17,2006-04-07,Palencia,True
4626,2018-04-18,1965-07-31,Soria,True
4627,2019-01-17,1952-04-30,Cáceres,True
4628,2019-02-15,1972-07-10,Torremolinos,True
4629,2020-12-18,2008-11-24,Valladolid,True
4630,2019-05-22,1956-05-20,Pontevedra,True
4631,2018-11-19,1960-10-08,Lucena,True
4632,2024-03-03,2007-09-20,Santiago de Compostela,False
4633,2018-11-23,2003-12-13,Lugo,False
4634,2025-09-29,1988-12-27,Palencia,False
4635,2025-05-18,1966-09-10,Málaga,False
4636,2018-06-16,1967-12-25,Terrassa,True
4637,2021-09-27,1964-02-20,Lucena,True
4638,2019-01-22,1992-10-11,Almería,True
4639,2023-05-08,1943-10-25,Elche,True
4640,2022-07-21,1988-08-15,Marbella,True
4641,2024-08-17,1990-05-07,Santander,True
4642,2019-11-21,1956-08-10,Bilbao,False
4643,2025-11-10,1949-04-26,Pamplona,True
4644,2023-04-11,1959-08-06,Dos Hermanas,True
4645,2025-08-27,1985-09-22,La Laguna,False
4646,2018-01-22,2001-02-17,Mérida,False
4647,2024-06-20,2005-06-23,Avilés,True
4648,2020-09-01,1945-04-29,Girona,True
4649,2025-06-24,1974-11-06,Avilés,True
4650,2021-04-13,1970-11-19,Alcalá de Guadaíra,True
4651,2024-08-16,1976-12-02,Madrid,True
4652,2020-10-17,1995-04-19,Sevilla,True
4653,2020-11-10,1998-03-01,Móstoles,True
4654,2019-04-15,1976-05-19,Alcalá de Henares,True
4655,2020-11-02,2002-01-07,Dos Hermanas,True
4656,2025-03-09,1992-01-20,Sevilla,False
4657,2020-10-16,1951-11-19,Córdoba,True
4658,2020-10-20,2006-10-29,Córdoba,True
4659,2025-09-02,1975-05-31,Alcalá de Guadaíra,False
4660,2021-02-06,1950-02-07,Pontevedra,True
4661,2020-05-10,2004-05-06,Torremolinos,True
4662,2018-02-26,1977-01-30,Marbella,True
4663,2023-01-06,1952-12-14,Huesca,True
4664,2019-05-20,1973-01-30,Soria,False
4665,2022-04-01,1999-03-03,Mérida,True
4666,2022-12-22,1999-06-29,Palma,False
4667,2019-08-21,1958-07-20,Talavera de la Reina,True
4668,2025-06-20,1999-06-02,Santander,True
4669,2021-01-26,1979-03-31,Lucena,True
4670,2022-11-10,1981-08-03,Zaragoza,True
4671,2018-09-02,2007-02-19,Reus,True
4672,2020-04-14,1977-02-01,Torremolinos,False
4673,2019-07-31,1965-06-05,Miranda de Ebro,True
4674,2018-02-26,1982-06-15,Cáceres,True
4675,2023-02-05,1971-03-17,Palencia,True
4676,2023-01-15,1958-01-09,Miranda de Ebro,True
4677,2022-05-19,1964-03-10,Zaragoza,True
4678,2022-11-30,1951-12-23,Cádiz,True
4679,2025-03-27,1983-08-05,Talavera de la Reina,True
4680,2024-03-09,1985-09-22,San Sebastián,False
4681,2019-03-26,1964-01-06,Guadalajara,True
4682,2025-09-26,1948-11-12,Burgos,False
4683,2023-10-17,1967-10-31,Hospitalet de Llobregat,True
4684,2024-05-12,1949-08-11,La Laguna,False
4685,2020-10-29,1961-12-01,Logroño,False
4686,2024-11-18,1991-07-14,Cáceres,False
4687,2025-01-14,1984-08-03,Cáceres,True
4688,2018-03-22,1969-05-15,Lugo,True
4689,2021-10-29,1940-02-17,Torrevieja,True
4690,2019-03-21,2005-09-22,Salamanca,True
4691,2022-10-07,1962-07-14,Burgos,True
4692,2025-01-19,1976-01-23,Logroño,True
4693,2024-09-30,1990-09-15,Vigo,True
4694,2022-04-06,1982-05-01,Cartagena,True
4695,2020-09-30,1969-02-17,Córdoba,False
4696,2022-01-01,1982-04-16,La Laguna,True
4697,2023-07-13,1960-06-01,Girona,False
4698,2018-03-09,2001-11-17,Huelva,True
4699,2019-07-16,1960-10-01,Badalona,False
4700,2020-04-19,1981-11-26,Badalona,True
4701,2018-10-25,1949-03-16,Lugo,True
4702,2019-07-10,1959-10-20,Las Palmas de Gran Canaria,True
4703,2019-02-01,1943-04-14,Torrelavega,True
4704,2024-08-03,1976-09-14,Sevilla,False
4705,2025-03-18,1992-10-22,Tarragona,False
4706,2019-01-18,1970-07-29,La Laguna,True
4707,2019-01-19,1962-06-16,Getafe,True
4708,2025-01-20,2008-04-06,La Laguna,True
4709,2025-09-23,1964-11-09,Santiago de Compostela,True
4710,2025-10-21,2005-05-15,Almería,False
4711,2023-06-29,1959-05-30,Badalona,False
4712,2019-02-14,1947-12-16,Gandía,True
4713,2024-06-15,1964-11-28,Almería,True
4714,2021-11-30,1972-01-07,Tarragona,True
4715,2019-11-04,1942-05-31,Málaga,False
4716,2024-05-30,1941-11-30,Logroño,True
4717,2019-12-06,1954-01-30,Santa Cruz de Tenerife,True
4718,2020-01-05,1957-07-27,Ibiza,True
4719,2021-04-23,1981-05-06,Granada,True
4720,2020-07-13,1995-07-02,Alcalá de Guadaíra,True
4721,2020-04-16,1972-11-22,Pamplona,True
4722,2021-05-12,2001-08-11,Girona,True
4723,2018-09-17,1954-04-09,Elche,True
4724,2019-12-03,1973-08-07,Algeciras,True
4725,2025-09-04,1977-09-17,Marbella,True
4726,2019-10-08,1958-12-31,Huelva,True
4727,2019-03-21,1978-12-28,Santa Cruz de Tenerife,True
4728,2019-11-12,1963-11-16,Mérida,True
4729,2025-08-05,1987-08-17,Alcalá de Henares,False
4730,2024-07-26,1969-08-11,Tarragona,True
4731,2024-08-31,1987-10-21,Barakaldo,True
4732,2023-01-14,1978-02-12,Oviedo,True
4733,2022-12-29,1965-01-17,Segovia,True
4734,2020-05-27,2005-10-18,Cádiz,True
4735,2021-04-25,1973-09-09,A Coruña,True
4736,2019-01-08,1992-02-28,Torremolinos,True
4737,2019-06-04,1944-10-28,Santa Cruz de Tenerife,True
4738,2023-12-26,1950-02-25,Ourense,True
4739,2025-04-14,1992-02-04,Alcalá de Guadaíra,True
4740,2020-01-07,1988-05-10,Santa Cruz de Tenerife,True
4741,2020-09-12,1944-07-21,Badajoz,False
4742,2024-02-05,1946-08-27,La Laguna,True
4743,2018-12-09,1970-06-04,Cáceres,True
4744,2020-11-29,1963-06-06,Valladolid,True
4745,2020-01-01,1943-12-13,Sabadell,True
4746,2020-04-20,1952-07-14,Telde,True
4747,2019-01-02,1986-06-20,Huesca,True
4748,2018-10-20,1977-11-14,Vitoria-Gasteiz,True
4749,2021-08-11,1981-05-07,Calatayud,True
4750,2021-10-15,1942-09-08,Algeciras,True
4751,2018-04-22,2009-07-22,Logroño,True
4752,2018-05-05,1947-07-03,Soria,True
4753,2025-02-22,1992-07-22,Jaén,True
4754,2020-02-19,1983-02-18,Málaga,True
4755,2024-01-17,1998-02-03,Guadalajara,True
4756,2025-01-27,2007-02-23,Móstoles,True
4757,2019-09-06,1971-09-13,Segovia,True
4758,2019-04-17,1985-03-20,San Sebastián,True
4759,2021-04-11,1963-05-26,Zaragoza,True
4760,2019-08-29,1993-11-10,Logroño,True
4761,2023-05-07,1965-10-06,Castellón de la Plana,True
4762,2018-11-10,1953-07-05,Oviedo,True
4763,2021-03-29,1984-12-25,Cartagena,True
4764,2021-07-10,1974-01-15,Elche,True
4765,2022-11-16,1981-12-03,Jerez de la Frontera,True
4766,2018-07-20,1940-04-01,Barakaldo,True
4767,2020-10-03,1973-11-25,Albacete,True
4768,2018-12-30,1972-06-05,Mérida,True
4769,2019-09-07,1976-05-08,Toledo,True
4770,2020-08-23,1977-01-18,Teruel,True
4771,2023-09-27,1960-06-10,Soria,True
4772,2018-07-20,1972-11-07,Salamanca,True
4773,2024-06-20,1973-09-02,Córdoba,True
4774,2018-06-11,1996-01-27,Elche,True
4775,2020-05-01,1961-07-26,Badalona,True
4776,2024-11-20,1990-01-31,Reus,True
4777,2018-03-11,2009-04-16,Cartagena,True
4778,2023-11-24,1956-07-29,Dos Hermanas,True
4779,2021-01-01,1944-03-19,Sevilla,False
4780,2020-11-01,1987-06-03,Sevilla,False
4781,2023-12-08,2006-04-03,Almería,True
4782,2020-11-25,1997-10-03,Oviedo,True
4783,2023-04-25,1984-09-19,Santander,True
4784,2022-03-29,2004-06-06,Avilés,True
4785,2018-09-20,1975-11-10,Burgos,True
4786,2025-07-19,1945-11-17,Huesca,True
4787,2024-12-10,2000-10-25,Ponferrada,True
4788,2023-11-07,1991-04-07,San Sebastián,True
4789,2021-06-13,1976-07-27,Palencia,True
4790,2020-09-21,1977-08-29,Dos Hermanas,True
4791,2023-12-05,1978-08-28,Las Palmas de Gran Canaria,True
4792,2020-10-28,1947-05-16,Alicante,False
4793,2022-05-18,1966-02-28,Pamplona,True
4794,2021-12-23,2007-04-24,Guadalajara,True
4795,2018-06-23,1956-09-27,Hospitalet de Llobregat,True
4796,2025-07-30,1973-02-08,Zamora,True
4797,2020-02-05,1966-05-12,Avilés,False
4798,2018-04-06,1999-12-27,Jaén,True
4799,2021-06-14,1976-11-20,Miranda de Ebro,False
4800,2023-10-03,1991-08-25,Cáceres,True
4801,2018-04-03,2009-04-06,Telde,True
4802,2022-02-17,1961-08-29,Ourense,True
4803,2023-10-26,1956-01-04,Miranda de Ebro,True
4804,2019-07-04,1981-10-11,Murcia,True
4805,2018-09-10,2000-06-09,Zamora,True
4806,2025-09-14,1997-05-02,Granada,False
4807,2021-04-08,1961-06-04,Ibiza,False
4808,2020-05-05,2008-08-20,Ciudad Real,True
4809,2023-11-26,1963-02-13,Alcalá de Henares,True
4810,2025-12-13,1950-12-17,Barcelona,True
4811,2019-08-03,1949-03-02,Linares,True
4812,2024-09-23,1980-10-18,Cáceres,True
4813,2019-05-22,1988-11-02,Lucena,True
4814,2020-03-24,1961-08-18,Alcalá de Henares,True
4815,2025-08-12,1957-10-05,Valencia,True
4816,2022-07-17,1997-10-11,Soria,False
4817,2018-06-10,1976-06-25,Algeciras,True
4818,2018-12-10,2007-04-16,Murcia,True
4819,2023-07-28,2008-01-15,Soria,False
4820,2019-01-26,1981-06-03,Gandía,False
4821,2024-03-13,2004-08-14,Cáceres,False
4822,2018-02-13,1956-07-31,Ibiza,True
4823,2018-05-01,1992-07-31,Marbella,True
4824,2022-08-27,1950-01-18,Lugo,True
4825,2024-09-12,1986-12-31,El Ejido,True
4826,2022-03-26,1969-12-13,Elche,True
4827,2023-07-31,1963-09-04,León,True
4828,2024-09-07,1950-09-27,Terrassa,False
4829,2024-12-18,2001-01-06,Las Palmas de Gran Canaria,True
4830,2024-11-02,1971-01-08,Alcalá de Guadaíra,False
4831,2018-11-09,1967-12-03,Móstoles,True
4832,2019-05-20,1987-03-09,Vitoria-Gasteiz,True
4833,2021-03-20,1949-10-06,Santiago de Compostela,True
4834,2020-08-05,1975-08-13,Cáceres,True
4835,2018-04-19,1992-08-15,Alcalá de Guadaíra,True
4836,2022-07-27,1957-06-20,Calatayud,True
4837,2019-10-08,1959-05-05,Móstoles,True
4838,2019-08-29,1946-08-05,La Laguna,True
4839,2021-10-04,1970-04-18,Terrassa,True
4840,2020-11-11,1943-04-10,Ponferrada,True
4841,2024-01-05,1976-07-14,Córdoba,True
4842,2025-01-26,1941-11-27,Zamora,True
4843,2022-06-08,1978-06-16,Girona,False
4844,2018-07-09,1986-08-04,Málaga,True
4845,2019-06-12,1978-04-07,Cádiz,False
4846,2020-03-01,1944-12-19,Mérida,False
4847,2022-01-19,1975-01-15,Barcelona,False
4848,2018-12-29,2008-06-05,Jerez de la Frontera,True
4849,2025-09-06,1980-11-16,Huelva,True
4850,2020-05-21,1948-12-19,Oviedo,True
4851,2020-11-06,1970-07-20,Ciudad Real,True
4852,2022-10-27,1985-09-02,Lugo,True
4853,2024-06-01,1949-10-04,Castellón de la Plana,True
4854,2023-06-11,1978-01-30,Ourense,True
4855,2019-08-08,1995-09-23,Ibiza,False
4856,2020-12-16,1966-01-19,Córdoba,True
4857,2021-05-30,1989-09-30,Almería,True
4858,2023-01-07,2009-12-31,Avilés,True
4859,2020-08-30,1982-10-13,Logroño,False
4860,2023-12-06,1952-03-30,Badalona,True
4861,2020-08-15,1997-11-16,Guadalajara,True
4862,2019-05-24,1944-10-15,Marbella,True
4863,2023-01-24,2002-01-01,Cádiz,True
4864,2018-07-14,1985-07-09,Guadalajara,False
4865,2024-07-07,2003-06-23,Motril,True
4866,2021-03-16,1991-07-03,Gijón,False
4867,2023-01-30,1962-11-24,Madrid,True
4868,2022-07-09,2007-11-04,Getafe,True
4869,2024-12-29,1996-02-27,Terrassa,True
4870,2024-06-03,1973-09-20,Barakaldo,True
4871,2024-03-13,1997-07-28,Móstoles,True
4872,2025-07-31,2000-11-06,Reus,True
4873,2023-11-09,1966-07-07,Huesca,True
4874,2022-02-08,1991-12-20,Talavera de la Reina,True
4875,2024-05-18,1962-04-08,Huesca,True
4876,2019-02-26,1966-05-31,Cádiz,True
4877,2021-06-22,1991-02-02,Cartagena,True
4878,2020-03-07,1955-09-17,Avilés,True
4879,2020-07-02,1966-05-31,Huesca,True
4880,2022-10-27,1976-04-06,Vigo,True
4881,2018-08-13,1976-08-02,Cartagena,True
4882,2024-04-04,1982-06-07,Teruel,True
4883,2019-04-28,1981-01-05,Terrassa,False
4884,2018-05-06,1997-08-03,Lleida,True
4885,2020-06-03,1967-10-07,Ourense,False
4886,2020-07-23,1986-08-26,Móstoles,True
4887,2025-07-07,1999-06-10,Móstoles,False
4888,2025-04-17,1961-11-20,Mérida,True
4889,2024-04-17,2007-11-30,Cádiz,True
4890,2021-03-12,1940-04-10,Albacete,False
4891,2025-06-11,1950-07-27,Huesca,False
4892,2024-05-08,1994-09-22,Girona,True
4893,2024-02-28,2010-05-05,Huesca,True
4894,2022-01-09,1988-11-06,Huesca,True
4895,2020-12-25,1948-05-21,Lugo,True
4896,2022-03-30,1970-12-04,Badalona,True
4897,2020-06-06,1941-05-04,Ourense,True
4898,2022-10-11,1948-10-24,Huesca,True
4899,2023-12-05,1968-02-22,Pontevedra,True
4900,2019-05-08,1962-08-08,Avilés,True
4901,2022-06-21,1988-07-29,Teruel,True
4902,2021-06-26,1985-08-31,Burgos,True
4903,2018-06-16,1942-08-23,Calatayud,True
4904,2020-07-05,1940-02-02,Almería,True
4905,2023-10-06,1978-12-16,Getafe,True
4906,2022-05-14,1945-08-13,Granada,True
4907,2022-05-05,1985-03-16,Palma,True
4908,2025-06-30,1957-05-06,Murcia,True
4909,2018-04-15,1944-04-19,Motril,True
4910,2018-08-18,1994-11-29,San Sebastián,True
4911,2021-04-15,1996-07-04,Móstoles,True
4912,2021-08-09,1944-11-15,Reus,True
4913,2019-12-27,1996-06-23,Mérida,True
4914,2024-07-13,1979-10-09,San Sebastián,True
4915,2019-08-12,1944-07-06,Guadalajara,True
4916,2021-02-20,1964-03-26,Cádiz,False
4917,2022-12-10,1979-09-19,Getafe,True
4918,2019-10-27,1945-03-21,Tarragona,False
4919,2022-07-10,2008-06-12,Badalona,True
4920,2024-09-08,1952-04-22,Albacete,True
4921,2019-01-13,2006-11-30,Castellón de la Plana,True
4922,2023-04-27,1974-06-29,Lucena,False
4923,2024-05-04,2002-09-26,Móstoles,True
4924,2020-12-15,1942-01-14,Barcelona,False
4925,2025-07-26,1987-11-12,Ávila,True
4926,2020-03-10,1957-10-20,Palma,True
4927,2019-01-01,1951-11-26,Segovia,True
4928,2019-12-03,1958-03-06,Albacete,False
4929,2022-07-02,1949-10-02,Alicante,True
4930,2018-11-21,1981-08-25,El Ejido,True
4931,2019-11-04,2000-10-29,Marbella,True
4932,2019-11-01,1940-01-16,Toledo,True
4933,2022-09-25,1961-05-07,Badajoz,False
4934,2021-07-25,1951-11-16,Alicante,True
4935,2024-06-06,1970-12-12,Toledo,True
4936,2020-06-12,1980-02-23,Huelva,False
4937,2024-02-12,1966-08-15,Salamanca,True
4938,2018-07-21,2005-02-17,Calatayud,False
4939,2021-08-16,1944-04-14,Huesca,False
4940,2021-04-19,1985-10-11,Córdoba,False
4941,2019-01-23,1978-09-06,Miranda de Ebro,True
4942,2018-08-05,1961-03-20,Tarragona,True
4943,2020-10-21,1949-02-11,Barcelona,True
4944,2019-03-20,1952-09-19,Alicante,True
4945,2023-08-09,1999-11-12,Badajoz,True
4946,2020-02-04,1946-09-29,El Ejido,True
4947,2025-03-02,1948-04-11,Castellón de la Plana,False
4948,2024-08-09,1988-02-09,Gijón,True
4949,2020-03-03,1963-06-04,Mérida,False
4950,2022-09-16,1955-05-25,Pontevedra,True
4951,2023-07-06,2010-05-16,Móstoles,True
4952,2022-10-11,1960-10-12,Santiago de Compostela,True
4953,2019-04-16,1986-03-25,Oviedo,True
4954,2021-07-28,1976-08-22,Jerez de la Frontera,True
4955,2024-06-02,2007-04-23,Tarragona,False
4956,2018-04-04,1984-03-18,Alcalá de Henares,True
4957,2025-02-20,1978-06-17,Hospitalet de Llobregat,True
4958,2019-05-03,1980-09-09,Torrevieja,True
4959,2022-07-08,1984-07-16,La Laguna,False
4960,2023-10-24,2009-12-19,Huesca,False
4961,2018-03-05,1972-10-02,Almería,True
4962,2019-08-12,1947-07-27,Barakaldo,True
4963,2020-01-10,1960-02-02,Pamplona,True
4964,2025-07-23,1954-04-14,Linares,False
4965,2025-08-12,1999-03-04,Cuenca,True
4966,2021-10-04,1988-05-12,Tarragona,False
4967,2025-09-13,1963-10-07,Hospitalet de Llobregat,True
4968,2018-10-26,1986-11-27,Bilbao,True
4969,2019-12-15,1946-07-11,Pontevedra,True
4970,2024-05-14,1975-09-13,Reus,True
4971,2018-06-11,1990-01-07,Alcalá de Henares,True
4972,2025-08-24,1964-02-02,La Laguna,True
4973,2024-10-30,1988-08-11,León,True
4974,2018-03-08,1954-03-16,Dos Hermanas,False
4975,2018-06-04,1969-09-07,Algeciras,False
4976,2025-10-04,2005-06-16,Santa Cruz de Tenerife,True
4977,2024-01-31,1978-11-10,Getafe,True
4978,2020-10-24,1985-07-08,Ponferrada,True
4979,2021-05-06,1994-05-01,Zamora,True
4980,2024-11-02,1985-12-13,Lugo,True
4981,2025-04-05,1947-07-15,León,True
4982,2025-01-08,1988-12-15,Gandía,True
4983,2018-05-27,2002-05-17,Bilbao,True
4984,2022-01-02,1956-01-23,La Laguna,False
4985,2022-07-04,1980-02-26,Talavera de la Reina,True
4986,2024-01-18,2008-12-31,Barakaldo,True
4987,2024-11-26,1980-07-20,Miranda de Ebro,True
4988,2018-11-16,1995-02-01,Motril,True
4989,2025-06-11,1981-05-24,Valencia,True
4990,2023-07-11,1974-06-29,Santiago de Compostela,True
4991,2024-12-29,1991-07-20,Girona,True
4992,2019-09-23,1951-08-14,Segovia,True
4993,2020-03-14,1984-04-23,Algeciras,True
4994,2023-12-20,1968-07-20,Cáceres,True
4995,2025-03-20,1956-09-15,Pamplona,True
4996,2022-02-19,1944-08-26,Burgos,False
4997,2025-06-10,1972-04-30,Talavera de la Reina,True
4998,2024-12-12,1969-10-09,Reus,True
4999,2018-05-06,2000-05-18,Sevilla,True
5000,2024-01-29,1955-10-13,Zamora,False
