product_id,effective_date,price
249220,2021-02-08,0.85
249220,2022-06-13,0.93
249220,2023-11-18,0.95
249220,2024-08-10,0.97
249220,2025-04-12,1.0
249256,2021-07-16,0.86
249256,2022-08-07,0.94
249256,2023-03-04,0.99
249256,2025-11-03,1.0
249492,2021-11-08,0.87
249492,2022-10-25,0.97
249492,2024-09-19,1.0
249507,2021-07-04,0.84
249507,2022-03-29,0.93
249507,2023-08-16,0.98
249507,2024-05-18,1.0
249587,2021-07-23,0.94
249587,2023-01-12,0.97
249587,2025-05-08,1.0
249701,2021-01-26,0.93
249701,2024-01-04,0.98
249701,2025-01-07,1.0
249752,2021-06-24,0.89
249752,2022-09-04,0.98
249752,2025-03-29,1.0
249780,2021-01-15,0.87
249780,2022-01-27,0.94
249780,2024-03-10,0.98
249780,2025-11-02,1.0
249796,2021-06-19,0.86
249796,2022-04-21,0.92
249796,2023-08-10,0.96
249796,2024-06-12,1.0
249841,2021-11-21,0.82
249841,2022-01-27,0.88
249841,2023-04-07,0.93
249841,2024-04-18,0.96
249841,2025-06-09,1.0
250033,2021-07-12,0.92
250033,2023-09-05,0.96
250033,2025-06-21,1.0
250058,2021-06-21,0.93
250058,2023-09-14,0.97
250058,2025-03-01,1.0
250096,2021-08-13,0.82
250096,2022-04-10,0.9
250096,2023-05-15,0.93
250096,2024-10-10,0.96
250096,2025-03-16,1.0
250193,2021-09-10,0.96
250193,2023-04-05,0.99
250193,2025-05-12,1.0
250275,2021-12-21,0.92
250275,2023-12-15,0.96
250275,2025-11-18,1.0
250308,2021-03-09,0.99
250308,2025-09-30,1.0
250376,2021-11-11,0.87
250376,2022-01-21,0.96
250376,2024-10-03,0.98
250376,2025-10-10,1.0
250533,2021-12-28,0.84
250533,2022-04-05,0.9
250533,2023-01-18,0.93
250533,2024-06-22,0.98
250533,2025-09-18,1.0
250561,2021-06-03,0.89
250561,2022-02-01,0.96
250561,2025-04-11,1.0
250628,2021-04-17,0.93
250628,2023-05-19,0.98
250628,2024-01-17,1.0
250677,2021-08-17,0.91
250677,2023-08-24,0.96
250677,2025-05-28,1.0
250683,2021-04-11,0.84
250683,2022-07-27,0.9
250683,2023-01-13,0.93
250683,2024-11-13,0.97
250683,2025-08-19,1.0
250875,2021-08-29,0.95
250875,2023-06-16,0.96
250875,2024-10-28,1.0
250938,2021-05-29,0.79
250938,2022-05-11,0.88
250938,2023-03-25,0.9
250938,2024-12-31,0.95
250938,2025-08-13,1.0
251125,2021-04-07,0.84
251125,2022-11-08,0.92
251125,2023-02-14,0.95
251125,2024-09-22,0.99
251125,2025-09-14,1.0
251227,2021-09-05,0.81
251227,2022-02-07,0.89
251227,2023-04-04,0.94
251227,2024-10-01,0.95
251227,2025-02-17,1.0
251230,2021-04-01,0.86
251230,2022-11-03,0.95
251230,2023-01-31,0.99
251230,2025-12-07,1.0
251246,2021-09-07,0.87
251246,2022-07-19,0.94
251246,2024-03-10,0.97
251246,2025-01-14,1.0
251356,2021-02-27,0.96
251356,2024-11-27,1.0
251422,2021-01-26,0.82
251422,2022-11-29,0.89
251422,2023-07-06,0.91
251422,2024-08-26,0.96
251422,2025-12-09,1.0
251512,2021-05-13,0.92
251512,2024-11-28,0.97
251512,2025-06-11,1.0
251572,2021-08-03,0.84
251572,2022-01-21,0.91
251572,2023-03-30,0.94
251572,2024-02-21,0.99
251572,2025-07-10,1.0
251575,2021-09-28,0.87
251575,2022-02-04,0.95
251575,2025-11-04,1.0
251596,2021-06-29,0.9
251596,2022-08-11,0.96
251596,2024-04-19,0.99
251596,2025-09-18,1.0
251658,2021-03-13,0.83
251658,2022-10-03,0.92
251658,2023-08-11,0.95
251658,2025-07-02,1.0
251700,2021-09-18,0.89
251700,2022-01-27,0.97
251700,2024-08-14,1.0
251702,2021-04-01,0.8
251702,2022-02-15,0.88
251702,2023-11-09,0.9
251702,2024-06-27,0.95
251702,2025-08-19,1.0
251706,2021-09-18,0.83
251706,2022-02-05,0.92
251706,2023-12-02,0.94
251706,2024-04-04,0.95
251706,2025-02-18,1.0
251800,2021-01-01,0.9
251800,2022-11-13,0.99
251800,2025-01-24,1.0
251866,2021-03-09,0.82
251866,2022-04-10,0.89
251866,2023-01-06,0.94
251866,2024-06-24,0.96
251866,2025-05-13,1.0
251868,2021-02-13,0.94
251868,2023-03-23,0.96
251868,2025-01-18,1.0
251870,2021-09-25,0.85
251870,2022-09-07,0.91
251870,2023-08-03,0.95
251870,2024-04-29,1.0
251908,2021-10-03,0.84
251908,2022-10-25,0.93
251908,2023-11-12,0.98
251908,2024-11-09,1.0
251923,2021-02-09,0.83
251923,2022-08-19,0.92
251923,2023-09-21,0.97
251923,2024-01-05,0.99
251923,2025-10-23,1.0
251980,2021-09-20,0.95
251980,2024-10-31,0.99
251980,2025-02-04,1.0
252093,2021-03-08,0.85
252093,2022-05-02,0.92
252093,2023-05-23,0.96
252093,2025-09-06,1.0
252208,2021-05-18,0.97
252208,2024-07-15,0.98
252208,2025-07-25,1.0
252413,2021-07-13,0.8
252413,2022-02-16,0.86
252413,2023-01-26,0.91
252413,2024-10-13,0.95
252413,2025-06-30,1.0
252445,2021-03-29,0.93
252445,2023-02-28,0.97
252445,2024-06-28,1.0
252480,2021-11-26,0.92
252480,2023-06-18,0.96
252480,2024-12-03,1.0
252616,2021-07-12,0.95
252616,2024-02-10,0.97
252616,2025-06-30,1.0
252627,2021-05-12,0.83
252627,2022-02-26,0.89
252627,2023-05-02,0.93
252627,2024-01-29,0.96
252627,2025-01-31,1.0
252752,2021-08-09,0.94
252752,2023-07-18,0.98
252752,2024-01-13,0.99
252752,2025-07-10,1.0
252791,2021-09-23,0.79
252791,2022-12-05,0.87
252791,2023-03-28,0.9
252791,2024-12-31,0.95
252791,2025-08-05,1.0
252907,2021-12-25,0.92
252907,2022-07-10,1.0
252963,2021-10-03,0.89
252963,2023-05-17,0.93
252963,2024-03-06,0.98
252963,2025-06-07,1.0
253069,2021-02-11,0.83
253069,2022-01-30,0.91
253069,2023-04-09,0.94
253069,2024-01-14,0.96
253069,2025-10-13,1.0
253089,2021-10-04,0.88
253089,2022-05-27,0.95
253089,2023-02-08,0.96
253089,2024-08-13,0.97
253089,2025-10-05,1.0
253205,2021-07-14,0.85
253205,2022-12-15,0.91
253205,2023-09-14,0.95
253205,2024-02-15,0.98
253205,2025-12-13,1.0
253207,2021-05-25,0.89
253207,2022-12-23,0.95
253207,2024-12-05,1.0
253211,2021-02-03,0.87
253211,2022-08-31,0.96
253211,2023-09-26,0.98
253211,2025-10-31,1.0
253246,2021-04-09,0.91
253246,2023-03-06,0.96
253246,2024-11-11,1.0
253384,2021-06-05,0.83
253384,2022-09-16,0.89
253384,2023-10-13,0.92
253384,2024-04-04,0.95
253384,2025-06-06,1.0
253445,2021-01-26,0.84
253445,2022-09-27,0.92
253445,2023-05-14,0.94
253445,2024-05-30,0.96
253445,2025-09-29,1.0
253451,2021-10-22,0.82
253451,2022-01-28,0.89
253451,2023-04-16,0.91
253451,2024-12-14,0.95
253451,2025-11-27,1.0
253714,2021-07-15,0.86
253714,2022-01-28,0.93
253714,2024-08-28,0.98
253714,2025-01-22,1.0
254001,2021-03-09,0.91
254001,2022-08-28,0.97
254001,2024-05-15,0.98
254001,2025-10-31,1.0
254037,2021-12-05,0.91
254037,2023-11-07,0.94
254037,2024-04-29,0.98
254037,2025-02-16,1.0
254209,2021-11-19,0.88
254209,2022-05-19,0.94
254209,2024-06-02,0.96
254209,2025-02-24,1.0
254410,2021-06-09,0.93
254410,2024-06-05,0.95
254410,2025-06-30,1.0
254425,2021-09-29,0.85
254425,2022-03-29,0.92
254425,2024-12-21,0.95
254425,2025-02-24,1.0
254504,2021-03-04,0.9
254504,2022-07-31,0.96
254504,2023-03-25,0.99
254504,2025-03-11,1.0
254573,2021-07-23,0.92
254573,2023-05-05,0.95
254573,2024-08-04,1.0
254883,2021-09-14,0.93
254883,2022-03-20,1.0
254916,2021-09-21,0.85
254916,2022-12-02,0.94
254916,2023-11-06,0.99
254916,2025-05-31,1.0
254946,2021-05-09,0.86
254946,2022-05-14,0.94
254946,2023-02-23,0.98
254946,2025-03-12,1.0
255067,2021-02-14,0.93
255067,2023-10-08,0.96
255067,2025-03-22,1.0
255108,2021-09-12,0.84
255108,2022-11-22,0.91
255108,2023-05-05,0.96
255108,2025-08-04,1.0
255110,2021-08-26,0.94
255110,2022-07-20,1.0
255150,2021-01-26,0.95
255150,2023-04-09,0.98
255150,2024-12-19,1.0
255307,2021-03-11,0.92
255307,2022-01-02,1.0
255510,2021-08-02,0.88
255510,2023-10-28,0.93
255510,2024-09-10,0.96
255510,2025-07-27,1.0
255729,2021-10-05,0.96
255729,2023-11-11,0.98
255729,2024-10-24,1.0
255943,2021-12-15,0.83
255943,2022-03-19,0.9
255943,2023-12-12,0.91
255943,2024-04-05,0.95
255943,2025-06-26,1.0
255999,2021-07-24,0.92
255999,2023-05-16,0.94
255999,2024-02-08,0.95
255999,2025-07-08,1.0
256047,2021-01-03,0.88
256047,2022-06-30,0.94
256047,2023-07-23,0.96
256047,2024-03-22,0.99
256047,2025-04-18,1.0
256116,2021-06-14,0.81
256116,2022-03-28,0.9
256116,2023-07-15,0.95
256116,2024-02-25,1.0
256269,2021-09-08,0.98
256269,2024-12-27,0.99
256269,2025-04-30,1.0
256355,2021-07-07,0.96
256355,2023-06-23,1.0
256359,2021-04-30,0.84
256359,2022-07-14,0.9
256359,2023-06-21,0.95
256359,2024-03-17,0.98
256359,2025-08-10,1.0
256382,2021-05-15,0.96
256382,2023-02-27,0.99
256382,2024-06-17,1.0
256401,2021-08-23,0.86
256401,2022-10-18,0.92
256401,2023-12-31,0.96
256401,2024-09-27,1.0
256502,2021-02-22,0.92
256502,2023-12-30,0.94
256502,2024-06-18,0.95
256502,2025-12-19,1.0
256522,2021-12-04,0.87
256522,2023-04-24,0.92
256522,2024-04-29,0.95
256522,2025-10-07,1.0
256556,2021-08-13,0.84
256556,2022-06-23,0.91
256556,2023-12-05,0.94
256556,2024-11-17,0.96
256556,2025-04-14,1.0
256774,2021-08-09,0.86
256774,2022-08-23,0.92
256774,2023-02-15,0.96
256774,2024-01-18,0.99
256774,2025-01-10,1.0
256815,2021-08-20,0.83
256815,2022-05-21,0.91
256815,2023-12-20,0.96
256815,2025-12-14,1.0
256939,2021-03-04,0.94
256939,2023-04-27,0.97
256939,2025-09-18,1.0
257146,2021-05-07,0.86
257146,2022-01-20,0.93
257146,2023-06-14,0.96
257146,2024-08-09,1.0
257291,2021-12-03,0.87
257291,2022-01-15,0.96
257291,2025-04-16,1.0
257311,2021-07-04,0.82
257311,2022-09-28,0.9
257311,2023-02-07,0.95
257311,2024-08-30,0.99
257311,2025-12-26,1.0
257379,2021-04-17,0.81
257379,2022-02-19,0.88
257379,2023-02-22,0.93
257379,2024-04-05,0.98
257379,2025-04-29,1.0
257471,2021-08-28,0.84
257471,2022-01-22,0.92
257471,2023-01-13,0.96
257471,2024-06-18,0.97
257471,2025-08-02,1.0
257614,2021-01-08,0.93
257614,2024-06-18,0.97
257614,2025-06-10,1.0
257835,2021-08-22,0.86
257835,2022-08-01,0.93
257835,2023-01-25,0.95
257835,2024-01-15,0.99
257835,2025-11-01,1.0
257907,2021-11-17,0.86
257907,2023-01-20,0.91
257907,2024-02-25,0.95
257907,2025-07-28,1.0
258119,2021-01-26,0.84
258119,2022-08-20,0.91
258119,2023-08-27,0.97
258119,2024-03-31,0.98
258119,2025-04-13,1.0
258504,2021-07-21,0.84
258504,2022-05-07,0.93
258504,2023-10-02,0.96
258504,2024-10-12,0.98
258504,2025-03-29,1.0
258728,2021-08-24,0.97
258728,2025-06-16,1.0
258784,2021-06-17,0.85
258784,2022-10-23,0.94
258784,2023-09-01,1.0
258839,2021-09-23,0.94
258839,2023-04-13,1.0
258900,2021-07-04,0.87
258900,2022-08-01,0.93
258900,2023-09-24,0.94
258900,2024-09-02,0.97
258900,2025-03-22,1.0
258995,2021-06-12,0.99
258995,2025-02-15,1.0
259006,2021-10-13,0.95
259006,2024-10-17,0.97
259006,2025-04-08,1.0
259107,2021-10-02,0.79
259107,2022-09-27,0.88
259107,2023-05-12,0.93
259107,2024-07-29,0.97
259107,2025-10-03,1.0
259347,2021-04-24,0.9
259347,2022-05-07,0.98
259347,2023-04-18,1.0
259380,2021-05-24,0.86
259380,2022-06-11,0.93
259380,2023-07-22,0.98
259380,2024-09-17,0.99
259380,2025-12-22,1.0
259479,2021-05-08,0.93
259479,2024-06-27,0.97
259479,2025-09-19,1.0
259491,2021-12-31,0.87
259491,2022-07-10,0.93
259491,2023-05-24,0.97
259491,2024-12-06,1.0
259515,2021-04-24,0.86
259515,2022-10-20,0.92
259515,2023-02-03,0.95
259515,2024-12-17,0.97
259515,2025-03-16,1.0
259587,2021-08-16,0.9
259587,2022-10-30,0.96
259587,2023-01-07,1.0
259619,2021-11-15,0.85
259619,2022-09-09,0.93
259619,2023-06-07,0.94
259619,2024-07-16,0.99
259619,2025-09-20,1.0
259679,2021-02-25,0.94
259679,2023-10-27,0.97
259679,2024-06-21,0.98
259679,2025-05-01,1.0
259827,2021-01-13,0.87
259827,2022-07-31,0.96
259827,2024-01-11,0.99
259827,2025-04-26,1.0
259909,2021-06-08,0.86
259909,2022-02-06,0.94
259909,2023-02-07,0.97
259909,2024-06-24,1.0
259929,2021-02-23,0.86
259929,2022-11-19,0.95
259929,2023-05-31,0.98
259929,2024-09-23,0.99
259929,2025-05-29,1.0
259999,2021-05-28,0.89
259999,2023-04-14,0.92
259999,2024-12-12,0.96
259999,2025-11-27,1.0
260005,2021-11-28,0.86
260005,2022-01-21,0.91
260005,2024-06-14,0.96
260005,2025-04-01,1.0
260059,2021-06-28,0.89
260059,2022-06-24,0.98
260059,2024-12-11,1.0
260143,2021-12-19,0.8
260143,2022-12-20,0.88
260143,2023-03-04,0.93
260143,2024-11-21,0.95
260143,2025-04-23,1.0
260179,2021-04-24,0.96
260179,2023-02-17,0.98
260179,2025-04-01,1.0
260247,2021-02-24,0.79
260247,2022-08-03,0.87
260247,2023-10-11,0.92
260247,2024-01-06,0.97
260247,2025-06-04,1.0
260351,2021-03-07,0.91
260351,2023-03-19,0.93
260351,2024-10-23,0.98
260351,2025-01-20,1.0
260523,2021-08-01,0.88
260523,2022-08-06,0.95
260523,2023-09-01,0.99
260523,2024-09-21,1.0
260632,2021-03-26,0.9
260632,2023-12-12,0.95
260632,2024-01-24,0.99
260632,2025-08-08,1.0
260645,2021-12-14,0.84
260645,2022-04-23,0.92
260645,2024-06-19,0.97
260645,2025-08-25,1.0
260821,2021-01-07,0.81
260821,2022-05-11,0.9
260821,2023-12-15,0.95
260821,2024-10-19,1.0
260918,2021-07-22,0.86
260918,2022-05-02,0.94
260918,2023-12-28,0.97
260918,2024-08-13,1.0
260933,2021-06-03,0.86
260933,2022-01-31,0.93
260933,2023-01-04,0.94
260933,2024-01-10,0.95
260933,2025-05-07,1.0
260987,2021-04-05,0.99
260987,2025-03-01,1.0
261000,2021-05-18,0.92
261000,2022-09-07,1.0
261181,2021-01-08,0.92
261181,2023-01-08,0.95
261181,2024-03-29,0.96
261181,2025-09-16,1.0
261308,2021-04-20,0.93
261308,2023-01-13,0.95
261308,2024-09-01,1.0
261366,2021-09-18,0.84
261366,2022-07-21,0.9
261366,2023-03-21,0.92
261366,2024-12-19,0.97
261366,2025-07-22,1.0
261382,2021-10-22,0.92
261382,2023-03-27,0.96
261382,2024-11-05,1.0
261393,2021-09-19,0.93
261393,2022-08-16,0.99
261393,2024-07-17,1.0
261417,2021-07-11,0.92
261417,2022-07-27,1.0
261713,2021-05-10,0.9
261713,2022-07-25,0.98
261713,2025-01-28,1.0
261744,2021-11-18,0.84
261744,2022-04-04,0.91
261744,2023-10-04,0.96
261744,2024-11-03,0.98
261744,2025-12-05,1.0
261961,2021-03-13,0.9
261961,2023-12-20,0.95
261961,2024-04-25,1.0
262010,2021-01-16,0.88
262010,2022-04-02,0.94
262010,2023-05-17,0.95
262010,2024-12-18,0.97
262010,2025-04-27,1.0
262089,2021-05-12,0.92
262089,2023-02-18,0.96
262089,2024-03-05,0.99
262089,2025-02-08,1.0
262252,2021-11-26,1.0
262456,2021-06-15,0.84
262456,2022-03-14,0.91
262456,2024-09-25,0.95
262456,2025-01-06,1.0
262524,2021-07-16,0.81
262524,2022-05-18,0.9
262524,2023-02-13,0.94
262524,2024-04-03,0.99
262524,2025-09-19,1.0
262595,2021-06-28,0.94
262595,2023-01-22,0.99
262595,2024-06-30,1.0
262788,2021-05-26,0.9
262788,2023-01-15,0.95
262788,2024-04-28,0.97
262788,2025-11-15,1.0
262892,2021-12-04,0.8
262892,2022-04-18,0.88
262892,2023-01-12,0.91
262892,2024-03-20,0.96
262892,2025-01-10,1.0
262979,2021-10-19,0.86
262979,2022-12-05,0.93
262979,2023-11-17,0.96
262979,2024-04-20,1.0
263060,2021-01-30,0.84
263060,2022-06-07,0.9
263060,2023-09-08,0.91
263060,2024-03-07,0.96
263060,2025-07-03,1.0
263123,2021-09-20,0.87
263123,2022-12-28,0.95
263123,2023-09-28,0.97
263123,2024-04-08,0.99
263123,2025-08-30,1.0
263206,2021-09-09,0.93
263206,2023-06-09,0.97
263206,2024-02-18,1.0
263305,2021-02-21,0.85
263305,2022-05-20,0.91
263305,2023-04-04,0.94
263305,2024-09-19,0.97
263305,2025-07-10,1.0
263336,2021-06-19,0.88
263336,2022-07-28,0.96
263336,2023-01-19,0.98
263336,2024-12-17,0.99
263336,2025-10-29,1.0
263557,2021-03-19,0.81
263557,2022-04-25,0.88
263557,2023-07-12,0.94
263557,2024-01-19,0.99
263557,2025-02-22,1.0
263558,2021-01-06,0.91
263558,2022-03-12,1.0
263685,2021-12-13,0.83
263685,2022-02-15,0.9
263685,2023-07-05,0.95
263685,2024-09-29,1.0
263869,2021-11-24,0.94
263869,2023-05-17,1.0
263917,2021-08-14,0.91
263917,2023-12-06,0.96
263917,2024-06-27,1.0
263952,2021-02-28,0.81
263952,2022-12-09,0.9
263952,2023-05-01,0.94
263952,2024-02-27,0.97
263952,2025-10-21,1.0
263998,2021-10-10,0.93
263998,2023-01-10,0.98
263998,2024-06-15,1.0
264598,2021-07-02,0.91
264598,2022-11-14,0.98
264598,2024-08-28,1.0
264654,2021-08-04,0.91
264654,2022-08-18,0.99
264654,2025-04-26,1.0
264822,2021-01-15,0.85
264822,2022-12-18,0.91
264822,2023-11-03,0.96
264822,2025-08-25,1.0
264897,2021-08-03,0.85
264897,2022-07-27,0.94
264897,2023-11-01,0.98
264897,2024-06-27,0.99
264897,2025-01-11,1.0
264902,2021-05-03,0.9
264902,2023-05-25,0.94
264902,2024-10-05,0.97
264902,2025-06-16,1.0
264956,2021-08-10,0.87
264956,2022-04-24,0.94
264956,2023-11-11,0.96
264956,2024-01-18,0.98
264956,2025-12-09,1.0
264980,2021-05-11,0.88
264980,2022-06-08,0.97
264980,2025-03-17,1.0
265286,2021-05-31,0.82
265286,2022-05-19,0.9
265286,2023-02-09,0.94
265286,2024-01-24,0.98
265286,2025-03-07,1.0
265590,2021-07-04,0.81
265590,2022-06-02,0.9
265590,2023-03-30,0.93
265590,2024-07-10,0.96
265590,2025-08-19,1.0
265644,2021-12-06,0.82
265644,2022-04-09,0.91
265644,2023-07-10,0.95
265644,2025-09-22,1.0
265742,2021-10-20,0.92
265742,2024-09-17,0.96
265742,2025-07-14,1.0
265747,2021-06-18,0.92
265747,2023-09-08,0.96
265747,2025-07-16,1.0
265799,2021-04-27,0.84
265799,2022-04-16,0.93
265799,2023-09-02,0.95
265799,2024-08-14,0.96
265799,2025-03-26,1.0
265827,2021-11-09,0.82
265827,2022-08-31,0.91
265827,2023-08-15,0.94
265827,2024-05-22,0.99
265827,2025-05-27,1.0
265858,2021-05-19,0.93
265858,2023-06-18,0.99
265858,2025-04-16,1.0
265926,2021-07-17,0.94
265926,2023-08-29,0.96
265926,2024-01-18,0.97
265926,2025-04-30,1.0
266066,2021-06-13,0.86
266066,2022-08-30,0.95
266066,2023-04-28,0.97
266066,2024-08-25,0.98
266066,2025-03-03,1.0
266295,2021-04-03,0.87
266295,2022-10-15,0.93
266295,2023-08-20,0.97
266295,2024-05-22,0.99
266295,2025-08-12,1.0
266396,2021-12-06,0.88
266396,2022-07-15,0.95
266396,2023-09-20,0.98
266396,2025-09-28,1.0
266536,2021-02-12,0.87
266536,2022-10-15,0.95
266536,2023-09-04,0.97
266536,2024-06-23,1.0
266633,2021-07-11,0.85
266633,2022-09-14,0.94
266633,2024-02-06,0.96
266633,2025-09-17,1.0
266665,2021-03-16,0.88
266665,2022-07-02,0.94
266665,2023-01-23,0.97
266665,2025-02-23,1.0
266943,2021-03-30,0.88
266943,2022-05-07,0.96
266943,2023-04-17,1.0
266970,2021-09-11,0.83
266970,2022-10-05,0.9
266970,2023-10-17,0.95
266970,2024-06-18,1.0
267142,2021-02-01,0.93
267142,2023-10-09,0.95
267142,2025-08-10,1.0
267165,2021-03-19,0.9
267165,2022-09-10,0.97
267165,2024-03-12,1.0
267178,2021-03-10,0.96
267178,2023-11-02,0.99
267178,2025-07-28,1.0
267209,2021-01-12,0.89
267209,2022-02-24,0.97
267209,2023-11-13,1.0
267332,2021-01-08,0.87
267332,2022-08-08,0.95
267332,2025-04-27,1.0
267672,2021-11-14,0.89
267672,2022-02-26,0.96
267672,2023-06-02,0.97
267672,2024-06-24,0.98
267672,2025-03-22,1.0
267908,2021-06-23,0.96
267908,2023-06-01,1.0
267975,2021-04-12,0.82
267975,2022-12-25,0.9
267975,2023-12-01,0.95
267975,2024-06-09,0.96
267975,2025-04-18,1.0
268026,2021-10-06,0.92
268026,2022-02-08,1.0
268031,2021-09-15,0.86
268031,2022-07-21,0.92
268031,2023-12-23,0.95
268031,2024-06-17,0.98
268031,2025-09-24,1.0
268151,2021-01-19,0.85
268151,2022-02-21,0.92
268151,2023-10-19,0.94
268151,2024-09-03,0.97
268151,2025-10-25,1.0
268298,2021-07-11,0.95
268298,2025-03-01,1.0
268436,2021-04-13,0.96
268436,2023-08-24,0.98
268436,2024-10-11,1.0
268564,2021-08-03,0.81
268564,2022-06-02,0.89
268564,2023-03-09,0.93
268564,2024-08-13,0.97
268564,2025-02-24,1.0
268589,2021-01-14,0.94
268589,2024-06-07,0.95
268589,2025-03-10,1.0
269575,2021-08-16,0.97
269575,2023-09-21,1.0
269895,2021-04-28,0.85
269895,2022-09-05,0.93
269895,2023-04-01,0.95
269895,2024-11-01,1.0
269916,2021-11-07,0.94
269916,2023-07-02,0.96
269916,2024-06-05,0.98
269916,2025-11-05,1.0
269972,2021-07-26,0.94
269972,2023-06-19,0.98
269972,2024-05-13,0.99
269972,2025-01-01,1.0
270129,2021-07-16,0.96
270129,2024-04-28,1.0
270248,2021-10-11,0.87
270248,2022-06-04,0.93
270248,2023-12-09,0.97
270248,2024-03-05,1.0
270331,2021-08-12,0.94
270331,2023-10-30,0.97
270331,2024-07-01,0.98
270331,2025-05-28,1.0
270341,2021-06-16,0.9
270341,2024-12-18,0.95
270341,2025-06-18,1.0
270651,2021-02-14,0.87
270651,2023-08-04,0.91
270651,2024-05-27,0.96
270651,2025-11-05,1.0
270669,2021-11-15,0.85
270669,2022-03-02,0.94
270669,2024-01-10,0.96
270669,2025-11-05,1.0
270710,2021-08-20,0.89
270710,2022-12-28,0.98
270710,2024-07-20,1.0
270717,2021-11-08,0.85
270717,2022-06-22,0.95
270717,2023-09-18,0.97
270717,2024-10-23,0.98
270717,2025-12-11,1.0
270973,2021-02-24,0.88
270973,2022-06-25,0.95
270973,2024-12-28,0.97
270973,2025-12-23,1.0
271064,2021-01-17,0.82
271064,2022-07-11,0.88
271064,2023-01-06,0.92
271064,2024-03-01,0.96
271064,2025-05-20,1.0
271116,2021-01-01,0.87
271116,2022-07-31,0.96
271116,2023-01-06,1.0
271390,2021-03-05,0.88
271390,2022-01-14,0.95
271390,2023-05-06,0.98
271390,2024-11-06,1.0
271614,2021-09-19,0.98
271614,2023-07-18,0.99
271614,2025-03-17,1.0
271752,2021-04-30,0.88
271752,2022-05-07,0.95
271752,2024-06-10,0.97
271752,2025-06-20,1.0
271894,2021-01-22,0.86
271894,2022-04-06,0.92
271894,2023-07-18,0.95
271894,2024-08-12,0.96
271894,2025-12-03,1.0
271959,2021-08-05,0.84
271959,2022-08-16,0.91
271959,2023-03-04,0.96
271959,2025-09-12,1.0
271967,2021-04-20,0.9
271967,2022-09-11,0.97
271967,2024-09-08,0.99
271967,2025-05-14,1.0
272134,2021-01-25,0.9
272134,2023-08-10,0.95
272134,2024-10-09,0.96
272134,2025-10-01,1.0
272447,2021-01-30,0.84
272447,2022-05-03,0.93
272447,2024-01-14,0.98
272447,2025-10-13,1.0
272502,2021-02-09,0.84
272502,2022-05-19,0.92
272502,2023-01-14,0.97
272502,2025-03-06,1.0
272547,2021-10-06,0.95
272547,2023-07-29,0.98
272547,2024-10-25,1.0
272704,2021-05-31,0.87
272704,2022-08-09,0.93
272704,2023-01-29,0.97
272704,2024-03-09,0.98
272704,2025-12-13,1.0
272772,2021-08-06,0.85
272772,2022-10-08,0.94
272772,2023-01-08,0.96
272772,2024-06-22,0.98
272772,2025-11-22,1.0
272876,2021-07-17,0.85
272876,2022-03-19,0.93
272876,2023-11-15,0.96
272876,2024-11-08,0.99
272876,2025-10-21,1.0
272882,2021-06-11,0.86
272882,2022-06-07,0.93
272882,2023-09-21,0.98
272882,2024-06-28,1.0
272982,2021-08-30,0.85
272982,2022-03-30,0.92
272982,2023-02-02,0.94
272982,2024-04-03,0.99
272982,2025-07-01,1.0
273188,2021-05-07,0.86
273188,2022-01-12,0.92
273188,2023-09-09,0.97
273188,2024-09-12,0.99
273188,2025-11-09,1.0
273229,2021-10-21,0.91
273229,2022-09-15,1.0
273326,2021-07-06,0.85
273326,2022-10-30,0.95
273326,2023-02-12,0.97
273326,2024-08-15,1.0
273340,2021-02-15,0.96
273340,2023-09-17,0.98
273340,2025-01-09,1.0
273370,2021-11-08,0.87
273370,2022-06-11,0.95
273370,2024-03-29,0.96
273370,2025-12-29,1.0
273512,2021-08-18,0.85
273512,2022-11-03,0.92
273512,2023-11-30,0.95
273512,2024-06-18,0.97
273512,2025-03-12,1.0
273564,2021-02-02,0.9
273564,2022-11-11,0.98
273564,2024-11-06,1.0
273678,2021-07-27,0.91
273678,2022-08-16,1.0
273781,2021-08-03,0.98
273781,2024-09-26,0.99
273781,2025-08-14,1.0
273791,2021-05-11,0.9
273791,2022-03-05,0.97
273791,2023-09-22,0.99
273791,2025-04-26,1.0
274086,2021-03-10,0.95
274086,2023-12-05,0.99
274086,2025-08-06,1.0
274248,2021-12-09,0.82
274248,2022-10-07,0.9
274248,2023-03-20,0.95
274248,2024-04-27,0.97
274248,2025-08-04,1.0
274318,2021-03-03,0.94
274318,2023-12-18,0.96
274318,2025-03-15,1.0
274369,2021-02-27,0.98
274369,2024-12-26,1.0
274760,2021-11-16,0.87
274760,2022-11-24,0.95
274760,2023-12-19,0.99
274760,2024-08-19,1.0
274790,2021-04-12,0.9
274790,2023-09-12,0.93
274790,2024-12-20,0.97
274790,2025-07-09,1.0
274802,2021-03-02,0.87
274802,2022-12-18,0.96
274802,2025-08-17,1.0
274862,2021-04-11,0.78
274862,2022-12-14,0.87
274862,2023-03-15,0.92
274862,2024-10-07,0.96
274862,2025-03-09,1.0
274899,2021-02-01,0.95
274899,2023-04-01,0.97
274899,2025-01-07,1.0
274919,2021-11-19,0.83
274919,2022-06-04,0.89
274919,2023-07-01,0.93
274919,2024-11-22,0.97
274919,2025-03-28,1.0
274979,2021-10-28,0.86
274979,2022-04-01,0.93
274979,2023-08-24,0.96
274979,2025-03-20,1.0
274999,2021-01-08,0.84
274999,2022-07-07,0.92
274999,2023-01-08,0.94
274999,2024-04-20,0.96
274999,2025-07-23,1.0
275088,2021-05-19,0.93
275088,2024-07-06,0.95
275088,2025-08-26,1.0
275099,2021-11-08,0.83
275099,2022-10-29,0.91
275099,2023-04-06,0.96
275099,2025-12-03,1.0
275176,2021-10-24,0.95
275176,2023-12-29,0.99
275176,2024-08-06,1.0
275270,2021-12-16,0.82
275270,2022-06-06,0.91
275270,2023-02-21,0.95
275270,2024-01-12,1.0
275353,2021-06-11,0.87
275353,2022-02-14,0.95
275353,2023-04-17,1.0
275407,2021-11-30,0.92
275407,2022-12-07,0.99
275407,2025-09-14,1.0
275414,2021-08-22,0.95
275414,2023-11-08,0.97
275414,2024-08-15,0.98
275414,2025-12-19,1.0
275630,2021-08-08,0.81
275630,2022-12-16,0.89
275630,2023-12-13,0.94
275630,2024-04-15,0.97
275630,2025-03-27,1.0
275756,2021-04-14,0.86
275756,2022-01-09,0.93
275756,2024-05-25,0.96
275756,2025-10-01,1.0
275827,2021-06-27,0.86
275827,2022-12-22,0.92
275827,2024-07-13,0.97
275827,2025-03-17,1.0
276055,2021-12-27,0.85
276055,2022-03-08,0.91
276055,2023-01-24,0.93
276055,2024-06-03,0.98
276055,2025-07-27,1.0
276078,2021-01-30,0.86
276078,2022-12-07,0.92
276078,2023-10-14,0.93
276078,2024-11-17,0.98
276078,2025-10-16,1.0
276294,2021-04-28,0.92
276294,2023-05-12,0.96
276294,2024-11-15,0.97
276294,2025-09-09,1.0
276297,2021-05-29,0.89
276297,2022-09-02,0.98
276297,2023-01-17,1.0
276553,2021-07-18,0.91
276553,2023-12-30,0.94
276553,2024-06-03,0.96
276553,2025-04-01,1.0
276637,2021-05-01,0.83
276637,2022-05-22,0.92
276637,2023-05-14,0.96
276637,2024-08-16,1.0
276689,2021-05-07,0.91
276689,2022-06-30,0.97
276689,2025-12-24,1.0
276780,2021-05-22,0.85
276780,2022-12-30,0.92
276780,2023-12-22,0.97
276780,2024-03-05,1.0
276808,2021-03-14,0.94
276808,2023-02-14,0.98
276808,2024-07-11,1.0
276894,2021-09-30,0.94
276894,2023-12-14,0.96
276894,2024-01-16,1.0
276937,2021-11-24,0.91
276937,2024-09-29,0.96
276937,2025-04-13,1.0
276967,2021-02-01,0.88
276967,2022-05-07,0.94
276967,2023-01-23,0.98
276967,2024-02-21,1.0
277010,2021-09-02,0.86
277010,2022-12-11,0.95
277010,2023-08-31,0.98
277010,2024-02-26,1.0
277115,2021-02-11,0.97
277115,2025-08-10,1.0
277293,2021-12-17,0.84
277293,2022-03-27,0.91
277293,2023-10-31,0.94
277293,2024-08-06,0.96
277293,2025-01-02,1.0
277374,2021-11-09,0.87
277374,2022-01-21,0.93
277374,2023-01-07,0.98
277374,2024-09-30,1.0
277472,2021-06-27,0.78
277472,2022-05-13,0.87
277472,2023-02-06,0.92
277472,2024-12-20,0.95
277472,2025-08-29,1.0
277872,2021-05-31,0.81
277872,2022-04-08,0.88
277872,2023-03-26,0.91
277872,2024-11-30,0.95
277872,2025-08-03,1.0
277873,2021-11-25,0.81
277873,2022-07-27,0.87
277873,2023-12-09,0.92
277873,2024-06-06,0.96
277873,2025-09-14,1.0
277990,2021-01-03,0.8
277990,2022-02-13,0.89
277990,2023-04-08,0.93
277990,2024-12-23,0.98
277990,2025-08-07,1.0
278056,2021-06-20,0.9
278056,2022-10-05,1.0
278070,2021-09-10,0.85
278070,2022-07-25,0.91
278070,2023-11-27,0.96
278070,2024-09-09,0.97
278070,2025-06-01,1.0
278138,2021-05-07,0.94
278138,2023-03-05,0.96
278138,2024-03-29,0.99
278138,2025-08-09,1.0
278176,2021-06-12,0.82
278176,2022-07-11,0.89
278176,2023-01-16,0.92
278176,2024-05-15,0.97
278176,2025-01-23,1.0
278254,2021-03-27,0.94
278254,2024-05-29,0.98
278254,2025-02-17,1.0
278272,2021-04-13,0.94
278272,2024-04-24,0.99
278272,2025-10-26,1.0
278426,2021-01-19,0.91
278426,2022-12-25,0.97
278426,2024-07-16,1.0
278428,2021-07-31,0.85
278428,2022-11-16,0.92
278428,2023-09-03,0.95
278428,2024-08-05,0.97
278428,2025-01-18,1.0
278445,2021-11-28,0.87
278445,2022-08-05,0.95
278445,2023-02-20,0.99
278445,2024-02-05,1.0
278529,2021-11-05,0.91
278529,2024-01-26,0.95
278529,2025-08-06,1.0
278699,2021-05-05,0.94
278699,2023-06-18,0.97
278699,2025-12-22,1.0
278706,2021-03-02,0.86
278706,2022-06-25,0.94
278706,2023-10-26,0.96
278706,2024-03-07,1.0
278833,2021-10-16,0.93
278833,2023-11-08,0.97
278833,2024-07-05,1.0
278839,2021-01-21,0.9
278839,2023-02-10,0.93
278839,2024-12-29,0.97
278839,2025-06-09,1.0
279038,2021-11-10,0.83
279038,2022-04-12,0.88
279038,2023-08-14,0.94
279038,2024-06-10,0.99
279038,2025-10-20,1.0
279172,2021-07-04,0.91
279172,2023-01-31,0.96
279172,2024-04-24,0.98
279172,2025-06-13,1.0
279231,2021-07-02,0.86
279231,2022-05-20,0.95
279231,2024-04-12,0.97
279231,2025-02-23,1.0
279412,2021-08-20,0.92
279412,2023-02-09,0.95
279412,2025-01-03,1.0
279475,2021-04-08,0.92
279475,2023-08-31,0.94
279475,2024-06-01,0.97
279475,2025-09-26,1.0
279478,2021-06-26,0.89
279478,2023-06-13,0.93
279478,2024-09-16,0.96
279478,2025-09-30,1.0
279651,2021-11-04,0.96
279651,2023-12-26,1.0
279678,2021-11-20,0.87
279678,2022-04-23,0.95
279678,2025-07-15,1.0
279782,2021-07-13,0.92
279782,2023-06-18,0.96
279782,2025-03-05,1.0
279871,2021-12-28,0.84
279871,2022-04-18,0.94
279871,2023-02-21,0.95
279871,2024-09-28,1.0
280013,2021-07-30,0.88
280013,2023-06-21,0.93
280013,2024-01-15,0.95
280013,2025-10-10,1.0
280277,2021-09-30,0.87
280277,2022-07-26,0.96
280277,2023-06-09,0.99
280277,2025-05-18,1.0
280389,2021-08-30,0.86
280389,2022-05-25,0.93
280389,2023-03-13,0.97
280389,2024-06-16,0.98
280389,2025-02-04,1.0
280504,2021-03-19,0.94
280504,2023-05-25,0.97
280504,2024-10-14,0.98
280504,2025-08-13,1.0
280748,2021-09-30,0.85
280748,2022-12-04,0.95
280748,2023-06-25,0.98
280748,2024-08-08,1.0
280751,2021-01-15,0.89
280751,2022-02-13,0.95
280751,2023-06-09,0.98
280751,2024-01-18,1.0
280754,2021-10-13,0.9
280754,2023-11-17,0.95
280754,2024-09-01,1.0
280813,2021-08-15,0.91
280813,2023-02-05,0.93
280813,2024-05-08,0.97
280813,2025-03-05,1.0
280821,2021-09-05,0.96
280821,2023-06-25,1.0
280839,2021-04-14,0.84
280839,2022-08-09,0.93
280839,2023-03-23,0.96
280839,2024-01-23,0.98
280839,2025-03-20,1.0
280884,2021-03-11,0.9
280884,2022-03-10,1.0
280909,2021-03-18,0.86
280909,2022-10-01,0.96
280909,2023-12-16,1.0
280994,2021-03-08,0.92
280994,2023-08-28,0.98
280994,2025-08-20,1.0
281083,2021-03-29,0.89
281083,2023-09-28,0.94
281083,2024-06-28,0.96
281083,2025-09-07,1.0
281121,2021-10-24,0.94
281121,2023-04-18,0.98
281121,2025-12-28,1.0
281138,2021-08-22,0.99
281138,2025-03-18,1.0
281144,2021-10-10,0.89
281144,2022-03-26,0.96
281144,2024-09-21,1.0
281150,2021-01-28,0.82
281150,2022-09-17,0.9
281150,2023-02-04,0.95
281150,2024-10-12,0.97
281150,2025-02-14,1.0
281303,2021-06-26,0.85
281303,2022-05-20,0.93
281303,2023-11-17,0.96
281303,2024-06-10,0.97
281303,2025-05-07,1.0
281306,2021-01-23,0.91
281306,2024-08-04,0.96
281306,2025-12-08,1.0
281415,2021-05-23,0.95
281415,2025-05-29,1.0
281541,2021-06-22,0.83
281541,2022-12-17,0.9
281541,2023-03-25,0.95
281541,2024-01-12,0.97
281541,2025-06-08,1.0
281609,2021-10-21,0.85
281609,2022-01-22,0.92
281609,2023-07-28,0.97
281609,2025-03-24,1.0
281623,2021-04-04,0.9
281623,2022-06-18,0.97
281623,2023-02-08,0.98
281623,2025-10-06,1.0
281630,2021-07-07,0.83
281630,2022-05-20,0.91
281630,2023-04-26,0.95
281630,2024-08-26,0.98
281630,2025-10-31,1.0
281688,2021-06-18,0.9
281688,2022-07-26,0.98
281688,2025-03-01,1.0
281691,2021-06-26,0.85
281691,2022-01-02,0.93
281691,2023-06-23,0.96
281691,2024-10-01,0.98
281691,2025-01-17,1.0
281758,2021-03-20,0.9
281758,2023-03-12,0.95
281758,2024-03-09,1.0
281765,2021-10-13,0.87
281765,2022-07-27,0.95
281765,2023-09-24,0.97
281765,2025-02-21,1.0
281787,2021-05-19,0.92
281787,2023-05-05,0.97
281787,2024-05-29,1.0
281918,2021-09-29,0.9
281918,2022-09-24,0.99
281918,2025-08-20,1.0
281949,2021-12-29,0.8
281949,2022-02-22,0.89
281949,2023-09-17,0.93
281949,2024-11-30,0.98
281949,2025-08-02,1.0
282006,2021-07-17,0.86
282006,2022-06-14,0.93
282006,2023-01-27,0.96
282006,2024-05-19,1.0
282055,2021-03-07,0.82
282055,2022-12-12,0.91
282055,2023-01-26,0.96
282055,2025-11-28,1.0
282066,2021-09-17,0.9
282066,2022-07-06,0.98
282066,2023-09-09,1.0
282131,2021-03-04,0.88
282131,2022-01-16,0.95
282131,2024-07-09,0.97
282131,2025-05-12,1.0
282404,2021-12-10,0.94
282404,2023-06-17,0.98
282404,2024-03-05,0.99
282404,2025-07-27,1.0
282492,2021-03-05,0.84
282492,2022-07-15,0.93
282492,2024-08-08,0.97
282492,2025-04-18,1.0
282515,2021-04-18,0.84
282515,2022-10-22,0.93
282515,2023-09-22,0.97
282515,2025-11-07,1.0
282518,2021-06-01,0.85
282518,2022-07-11,0.93
282518,2023-03-23,0.97
282518,2024-06-14,1.0
282526,2021-01-02,0.89
282526,2022-02-02,0.95
282526,2024-11-29,1.0
282580,2021-06-14,0.81
282580,2022-05-07,0.88
282580,2023-03-18,0.92
282580,2024-11-26,0.96
282580,2025-12-01,1.0
282695,2021-03-31,0.88
282695,2022-07-20,0.97
282695,2024-08-19,1.0
282697,2021-06-27,0.81
282697,2022-03-26,0.9
282697,2024-12-16,0.95
282697,2025-06-25,1.0
282722,2021-09-22,0.87
282722,2022-08-05,0.95
282722,2023-07-19,0.98
282722,2024-01-14,1.0
282737,2021-11-12,0.83
282737,2022-03-24,0.92
282737,2023-06-19,0.95
282737,2024-12-07,1.0
282791,2021-01-23,0.87
282791,2022-08-24,0.94
282791,2023-02-09,0.97
282791,2024-09-17,0.98
282791,2025-01-17,1.0
282886,2021-07-14,0.84
282886,2022-09-06,0.92
282886,2024-03-20,0.97
282886,2025-05-25,1.0
283026,2021-01-14,0.79
283026,2022-11-20,0.88
283026,2023-07-08,0.93
283026,2024-11-06,0.97
283026,2025-10-08,1.0
283149,2021-02-10,0.89
283149,2022-05-21,0.98
283149,2023-11-17,1.0
283158,2021-09-21,0.88
283158,2022-06-07,0.97
283158,2023-04-06,1.0
283219,2021-04-13,0.83
283219,2022-03-13,0.9
283219,2024-07-25,0.95
283219,2025-09-27,1.0
283519,2021-08-22,0.84
283519,2022-08-03,0.91
283519,2023-03-31,0.96
283519,2024-04-14,1.0
283587,2021-09-19,0.84
283587,2022-08-26,0.89
283587,2023-03-17,0.95
283587,2024-11-22,1.0
283695,2021-08-23,0.84
283695,2022-10-09,0.9
283695,2023-06-22,0.92
283695,2024-06-25,0.97
283695,2025-08-03,1.0
283728,2021-11-18,0.83
283728,2022-12-10,0.92
283728,2024-04-06,0.97
283728,2025-03-20,1.0
283985,2021-10-13,0.85
283985,2022-08-31,0.91
283985,2024-09-12,0.95
283985,2025-10-17,1.0
284124,2021-04-03,0.87
284124,2023-09-19,0.91
284124,2024-05-11,0.95
284124,2025-11-22,1.0
284256,2021-04-13,0.93
284256,2024-11-14,0.97
284256,2025-11-26,1.0
284409,2021-06-06,0.8
284409,2022-06-08,0.87
284409,2023-04-06,0.9
284409,2024-01-24,0.95
284409,2025-09-08,1.0
284500,2021-05-06,0.77
284500,2022-04-08,0.86
284500,2023-12-30,0.91
284500,2024-11-25,0.95
284500,2025-02-05,1.0
284551,2021-03-16,0.84
284551,2022-06-18,0.9
284551,2023-11-06,0.96
284551,2025-12-20,1.0
284618,2021-06-11,0.86
284618,2022-06-28,0.93
284618,2023-02-01,0.95
284618,2024-12-07,1.0
284734,2021-10-05,0.96
284734,2023-05-19,0.98
284734,2024-07-27,1.0
284857,2021-03-28,0.84
284857,2022-03-23,0.92
284857,2023-08-08,0.95
284857,2024-08-18,0.99
284857,2025-10-06,1.0
284884,2021-03-05,0.96
284884,2024-10-31,0.98
284884,2025-11-24,1.0
284930,2021-07-14,0.94
284930,2023-01-14,0.96
284930,2024-07-01,0.98
284930,2025-10-05,1.0
285189,2021-05-16,0.88
285189,2023-08-31,0.92
285189,2024-10-06,0.95
285189,2025-02-14,1.0
285235,2021-05-18,0.91
285235,2023-11-03,0.97
285235,2024-12-17,0.99
285235,2025-01-11,1.0
285343,2021-04-12,0.93
285343,2024-03-19,0.96
285343,2025-03-29,1.0
285541,2021-01-17,0.86
285541,2022-11-08,0.96
285541,2023-05-04,0.97
285541,2025-03-20,1.0
285831,2021-04-07,0.93
285831,2022-02-20,1.0
285933,2021-07-26,0.92
285933,2024-09-25,0.97
285933,2025-10-06,1.0
286238,2021-11-10,0.86
286238,2022-05-25,0.95
286238,2023-10-12,1.0
286276,2021-04-26,0.96
286276,2024-05-26,0.99
286276,2025-03-06,1.0
286282,2021-04-16,0.89
286282,2022-10-29,0.98
286282,2023-04-29,1.0
286414,2021-10-13,0.81
286414,2022-12-03,0.88
286414,2023-08-25,0.93
286414,2024-01-07,0.98
286414,2025-05-15,1.0
286493,2021-12-18,0.99
286493,2025-08-31,1.0
286498,2021-04-28,0.92
286498,2023-04-23,0.94
286498,2024-05-03,0.97
286498,2025-06-09,1.0
286577,2021-04-23,0.85
286577,2022-11-11,0.94
286577,2023-08-05,0.98
286577,2024-03-04,0.99
286577,2025-11-28,1.0
286751,2021-03-04,0.94
286751,2023-11-06,0.99
286751,2024-05-03,1.0
286757,2021-08-21,0.85
286757,2022-03-18,0.94
286757,2024-04-10,0.95
286757,2025-08-08,1.0
286825,2021-05-28,0.84
286825,2022-07-14,0.91
286825,2023-07-13,0.96
286825,2024-06-02,1.0
286872,2021-06-10,0.95
286872,2023-12-20,0.99
286872,2025-03-17,1.0
286939,2021-12-21,0.84
286939,2022-07-18,0.9
286939,2023-06-26,0.94
286939,2024-03-01,0.96
286939,2025-12-12,1.0
286966,2021-09-28,0.96
286966,2023-12-04,1.0
287037,2021-09-13,0.92
287037,2022-05-17,0.99
287037,2025-03-16,1.0
287060,2021-09-24,0.84
287060,2022-06-15,0.92
287060,2023-12-08,0.95
287060,2024-03-03,0.99
287060,2025-03-12,1.0
287091,2021-09-07,0.8
287091,2022-01-21,0.88
287091,2023-06-07,0.91
287091,2024-10-29,0.95
287091,2025-09-06,1.0
287110,2021-06-27,0.86
287110,2022-07-15,0.95
287110,2023-05-08,1.0
287260,2021-04-15,0.91
287260,2022-09-03,0.97
287260,2024-09-30,1.0
287323,2021-10-22,0.91
287323,2022-02-05,0.97
287323,2025-06-23,1.0
287366,2021-07-13,0.81
287366,2022-08-29,0.88
287366,2023-01-31,0.92
287366,2024-03-31,0.96
287366,2025-05-04,1.0
287400,2021-05-01,0.86
287400,2022-12-19,0.94
287400,2023-01-27,0.96
287400,2025-10-26,1.0
287412,2021-04-27,0.89
287412,2022-09-29,0.96
287412,2024-03-20,0.99
287412,2025-12-12,1.0
287503,2021-04-04,0.85
287503,2022-05-17,0.91
287503,2023-06-25,0.96
287503,2025-08-20,1.0
287538,2021-01-17,0.83
287538,2022-03-04,0.92
287538,2024-04-22,0.96
287538,2025-10-01,1.0
287582,2021-12-21,0.85
287582,2022-02-22,0.91
287582,2023-04-20,0.94
287582,2024-04-29,0.97
287582,2025-12-17,1.0
287716,2021-05-10,0.92
287716,2022-12-23,1.0
287740,2021-01-31,0.89
287740,2022-08-19,0.97
287740,2024-07-20,1.0
287806,2021-07-17,0.82
287806,2022-09-28,0.89
287806,2023-12-15,0.91
287806,2024-02-20,0.96
287806,2025-09-08,1.0
287885,2021-07-23,0.85
287885,2022-07-23,0.91
287885,2023-06-11,0.93
287885,2024-02-23,0.96
287885,2025-04-17,1.0
287975,2021-07-16,0.96
287975,2023-11-20,1.0
288013,2021-09-25,0.97
288013,2023-06-15,1.0
288044,2021-10-16,0.92
288044,2023-01-18,0.95
288044,2025-07-07,1.0
288207,2021-03-15,0.88
288207,2022-02-28,0.95
288207,2023-11-05,1.0
288225,2021-06-22,0.9
288225,2022-10-30,0.97
288225,2023-03-12,1.0
288229,2021-08-01,0.84
288229,2022-05-09,0.9
288229,2023-11-03,0.94
288229,2024-11-19,0.96
288229,2025-06-22,1.0
288260,2021-08-08,0.87
288260,2022-06-20,0.94
288260,2023-10-08,0.98
288260,2025-11-01,1.0
288291,2021-12-18,0.92
288291,2022-07-14,0.99
288291,2025-03-06,1.0
288465,2021-03-10,0.87
288465,2022-12-22,0.93
288465,2023-01-14,0.96
288465,2024-05-18,1.0
288570,2021-07-29,0.91
288570,2023-02-05,0.97
288570,2025-10-09,1.0
288944,2021-02-07,0.97
288944,2024-10-30,0.98
288944,2025-03-14,1.0
288972,2021-03-12,0.84
288972,2022-06-23,0.92
288972,2023-10-23,0.98
288972,2024-06-27,1.0
289156,2021-11-30,0.8
289156,2022-05-30,0.89
289156,2023-05-22,0.94
289156,2024-01-17,0.96
289156,2025-03-09,1.0
289160,2021-02-23,0.85
289160,2022-04-07,0.92
289160,2023-12-26,0.95
289160,2024-08-13,0.97
289160,2025-01-29,1.0
289245,2021-07-17,0.98
289245,2024-02-05,0.99
289245,2025-03-12,1.0
289814,2021-11-18,0.92
289814,2023-03-14,0.98
289814,2025-09-03,1.0
289931,2021-04-08,0.83
289931,2022-07-21,0.89
289931,2023-04-16,0.93
289931,2024-02-13,0.98
289931,2025-06-09,1.0
290003,2021-04-25,0.94
290003,2023-08-17,0.95
290003,2025-07-16,1.0
290044,2021-10-17,0.88
290044,2022-10-16,0.94
290044,2024-11-12,0.99
290044,2025-06-22,1.0
290143,2021-06-11,0.89
290143,2022-10-09,0.98
290143,2024-01-12,0.99
290143,2025-04-05,1.0
290173,2021-11-17,0.85
290173,2022-04-26,0.91
290173,2023-02-26,0.96
290173,2024-05-16,1.0
290221,2021-10-10,0.86
290221,2022-07-25,0.94
290221,2023-05-24,0.98
290221,2024-05-16,0.99
290221,2025-05-20,1.0
290309,2021-11-06,0.83
290309,2022-01-26,0.92
290309,2024-05-16,0.96
290309,2025-04-05,1.0
290313,2021-05-18,0.84
290313,2022-03-22,0.89
290313,2023-12-10,0.94
290313,2024-04-19,0.96
290313,2025-10-18,1.0
290573,2021-06-19,0.84
290573,2022-06-17,0.93
290573,2024-08-01,0.98
290573,2025-05-15,1.0
290821,2021-04-09,0.84
290821,2022-09-23,0.93
290821,2024-07-02,0.98
290821,2025-05-21,1.0
290960,2021-01-20,0.86
290960,2022-05-10,0.94
290960,2024-12-30,0.98
290960,2025-09-08,1.0
291112,2021-12-05,0.94
291112,2024-11-23,0.99
291112,2025-06-12,1.0
291119,2021-02-12,0.96
291119,2023-01-26,1.0
291210,2021-12-19,0.83
291210,2022-09-08,0.9
291210,2023-10-28,0.95
291210,2024-06-13,0.98
291210,2025-07-13,1.0
291258,2021-09-05,0.85
291258,2022-01-28,0.93
291258,2023-09-05,0.97
291258,2024-08-02,0.99
291258,2025-07-26,1.0
291347,2021-07-15,0.87
291347,2022-04-07,0.95
291347,2025-05-10,1.0
291358,2021-06-01,0.95
291358,2024-12-21,0.96
291358,2025-09-13,1.0
291639,2021-01-15,0.85
291639,2022-04-27,0.93
291639,2023-03-07,0.96
291639,2024-09-10,0.98
291639,2025-08-25,1.0
291659,2021-09-25,0.91
291659,2024-05-17,0.96
291659,2025-04-08,1.0
291794,2021-11-11,0.94
291794,2024-07-25,0.97
291794,2025-08-28,1.0
291822,2021-09-21,0.83
291822,2022-05-17,0.9
291822,2024-12-04,0.95
291822,2025-01-04,1.0
291921,2021-06-28,0.93
291921,2023-07-18,0.96
291921,2024-09-20,0.98
291921,2025-12-09,1.0
292341,2021-05-03,0.86
292341,2022-02-26,0.95
292341,2024-11-26,1.0
292570,2021-08-15,0.96
292570,2024-05-19,0.98
292570,2025-08-02,1.0
292603,2021-01-30,0.86
292603,2022-12-10,0.93
292603,2023-07-28,0.98
292603,2024-10-28,1.0
292623,2021-02-08,0.84
292623,2022-08-10,0.94
292623,2024-09-25,0.95
292623,2025-09-01,1.0
292696,2021-06-18,0.85
292696,2022-01-20,0.95
292696,2024-07-12,0.97
292696,2025-08-17,1.0
292793,2021-12-29,0.86
292793,2022-05-09,0.93
292793,2023-07-12,0.97
292793,2024-05-12,1.0
292857,2021-05-28,0.85
292857,2022-10-22,0.94
292857,2023-01-01,0.96
292857,2024-07-06,0.98
292857,2025-08-21,1.0
292945,2021-03-20,0.91
292945,2022-01-22,0.98
292945,2025-01-31,1.0
293040,2021-05-13,0.84
293040,2022-01-18,0.93
293040,2023-12-21,0.96
293040,2024-08-20,0.98
293040,2025-12-31,1.0
293111,2021-05-03,0.82
293111,2022-10-08,0.9
293111,2023-09-30,0.94
293111,2024-07-30,0.95
293111,2025-10-31,1.0
293320,2021-07-28,0.89
293320,2022-07-29,0.98
293320,2023-01-19,1.0
293805,2021-12-13,0.92
293805,2024-03-06,0.96
293805,2025-11-17,1.0
293810,2021-08-02,0.94
293810,2024-11-02,0.98
293810,2025-01-10,1.0
293857,2021-02-03,0.85
293857,2022-03-03,0.91
293857,2023-04-24,0.94
293857,2024-08-26,0.96
293857,2025-08-21,1.0
293891,2021-04-22,0.91
293891,2024-12-20,0.96
293891,2025-02-22,1.0
293916,2021-10-12,0.96
293916,2023-04-18,0.98
293916,2025-12-09,1.0
294534,2021-07-29,0.89
294534,2022-07-09,0.95
294534,2023-06-29,0.96
294534,2024-01-04,1.0
294584,2021-07-31,0.95
294584,2023-07-19,0.99
294584,2025-03-03,1.0
294631,2021-01-15,0.91
294631,2023-02-22,0.94
294631,2024-07-16,0.96
294631,2025-02-21,1.0
294793,2021-02-04,0.9
294793,2023-03-08,0.95
294793,2024-11-04,0.98
294793,2025-11-01,1.0
294897,2021-12-30,0.85
294897,2022-09-19,0.94
294897,2024-02-04,0.98
294897,2025-04-18,1.0
294949,2021-03-03,0.95
294949,2023-10-11,1.0
294951,2021-03-11,0.84
294951,2022-06-26,0.9
294951,2024-04-24,0.95
294951,2025-04-24,1.0
294992,2021-07-28,0.91
294992,2022-12-06,0.97
294992,2023-05-30,0.99
294992,2025-02-07,1.0
295168,2021-07-02,0.88
295168,2022-12-03,0.97
295168,2024-03-31,1.0
295329,2021-12-14,0.91
295329,2022-05-24,0.98
295329,2025-05-05,1.0
295357,2021-12-15,0.87
295357,2022-10-25,0.93
295357,2023-09-15,0.96
295357,2024-12-19,1.0
295457,2021-07-15,0.9
295457,2023-03-13,0.94
295457,2024-09-26,0.95
295457,2025-01-31,1.0
295495,2021-10-07,0.83
295495,2022-07-19,0.91
295495,2023-01-01,0.95
295495,2024-07-24,0.96
295495,2025-04-14,1.0
295565,2021-10-02,0.87
295565,2023-04-19,0.91
295565,2024-11-08,0.96
295565,2025-10-04,1.0
295737,2021-11-26,0.88
295737,2023-12-12,0.94
295737,2024-08-09,0.99
295737,2025-12-04,1.0
295765,2021-02-09,0.85
295765,2022-07-12,0.94
295765,2023-07-18,0.96
295765,2024-10-11,1.0
295967,2021-10-07,0.87
295967,2022-12-26,0.93
295967,2023-01-13,0.95
295967,2024-06-05,1.0
296131,2021-03-20,0.91
296131,2022-10-15,0.98
296131,2024-10-21,1.0
296255,2021-05-29,0.87
296255,2022-01-12,0.95
296255,2023-12-14,0.98
296255,2024-08-25,1.0
296434,2021-10-02,0.89
296434,2023-11-14,0.93
296434,2024-03-01,0.98
296434,2025-02-14,1.0
296688,2021-11-18,0.94
296688,2023-05-07,0.95
296688,2024-10-22,0.97
296688,2025-03-12,1.0
297191,2021-06-01,0.87
297191,2022-10-28,0.94
297191,2024-04-12,0.96
297191,2025-10-02,1.0
297397,2021-12-17,0.93
297397,2023-08-26,0.97
297397,2024-07-03,1.0
297492,2021-07-06,0.96
297492,2023-03-03,1.0
297654,2021-11-07,0.95
297654,2023-02-18,0.98
297654,2024-03-01,1.0
297694,2021-09-22,0.88
297694,2022-10-06,0.96
297694,2024-02-19,0.99
297694,2025-12-22,1.0
297911,2021-11-18,0.91
297911,2022-08-29,0.99
297911,2025-03-10,1.0
298427,2021-09-07,0.91
298427,2023-06-30,0.96
298427,2025-04-23,1.0
298522,2021-09-09,0.95
298522,2023-10-29,1.0
298706,2021-05-24,0.91
298706,2022-04-30,0.97
298706,2024-11-23,0.98
298706,2025-12-23,1.0
298733,2021-03-01,0.91
298733,2022-01-10,0.97
298733,2024-08-10,0.99
298733,2025-06-15,1.0
298762,2021-10-03,0.89
298762,2022-05-10,0.96
298762,2023-12-21,0.99
298762,2025-11-16,1.0
298778,2021-01-15,0.85
298778,2022-09-11,0.94
298778,2023-07-29,0.97
298778,2024-08-10,1.0
298821,2021-10-03,0.88
298821,2022-11-25,0.95
298821,2024-10-22,0.97
298821,2025-09-15,1.0
298886,2021-03-16,0.83
298886,2022-10-16,0.89
298886,2023-11-20,0.93
298886,2024-10-17,0.97
298886,2025-12-24,1.0
298987,2021-07-27,0.91
298987,2022-06-14,0.97
298987,2024-07-23,1.0
298995,2021-10-15,0.83
298995,2022-06-23,0.91
298995,2023-12-04,0.96
298995,2025-01-30,1.0
299010,2021-11-08,0.93
299010,2023-11-15,0.97
299010,2024-05-05,1.0
299023,2021-04-16,0.93
299023,2023-12-04,0.95
299023,2024-08-25,0.97
299023,2025-06-23,1.0
299047,2021-04-11,0.88
299047,2022-07-19,0.97
299047,2023-11-06,1.0
299153,2021-09-16,0.81
299153,2022-08-11,0.89
299153,2023-04-28,0.92
299153,2024-09-01,0.95
299153,2025-11-30,1.0
299181,2021-12-07,0.85
299181,2022-10-30,0.95
299181,2023-05-06,0.97
299181,2025-02-03,1.0
299287,2021-05-23,0.89
299287,2022-01-20,0.97
299287,2024-09-05,0.99
299287,2025-05-12,1.0
299348,2021-09-19,0.94
299348,2023-11-13,0.95
299348,2024-05-26,0.96
299348,2025-07-14,1.0
299486,2021-11-24,0.85
299486,2022-10-30,0.91
299486,2023-11-03,0.95
299486,2025-07-18,1.0
299502,2021-04-22,0.86
299502,2022-09-19,0.93
299502,2023-03-04,0.97
299502,2024-04-17,0.99
299502,2025-02-05,1.0
299517,2021-06-13,0.84
299517,2022-12-29,0.93
299517,2024-01-28,0.95
299517,2025-11-07,1.0
299700,2021-08-09,0.84
299700,2022-12-07,0.9
299700,2023-10-23,0.93
299700,2024-04-16,0.97
299700,2025-08-03,1.0
299728,2021-08-08,1.0
299809,2021-09-12,0.87
299809,2022-02-05,0.96
299809,2023-12-26,0.98
299809,2024-10-23,0.99
299809,2025-10-15,1.0
300006,2021-07-09,0.81
300006,2022-02-19,0.88
300006,2023-05-02,0.92
300006,2024-02-20,0.95
300006,2025-09-18,1.0
300082,2021-02-19,0.87
300082,2022-04-24,0.94
300082,2024-02-16,0.95
300082,2025-05-09,1.0
300088,2021-10-27,0.87
300088,2022-06-28,0.93
300088,2023-11-19,0.97
300088,2024-06-25,0.98
300088,2025-08-29,1.0
300103,2021-12-12,0.92
300103,2023-03-05,0.95
300103,2024-06-05,1.0
300128,2021-08-30,0.94
300128,2023-08-20,0.95
300128,2024-03-29,0.97
300128,2025-02-03,1.0
300200,2021-07-04,0.95
300200,2024-10-29,1.0
300213,2021-10-20,0.85
300213,2022-10-17,0.91
300213,2023-12-20,0.96
300213,2024-01-03,0.98
300213,2025-11-17,1.0
300236,2021-08-12,0.89
300236,2023-09-22,0.93
300236,2024-04-12,0.95
300236,2025-09-12,1.0
300263,2021-11-02,0.85
300263,2022-05-05,0.93
300263,2024-12-19,0.97
300263,2025-11-08,1.0
300315,2021-10-31,0.86
300315,2022-05-27,0.93
300315,2023-10-30,0.95
300315,2024-12-06,1.0
300330,2021-12-27,0.85
300330,2022-02-22,0.92
300330,2024-10-23,0.96
300330,2025-01-18,1.0
300387,2021-06-16,0.84
300387,2022-11-20,0.91
300387,2023-11-22,0.96
300387,2024-03-24,0.98
300387,2025-11-20,1.0
300631,2021-01-11,0.96
300631,2023-07-13,1.0
300973,2021-12-03,0.92
300973,2024-11-23,0.96
300973,2025-11-22,1.0
300995,2021-06-16,0.86
300995,2022-09-03,0.92
300995,2024-04-02,0.97
300995,2025-01-26,1.0
301015,2021-05-18,0.89
301015,2022-06-23,0.95
301015,2023-01-25,1.0
301135,2021-10-11,0.83
301135,2022-11-16,0.9
301135,2023-02-11,0.94
301135,2024-06-10,0.96
301135,2025-12-02,1.0
301216,2021-06-27,0.93
301216,2024-07-31,0.97
301216,2025-12-24,1.0
301277,2021-08-17,0.89
301277,2022-12-31,0.96
301277,2024-10-23,1.0
301788,2021-03-05,0.82
301788,2022-08-13,0.9
301788,2024-05-26,0.95
301788,2025-06-23,1.0
302246,2021-04-03,0.88
302246,2022-09-27,0.96
302246,2023-07-16,1.0
302303,2021-07-14,0.83
302303,2022-10-21,0.9
302303,2023-05-06,0.95
302303,2024-02-03,1.0
302334,2021-09-12,0.87
302334,2022-10-07,0.95
302334,2023-02-25,0.98
302334,2025-09-01,1.0
302349,2021-02-09,0.83
302349,2022-02-22,0.9
302349,2023-10-14,0.94
302349,2024-11-12,0.99
302349,2025-06-06,1.0
302357,2021-02-04,0.84
302357,2022-10-04,0.91
302357,2023-06-15,0.96
302357,2025-02-16,1.0
302432,2021-02-04,0.88
302432,2022-01-16,0.95
302432,2024-04-11,1.0
302487,2021-08-09,0.94
302487,2023-11-28,0.96
302487,2024-11-17,0.97
302487,2025-05-03,1.0
302555,2021-10-28,0.91
302555,2023-12-05,0.96
302555,2025-06-12,1.0
302583,2021-12-23,0.96
302583,2025-08-03,1.0
302806,2021-05-08,0.93
302806,2023-03-11,0.96
302806,2025-08-20,1.0
302812,2021-01-01,0.94
302812,2023-11-24,0.96
302812,2024-12-11,0.97
302812,2025-11-04,1.0
302813,2021-07-05,0.95
302813,2023-09-01,0.98
302813,2024-05-07,1.0
302878,2021-02-04,0.99
302878,2025-04-29,1.0
303066,2021-01-17,0.83
303066,2022-04-22,0.91
303066,2023-03-20,0.93
303066,2024-10-29,0.96
303066,2025-04-09,1.0
303126,2021-12-20,0.86
303126,2022-04-11,0.93
303126,2023-10-02,0.96
303126,2024-10-12,1.0
303167,2021-06-02,0.91
303167,2023-06-30,0.96
303167,2024-08-27,0.98
303167,2025-08-20,1.0
303244,2021-12-14,0.84
303244,2022-10-01,0.91
303244,2023-01-17,0.94
303244,2024-11-04,0.99
303244,2025-11-20,1.0
303272,2021-10-28,0.89
303272,2022-11-16,0.96
303272,2024-06-17,0.97
303272,2025-10-23,1.0
303367,2021-10-22,0.86
303367,2022-12-02,0.93
303367,2023-06-30,0.98
303367,2024-10-29,0.99
303367,2025-02-11,1.0
303398,2021-11-04,0.85
303398,2022-03-25,0.92
303398,2024-09-17,0.95
303398,2025-05-23,1.0
303410,2021-06-27,0.84
303410,2022-07-24,0.92
303410,2023-02-04,0.96
303410,2024-01-11,1.0
303565,2021-08-04,0.87
303565,2022-11-18,0.94
303565,2023-10-10,0.96
303565,2024-03-09,0.98
303565,2025-10-10,1.0
303583,2021-07-02,0.89
303583,2022-05-29,0.97
303583,2023-03-16,0.99
303583,2025-08-09,1.0
303628,2021-02-27,0.92
303628,2023-06-26,0.97
303628,2024-12-04,0.99
303628,2025-09-02,1.0
303665,2021-10-07,0.83
303665,2022-09-06,0.9
303665,2023-06-16,0.96
303665,2024-01-06,1.0
303671,2021-05-13,0.83
303671,2022-02-25,0.91
303671,2024-02-25,0.95
303671,2025-05-31,1.0
303672,2021-01-03,0.88
303672,2022-04-21,0.96
303672,2023-06-01,0.98
303672,2025-11-09,1.0
303701,2021-03-07,0.84
303701,2022-08-12,0.93
303701,2024-09-10,0.97
303701,2025-11-05,1.0
303708,2021-04-06,0.93
303708,2024-02-05,0.96
303708,2025-01-17,1.0
303781,2021-09-03,0.96
303781,2023-05-07,0.98
303781,2024-03-18,0.99
303781,2025-09-02,1.0
303821,2021-06-22,0.89
303821,2023-09-11,0.94
303821,2024-01-04,0.98
303821,2025-04-17,1.0
304016,2021-02-07,0.85
304016,2022-06-19,0.93
304016,2023-12-26,0.96
304016,2025-04-15,1.0
304023,2021-07-20,0.98
304023,2025-07-21,1.0
304038,2021-01-21,0.83
304038,2022-10-22,0.91
304038,2023-04-15,0.95
304038,2024-10-12,1.0
304042,2021-03-11,0.88
304042,2022-11-30,0.97
304042,2025-12-03,1.0
304221,2021-08-15,0.87
304221,2022-08-13,0.94
304221,2023-08-05,0.99
304221,2025-05-13,1.0
304288,2021-08-30,0.82
304288,2022-08-14,0.9
304288,2023-08-18,0.95
304288,2024-02-17,1.0
304566,2021-07-28,0.88
304566,2022-11-19,0.95
304566,2023-08-30,0.98
304566,2025-04-08,1.0
304626,2021-01-16,0.95
304626,2023-02-22,0.98
304626,2024-11-28,1.0
304867,2021-08-12,0.83
304867,2022-01-02,0.91
304867,2023-04-07,0.94
304867,2024-09-17,0.96
304867,2025-03-11,1.0
305065,2021-09-21,0.84
305065,2022-01-21,0.93
305065,2023-09-08,0.95
305065,2024-07-13,0.98
305065,2025-08-31,1.0
305091,2021-02-10,0.85
305091,2022-01-14,0.94
305091,2023-03-27,1.0
305199,2021-03-28,0.85
305199,2022-06-24,0.94
305199,2023-12-15,0.96
305199,2024-03-15,0.99
305199,2025-11-18,1.0
305285,2021-07-21,0.94
305285,2023-01-27,0.99
305285,2024-01-07,1.0
305404,2021-01-27,0.82
305404,2022-07-21,0.91
305404,2023-03-19,0.93
305404,2024-10-07,0.96
305404,2025-10-10,1.0
305440,2021-04-29,0.85
305440,2022-08-15,0.92
305440,2023-05-08,0.95
305440,2024-10-01,1.0
305448,2021-05-26,0.88
305448,2023-08-02,0.93
305448,2024-06-26,0.96
305448,2025-12-25,1.0
305498,2021-03-03,0.98
305498,2023-12-22,1.0
305629,2021-11-14,0.89
305629,2023-01-21,0.94
305629,2024-04-13,0.97
305629,2025-10-30,1.0
305795,2021-08-30,0.84
305795,2022-10-27,0.91
305795,2024-02-18,0.95
305795,2025-04-03,1.0
305939,2021-07-17,0.86
305939,2022-07-01,0.95
305939,2024-09-05,0.97
305939,2025-01-17,1.0
305948,2021-08-15,0.88
305948,2022-03-27,0.97
305948,2024-06-05,0.98
305948,2025-06-25,1.0
306199,2021-06-28,0.99
306199,2024-03-23,1.0
306328,2021-10-24,0.95
306328,2023-10-11,0.96
306328,2025-11-10,1.0
306336,2021-09-03,0.93
306336,2022-12-22,1.0
306389,2021-04-14,0.85
306389,2022-03-24,0.92
306389,2023-01-25,0.95
306389,2024-09-13,0.99
306389,2025-09-29,1.0
306419,2021-04-20,0.93
306419,2024-11-14,0.96
306419,2025-12-09,1.0
306562,2021-10-29,0.85
306562,2022-11-11,0.91
306562,2024-03-07,0.95
306562,2025-07-13,1.0
306637,2021-07-26,0.86
306637,2022-11-14,0.93
306637,2023-09-14,0.97
306637,2025-04-21,1.0
307078,2021-05-22,0.95
307078,2024-10-21,0.97
307078,2025-08-04,1.0
307131,2021-01-03,0.91
307131,2023-06-30,0.95
307131,2024-08-06,0.97
307131,2025-10-21,1.0
307336,2021-12-30,0.86
307336,2022-09-16,0.93
307336,2023-08-14,0.97
307336,2024-06-27,1.0
307375,2021-03-02,0.82
307375,2022-02-01,0.9
307375,2023-03-09,0.95
307375,2025-01-31,1.0
307445,2021-05-31,0.93
307445,2022-05-13,0.99
307445,2024-08-26,1.0
307511,2021-04-24,0.83
307511,2022-04-07,0.92
307511,2023-05-11,0.94
307511,2024-03-19,0.96
307511,2025-11-18,1.0
307570,2021-07-28,0.85
307570,2022-03-06,0.93
307570,2023-12-13,0.98
307570,2025-08-24,1.0
307578,2021-09-21,0.84
307578,2022-12-06,0.93
307578,2023-12-07,0.95
307578,2025-11-10,1.0
307765,2021-10-11,0.86
307765,2022-05-04,0.93
307765,2023-08-12,0.96
307765,2025-07-18,1.0
307789,2021-07-21,0.88
307789,2023-03-07,0.91
307789,2024-10-06,0.96
307789,2025-04-29,1.0
307794,2021-01-13,0.86
307794,2022-06-13,0.93
307794,2023-06-23,0.99
307794,2025-11-15,1.0
307973,2021-01-26,0.96
307973,2024-06-17,0.98
307973,2025-09-28,1.0
308037,2021-08-11,0.95
308037,2023-09-12,0.99
308037,2025-05-18,1.0
308431,2021-11-21,0.86
308431,2022-04-10,0.92
308431,2023-11-01,0.93
308431,2024-06-24,0.97
308431,2025-08-10,1.0
308573,2021-08-10,0.89
308573,2022-04-28,0.96
308573,2024-05-21,1.0
308654,2021-09-02,0.88
308654,2022-11-05,0.95
308654,2023-03-31,0.99
308654,2024-10-04,1.0
308700,2021-11-22,0.87
308700,2022-08-25,0.94
308700,2023-06-05,0.97
308700,2024-12-22,0.98
308700,2025-02-08,1.0
308702,2021-10-26,0.96
308702,2024-06-01,0.99
308702,2025-02-28,1.0
308817,2021-04-30,0.84
308817,2022-05-01,0.92
308817,2023-01-27,0.94
308817,2024-07-06,0.98
308817,2025-03-27,1.0
308891,2021-09-09,0.87
308891,2022-04-15,0.95
308891,2023-11-06,0.99
308891,2025-08-10,1.0
309107,2021-08-18,0.91
309107,2023-02-05,0.94
309107,2024-01-29,0.96
309107,2025-09-12,1.0
309216,2021-07-14,0.91
309216,2022-05-16,0.97
309216,2024-10-05,1.0
309304,2021-03-31,0.85
309304,2022-03-22,0.93
309304,2023-05-16,0.97
309304,2024-02-03,0.99
309304,2025-09-24,1.0
309358,2021-04-09,0.87
309358,2022-05-23,0.95
309358,2024-11-30,1.0
309420,2021-04-11,0.86
309420,2022-12-28,0.95
309420,2023-03-19,1.0
309422,2021-02-17,0.88
309422,2022-09-28,0.97
309422,2024-08-13,0.99
309422,2025-08-22,1.0
309697,2021-01-25,0.91
309697,2023-02-04,0.95
309697,2024-09-07,0.98
309697,2025-10-08,1.0
309728,2021-05-18,0.86
309728,2022-06-01,0.92
309728,2023-11-23,0.97
309728,2025-04-27,1.0
309882,2021-11-20,0.89
309882,2022-03-07,0.98
309882,2023-09-16,0.99
309882,2025-03-08,1.0
310133,2021-12-20,0.82
310133,2022-01-12,0.9
310133,2024-02-26,0.95
310133,2025-10-15,1.0
310224,2021-10-13,0.88
310224,2022-01-26,0.95
310224,2023-08-08,0.99
310224,2024-03-15,1.0
310362,2021-07-13,0.88
310362,2022-02-21,0.95
310362,2023-07-07,1.0
310493,2021-01-14,0.8
310493,2022-09-18,0.89
310493,2023-03-03,0.94
310493,2024-03-02,0.98
310493,2025-10-01,1.0
310627,2021-10-15,0.94
310627,2024-01-29,0.97
310627,2025-12-02,1.0
310650,2021-11-03,0.88
310650,2022-10-09,0.95
310650,2023-06-19,0.98
310650,2025-03-04,1.0
310773,2021-12-12,0.88
310773,2022-05-02,0.97
310773,2023-11-25,1.0
310788,2021-02-03,0.92
310788,2022-08-28,0.98
310788,2023-06-17,1.0
311121,2021-02-16,0.96
311121,2023-12-16,0.97
311121,2024-10-22,1.0
311176,2021-06-30,0.84
311176,2022-12-24,0.92
311176,2023-04-28,0.98
311176,2025-09-27,1.0
311183,2021-11-21,0.89
311183,2023-08-21,0.94
311183,2024-01-31,0.98
311183,2025-08-24,1.0
311346,2021-11-18,0.93
311346,2024-11-13,0.96
311346,2025-09-27,1.0
311376,2021-04-08,0.86
311376,2022-04-10,0.95
311376,2023-07-31,1.0
311421,2021-09-06,0.9
311421,2022-04-13,0.99
311421,2024-10-13,1.0
311630,2021-07-26,0.88
311630,2022-12-24,0.94
311630,2023-08-18,0.99
311630,2024-01-08,1.0
311655,2021-03-29,0.82
311655,2022-07-22,0.88
311655,2023-08-29,0.91
311655,2024-03-01,0.95
311655,2025-11-14,1.0
311769,2021-10-15,0.81
311769,2022-09-12,0.89
311769,2023-09-10,0.95
311769,2024-10-22,0.98
311769,2025-02-17,1.0
311806,2021-12-15,0.9
311806,2022-04-19,0.98
311806,2024-07-27,1.0
311887,2021-07-06,0.84
311887,2022-12-31,0.93
311887,2023-12-25,0.98
311887,2025-10-09,1.0
311890,2021-06-14,0.9
311890,2022-07-18,0.97
311890,2024-04-05,1.0
312033,2021-08-07,0.81
312033,2022-01-27,0.88
312033,2023-11-25,0.93
312033,2024-02-09,0.96
312033,2025-07-05,1.0
312112,2021-09-14,0.9
312112,2023-09-06,0.93
312112,2024-07-24,0.98
312112,2025-01-06,1.0
312283,2021-04-19,0.91
312283,2023-12-13,0.96
312283,2025-03-20,1.0
312400,2021-04-14,0.9
312400,2023-03-31,0.92
312400,2024-11-26,0.95
312400,2025-11-23,1.0
312698,2021-05-19,0.88
312698,2022-05-04,0.95
312698,2023-11-26,0.98
312698,2024-02-23,1.0
312702,2021-03-16,0.9
312702,2023-09-17,0.92
312702,2024-09-07,0.97
312702,2025-10-04,1.0
312740,2021-02-27,0.84
312740,2022-07-24,0.92
312740,2023-10-15,0.97
312740,2024-09-07,1.0
312883,2021-08-19,0.89
312883,2023-12-17,0.93
312883,2024-04-27,0.96
312883,2025-12-05,1.0
312971,2021-04-28,0.89
312971,2022-04-21,0.96
312971,2023-07-17,0.98
312971,2024-09-01,1.0
313068,2021-02-21,0.85
313068,2022-01-13,0.91
313068,2023-04-24,0.97
313068,2025-03-21,1.0
313159,2021-02-24,0.95
313159,2023-01-03,0.97
313159,2024-05-14,1.0
313256,2021-04-30,0.94
313256,2023-10-09,0.97
313256,2024-05-20,0.98
313256,2025-02-07,1.0
313262,2021-11-05,0.91
313262,2023-03-18,0.96
313262,2025-01-05,1.0
313343,2021-05-11,0.83
313343,2022-02-04,0.9
313343,2023-08-09,0.92
313343,2024-06-11,0.97
313343,2025-03-04,1.0
313505,2021-01-02,0.87
313505,2022-01-02,0.96
313505,2024-02-02,1.0
313567,2021-08-18,0.97
313567,2024-04-09,0.98
313567,2025-04-10,1.0
313658,2021-06-17,0.84
313658,2022-02-17,0.92
313658,2023-04-06,0.98
313658,2025-06-14,1.0
313673,2021-09-11,0.9
313673,2023-01-30,0.95
313673,2024-12-05,0.99
313673,2025-04-26,1.0
313866,2021-04-14,0.8
313866,2022-05-04,0.89
313866,2023-08-10,0.93
313866,2024-12-15,0.96
313866,2025-11-03,1.0
313968,2021-10-10,0.9
313968,2023-01-12,0.93
313968,2024-06-24,0.95
313968,2025-05-14,1.0
314053,2021-01-30,0.84
314053,2022-05-07,0.93
314053,2023-04-11,0.96
314053,2024-05-13,1.0
314124,2021-01-02,0.85
314124,2022-05-27,0.91
314124,2024-05-17,0.95
314124,2025-09-25,1.0
314404,2021-02-28,0.85
314404,2022-02-05,0.94
314404,2024-10-25,0.98
314404,2025-10-31,1.0
314838,2021-12-16,0.9
314838,2022-01-14,0.97
314838,2023-03-14,1.0
314930,2021-05-26,0.9
314930,2023-12-30,0.95
314930,2024-12-25,0.97
314930,2025-08-07,1.0
315051,2021-03-31,0.84
315051,2022-05-18,0.93
315051,2024-04-21,0.98
315051,2025-04-30,1.0
315420,2021-11-08,0.98
315420,2025-05-18,1.0
315477,2021-05-30,0.84
315477,2022-04-18,0.91
315477,2023-01-18,0.96
315477,2025-06-02,1.0
315566,2021-02-26,0.99
315566,2024-12-08,1.0
315676,2021-11-27,0.86
315676,2022-07-18,0.94
315676,2023-06-27,0.98
315676,2025-05-04,1.0
315678,2021-11-03,0.77
315678,2022-01-04,0.85
315678,2023-12-19,0.9
315678,2024-02-09,0.95
315678,2025-07-04,1.0
315777,2021-07-28,0.85
315777,2022-05-24,0.92
315777,2023-01-14,0.98
315777,2024-03-07,1.0
315798,2021-09-27,0.86
315798,2022-05-03,0.93
315798,2023-12-19,0.97
315798,2024-10-03,1.0
316095,2021-02-02,0.96
316095,2024-08-02,0.98
316095,2025-05-11,1.0
316228,2021-08-30,0.89
316228,2022-07-21,0.97
316228,2024-07-06,1.0
316244,2021-11-26,0.84
316244,2022-04-28,0.91
316244,2023-02-05,0.95
316244,2024-08-05,0.99
316244,2025-09-13,1.0
316274,2021-07-10,0.85
316274,2022-12-11,0.91
316274,2023-04-28,0.94
316274,2024-08-11,0.95
316274,2025-06-13,1.0
316321,2021-10-18,0.86
316321,2022-02-06,0.94
316321,2024-12-12,0.99
316321,2025-08-15,1.0
316369,2021-12-04,0.85
316369,2022-06-30,0.91
316369,2023-02-23,0.96
316369,2024-11-20,0.99
316369,2025-07-17,1.0
316400,2021-09-06,0.8
316400,2022-03-18,0.89
316400,2023-04-28,0.94
316400,2024-08-16,0.95
316400,2025-08-29,1.0
316498,2021-08-25,0.87
316498,2022-09-07,0.93
316498,2023-09-06,0.96
316498,2025-12-29,1.0
316633,2021-08-09,0.86
316633,2022-04-01,0.94
316633,2023-10-18,0.97
316633,2024-01-31,0.98
316633,2025-03-18,1.0
316656,2021-02-06,0.82
316656,2022-05-28,0.89
316656,2023-03-21,0.93
316656,2024-06-21,0.95
316656,2025-11-23,1.0
316758,2021-06-06,0.78
316758,2022-12-03,0.86
316758,2023-03-04,0.91
316758,2024-08-25,0.96
316758,2025-03-20,1.0
316761,2021-12-12,0.86
316761,2022-10-30,0.92
316761,2023-02-09,0.96
316761,2024-07-08,0.97
316761,2025-04-28,1.0
316817,2021-04-10,0.88
316817,2022-03-23,0.95
316817,2023-02-06,0.97
316817,2025-02-06,1.0
316936,2021-10-15,0.82
316936,2022-05-04,0.9
316936,2023-03-15,0.95
316936,2024-08-01,0.98
316936,2025-04-19,1.0
317155,2021-11-22,0.86
317155,2022-04-21,0.92
317155,2023-11-30,0.96
317155,2024-08-22,0.97
317155,2025-01-02,1.0
317221,2021-11-30,0.97
317221,2023-11-13,1.0
317297,2021-03-05,0.84
317297,2022-10-29,0.93
317297,2023-05-20,0.99
317297,2024-11-12,1.0
317407,2021-04-04,0.89
317407,2022-07-25,0.95
317407,2024-06-12,0.98
317407,2025-04-12,1.0
317482,2021-02-01,0.89
317482,2023-11-18,0.91
317482,2024-02-29,0.95
317482,2025-06-12,1.0
317675,2021-05-09,0.93
317675,2022-04-01,1.0
317775,2021-03-05,0.84
317775,2022-03-17,0.92
317775,2023-01-05,0.95
317775,2024-04-11,0.99
317775,2025-03-18,1.0
317868,2021-03-05,0.97
317868,2024-11-06,1.0
317915,2021-01-28,0.8
317915,2022-05-25,0.88
317915,2023-11-07,0.93
317915,2024-06-18,0.97
317915,2025-03-27,1.0
318023,2021-10-16,0.89
318023,2022-12-03,0.98
318023,2024-09-03,0.99
318023,2025-07-06,1.0
318120,2021-11-25,0.84
318120,2022-09-20,0.9
318120,2023-02-27,0.95
318120,2024-05-26,0.99
318120,2025-11-08,1.0
318146,2021-02-18,0.82
318146,2022-05-11,0.89
318146,2023-02-11,0.93
318146,2024-01-30,0.98
318146,2025-01-19,1.0
318174,2021-04-22,0.81
318174,2022-09-04,0.88
318174,2023-09-07,0.93
318174,2024-09-10,0.97
318174,2025-07-03,1.0
318520,2021-08-14,0.82
318520,2022-03-23,0.91
318520,2024-06-12,0.96
318520,2025-11-02,1.0
318608,2021-05-10,0.92
318608,2023-04-12,0.95
318608,2025-10-21,1.0
318853,2021-12-27,0.88
318853,2022-05-22,0.94
318853,2023-03-08,0.96
318853,2024-05-17,1.0
319014,2021-01-25,0.87
319014,2023-04-17,0.92
319014,2024-01-30,0.96
319014,2025-03-03,1.0
319135,2021-07-25,0.84
319135,2022-04-09,0.9
319135,2023-02-12,0.93
319135,2024-09-11,0.95
319135,2025-09-02,1.0
319200,2021-03-12,0.89
319200,2022-09-22,0.97
319200,2025-07-25,1.0
319402,2021-03-17,0.93
319402,2022-12-01,1.0
319430,2021-04-21,0.92
319430,2022-05-13,1.0
319442,2021-01-08,0.94
319442,2023-06-09,0.96
319442,2025-03-25,1.0
319467,2021-05-25,0.84
319467,2022-09-20,0.93
319467,2023-02-06,0.99
319467,2025-09-11,1.0
319501,2021-04-16,0.97
319501,2024-01-06,0.98
319501,2025-02-04,1.0
319567,2021-04-22,0.97
319567,2024-05-23,1.0
319588,2021-10-22,0.87
319588,2022-04-17,0.97
319588,2024-07-19,0.98
319588,2025-07-02,1.0
319701,2021-11-06,0.87
319701,2022-11-06,0.94
319701,2023-11-03,0.97
319701,2024-03-26,0.99
319701,2025-11-18,1.0
319780,2021-12-17,0.86
319780,2022-07-05,0.93
319780,2023-03-04,0.96
319780,2024-11-26,1.0
319787,2021-08-16,0.83
319787,2022-02-27,0.9
319787,2023-10-29,0.94
319787,2024-10-21,0.96
319787,2025-06-28,1.0
319795,2021-05-12,0.92
319795,2023-02-25,0.96
319795,2025-01-20,1.0
319835,2021-04-27,0.87
319835,2022-06-24,0.93
319835,2024-08-04,0.98
319835,2025-02-17,1.0
319927,2021-08-15,0.88
319927,2022-10-26,0.97
319927,2025-11-06,1.0
319957,2021-10-14,0.93
319957,2023-08-11,0.95
319957,2025-08-09,1.0
319991,2021-08-14,0.84
319991,2022-01-14,0.91
319991,2023-11-27,0.94
319991,2024-02-02,0.98
319991,2025-11-11,1.0
320104,2021-06-06,0.89
320104,2022-03-19,0.96
320104,2023-03-13,0.99
320104,2025-01-04,1.0
320299,2021-11-08,0.83
320299,2022-03-13,0.91
320299,2023-07-15,0.94
320299,2024-02-05,0.99
320299,2025-05-20,1.0
320513,2021-12-12,0.88
320513,2023-06-26,0.93
320513,2024-02-05,0.97
320513,2025-06-11,1.0
320543,2021-11-24,0.94
320543,2024-05-12,0.99
320543,2025-10-17,1.0
320581,2021-06-15,0.9
320581,2022-12-10,0.98
320581,2024-09-23,1.0
320659,2021-03-02,0.9
320659,2022-06-11,0.99
320659,2025-04-29,1.0
320660,2021-12-04,0.92
320660,2023-11-03,0.95
320660,2024-05-08,0.99
320660,2025-02-15,1.0
320756,2021-11-08,0.82
320756,2022-06-09,0.91
320756,2023-08-02,0.96
320756,2024-10-27,0.98
320756,2025-06-08,1.0
320759,2021-11-18,0.95
320759,2024-04-02,0.98
320759,2025-08-21,1.0
320798,2021-03-04,0.91
320798,2023-10-29,0.96
320798,2024-04-20,0.98
320798,2025-02-06,1.0
320818,2021-06-11,0.9
320818,2023-06-14,0.95
320818,2024-12-18,0.98
320818,2025-09-01,1.0
320900,2021-05-03,0.98
320900,2024-05-07,1.0
321084,2021-09-08,0.92
321084,2022-09-11,0.98
321084,2024-07-18,1.0
321128,2021-10-01,0.95
321128,2023-07-23,1.0
321277,2021-12-03,0.92
321277,2023-01-20,0.94
321277,2024-03-19,0.99
321277,2025-12-21,1.0
321280,2021-04-10,0.95
321280,2023-08-03,1.0
321411,2021-12-06,0.93
321411,2023-01-04,0.98
321411,2025-10-13,1.0
321518,2021-11-05,0.84
321518,2022-05-02,0.92
321518,2024-12-14,0.96
321518,2025-10-09,1.0
321546,2021-01-10,0.8
321546,2022-10-03,0.88
321546,2023-02-28,0.92
321546,2024-01-14,0.95
321546,2025-02-12,1.0
321639,2021-07-05,0.9
321639,2022-04-29,0.96
321639,2023-02-05,1.0
321700,2021-05-28,0.81
321700,2022-02-26,0.88
321700,2023-02-11,0.92
321700,2024-11-09,0.96
321700,2025-02-07,1.0
321702,2021-11-21,0.95
321702,2023-05-24,0.98
321702,2024-12-28,1.0
321741,2021-07-31,0.88
321741,2022-06-29,0.97
321741,2023-08-05,1.0
321776,2021-08-28,0.81
321776,2022-03-24,0.9
321776,2023-06-27,0.95
321776,2024-04-23,0.97
321776,2025-08-10,1.0
321878,2021-02-28,0.9
321878,2022-05-23,0.96
321878,2024-09-12,1.0
322385,2021-06-04,0.85
322385,2022-09-30,0.93
322385,2024-04-28,0.98
322385,2025-07-22,1.0
322399,2021-06-11,0.83
322399,2022-10-07,0.91
322399,2023-09-10,0.95
322399,2024-01-07,0.98
322399,2025-03-10,1.0
322432,2021-04-13,0.97
322432,2023-12-31,1.0
322434,2021-01-12,0.85
322434,2022-10-25,0.92
322434,2023-08-31,0.94
322434,2024-12-02,0.98
322434,2025-07-06,1.0
322497,2021-02-05,0.97
322497,2024-07-27,0.99
322497,2025-12-07,1.0
322505,2021-10-27,0.81
322505,2022-06-13,0.9
322505,2023-11-13,0.95
322505,2024-09-14,1.0
322517,2021-07-09,0.92
322517,2022-08-06,0.98
322517,2025-01-30,1.0
322521,2021-08-29,0.89
322521,2023-06-13,0.94
322521,2024-05-21,0.97
322521,2025-10-05,1.0
322898,2021-09-26,0.88
322898,2022-03-02,0.96
322898,2024-06-30,1.0
322906,2021-10-22,0.86
322906,2022-09-05,0.94
322906,2023-03-22,0.96
322906,2024-08-04,0.97
322906,2025-02-06,1.0
323079,2021-09-17,0.85
323079,2022-02-12,0.94
323079,2023-08-07,0.97
323079,2024-03-17,0.99
323079,2025-07-19,1.0
323096,2021-08-28,0.84
323096,2022-11-06,0.93
323096,2023-05-03,0.98
323096,2024-04-16,0.99
323096,2025-07-19,1.0
323226,2021-08-25,0.81
323226,2022-12-14,0.89
323226,2023-10-27,0.93
323226,2024-07-22,0.96
323226,2025-04-24,1.0
323337,2021-03-25,0.88
323337,2022-02-10,0.94
323337,2023-03-26,0.96
323337,2025-10-17,1.0
323403,2021-06-02,0.97
323403,2024-01-11,0.98
323403,2025-06-02,1.0
323563,2021-05-25,0.83
323563,2022-10-25,0.91
323563,2023-03-01,0.93
323563,2024-11-17,0.95
323563,2025-06-13,1.0
323619,2021-03-13,0.85
323619,2022-09-28,0.93
323619,2023-05-17,0.98
323619,2025-10-22,1.0
323630,2021-06-27,0.95
323630,2024-01-12,0.98
323630,2025-10-29,1.0
323812,2021-09-07,0.88
323812,2022-11-02,0.94
323812,2023-08-04,1.0
324015,2021-02-26,0.86
324015,2022-12-04,0.95
324015,2023-06-23,0.99
324015,2025-07-13,1.0
324051,2021-07-11,0.83
324051,2022-11-15,0.91
324051,2024-04-20,0.96
324051,2025-06-15,1.0
324087,2021-09-05,0.95
324087,2023-08-24,0.99
324087,2025-04-16,1.0
324383,2021-08-31,0.86
324383,2022-03-29,0.94
324383,2023-10-16,0.97
324383,2025-10-21,1.0
324696,2021-08-02,0.87
324696,2022-02-27,0.95
324696,2024-10-17,0.99
324696,2025-09-20,1.0
324773,2021-11-11,0.92
324773,2023-06-25,0.97
324773,2024-08-28,1.0
324799,2021-02-04,0.93
324799,2024-06-20,0.95
324799,2025-08-05,1.0
324841,2021-04-15,0.96
324841,2023-06-12,0.97
324841,2025-03-19,1.0
325156,2021-04-28,0.85
325156,2022-09-08,0.94
325156,2023-08-05,0.97
325156,2024-03-10,0.99
325156,2025-12-16,1.0
325249,2021-10-25,0.92
325249,2023-03-02,0.95
325249,2024-07-14,0.96
325249,2025-03-29,1.0
325274,2021-06-23,0.87
325274,2022-04-03,0.95
325274,2023-11-10,0.97
325274,2024-07-31,1.0
325400,2021-01-08,0.85
325400,2023-12-13,0.9
325400,2024-05-09,0.95
325400,2025-02-17,1.0
325427,2021-02-07,0.87
325427,2022-11-23,0.94
325427,2023-08-07,1.0
325554,2021-11-09,0.92
325554,2022-01-13,0.98
325554,2025-02-28,1.0
325556,2021-06-22,0.83
325556,2022-01-22,0.92
325556,2023-06-06,0.94
325556,2024-11-15,0.97
325556,2025-08-26,1.0
325617,2021-06-05,0.91
325617,2023-11-19,0.95
325617,2024-03-18,0.97
325617,2025-04-17,1.0
325803,2021-01-24,0.83
325803,2022-06-04,0.91
325803,2023-12-12,0.96
325803,2024-09-26,0.97
325803,2025-09-26,1.0
325890,2021-03-28,0.9
325890,2023-01-07,0.95
325890,2024-01-29,0.96
325890,2025-10-06,1.0
325940,2021-11-03,0.93
325940,2023-10-10,0.99
325940,2024-11-19,1.0
326132,2021-03-11,0.91
326132,2023-11-30,0.96
326132,2024-02-13,0.97
326132,2025-03-30,1.0
326150,2021-01-08,0.87
326150,2022-12-23,0.96
326150,2025-04-22,1.0
326282,2021-12-04,0.86
326282,2022-11-11,0.92
326282,2024-07-10,0.96
326282,2025-12-04,1.0
326285,2021-08-19,0.96
326285,2024-02-10,0.98
326285,2025-09-06,1.0
326405,2021-01-22,0.85
326405,2022-07-06,0.94
326405,2023-12-31,0.98
326405,2025-03-21,1.0
326508,2021-07-07,0.81
326508,2022-07-05,0.89
326508,2023-04-09,0.93
326508,2024-07-05,0.96
326508,2025-02-23,1.0
326627,2021-06-16,0.87
326627,2022-06-10,0.96
326627,2024-02-14,0.97
326627,2025-11-25,1.0
326876,2021-06-13,0.86
326876,2022-09-22,0.94
326876,2023-03-22,0.99
326876,2025-05-14,1.0
326923,2021-10-12,0.93
326923,2023-09-21,0.96
326923,2025-03-03,1.0
327360,2021-08-15,0.92
327360,2023-12-25,0.97
327360,2024-10-26,0.99
327360,2025-05-17,1.0
327395,2021-10-27,0.88
327395,2022-12-29,0.94
327395,2023-12-24,0.98
327395,2025-10-01,1.0
327617,2021-04-08,0.86
327617,2022-02-23,0.95
327617,2024-02-29,0.96
327617,2025-07-28,1.0
327687,2021-07-29,0.85
327687,2022-03-27,0.93
327687,2023-05-15,0.98
327687,2024-10-07,1.0
327688,2021-12-20,0.86
327688,2022-06-08,0.95
327688,2024-10-04,1.0
327863,2021-10-21,0.9
327863,2023-08-30,0.95
327863,2024-06-29,0.98
327863,2025-05-24,1.0
327905,2021-06-05,0.82
327905,2022-03-22,0.89
327905,2023-05-12,0.91
327905,2024-03-03,0.95
327905,2025-10-20,1.0
327906,2021-01-11,0.86
327906,2022-12-24,0.95
327906,2024-05-24,0.99
327906,2025-07-24,1.0
328070,2021-08-15,0.88
328070,2022-07-23,0.95
328070,2023-04-28,0.98
328070,2024-10-24,0.99
328070,2025-11-13,1.0
328156,2021-11-19,0.94
328156,2024-02-11,0.95
328156,2025-10-30,1.0
328228,2021-04-22,0.92
328228,2023-08-21,0.97
328228,2024-01-07,1.0
328370,2021-03-02,0.92
328370,2023-11-28,0.95
328370,2024-11-13,1.0
328434,2021-05-20,0.93
328434,2024-02-15,0.96
328434,2025-12-05,1.0
328627,2021-04-03,0.87
328627,2022-02-11,0.96
328627,2023-10-21,1.0
328631,2021-06-09,0.9
328631,2022-07-15,0.96
328631,2023-08-23,1.0
328672,2021-03-05,0.84
328672,2022-07-26,0.93
328672,2023-04-03,0.96
328672,2024-12-12,0.99
328672,2025-03-04,1.0
328751,2021-03-31,0.86
328751,2022-08-01,0.93
328751,2023-09-22,0.97
328751,2024-12-21,1.0
328802,2021-11-18,0.81
328802,2022-12-21,0.9
328802,2023-02-26,0.96
328802,2024-06-11,0.97
328802,2025-10-28,1.0
328921,2021-02-06,0.91
328921,2023-04-23,0.92
328921,2024-11-25,0.95
328921,2025-12-09,1.0
328945,2021-03-06,0.86
328945,2022-01-25,0.92
328945,2023-08-12,0.97
328945,2025-05-19,1.0
328981,2021-12-13,0.82
328981,2022-06-25,0.9
328981,2023-05-20,0.95
328981,2024-08-08,0.99
328981,2025-12-20,1.0
328984,2021-07-16,0.93
328984,2023-12-21,0.98
328984,2025-12-23,1.0
329143,2021-03-07,0.91
329143,2023-12-13,0.95
329143,2024-05-05,0.99
329143,2025-09-22,1.0
329286,2021-03-26,0.9
329286,2022-07-12,0.97
329286,2025-08-26,1.0
329296,2021-06-21,0.81
329296,2022-09-28,0.88
329296,2023-05-09,0.93
329296,2024-03-08,0.97
329296,2025-06-10,1.0
329344,2021-01-13,0.87
329344,2022-02-06,0.93
329344,2023-08-10,0.96
329344,2024-10-28,0.98
329344,2025-01-14,1.0
329347,2021-07-28,0.86
329347,2022-03-10,0.93
329347,2024-06-12,0.98
329347,2025-12-13,1.0
329353,2021-01-13,0.81
329353,2022-06-14,0.88
329353,2023-02-19,0.93
329353,2024-04-01,0.95
329353,2025-12-16,1.0
329516,2021-05-23,0.8
329516,2022-06-10,0.88
329516,2023-11-26,0.92
329516,2024-01-03,0.97
329516,2025-01-13,1.0
329552,2021-02-16,0.86
329552,2022-07-01,0.94
329552,2023-10-16,0.98
329552,2024-06-20,1.0
329564,2021-09-12,0.87
329564,2022-08-02,0.95
329564,2023-02-02,0.98
329564,2025-12-15,1.0
329700,2021-05-27,0.91
329700,2023-09-22,0.93
329700,2024-07-25,0.95
329700,2025-10-03,1.0
329865,2021-08-15,0.8
329865,2022-10-11,0.88
329865,2023-08-15,0.93
329865,2024-01-06,0.98
329865,2025-12-15,1.0
329867,2021-05-11,0.88
329867,2022-07-22,0.98
329867,2024-05-07,1.0
329951,2021-05-09,0.88
329951,2022-09-06,0.95
329951,2024-01-02,0.99
329951,2025-01-17,1.0
329965,2021-05-12,0.85
329965,2022-01-08,0.94
329965,2023-10-03,0.96
329965,2024-03-20,0.98
329965,2025-10-27,1.0
330003,2021-04-23,0.85
330003,2022-07-04,0.91
330003,2023-08-29,0.96
330003,2025-02-12,1.0
330007,2021-10-15,0.87
330007,2023-01-25,0.91
330007,2024-01-13,0.95
330007,2025-09-30,1.0
330011,2021-11-24,0.84
330011,2022-11-19,0.9
330011,2023-08-12,0.94
330011,2024-08-26,0.97
330011,2025-02-09,1.0
330161,2021-01-20,0.85
330161,2022-01-10,0.92
330161,2023-07-08,0.95
330161,2024-10-18,1.0
330370,2021-06-23,0.86
330370,2022-04-18,0.92
330370,2023-12-12,0.98
330370,2024-08-16,1.0
330551,2021-05-07,0.92
330551,2023-09-14,0.98
330551,2024-03-29,0.99
330551,2025-07-11,1.0
330750,2021-11-08,0.9
330750,2022-10-20,0.97
330750,2024-03-07,0.99
330750,2025-12-13,1.0
331002,2021-03-09,0.94
331002,2024-03-12,0.95
331002,2025-01-18,1.0
331036,2021-08-18,0.93
331036,2023-10-10,0.97
331036,2025-06-18,1.0
331093,2021-11-29,0.85
331093,2022-06-26,0.93
331093,2023-01-20,0.96
331093,2024-04-04,1.0
331096,2021-09-30,0.86
331096,2022-05-01,0.94
331096,2024-04-27,0.97
331096,2025-01-10,1.0
331105,2021-11-14,0.86
331105,2022-03-16,0.92
331105,2023-09-12,0.97
331105,2025-04-23,1.0
331536,2021-06-25,0.84
331536,2022-07-05,0.93
331536,2023-07-14,0.99
331536,2025-11-04,1.0
331649,2021-05-20,0.88
331649,2022-02-13,0.96
331649,2023-11-13,1.0
331670,2021-01-18,0.86
331670,2022-10-09,0.95
331670,2023-08-05,0.98
331670,2025-12-24,1.0
331745,2021-05-25,0.94
331745,2023-10-31,0.98
331745,2025-05-10,1.0
331757,2021-03-06,0.89
331757,2023-12-01,0.94
331757,2024-10-19,0.98
331757,2025-04-04,1.0
331808,2021-08-17,0.9
331808,2022-01-15,0.98
331808,2024-11-18,1.0
331818,2021-05-28,0.84
331818,2022-03-20,0.91
331818,2023-07-17,0.95
331818,2024-09-17,1.0
331880,2021-03-13,0.87
331880,2022-02-13,0.95
331880,2025-07-01,1.0
331913,2021-09-28,0.81
331913,2022-10-12,0.89
331913,2023-08-19,0.94
331913,2024-07-02,0.98
331913,2025-06-04,1.0
331916,2021-11-03,0.91
331916,2023-05-13,0.95
331916,2024-11-15,0.97
331916,2025-12-16,1.0
331957,2021-03-17,0.81
331957,2022-12-15,0.89
331957,2023-10-20,0.94
331957,2024-10-28,0.97
331957,2025-02-27,1.0
331961,2021-06-24,0.88
331961,2022-06-28,0.96
331961,2023-02-02,1.0
332001,2021-08-24,0.9
332001,2023-04-30,0.94
332001,2024-08-17,0.97
332001,2025-07-04,1.0
332328,2021-03-08,0.91
332328,2022-10-10,0.99
332328,2024-04-23,1.0
332371,2021-10-29,0.86
332371,2022-12-13,0.95
332371,2025-10-21,1.0
332565,2021-01-21,0.88
332565,2022-05-18,0.98
332565,2023-01-18,1.0
332787,2021-10-02,0.92
332787,2023-09-15,0.95
332787,2024-03-31,1.0
332880,2021-04-26,0.85
332880,2022-04-25,0.92
332880,2023-03-05,0.96
332880,2025-05-31,1.0
332957,2021-05-05,0.89
332957,2022-02-16,0.96
332957,2023-02-24,0.99
332957,2024-11-16,1.0
332962,2021-07-27,0.88
332962,2022-01-27,0.95
332962,2023-01-30,1.0
333323,2021-01-17,0.91
333323,2024-05-17,0.96
333323,2025-01-02,1.0
333501,2021-10-11,0.9
333501,2022-07-29,0.98
333501,2024-03-26,1.0
333533,2021-07-15,0.95
333533,2023-02-21,0.97
333533,2024-03-05,1.0
333629,2021-05-24,0.91
333629,2023-10-27,0.95
333629,2025-01-04,1.0
333660,2021-03-10,0.91
333660,2023-05-13,0.96
333660,2025-08-10,1.0
333676,2021-03-10,0.88
333676,2022-07-16,0.95
333676,2023-08-10,1.0
333753,2021-10-29,0.81
333753,2022-04-21,0.89
333753,2023-05-26,0.92
333753,2024-07-13,0.96
333753,2025-04-05,1.0
333794,2021-07-01,0.88
333794,2023-06-14,0.93
333794,2024-09-29,0.95
333794,2025-06-14,1.0
333813,2021-08-23,0.81
333813,2022-06-14,0.89
333813,2023-01-13,0.92
333813,2024-10-16,0.96
333813,2025-03-21,1.0
333821,2021-10-01,0.86
333821,2022-03-28,0.93
333821,2023-08-15,0.95
333821,2024-11-07,1.0
333903,2021-12-28,0.87
333903,2022-09-22,0.95
333903,2023-10-01,0.97
333903,2024-07-27,1.0
333917,2021-11-02,0.84
333917,2022-06-19,0.93
333917,2023-06-14,0.96
333917,2024-09-11,0.97
333917,2025-09-04,1.0
334156,2021-01-14,0.85
334156,2022-10-25,0.94
334156,2023-06-04,0.95
334156,2024-05-31,0.96
334156,2025-03-09,1.0
334191,2021-12-15,0.91
334191,2023-03-29,0.93
334191,2024-10-03,0.97
334191,2025-08-25,1.0
334261,2021-05-10,0.86
334261,2022-04-25,0.92
334261,2023-03-15,0.94
334261,2024-02-04,0.97
334261,2025-05-17,1.0
334343,2021-06-21,0.91
334343,2023-03-16,0.97
334343,2024-03-19,0.99
334343,2025-07-20,1.0
334412,2021-12-03,0.92
334412,2023-12-14,0.98
334412,2024-04-22,1.0
334442,2021-11-21,0.87
334442,2023-10-19,0.92
334442,2024-09-01,0.96
334442,2025-04-08,1.0
334494,2021-12-13,0.88
334494,2022-02-16,0.96
334494,2023-03-27,1.0
335316,2021-12-26,0.92
335316,2022-01-15,0.99
335316,2025-11-16,1.0
335402,2021-10-17,0.98
335402,2023-07-11,1.0
335558,2021-10-18,0.87
335558,2022-07-03,0.95
335558,2023-02-02,1.0
335732,2021-04-11,0.84
335732,2022-06-14,0.93
335732,2024-10-25,0.97
335732,2025-08-26,1.0
335932,2021-06-14,0.93
335932,2022-02-11,1.0
335971,2021-02-10,0.86
335971,2022-10-21,0.93
335971,2024-08-07,0.98
335971,2025-05-12,1.0
336001,2021-05-12,0.81
336001,2022-07-10,0.9
336001,2023-09-18,0.92
336001,2024-01-15,0.96
336001,2025-11-04,1.0
336091,2021-06-02,0.86
336091,2022-09-07,0.94
336091,2023-11-25,1.0
336129,2021-07-24,0.83
336129,2022-10-06,0.91
336129,2023-07-16,0.96
336129,2025-02-28,1.0
336321,2021-11-04,0.84
336321,2022-06-07,0.91
336321,2023-01-20,0.96
336321,2025-10-03,1.0
336733,2021-05-29,0.89
336733,2022-04-17,0.98
336733,2025-12-01,1.0
336800,2021-09-14,0.95
336800,2023-09-29,1.0
336932,2021-11-09,0.88
336932,2022-06-06,0.94
336932,2023-07-18,1.0
337088,2021-07-16,0.88
337088,2022-08-17,0.94
337088,2024-01-10,0.98
337088,2025-12-04,1.0
337166,2021-09-11,0.83
337166,2022-05-11,0.89
337166,2023-09-10,0.94
337166,2024-09-09,0.96
337166,2025-04-15,1.0
337247,2021-10-14,0.9
337247,2022-06-08,0.96
337247,2024-08-29,0.99
337247,2025-07-09,1.0
337332,2021-04-14,0.86
337332,2022-01-20,0.95
337332,2023-04-21,0.96
337332,2024-02-06,1.0
337405,2021-03-15,0.86
337405,2022-03-26,0.95
337405,2024-02-24,0.99
337405,2025-11-02,1.0
337481,2021-06-23,0.91
337481,2023-09-06,0.94
337481,2024-01-18,0.95
337481,2025-12-05,1.0
337539,2021-08-18,0.79
337539,2022-11-02,0.87
337539,2023-01-04,0.92
337539,2024-01-11,0.96
337539,2025-05-27,1.0
337560,2021-09-03,0.83
337560,2022-02-03,0.92
337560,2024-07-15,0.95
337560,2025-07-31,1.0
337583,2021-01-18,0.9
337583,2022-01-04,0.99
337583,2024-09-05,1.0
337643,2021-03-01,0.81
337643,2022-08-02,0.87
337643,2023-02-07,0.92
337643,2024-10-15,0.95
337643,2025-08-27,1.0
337650,2021-07-02,0.88
337650,2022-10-27,0.95
337650,2024-08-02,0.97
337650,2025-09-27,1.0
337652,2021-07-20,0.87
337652,2022-09-18,0.93
337652,2024-04-05,0.95
337652,2025-06-03,1.0
337758,2021-09-04,0.82
337758,2022-12-08,0.89
337758,2023-06-20,0.94
337758,2024-05-28,0.98
337758,2025-06-26,1.0
337759,2021-04-05,0.89
337759,2022-01-05,0.99
337759,2025-03-15,1.0
337902,2021-11-01,0.83
337902,2022-08-18,0.92
337902,2023-09-23,0.95
337902,2024-11-23,0.97
337902,2025-05-18,1.0
337920,2021-06-12,0.98
337920,2024-09-27,0.99
337920,2025-12-14,1.0
338009,2021-12-20,0.93
338009,2023-07-10,0.97
338009,2024-02-15,1.0
338120,2021-03-25,0.81
338120,2022-02-10,0.9
338120,2023-10-08,0.92
338120,2024-03-19,0.96
338120,2025-05-06,1.0
338155,2021-06-07,0.88
338155,2022-12-23,0.96
338155,2023-04-03,0.99
338155,2024-05-22,1.0
338382,2021-06-02,0.85
338382,2022-04-21,0.91
338382,2024-04-09,0.96
338382,2025-10-11,1.0
338593,2021-09-25,0.9
338593,2022-07-26,0.97
338593,2024-07-16,0.99
338593,2025-03-29,1.0
338605,2021-04-19,0.9
338605,2023-05-01,0.95
338605,2024-10-20,1.0
338646,2021-03-08,0.82
338646,2022-04-20,0.88
338646,2023-11-28,0.91
338646,2024-08-06,0.95
338646,2025-08-17,1.0
338863,2021-06-06,0.84
338863,2022-09-03,0.9
338863,2023-05-11,0.95
338863,2024-01-04,0.96
338863,2025-11-25,1.0
338888,2021-08-30,0.86
338888,2022-09-12,0.94
338888,2024-08-05,0.99
338888,2025-05-22,1.0
339365,2021-09-14,0.97
339365,2024-12-21,0.98
339365,2025-02-27,1.0
339418,2021-04-05,0.84
339418,2022-07-29,0.91
339418,2023-01-22,0.95
339418,2024-02-09,1.0
339474,2021-01-24,0.83
339474,2022-02-01,0.91
339474,2023-05-30,0.94
339474,2024-11-03,0.96
339474,2025-11-15,1.0
339553,2021-01-30,0.95
339553,2024-08-29,0.98
339553,2025-03-13,1.0
339998,2021-10-22,0.85
339998,2022-12-23,0.92
339998,2023-01-31,0.96
339998,2024-04-29,0.98
339998,2025-02-06,1.0
340112,2021-05-03,0.85
340112,2022-02-18,0.91
340112,2023-10-21,0.94
340112,2024-02-21,0.96
340112,2025-02-10,1.0
340139,2021-03-28,0.85
340139,2022-12-07,0.93
340139,2023-11-03,0.99
340139,2024-11-12,1.0
340146,2021-10-02,0.86
340146,2022-07-25,0.94
340146,2024-09-05,0.97
340146,2025-02-11,1.0
340235,2021-01-26,0.94
340235,2024-07-25,0.96
340235,2025-07-20,1.0
340245,2021-06-14,0.84
340245,2022-03-19,0.9
340245,2023-09-18,0.95
340245,2024-03-01,0.96
340245,2025-08-26,1.0
340284,2021-05-18,0.88
340284,2022-03-12,0.95
340284,2025-06-02,1.0
340286,2021-06-11,0.82
340286,2022-08-22,0.91
340286,2024-02-08,0.95
340286,2025-06-05,1.0
340306,2021-05-28,1.0
340505,2021-04-27,0.85
340505,2022-01-16,0.92
340505,2023-11-03,0.96
340505,2025-06-25,1.0
340561,2021-03-13,0.86
340561,2022-12-03,0.95
340561,2023-05-06,0.98
340561,2025-04-20,1.0
340730,2021-10-19,0.87
340730,2022-10-06,0.95
340730,2023-08-02,1.0
340780,2021-11-28,0.83
340780,2022-11-05,0.91
340780,2023-02-27,0.96
340780,2024-04-14,0.97
340780,2025-05-05,1.0
341000,2021-11-01,0.89
341000,2022-04-21,0.95
341000,2024-03-13,0.99
341000,2025-03-26,1.0
341103,2021-02-22,0.93
341103,2023-07-18,0.95
341103,2024-06-20,0.98
341103,2025-06-11,1.0
341166,2021-05-20,0.81
341166,2022-09-08,0.88
341166,2023-08-19,0.91
341166,2024-10-28,0.95
341166,2025-09-05,1.0
341205,2021-01-23,0.84
341205,2022-09-01,0.91
341205,2023-09-02,0.93
341205,2024-01-01,0.96
341205,2025-03-25,1.0
341249,2021-03-18,0.96
341249,2024-10-04,1.0
341307,2021-01-20,0.83
341307,2022-07-30,0.91
341307,2023-08-28,0.96
341307,2025-07-24,1.0
341388,2021-06-06,0.86
341388,2023-01-14,0.9
341388,2024-09-04,0.95
341388,2025-01-13,1.0
341462,2021-03-27,0.86
341462,2022-06-08,0.92
341462,2023-05-12,0.95
341462,2024-03-07,1.0
341564,2021-06-03,0.82
341564,2022-01-21,0.88
341564,2023-10-17,0.92
341564,2024-08-28,0.97
341564,2025-08-20,1.0
341567,2021-04-11,0.96
341567,2023-07-13,0.98
341567,2024-09-11,1.0
341629,2021-10-31,1.0
341668,2021-05-15,0.87
341668,2022-12-18,0.94
341668,2023-06-17,1.0
341679,2021-11-20,0.9
341679,2022-07-27,0.96
341679,2023-03-02,0.98
341679,2025-03-08,1.0
341714,2021-02-09,0.89
341714,2023-05-29,0.92
341714,2024-09-05,0.95
341714,2025-11-02,1.0
341810,2021-06-28,0.92
341810,2023-01-31,0.96
341810,2025-06-12,1.0
341886,2021-09-15,0.93
341886,2023-05-20,0.96
341886,2024-08-12,0.98
341886,2025-08-22,1.0
341919,2021-08-17,0.84
341919,2022-01-08,0.9
341919,2023-07-01,0.95
341919,2025-11-12,1.0
342024,2021-02-21,0.98
342024,2024-10-24,0.99
342024,2025-06-09,1.0
342162,2021-07-19,0.86
342162,2022-06-13,0.94
342162,2024-02-26,0.99
342162,2025-01-31,1.0
342167,2021-06-05,0.88
342167,2022-03-07,0.97
342167,2024-06-15,0.99
342167,2025-06-24,1.0
342348,2021-08-14,0.88
342348,2022-11-16,0.97
342348,2023-01-26,0.99
342348,2024-02-07,1.0
342478,2021-09-11,0.98
342478,2024-03-21,1.0
342506,2021-05-09,0.87
342506,2022-12-13,0.94
342506,2023-09-21,0.97
342506,2025-05-13,1.0
342527,2021-11-04,0.92
342527,2023-01-17,0.94
342527,2024-09-11,0.98
342527,2025-07-09,1.0
342829,2021-01-10,0.84
342829,2022-04-24,0.92
342829,2023-09-05,0.95
342829,2024-06-07,1.0
342951,2021-12-12,0.85
342951,2022-12-03,0.93
342951,2023-11-19,0.96
342951,2024-10-23,0.99
342951,2025-04-13,1.0
343146,2021-11-09,0.86
343146,2022-01-07,0.92
343146,2023-12-28,0.96
343146,2024-02-06,0.98
343146,2025-01-22,1.0
343261,2021-08-16,0.87
343261,2022-07-22,0.95
343261,2023-10-11,0.97
343261,2024-06-09,0.99
343261,2025-03-17,1.0
343265,2021-11-21,0.9
343265,2023-08-15,0.95
343265,2024-08-03,0.98
343265,2025-08-25,1.0
343492,2021-11-20,0.92
343492,2023-05-11,0.94
343492,2024-12-25,0.97
343492,2025-11-17,1.0
343687,2021-09-14,0.83
343687,2022-11-26,0.9
343687,2023-09-02,0.92
343687,2024-02-05,0.96
343687,2025-10-26,1.0
343739,2021-12-12,0.91
343739,2023-11-22,0.94
343739,2024-08-15,0.97
343739,2025-10-20,1.0
343903,2021-11-18,0.85
343903,2022-08-12,0.93
343903,2024-12-17,0.97
343903,2025-01-29,1.0
344070,2021-02-17,0.88
344070,2022-03-03,0.97
344070,2023-07-07,1.0
344382,2021-11-10,0.96
344382,2023-08-21,0.99
344382,2024-08-29,1.0
344390,2021-08-14,0.96
344390,2023-02-20,0.98
344390,2024-12-28,1.0
344417,2021-05-28,0.92
344417,2023-08-28,0.95
344417,2024-06-11,0.99
344417,2025-06-29,1.0
344438,2021-06-23,0.92
344438,2024-08-15,0.97
344438,2025-01-07,1.0
344537,2021-06-12,0.87
344537,2022-10-05,0.96
344537,2023-05-24,0.98
344537,2024-08-13,1.0
344850,2021-04-08,0.99
344850,2024-02-07,1.0
344892,2021-06-18,0.89
344892,2022-07-18,0.96
344892,2023-12-08,1.0
344944,2021-03-26,0.92
344944,2024-07-04,0.96
344944,2025-09-08,1.0
344950,2021-05-19,0.83
344950,2022-09-25,0.91
344950,2023-04-02,0.96
344950,2024-12-30,1.0
344973,2021-07-26,0.93
344973,2022-06-20,1.0
345014,2021-05-20,0.8
345014,2022-12-17,0.87
345014,2023-03-28,0.91
345014,2024-03-18,0.96
345014,2025-12-15,1.0
345075,2021-02-04,0.95
345075,2025-03-04,1.0
345209,2021-11-12,0.81
345209,2022-01-19,0.9
345209,2023-09-07,0.92
345209,2024-11-26,0.97
345209,2025-04-25,1.0
345269,2021-02-07,0.88
345269,2023-01-25,0.92
345269,2024-01-03,0.96
345269,2025-10-18,1.0
345293,2021-02-14,0.97
345293,2024-12-19,1.0
345301,2021-04-25,0.89
345301,2022-02-24,0.96
345301,2025-06-19,1.0
345316,2021-05-08,0.81
345316,2022-11-06,0.9
345316,2023-07-12,0.95
345316,2024-06-03,0.97
345316,2025-11-12,1.0
345378,2021-07-01,0.9
345378,2022-05-15,0.97
345378,2023-02-10,0.98
345378,2024-12-18,1.0
345469,2021-03-02,0.92
345469,2024-01-28,0.95
345469,2025-03-26,1.0
345597,2021-08-23,0.93
345597,2023-06-27,0.96
345597,2025-05-12,1.0
345605,2021-02-01,0.89
345605,2023-06-19,0.94
345605,2024-12-09,0.96
345605,2025-11-02,1.0
345834,2021-01-16,0.94
345834,2023-04-02,0.99
345834,2024-12-24,1.0
345849,2021-11-26,0.87
345849,2022-03-10,0.96
345849,2023-02-28,0.99
345849,2024-02-18,1.0
346160,2021-02-08,0.82
346160,2022-06-23,0.9
346160,2023-03-18,0.95
346160,2024-02-24,0.97
346160,2025-02-15,1.0
346332,2021-12-13,0.88
346332,2022-11-10,0.95
346332,2023-08-07,1.0
346498,2021-02-23,0.94
346498,2023-09-13,0.97
346498,2024-06-18,0.98
346498,2025-03-31,1.0
346653,2021-01-10,0.85
346653,2022-11-10,0.95
346653,2024-11-06,0.97
346653,2025-09-07,1.0
346690,2021-04-22,0.84
346690,2022-01-21,0.92
346690,2023-05-10,0.96
346690,2024-08-18,1.0
346763,2021-01-02,0.92
346763,2023-10-06,0.95
346763,2024-09-15,1.0
346866,2021-07-25,0.93
346866,2023-03-14,0.97
346866,2024-10-13,1.0
347103,2021-06-18,0.99
347103,2024-04-24,1.0
347136,2021-05-04,0.8
347136,2022-10-18,0.88
347136,2023-04-03,0.9
347136,2024-05-16,0.95
347136,2025-01-21,1.0
347838,2021-09-13,0.9
347838,2022-10-07,0.96
347838,2024-09-14,1.0
347852,2021-12-13,0.84
347852,2022-11-02,0.91
347852,2023-11-10,0.93
347852,2024-11-03,0.97
347852,2025-08-29,1.0
347871,2021-02-06,0.93
347871,2023-11-12,0.96
347871,2024-02-18,1.0
348413,2021-03-13,0.88
348413,2022-08-27,0.95
348413,2023-11-28,0.98
348413,2024-03-04,1.0
348468,2021-03-29,0.82
348468,2022-03-14,0.91
348468,2023-04-13,0.93
348468,2024-07-09,0.95
348468,2025-11-14,1.0
348590,2021-06-01,0.82
348590,2022-07-29,0.88
348590,2023-05-07,0.92
348590,2024-09-25,0.96
348590,2025-12-28,1.0
348600,2021-09-08,0.84
348600,2022-09-08,0.92
348600,2023-03-17,0.95
348600,2024-02-20,0.97
348600,2025-10-02,1.0
348686,2021-07-09,0.82
348686,2022-12-14,0.9
348686,2023-03-29,0.92
348686,2024-08-20,0.97
348686,2025-09-21,1.0
349266,2021-12-22,0.87
349266,2022-10-15,0.93
349266,2023-08-07,0.98
349266,2024-03-04,1.0
349274,2021-09-09,0.87
349274,2022-06-21,0.94
349274,2023-12-14,0.96
349274,2025-09-23,1.0
349543,2021-07-10,0.79
349543,2022-11-21,0.86
349543,2023-09-21,0.91
349543,2024-03-19,0.96
349543,2025-04-25,1.0
349586,2021-09-26,0.83
349586,2022-02-05,0.91
349586,2023-10-04,0.94
349586,2024-12-30,0.95
349586,2025-10-15,1.0
349599,2021-09-04,0.89
349599,2022-08-31,0.97
349599,2024-02-20,1.0
349606,2021-05-10,0.82
349606,2022-10-22,0.91
349606,2023-02-21,0.96
349606,2024-04-05,0.97
349606,2025-06-09,1.0
349868,2021-08-17,0.81
349868,2022-11-01,0.87
349868,2023-08-17,0.91
349868,2024-03-24,0.95
349868,2025-03-08,1.0
349944,2021-10-14,0.83
349944,2022-11-09,0.89
349944,2023-11-30,0.94
349944,2024-03-23,0.99
349944,2025-11-29,1.0
349963,2021-07-04,0.83
349963,2022-01-12,0.92
349963,2023-12-04,0.95
349963,2024-09-25,1.0
349982,2021-09-01,0.89
349982,2022-10-20,0.97
349982,2025-03-28,1.0
350010,2021-09-14,0.91
350010,2022-08-11,0.97
350010,2024-10-25,1.0
350198,2021-01-02,0.87
350198,2022-02-28,0.95
350198,2025-01-23,1.0
350228,2021-01-29,0.86
350228,2022-05-22,0.92
350228,2023-03-09,0.97
350228,2024-04-01,1.0
350263,2021-08-26,0.83
350263,2022-06-01,0.89
350263,2023-01-30,0.92
350263,2024-10-02,0.95
350263,2025-06-04,1.0
350277,2021-11-11,0.83
350277,2022-12-01,0.92
350277,2023-10-13,0.97
350277,2024-08-30,0.98
350277,2025-07-10,1.0
350316,2021-02-14,0.88
350316,2022-10-14,0.97
350316,2024-12-16,1.0
350376,2021-10-07,0.81
350376,2022-04-11,0.9
350376,2023-12-10,0.95
350376,2025-12-24,1.0
350536,2021-10-18,0.92
350536,2024-07-05,0.95
350536,2025-12-05,1.0
350595,2021-07-09,0.88
350595,2022-05-31,0.96
350595,2023-05-11,0.98
350595,2024-08-05,1.0
350598,2021-07-17,0.89
350598,2022-05-18,0.95
350598,2024-12-19,1.0
350616,2021-05-20,0.89
350616,2023-07-11,0.93
350616,2024-01-09,0.97
350616,2025-09-09,1.0
350632,2021-12-28,0.95
350632,2024-05-09,0.97
350632,2025-03-01,1.0
350740,2021-05-01,0.84
350740,2022-08-24,0.9
350740,2023-09-12,0.93
350740,2024-02-10,0.96
350740,2025-07-03,1.0
350752,2021-03-16,0.85
350752,2022-10-22,0.92
350752,2023-11-17,0.94
350752,2024-11-30,0.96
350752,2025-12-28,1.0
350786,2021-10-17,0.79
350786,2022-12-11,0.88
350786,2023-08-12,0.93
350786,2024-09-06,0.97
350786,2025-07-20,1.0
350845,2021-12-25,0.95
350845,2024-04-20,0.96
350845,2025-11-02,1.0
350884,2021-04-08,0.88
350884,2022-11-28,0.96
350884,2023-11-26,0.97
350884,2024-12-11,1.0
350891,2021-03-23,0.82
350891,2022-09-26,0.9
350891,2023-07-29,0.95
350891,2025-11-03,1.0
351020,2021-03-07,0.96
351020,2025-01-30,1.0
351116,2021-05-06,0.85
351116,2022-02-20,0.93
351116,2023-04-09,0.95
351116,2024-02-14,1.0
351158,2021-05-21,0.84
351158,2022-04-21,0.93
351158,2023-03-13,0.96
351158,2024-01-20,1.0
351178,2021-07-05,0.87
351178,2022-09-23,0.93
351178,2024-06-28,0.95
351178,2025-03-21,1.0
351200,2021-08-29,0.93
351200,2023-09-22,0.97
351200,2024-05-30,0.98
351200,2025-04-04,1.0
351354,2021-03-09,0.96
351354,2024-06-26,0.98
351354,2025-05-28,1.0
351408,2021-12-19,0.99
351408,2024-02-15,1.0
351570,2021-02-27,0.82
351570,2022-08-12,0.9
351570,2023-07-17,0.94
351570,2024-05-05,0.96
351570,2025-05-11,1.0
351616,2021-03-31,0.94
351616,2023-10-05,0.99
351616,2025-07-02,1.0
351625,2021-09-12,0.91
351625,2023-04-14,0.95
351625,2025-06-21,1.0
351644,2021-11-04,0.91
351644,2023-11-29,0.93
351644,2024-01-06,0.96
351644,2025-10-01,1.0
351867,2021-05-21,0.83
351867,2022-12-10,0.91
351867,2023-02-16,0.94
351867,2024-03-17,0.98
351867,2025-01-22,1.0
351870,2021-02-08,0.8
351870,2022-04-08,0.88
351870,2023-06-20,0.94
351870,2024-01-15,0.99
351870,2025-02-01,1.0
351877,2021-01-27,0.94
351877,2023-02-13,0.97
351877,2024-12-15,0.99
351877,2025-02-04,1.0
351971,2021-02-02,0.82
351971,2022-05-04,0.88
351971,2023-06-11,0.91
351971,2024-06-14,0.96
351971,2025-11-26,1.0
352016,2021-02-07,0.86
352016,2022-08-12,0.93
352016,2023-08-27,0.97
352016,2024-05-29,0.99
352016,2025-03-04,1.0
352067,2021-10-08,0.92
352067,2023-08-17,0.98
352067,2025-06-11,1.0
352223,2021-01-02,0.82
352223,2022-08-09,0.91
352223,2023-12-16,0.94
352223,2024-11-12,0.97
352223,2025-01-25,1.0
352285,2021-08-01,0.91
352285,2023-05-30,0.96
352285,2024-04-12,1.0
352379,2021-09-03,0.86
352379,2022-12-11,0.95
352379,2025-11-20,1.0
352447,2021-05-22,0.91
352447,2023-03-27,0.96
352447,2024-06-23,0.99
352447,2025-12-09,1.0
352527,2021-03-14,0.91
352527,2022-01-02,0.99
352527,2025-10-17,1.0
352553,2021-07-29,0.98
352553,2025-04-29,1.0
352705,2021-07-17,0.83
352705,2022-02-24,0.91
352705,2023-01-24,0.96
352705,2024-10-23,0.97
352705,2025-05-29,1.0
352752,2021-09-24,0.9
352752,2022-10-28,0.96
352752,2023-02-03,0.98
352752,2024-02-02,1.0
352877,2021-07-07,0.94
352877,2023-07-01,0.96
352877,2024-11-04,1.0
352976,2021-07-06,0.87
352976,2022-06-20,0.96
352976,2025-12-30,1.0
353027,2021-11-01,0.82
353027,2022-10-28,0.89
353027,2023-12-12,0.95
353027,2024-07-28,0.98
353027,2025-03-04,1.0
353223,2021-07-02,0.89
353223,2023-01-23,0.91
353223,2024-10-04,0.95
353223,2025-06-20,1.0
353230,2021-07-19,0.95
353230,2024-09-14,0.99
353230,2025-12-24,1.0
353282,2021-06-03,0.82
353282,2022-10-19,0.91
353282,2023-10-21,0.92
353282,2024-10-08,0.96
353282,2025-08-16,1.0
353405,2021-11-27,0.91
353405,2022-03-17,0.98
353405,2025-02-07,1.0
353564,2021-02-03,0.91
353564,2022-09-14,0.98
353564,2023-07-24,1.0
353625,2021-07-08,0.85
353625,2022-12-04,0.91
353625,2023-12-22,0.94
353625,2024-04-20,0.99
353625,2025-03-08,1.0
353722,2021-01-07,0.85
353722,2022-03-31,0.93
353722,2024-06-16,0.97
353722,2025-02-08,1.0
353870,2021-05-06,0.82
353870,2022-07-10,0.89
353870,2023-12-29,0.93
353870,2024-08-23,0.95
353870,2025-08-18,1.0
354137,2021-01-24,0.85
354137,2022-10-31,0.95
354137,2023-09-12,1.0
354165,2021-07-14,0.83
354165,2022-01-05,0.88
354165,2023-08-22,0.93
354165,2024-06-04,0.95
354165,2025-07-24,1.0
354166,2021-02-10,0.83
354166,2022-10-07,0.92
354166,2023-09-04,0.95
354166,2024-08-04,0.98
354166,2025-12-05,1.0
354186,2021-12-06,0.87
354186,2022-10-18,0.97
354186,2023-07-02,0.99
354186,2025-10-21,1.0
354285,2021-01-31,0.85
354285,2022-07-14,0.93
354285,2023-05-20,0.96
354285,2025-01-24,1.0
354344,2021-12-11,0.94
354344,2023-01-29,0.99
354344,2025-06-26,1.0
354364,2021-07-12,0.86
354364,2022-09-02,0.94
354364,2024-05-02,0.95
354364,2025-03-25,1.0
354513,2021-05-01,0.94
354513,2024-04-05,0.95
354513,2025-05-29,1.0
354625,2021-09-01,0.96
354625,2024-04-02,0.98
354625,2025-11-29,1.0
354689,2021-12-22,0.92
354689,2023-06-10,0.93
354689,2024-04-15,0.95
354689,2025-03-21,1.0
354937,2021-06-25,0.83
354937,2022-05-03,0.92
354937,2023-10-02,0.97
354937,2025-09-02,1.0
355080,2021-07-06,0.87
355080,2023-01-21,0.91
355080,2024-03-09,0.95
355080,2025-02-09,1.0
355284,2021-03-25,0.98
355284,2024-12-17,1.0
355462,2021-04-22,0.88
355462,2022-05-06,0.94
355462,2023-03-07,0.95
355462,2024-10-20,0.98
355462,2025-02-27,1.0
355510,2021-05-22,0.89
355510,2022-02-15,0.96
355510,2023-05-15,1.0
355584,2021-11-17,0.82
355584,2022-03-22,0.9
355584,2023-06-30,0.93
355584,2024-12-08,0.97
355584,2025-08-26,1.0
355662,2021-07-29,0.87
355662,2022-03-22,0.94
355662,2023-03-07,0.98
355662,2024-12-24,0.99
355662,2025-11-05,1.0
355821,2021-02-11,0.89
355821,2022-11-03,0.95
355821,2024-07-27,0.97
355821,2025-07-28,1.0
356028,2021-02-25,0.81
356028,2022-07-14,0.87
356028,2023-09-06,0.92
356028,2024-01-08,0.97
356028,2025-03-23,1.0
356267,2021-02-18,0.98
356267,2023-09-12,1.0
356353,2021-06-30,0.79
356353,2022-06-16,0.86
356353,2023-08-07,0.91
356353,2024-03-07,0.95
356353,2025-12-07,1.0
356438,2021-03-28,0.83
356438,2022-11-04,0.88
356438,2023-03-25,0.92
356438,2024-03-31,0.96
356438,2025-08-18,1.0
356657,2021-07-29,0.83
356657,2022-12-02,0.92
356657,2024-11-08,0.97
356657,2025-12-18,1.0
356770,2021-04-30,0.87
356770,2022-03-21,0.95
356770,2023-07-31,0.98
356770,2024-03-03,1.0
356836,2021-08-09,0.9
356836,2022-05-30,0.96
356836,2024-05-28,1.0
356847,2021-06-16,0.82
356847,2022-10-12,0.89
356847,2023-01-28,0.93
356847,2024-10-23,0.98
356847,2025-04-22,1.0
356939,2021-04-05,0.92
356939,2023-05-15,0.94
356939,2024-03-09,0.96
356939,2025-10-01,1.0
357040,2021-09-04,0.9
357040,2023-10-12,0.95
357040,2024-11-05,1.0
357097,2021-04-24,0.8
357097,2022-03-03,0.87
357097,2023-06-03,0.91
357097,2024-06-16,0.96
357097,2025-11-10,1.0
357125,2021-04-10,0.9
357125,2022-11-19,0.96
357125,2024-10-20,1.0
357240,2021-07-10,0.89
357240,2022-06-11,0.97
357240,2023-12-09,0.99
357240,2025-04-19,1.0
357392,2021-08-19,0.86
357392,2022-10-14,0.93
357392,2023-04-13,0.96
357392,2024-11-06,0.99
357392,2025-06-30,1.0
357622,2021-02-21,0.97
357622,2023-03-19,0.99
357622,2025-01-09,1.0
357632,2021-11-26,0.95
357632,2023-06-29,0.97
357632,2024-02-08,1.0
357705,2021-12-05,0.96
357705,2023-07-26,0.99
357705,2024-03-26,1.0
357810,2021-03-04,0.82
357810,2022-01-10,0.89
357810,2023-09-28,0.94
357810,2024-09-10,0.99
357810,2025-07-27,1.0
357853,2021-03-06,0.84
357853,2022-05-18,0.9
357853,2023-11-15,0.91
357853,2024-07-20,0.96
357853,2025-09-26,1.0
357953,2021-04-29,0.82
357953,2022-02-22,0.9
357953,2023-03-05,0.93
357953,2024-04-18,0.95
357953,2025-10-30,1.0
358180,2021-03-22,0.89
358180,2023-08-04,0.94
358180,2024-10-30,0.96
358180,2025-10-12,1.0
358182,2021-08-14,0.89
358182,2022-05-12,0.95
358182,2023-06-28,0.98
358182,2025-03-05,1.0
358189,2021-04-07,0.85
358189,2022-09-28,0.94
358189,2024-10-25,0.98
358189,2025-10-28,1.0
358365,2021-09-13,0.82
358365,2022-09-02,0.91
358365,2023-02-26,0.96
358365,2024-03-16,1.0
358451,2021-10-09,0.85
358451,2022-11-04,0.94
358451,2023-10-17,0.97
358451,2025-08-09,1.0
358463,2021-12-20,0.93
358463,2023-02-01,0.95
358463,2024-03-26,0.99
358463,2025-02-04,1.0
358512,2021-04-15,0.8
358512,2022-04-13,0.88
358512,2023-08-05,0.92
358512,2024-12-02,0.96
358512,2025-11-10,1.0
358902,2021-08-01,0.85
358902,2022-02-15,0.92
358902,2023-11-18,0.95
358902,2024-04-10,1.0
359012,2021-02-22,0.78
359012,2022-08-11,0.86
359012,2023-12-09,0.9
359012,2024-12-21,0.95
359012,2025-05-27,1.0
359152,2021-08-31,0.81
359152,2022-02-22,0.89
359152,2023-02-08,0.93
359152,2024-05-13,0.95
359152,2025-08-03,1.0
359166,2021-04-07,0.92
359166,2022-03-09,0.99
359166,2024-10-15,1.0
359232,2021-08-03,0.86
359232,2022-08-22,0.92
359232,2024-12-26,0.95
359232,2025-07-02,1.0
359287,2021-06-09,0.84
359287,2022-03-15,0.9
359287,2023-01-01,0.95
359287,2024-04-16,1.0
359347,2021-03-05,0.86
359347,2022-12-10,0.92
359347,2024-06-03,0.96
359347,2025-01-10,1.0
359407,2021-06-25,0.84
359407,2022-04-13,0.93
359407,2023-02-02,0.96
359407,2024-03-25,1.0
359449,2021-01-19,0.87
359449,2022-04-08,0.94
359449,2024-07-08,0.99
359449,2025-01-27,1.0
359484,2021-09-03,0.93
359484,2023-03-04,0.98
359484,2024-05-04,1.0
359850,2021-05-30,0.87
359850,2022-09-01,0.96
359850,2025-10-09,1.0
359871,2021-03-18,0.85
359871,2022-05-07,0.91
359871,2023-01-12,0.96
359871,2025-06-24,1.0
360003,2021-08-07,0.92
360003,2023-05-11,0.96
360003,2025-08-14,1.0
360062,2021-07-26,0.85
360062,2022-02-10,0.95
360062,2024-03-13,0.99
360062,2025-03-31,1.0
360088,2021-02-06,0.86
360088,2022-07-17,0.94
360088,2023-06-24,0.98
360088,2024-01-22,0.99
360088,2025-01-05,1.0
360186,2021-10-29,0.86
360186,2022-12-08,0.95
360186,2024-10-18,0.96
360186,2025-02-05,1.0
360248,2021-06-01,0.9
360248,2022-09-13,0.98
360248,2023-12-19,1.0
360259,2021-05-11,0.89
360259,2022-02-19,0.97
360259,2025-01-20,1.0
360274,2021-10-25,0.9
360274,2023-08-16,0.93
360274,2024-05-13,0.95
360274,2025-04-01,1.0
360317,2021-01-30,0.88
360317,2022-10-30,0.95
360317,2024-08-10,0.96
360317,2025-12-03,1.0
360370,2021-12-20,0.81
360370,2022-11-03,0.89
360370,2023-07-15,0.93
360370,2024-04-15,0.95
360370,2025-10-26,1.0
360452,2021-02-05,0.81
360452,2022-11-07,0.88
360452,2023-04-22,0.94
360452,2024-12-03,0.98
360452,2025-10-09,1.0
360485,2021-02-25,0.9
360485,2022-05-15,1.0
360486,2021-04-21,0.88
360486,2022-11-05,0.96
360486,2023-08-30,0.97
360486,2024-03-31,1.0
360507,2021-02-04,0.84
360507,2022-08-13,0.92
360507,2023-08-21,0.96
360507,2024-01-15,0.98
360507,2025-07-11,1.0
360567,2021-12-01,0.95
360567,2023-07-18,0.97
360567,2025-08-20,1.0
360585,2021-12-28,0.78
360585,2022-03-10,0.87
360585,2023-03-23,0.91
360585,2024-12-05,0.96
360585,2025-01-09,1.0
360714,2021-05-22,0.9
360714,2022-07-17,0.97
360714,2023-11-06,1.0
360748,2021-01-28,0.84
360748,2022-06-09,0.9
360748,2023-10-16,0.95
360748,2024-11-23,0.98
360748,2025-04-15,1.0
360810,2021-05-04,0.88
360810,2022-06-25,0.98
360810,2023-02-19,1.0
360936,2021-07-31,0.95
360936,2023-04-28,0.98
360936,2025-06-11,1.0
361013,2021-09-09,0.84
361013,2022-05-01,0.91
361013,2023-12-24,0.96
361013,2024-03-20,1.0
361035,2021-02-05,0.97
361035,2025-03-04,1.0
361038,2021-07-23,0.82
361038,2022-11-12,0.91
361038,2023-01-28,0.93
361038,2024-12-11,0.97
361038,2025-12-30,1.0
361177,2021-06-28,0.87
361177,2023-06-09,0.92
361177,2024-04-16,0.95
361177,2025-12-21,1.0
361372,2021-08-23,0.91
361372,2023-04-04,0.96
361372,2024-09-01,0.98
361372,2025-07-27,1.0
361427,2021-07-03,0.88
361427,2022-12-29,0.94
361427,2023-05-22,0.96
361427,2025-01-23,1.0
361458,2021-06-20,0.79
361458,2022-08-17,0.86
361458,2023-02-10,0.91
361458,2024-02-08,0.95
361458,2025-08-20,1.0
361626,2021-08-10,0.88
361626,2022-01-31,0.96
361626,2024-08-01,1.0
361748,2021-03-09,0.87
361748,2022-06-04,0.96
361748,2025-03-01,1.0
361975,2021-07-20,0.99
361975,2024-08-26,1.0
362004,2021-06-20,0.92
362004,2022-06-16,0.98
362004,2024-12-07,1.0
362027,2021-02-17,0.87
362027,2022-11-13,0.93
362027,2024-05-05,0.97
362027,2025-02-12,1.0
362031,2021-12-11,0.94
362031,2023-07-07,0.99
362031,2025-01-25,1.0
362313,2021-08-29,0.83
362313,2022-01-22,0.91
362313,2023-11-11,0.92
362313,2024-12-13,0.97
362313,2025-08-06,1.0
362368,2021-07-07,0.88
362368,2022-11-27,0.95
362368,2023-10-10,0.99
362368,2024-02-09,1.0
362555,2021-05-09,0.84
362555,2022-05-21,0.91
362555,2023-12-08,0.95
362555,2024-01-27,0.99
362555,2025-03-02,1.0
362645,2021-09-03,0.91
362645,2023-12-19,0.97
362645,2024-11-23,1.0
362714,2021-11-29,0.88
362714,2022-06-20,0.95
362714,2023-03-16,0.98
362714,2024-02-07,1.0
362733,2021-09-11,0.84
362733,2022-02-23,0.93
362733,2023-08-11,0.95
362733,2025-09-15,1.0
362779,2021-07-02,0.86
362779,2022-04-24,0.94
362779,2023-01-13,0.95
362779,2024-08-07,0.98
362779,2025-06-28,1.0
362796,2021-10-01,0.85
362796,2022-07-25,0.95
362796,2023-04-03,0.98
362796,2025-04-27,1.0
362822,2021-10-28,0.86
362822,2022-08-09,0.95
362822,2023-05-10,0.98
362822,2025-12-06,1.0
362924,2021-03-08,0.82
362924,2022-11-07,0.9
362924,2023-06-05,0.95
362924,2024-01-06,0.96
362924,2025-02-12,1.0
362969,2021-04-07,0.88
362969,2022-10-31,0.94
362969,2023-05-11,0.97
362969,2024-07-23,1.0
363251,2021-03-18,0.9
363251,2022-10-25,0.96
363251,2023-03-01,1.0
363255,2021-10-18,0.87
363255,2023-05-26,0.92
363255,2024-05-07,0.95
363255,2025-03-12,1.0
363282,2021-11-16,0.86
363282,2022-11-17,0.95
363282,2024-08-14,0.96
363282,2025-12-27,1.0
363368,2021-05-07,0.88
363368,2022-06-07,0.96
363368,2025-11-06,1.0
363387,2021-10-18,0.83
363387,2022-09-28,0.92
363387,2023-12-18,0.97
363387,2024-03-06,0.98
363387,2025-08-27,1.0
363453,2021-08-25,0.81
363453,2022-09-19,0.89
363453,2023-04-08,0.92
363453,2024-01-20,0.97
363453,2025-09-04,1.0
363483,2021-03-10,0.9
363483,2022-01-02,1.0
363732,2021-09-30,0.94
363732,2023-12-20,0.99
363732,2025-12-24,1.0
363747,2021-08-01,0.87
363747,2023-11-11,0.9
363747,2024-04-18,0.95
363747,2025-11-27,1.0
363790,2021-05-07,0.9
363790,2022-08-28,0.97
363790,2023-06-16,1.0
363950,2021-08-22,0.86
363950,2022-02-17,0.95
363950,2023-09-20,1.0
364110,2021-04-15,0.91
364110,2023-03-05,0.94
364110,2024-07-08,0.98
364110,2025-05-10,1.0
364195,2021-11-15,0.85
364195,2022-10-30,0.92
364195,2023-09-14,0.95
364195,2025-04-23,1.0
364202,2021-07-31,0.85
364202,2022-10-24,0.91
364202,2023-10-27,0.95
364202,2024-11-15,0.99
364202,2025-02-22,1.0
364240,2021-07-13,0.84
364240,2022-05-14,0.9
364240,2023-02-01,0.96
364240,2024-08-04,1.0
364315,2021-11-08,0.82
364315,2022-11-19,0.88
364315,2023-08-30,0.93
364315,2024-12-09,0.97
364315,2025-01-18,1.0
364380,2021-03-27,0.81
364380,2022-08-02,0.9
364380,2023-07-27,0.92
364380,2024-11-22,0.96
364380,2025-05-07,1.0
364401,2021-01-27,0.92
364401,2023-09-02,0.94
364401,2024-07-16,0.97
364401,2025-10-19,1.0
364504,2021-03-26,0.96
364504,2025-06-08,1.0
364592,2021-07-25,0.83
364592,2022-12-30,0.92
364592,2023-06-15,0.96
364592,2024-10-24,0.99
364592,2025-04-18,1.0
364782,2021-01-25,0.86
364782,2022-03-01,0.94
364782,2023-12-02,0.99
364782,2025-11-08,1.0
364934,2021-10-12,0.86
364934,2022-07-02,0.95
364934,2025-01-10,1.0
365097,2021-10-05,0.87
365097,2022-06-14,0.93
365097,2023-04-26,0.95
365097,2024-12-30,1.0
365289,2021-09-30,0.88
365289,2022-02-24,0.97
365289,2024-12-04,0.98
365289,2025-03-12,1.0
365590,2021-01-28,0.89
365590,2022-10-31,0.95
365590,2023-06-14,0.97
365590,2024-12-22,0.98
365590,2025-11-18,1.0
365626,2021-02-22,0.86
365626,2022-05-28,0.93
365626,2023-06-11,0.96
365626,2024-08-20,0.98
365626,2025-07-01,1.0
365668,2021-10-16,0.88
365668,2022-12-31,0.96
365668,2023-02-23,0.98
365668,2024-01-18,1.0
365748,2021-07-13,0.85
365748,2022-06-18,0.94
365748,2023-12-13,0.96
365748,2024-12-20,1.0
365753,2021-08-18,0.92
365753,2024-10-07,0.96
365753,2025-01-06,1.0
366214,2021-10-02,0.95
366214,2024-04-02,1.0
366236,2021-09-13,0.89
366236,2022-12-23,0.97
366236,2023-10-09,1.0
366345,2021-03-29,0.84
366345,2022-04-29,0.93
366345,2023-01-08,0.98
366345,2024-10-14,1.0
366394,2021-11-21,0.88
366394,2022-02-26,0.94
366394,2024-06-25,0.96
366394,2025-12-31,1.0
366425,2021-08-29,0.94
366425,2023-01-04,0.98
366425,2025-06-28,1.0
366458,2021-03-14,0.88
366458,2022-04-19,0.95
366458,2023-10-21,0.98
366458,2025-11-26,1.0
366532,2021-12-25,0.85
366532,2022-02-14,0.91
366532,2023-06-13,0.95
366532,2025-02-19,1.0
366705,2021-06-10,0.85
366705,2022-11-14,0.93
366705,2023-09-10,0.96
366705,2025-03-04,1.0
366744,2021-11-13,0.82
366744,2022-03-01,0.89
366744,2023-11-03,0.94
366744,2024-07-30,0.99
366744,2025-01-24,1.0
366898,2021-04-07,0.93
366898,2022-12-13,0.99
366898,2025-04-14,1.0
366917,2021-12-18,0.83
366917,2022-07-05,0.91
366917,2023-01-04,0.93
366917,2024-05-22,0.96
366917,2025-08-22,1.0
367004,2021-03-17,0.8
367004,2022-10-27,0.89
367004,2023-02-02,0.93
367004,2024-05-28,0.96
367004,2025-08-31,1.0
367029,2021-05-05,0.97
367029,2023-06-10,0.99
367029,2025-06-09,1.0
367082,2021-03-13,0.81
367082,2022-09-14,0.89
367082,2023-04-25,0.95
367082,2024-01-20,1.0
367145,2021-04-19,0.93
367145,2023-07-26,0.96
367145,2024-04-17,1.0
367198,2021-12-04,0.85
367198,2022-08-05,0.93
367198,2023-07-04,0.97
367198,2024-01-07,0.98
367198,2025-06-28,1.0
367366,2021-01-14,0.82
367366,2022-04-11,0.91
367366,2023-12-06,0.94
367366,2024-01-22,0.95
367366,2025-07-23,1.0
367499,2021-03-14,0.8
367499,2022-08-29,0.87
367499,2023-07-21,0.91
367499,2024-10-16,0.95
367499,2025-11-08,1.0
367585,2021-06-05,0.9
367585,2022-01-23,0.98
367585,2023-09-16,0.99
367585,2025-11-24,1.0
367593,2021-01-04,0.85
367593,2022-07-25,0.92
367593,2023-08-03,0.96
367593,2024-10-17,0.98
367593,2025-01-30,1.0
367741,2021-11-03,0.81
367741,2022-03-16,0.89
367741,2023-07-11,0.94
367741,2024-06-15,0.97
367741,2025-06-27,1.0
367780,2021-12-09,0.89
367780,2022-10-25,0.95
367780,2024-04-24,0.97
367780,2025-02-23,1.0
367866,2021-07-01,0.9
367866,2023-10-26,0.92
367866,2024-11-15,0.96
367866,2025-12-08,1.0
367889,2021-05-08,0.83
367889,2022-03-18,0.92
367889,2023-08-13,0.97
367889,2024-11-07,0.98
367889,2025-10-21,1.0
367895,2021-11-26,0.93
367895,2022-09-16,1.0
368061,2021-10-22,0.92
368061,2022-07-03,1.0
368102,2021-11-23,0.84
368102,2022-10-09,0.92
368102,2024-12-08,0.95
368102,2025-03-10,1.0
368185,2021-03-28,0.95
368185,2023-03-13,0.98
368185,2024-10-11,1.0
368460,2021-07-19,0.84
368460,2022-04-27,0.92
368460,2023-06-30,0.96
368460,2025-06-12,1.0
368490,2021-04-11,0.86
368490,2022-11-01,0.95
368490,2023-05-16,1.0
368553,2021-07-08,0.82
368553,2022-08-17,0.89
368553,2023-08-03,0.93
368553,2024-08-25,0.97
368553,2025-10-25,1.0
368563,2021-04-21,0.88
368563,2022-10-24,0.95
368563,2024-11-26,0.98
368563,2025-03-25,1.0
368933,2021-03-18,0.86
368933,2022-03-01,0.96
368933,2023-06-03,0.98
368933,2025-02-21,1.0
368938,2021-06-03,0.9
368938,2022-02-04,0.97
368938,2023-04-21,1.0
368980,2021-07-19,0.84
368980,2022-02-05,0.91
368980,2023-06-12,0.94
368980,2024-12-11,0.96
368980,2025-12-27,1.0
369013,2021-07-11,0.83
369013,2022-02-09,0.91
369013,2023-11-09,0.95
369013,2024-05-30,0.99
369013,2025-09-03,1.0
369041,2021-10-13,0.89
369041,2022-01-27,0.95
369041,2023-08-27,0.99
369041,2024-07-18,1.0
369390,2021-11-27,0.86
369390,2022-09-18,0.95
369390,2023-04-30,0.98
369390,2025-02-18,1.0
369545,2021-10-15,0.84
369545,2022-10-17,0.9
369545,2023-11-30,0.95
369545,2024-01-15,1.0
369636,2021-09-11,0.82
369636,2022-03-26,0.88
369636,2023-05-20,0.93
369636,2024-05-17,0.96
369636,2025-04-30,1.0
369675,2021-02-16,0.83
369675,2022-08-22,0.92
369675,2023-09-02,0.96
369675,2024-01-01,1.0
369726,2021-06-09,0.82
369726,2022-04-14,0.9
369726,2023-03-12,0.95
369726,2025-12-26,1.0
369811,2021-10-27,0.89
369811,2022-10-21,0.95
369811,2023-11-04,1.0
370134,2021-06-21,0.91
370134,2022-08-05,0.97
370134,2023-08-31,0.98
370134,2025-12-07,1.0
370217,2021-10-16,0.84
370217,2022-04-01,0.91
370217,2023-02-16,0.95
370217,2025-05-22,1.0
370235,2021-11-10,0.93
370235,2023-05-12,0.95
370235,2024-12-27,0.96
370235,2025-08-24,1.0
370291,2021-08-02,0.87
370291,2022-05-25,0.96
370291,2023-03-22,0.98
370291,2024-06-06,1.0
370399,2021-12-27,0.82
370399,2022-03-21,0.89
370399,2023-09-02,0.94
370399,2024-10-01,0.97
370399,2025-04-22,1.0
370407,2021-12-07,0.97
370407,2024-09-04,0.98
370407,2025-03-21,1.0
370606,2021-04-27,0.87
370606,2022-10-26,0.97
370606,2025-11-19,1.0
370631,2021-01-21,0.91
370631,2023-05-30,0.96
370631,2024-05-19,1.0
370671,2021-03-26,0.85
370671,2022-12-05,0.93
370671,2023-06-05,0.95
370671,2024-12-16,0.98
370671,2025-10-28,1.0
370685,2021-02-21,0.81
370685,2022-09-18,0.9
370685,2023-01-19,0.93
370685,2024-03-26,0.97
370685,2025-08-25,1.0
370697,2021-08-21,0.91
370697,2023-05-13,0.93
370697,2024-10-15,0.98
370697,2025-10-03,1.0
370778,2021-12-29,0.87
370778,2022-10-15,0.95
370778,2023-07-06,0.99
370778,2024-02-27,1.0
370851,2021-12-16,0.87
370851,2022-12-30,0.96
370851,2025-08-17,1.0
371020,2021-01-26,0.83
371020,2022-04-17,0.89
371020,2023-03-11,0.91
371020,2024-09-23,0.96
371020,2025-09-03,1.0
371028,2021-04-01,0.86
371028,2022-10-03,0.94
371028,2023-12-26,1.0
371062,2021-08-24,0.82
371062,2022-09-02,0.91
371062,2023-02-17,0.95
371062,2024-07-31,1.0
371124,2021-09-10,0.95
371124,2023-11-10,0.97
371124,2025-06-09,1.0
371240,2021-01-06,0.87
371240,2023-05-08,0.91
371240,2024-11-22,0.96
371240,2025-03-27,1.0
371250,2021-05-30,0.83
371250,2022-09-29,0.9
371250,2023-07-25,0.94
371250,2024-06-12,0.99
371250,2025-12-15,1.0
371887,2021-06-07,0.82
371887,2022-06-12,0.88
371887,2023-12-31,0.91
371887,2024-10-21,0.95
371887,2025-08-26,1.0
371933,2021-08-22,0.85
371933,2022-10-01,0.94
371933,2023-12-19,1.0
372000,2021-02-19,0.86
372000,2022-03-28,0.93
372000,2024-10-14,0.96
372000,2025-10-26,1.0
372263,2021-02-25,0.86
372263,2022-11-06,0.95
372263,2023-04-01,0.97
372263,2025-12-18,1.0
372324,2021-04-04,0.84
372324,2022-11-02,0.92
372324,2023-06-11,0.96
372324,2025-04-17,1.0
372610,2021-08-31,0.84
372610,2022-07-21,0.93
372610,2024-11-19,0.97
372610,2025-12-21,1.0
373231,2021-08-17,0.89
373231,2023-11-30,0.93
373231,2024-01-13,0.98
373231,2025-05-13,1.0
373379,2021-08-19,0.87
373379,2023-06-26,0.91
373379,2024-08-21,0.95
373379,2025-11-06,1.0
373451,2021-12-02,0.9
373451,2023-02-17,0.94
373451,2024-07-26,0.95
373451,2025-03-28,1.0
373474,2021-11-26,0.88
373474,2022-07-30,0.95
373474,2023-04-13,0.99
373474,2024-12-11,1.0
373483,2021-10-18,0.86
373483,2022-11-16,0.92
373483,2023-08-15,0.95
373483,2024-05-29,1.0
373559,2021-10-14,0.84
373559,2022-10-30,0.92
373559,2023-01-17,0.96
373559,2024-03-28,1.0
373608,2021-01-06,0.83
373608,2022-03-14,0.89
373608,2023-01-08,0.92
373608,2024-05-19,0.96
373608,2025-01-24,1.0
373611,2021-12-17,0.91
373611,2022-12-05,0.98
373611,2024-12-08,1.0
373693,2021-12-01,0.92
373693,2023-07-08,0.97
373693,2025-04-26,1.0
373761,2021-06-29,0.86
373761,2022-07-03,0.94
373761,2024-08-06,0.98
373761,2025-11-01,1.0
373918,2021-04-04,0.82
373918,2022-11-24,0.89
373918,2023-11-10,0.94
373918,2024-08-11,0.95
373918,2025-07-09,1.0
373979,2021-12-22,0.9
373979,2022-12-25,0.96
373979,2023-10-01,1.0
374004,2021-07-14,0.83
374004,2022-07-08,0.89
374004,2023-06-09,0.91
374004,2024-12-28,0.95
374004,2025-08-15,1.0
374041,2021-07-14,0.87
374041,2022-04-28,0.93
374041,2024-12-02,0.95
374041,2025-02-05,1.0
374130,2021-06-22,0.82
374130,2022-05-21,0.89
374130,2023-02-09,0.94
374130,2024-04-18,0.97
374130,2025-06-18,1.0
374139,2021-01-16,0.87
374139,2022-11-26,0.95
374139,2023-07-13,1.0
374142,2021-05-22,0.97
374142,2023-04-06,1.0
374159,2021-09-23,0.98
374159,2025-10-23,1.0
374164,2021-11-30,0.85
374164,2022-12-16,0.92
374164,2023-03-02,0.95
374164,2024-01-26,1.0
374193,2021-08-21,0.87
374193,2022-07-20,0.95
374193,2024-03-30,0.99
374193,2025-09-19,1.0
374388,2021-08-13,0.85
374388,2022-10-28,0.94
374388,2023-04-07,0.96
374388,2024-07-09,0.97
374388,2025-10-21,1.0
374537,2021-04-11,0.87
374537,2022-02-15,0.93
374537,2023-04-14,0.95
374537,2024-05-05,0.97
374537,2025-06-02,1.0
374559,2021-06-06,0.94
374559,2023-10-26,0.97
374559,2025-08-24,1.0
374582,2021-02-03,0.86
374582,2022-02-18,0.92
374582,2023-06-09,0.97
374582,2024-05-26,0.98
374582,2025-11-26,1.0
374667,2021-03-26,0.82
374667,2022-04-11,0.9
374667,2023-02-27,0.94
374667,2024-07-14,0.98
374667,2025-12-17,1.0
374795,2021-09-17,0.9
374795,2023-04-19,0.95
374795,2024-09-29,1.0
374903,2021-12-17,0.89
374903,2022-04-19,0.95
374903,2024-12-17,0.98
374903,2025-08-04,1.0
375110,2021-12-18,0.82
375110,2022-06-09,0.9
375110,2023-10-04,0.93
375110,2024-07-17,0.98
375110,2025-11-09,1.0
375145,2021-06-03,0.97
375145,2024-04-09,0.99
375145,2025-12-01,1.0
375235,2021-01-16,0.94
375235,2024-03-16,0.98
375235,2025-05-27,1.0
375305,2021-12-09,0.89
375305,2022-02-13,0.96
375305,2024-10-19,1.0
375329,2021-05-15,0.87
375329,2022-06-06,0.94
375329,2023-03-14,1.0
375361,2021-01-26,0.93
375361,2023-06-30,0.95
375361,2024-06-16,0.96
375361,2025-06-22,1.0
375449,2021-11-14,0.97
375449,2025-10-14,1.0
375614,2021-02-10,0.92
375614,2022-11-25,0.99
375614,2025-12-20,1.0
375734,2021-02-14,0.92
375734,2022-07-24,0.99
375734,2024-12-08,1.0
376135,2021-09-03,0.82
376135,2022-03-30,0.9
376135,2023-10-10,0.95
376135,2024-11-22,1.0
376379,2021-08-21,0.9
376379,2023-05-04,0.95
376379,2024-03-07,0.97
376379,2025-08-19,1.0
376395,2021-08-27,0.83
376395,2022-09-20,0.9
376395,2023-11-15,0.93
376395,2024-09-14,0.95
376395,2025-06-05,1.0
376507,2021-09-11,0.85
376507,2022-12-06,0.94
376507,2023-10-06,0.98
376507,2024-09-03,0.99
376507,2025-01-18,1.0
376549,2021-11-15,0.89
376549,2022-01-02,0.99
376549,2025-07-25,1.0
376661,2021-08-02,0.9
376661,2023-05-27,0.95
376661,2024-11-28,0.97
376661,2025-06-06,1.0
376693,2021-08-14,0.84
376693,2022-03-09,0.9
376693,2023-03-07,0.94
376693,2024-12-07,0.98
376693,2025-12-07,1.0
376696,2021-02-10,0.92
376696,2023-02-27,0.96
376696,2024-03-17,1.0
376808,2021-04-11,0.93
376808,2024-05-16,0.95
376808,2025-12-26,1.0
377040,2021-05-12,0.87
377040,2022-09-12,0.94
377040,2023-02-21,0.99
377040,2025-08-13,1.0
377058,2021-12-05,0.86
377058,2022-07-26,0.92
377058,2023-09-30,0.95
377058,2024-02-06,1.0
377247,2021-03-09,0.8
377247,2022-07-24,0.89
377247,2023-04-19,0.94
377247,2024-01-19,0.95
377247,2025-04-06,1.0
377347,2021-05-03,0.88
377347,2022-04-27,0.95
377347,2023-05-20,0.98
377347,2025-09-24,1.0
377650,2021-11-01,0.87
377650,2022-04-06,0.96
377650,2023-07-20,0.99
377650,2025-04-08,1.0
377704,2021-11-01,0.87
377704,2022-01-06,0.96
377704,2024-12-23,1.0
377892,2021-04-07,0.83
377892,2022-02-16,0.89
377892,2023-09-23,0.92
377892,2024-08-23,0.97
377892,2025-09-12,1.0
377995,2021-02-02,0.84
377995,2022-05-21,0.92
377995,2023-03-11,0.94
377995,2024-10-06,0.96
377995,2025-05-25,1.0
378049,2021-02-08,0.85
378049,2022-03-31,0.92
378049,2023-06-19,0.97
378049,2024-01-17,0.99
378049,2025-02-08,1.0
378118,2021-01-29,0.88
378118,2022-08-20,0.96
378118,2025-11-09,1.0
378262,2021-09-26,0.92
378262,2023-09-30,0.95
378262,2024-10-29,0.96
378262,2025-12-10,1.0
378362,2021-09-02,0.84
378362,2022-07-31,0.92
378362,2024-03-31,0.95
378362,2025-11-19,1.0
378433,2021-05-27,0.87
378433,2022-06-09,0.94
378433,2023-06-23,0.96
378433,2024-07-01,1.0
378450,2021-06-28,0.85
378450,2022-11-11,0.92
378450,2023-11-05,0.97
378450,2025-01-26,1.0
378770,2021-01-15,0.9
378770,2023-04-12,0.96
378770,2025-02-19,1.0
379129,2021-09-15,0.85
379129,2022-05-21,0.91
379129,2023-05-18,0.95
379129,2024-02-18,0.99
379129,2025-10-25,1.0
379198,2021-09-14,0.82
379198,2022-10-17,0.88
379198,2023-08-21,0.92
379198,2024-02-13,0.97
379198,2025-03-02,1.0
379261,2021-03-03,0.84
379261,2022-05-08,0.9
379261,2023-11-04,0.95
379261,2024-08-01,0.96
379261,2025-11-21,1.0
379413,2021-03-02,0.91
379413,2023-04-19,0.96
379413,2025-09-26,1.0
379528,2021-04-25,0.89
379528,2023-05-05,0.92
379528,2024-03-28,0.97
379528,2025-06-16,1.0
379712,2021-03-29,0.84
379712,2022-10-09,0.93
379712,2024-05-24,0.95
379712,2025-07-17,1.0
379813,2021-01-25,0.81
379813,2022-12-29,0.89
379813,2023-12-26,0.92
379813,2024-02-04,0.97
379813,2025-02-14,1.0
379923,2021-02-07,0.86
379923,2022-01-10,0.96
379923,2024-03-10,1.0
379984,2021-12-21,0.83
379984,2022-01-04,0.92
379984,2023-11-20,0.94
379984,2024-04-10,0.97
379984,2025-09-12,1.0
380100,2021-10-06,0.81
380100,2022-08-09,0.87
380100,2023-01-22,0.9
380100,2024-04-05,0.95
380100,2025-12-12,1.0
380211,2021-02-15,0.82
380211,2022-09-16,0.89
380211,2023-10-05,0.94
380211,2024-10-29,0.99
380211,2025-08-08,1.0
380533,2021-10-16,0.88
380533,2022-02-07,0.95
380533,2023-04-06,0.98
380533,2025-03-14,1.0
380688,2021-06-28,0.92
380688,2022-10-08,1.0
380774,2021-08-07,0.92
380774,2023-07-18,0.97
380774,2024-01-25,0.99
380774,2025-06-23,1.0
381063,2021-10-02,0.86
381063,2022-06-11,0.92
381063,2023-04-15,0.98
381063,2024-09-19,1.0
381069,2021-10-01,0.87
381069,2022-01-15,0.95
381069,2023-07-23,1.0
381086,2021-07-24,0.91
381086,2022-10-20,1.0
381110,2021-07-14,0.9
381110,2023-02-16,0.93
381110,2024-12-11,0.96
381110,2025-08-07,1.0
381159,2021-02-07,0.89
381159,2022-10-30,0.96
381159,2025-11-01,1.0
381200,2021-03-02,0.87
381200,2022-01-24,0.94
381200,2023-10-22,0.98
381200,2025-02-02,1.0
381274,2021-04-14,0.85
381274,2022-02-13,0.93
381274,2023-11-12,0.95
381274,2024-07-07,0.98
381274,2025-04-26,1.0
381441,2021-03-11,0.83
381441,2022-09-20,0.91
381441,2023-04-21,0.94
381441,2024-03-08,0.99
381441,2025-03-16,1.0
381569,2021-01-12,0.84
381569,2022-12-25,0.91
381569,2023-03-20,0.95
381569,2024-06-01,0.99
381569,2025-09-26,1.0
381630,2021-08-25,0.9
381630,2023-08-20,0.95
381630,2025-04-23,1.0
381640,2021-05-09,0.86
381640,2023-01-16,0.91
381640,2024-12-15,0.96
381640,2025-03-16,1.0
381933,2021-03-18,0.94
381933,2023-08-09,0.98
381933,2024-08-03,1.0
381984,2021-05-12,0.97
381984,2023-07-07,0.98
381984,2024-12-12,0.99
381984,2025-07-18,1.0
382092,2021-12-29,0.92
382092,2023-05-08,0.96
382092,2024-06-16,0.98
382092,2025-05-02,1.0
382114,2021-11-29,0.9
382114,2023-06-27,0.92
382114,2024-01-12,0.97
382114,2025-04-28,1.0
382361,2021-11-21,0.95
382361,2023-09-20,0.99
382361,2025-10-11,1.0
382383,2021-08-18,0.88
382383,2022-06-01,0.98
382383,2024-01-28,1.0
382597,2021-04-29,0.9
382597,2023-07-15,0.93
382597,2024-12-08,0.96
382597,2025-06-21,1.0
382623,2021-04-10,0.84
382623,2022-11-20,0.9
382623,2023-09-28,0.94
382623,2024-12-26,0.95
382623,2025-02-19,1.0
382780,2021-04-15,0.93
382780,2024-10-16,0.97
382780,2025-05-31,1.0
382905,2021-04-15,0.88
382905,2022-04-10,0.95
382905,2023-11-22,0.98
382905,2024-12-12,1.0
382927,2021-10-23,0.93
382927,2023-01-05,0.95
382927,2024-12-06,0.98
382927,2025-03-01,1.0
382996,2021-07-30,0.9
382996,2022-08-11,0.96
382996,2023-09-24,0.99
382996,2024-09-28,1.0
383154,2021-09-27,0.83
383154,2022-11-23,0.9
383154,2023-12-05,0.94
383154,2024-06-18,0.97
383154,2025-11-28,1.0
383192,2021-09-07,0.96
383192,2025-12-29,1.0
383311,2021-06-03,0.84
383311,2022-11-17,0.9
383311,2023-01-02,0.95
383311,2024-04-01,0.96
383311,2025-09-15,1.0
383385,2021-03-01,0.93
383385,2023-06-22,0.95
383385,2024-05-28,0.96
383385,2025-12-15,1.0
383393,2021-04-09,0.86
383393,2022-12-29,0.94
383393,2023-10-12,1.0
383831,2021-12-14,0.83
383831,2022-05-02,0.91
383831,2023-07-21,0.95
383831,2024-11-21,1.0
383857,2021-03-09,0.89
383857,2023-05-28,0.9
383857,2024-09-23,0.95
383857,2025-09-30,1.0
383898,2021-05-09,0.82
383898,2022-01-07,0.89
383898,2023-12-22,0.93
383898,2024-03-06,0.96
383898,2025-09-12,1.0
384007,2021-11-01,0.82
384007,2022-11-06,0.91
384007,2023-09-02,0.97
384007,2024-10-22,1.0
384329,2021-08-05,0.94
384329,2023-12-24,0.98
384329,2025-07-23,1.0
384392,2021-06-06,0.87
384392,2022-04-17,0.93
384392,2023-04-30,0.96
384392,2025-04-23,1.0
384397,2021-05-01,0.84
384397,2022-02-18,0.93
384397,2023-11-14,0.95
384397,2024-10-19,1.0
384506,2021-03-28,0.92
384506,2022-10-20,0.98
384506,2024-11-06,1.0
384540,2021-07-31,0.9
384540,2022-09-18,0.98
384540,2025-11-06,1.0
384650,2021-06-20,0.93
384650,2023-06-02,0.95
384650,2025-07-12,1.0
384697,2021-08-30,0.82
384697,2022-03-08,0.91
384697,2023-11-04,0.96
384697,2025-05-08,1.0
384818,2021-06-14,0.87
384818,2022-03-15,0.95
384818,2025-12-31,1.0
384865,2021-06-10,0.81
384865,2022-12-23,0.89
384865,2023-06-12,0.92
384865,2024-10-23,0.96
384865,2025-06-02,1.0
384947,2021-08-02,0.83
384947,2022-08-01,0.92
384947,2023-04-09,0.95
384947,2024-06-30,1.0
385017,2021-05-11,0.9
385017,2022-08-29,0.97
385017,2024-06-04,0.98
385017,2025-07-11,1.0
385026,2021-11-15,0.82
385026,2022-11-05,0.89
385026,2023-11-23,0.91
385026,2024-04-19,0.95
385026,2025-10-08,1.0
385105,2021-06-02,0.88
385105,2022-02-27,0.96
385105,2025-06-26,1.0
385110,2021-11-09,0.91
385110,2022-10-06,0.97
385110,2023-01-07,1.0
385271,2021-08-14,0.95
385271,2024-10-26,0.96
385271,2025-12-02,1.0
385332,2021-04-22,0.85
385332,2022-08-03,0.95
385332,2023-10-31,0.98
385332,2024-08-15,0.99
385332,2025-09-06,1.0
385404,2021-08-06,0.92
385404,2022-06-19,1.0
385574,2021-07-10,0.87
385574,2022-04-23,0.97
385574,2024-07-02,0.98
385574,2025-02-13,1.0
385631,2021-11-12,0.87
385631,2022-03-10,0.93
385631,2023-12-03,0.99
385631,2025-11-24,1.0
385667,2021-04-29,0.83
385667,2022-12-17,0.92
385667,2023-10-11,0.95
385667,2024-06-22,1.0
385790,2021-04-05,0.96
385790,2023-03-08,1.0
385810,2021-04-24,0.82
385810,2022-03-15,0.89
385810,2023-12-07,0.94
385810,2024-05-12,0.98
385810,2025-11-26,1.0
385813,2021-01-07,0.88
385813,2023-04-04,0.91
385813,2024-10-30,0.96
385813,2025-09-07,1.0
385834,2021-07-22,0.85
385834,2022-06-03,0.92
385834,2023-10-18,0.96
385834,2024-12-23,0.99
385834,2025-11-15,1.0
385849,2021-04-23,0.83
385849,2022-11-08,0.89
385849,2023-10-29,0.93
385849,2024-10-04,0.97
385849,2025-07-04,1.0
386091,2021-06-15,0.81
386091,2022-12-26,0.89
386091,2023-11-11,0.94
386091,2024-09-26,0.97
386091,2025-06-17,1.0
386181,2021-02-27,0.82
386181,2022-06-24,0.91
386181,2023-10-17,0.94
386181,2024-02-24,0.98
386181,2025-11-30,1.0
386190,2021-01-30,0.87
386190,2022-05-17,0.94
386190,2023-07-27,0.98
386190,2024-02-29,1.0
386285,2021-03-14,0.95
386285,2023-04-16,0.98
386285,2024-01-12,1.0
386312,2021-01-05,0.93
386312,2023-01-18,0.96
386312,2024-03-30,0.98
386312,2025-03-25,1.0
386351,2021-03-10,0.86
386351,2022-12-28,0.93
386351,2023-05-05,0.98
386351,2024-04-24,1.0
386429,2021-03-08,0.88
386429,2022-01-23,0.97
386429,2025-02-24,1.0
386803,2021-08-15,0.88
386803,2022-08-25,0.94
386803,2024-01-30,0.95
386803,2025-03-29,1.0
386828,2021-04-03,0.96
386828,2024-04-07,0.98
386828,2025-10-17,1.0
387235,2021-09-08,0.94
387235,2023-08-28,0.96
387235,2024-05-06,1.0
387428,2021-02-03,0.88
387428,2022-08-03,0.97
387428,2024-06-03,0.98
387428,2025-06-30,1.0
387494,2021-03-03,0.88
387494,2022-12-21,0.95
387494,2024-03-23,1.0
387700,2021-12-15,0.83
387700,2022-11-13,0.91
387700,2023-06-01,0.94
387700,2024-02-28,0.98
387700,2025-07-30,1.0
387709,2021-01-23,0.83
387709,2022-11-27,0.91
387709,2024-07-31,0.95
387709,2025-09-25,1.0
387881,2021-08-03,0.85
387881,2022-03-27,0.93
387881,2024-02-12,0.98
387881,2025-12-11,1.0
387889,2021-04-20,0.87
387889,2022-06-23,0.96
387889,2024-05-26,1.0
388070,2021-10-04,0.84
388070,2022-08-09,0.93
388070,2023-05-04,0.95
388070,2024-04-16,0.98
388070,2025-07-11,1.0
388174,2021-07-13,0.88
388174,2023-12-29,0.93
388174,2024-06-27,0.97
388174,2025-02-25,1.0
388251,2021-11-22,0.86
388251,2022-07-05,0.92
388251,2023-11-19,0.96
388251,2025-07-02,1.0
388346,2021-07-05,0.86
388346,2023-02-05,0.9
388346,2024-08-27,0.95
388346,2025-08-23,1.0
388348,2021-06-28,0.88
388348,2022-05-25,0.96
388348,2024-08-15,0.99
388348,2025-04-21,1.0
388442,2021-01-08,0.93
388442,2023-02-02,0.94
388442,2024-09-15,0.99
388442,2025-07-09,1.0
388473,2021-12-11,0.85
388473,2022-01-03,0.91
388473,2023-02-16,0.95
388473,2024-09-16,1.0
388499,2021-12-08,0.82
388499,2022-03-21,0.89
388499,2023-09-12,0.93
388499,2024-09-01,0.96
388499,2025-01-24,1.0
388545,2021-01-14,0.85
388545,2022-06-12,0.92
388545,2023-04-28,0.96
388545,2024-04-26,1.0
388589,2021-04-29,0.82
388589,2022-02-04,0.9
388589,2023-10-30,0.94
388589,2024-12-18,0.97
388589,2025-02-20,1.0
388609,2021-03-16,0.95
388609,2023-09-03,0.98
388609,2024-06-10,1.0
388632,2021-09-14,0.8
388632,2022-07-16,0.89
388632,2023-06-21,0.93
388632,2024-09-09,0.96
388632,2025-03-09,1.0
388763,2021-01-06,0.95
388763,2023-10-18,0.98
388763,2024-09-27,1.0
388783,2021-11-09,0.86
388783,2022-03-28,0.92
388783,2023-08-11,0.95
388783,2024-09-22,0.97
388783,2025-08-06,1.0
388793,2021-03-10,0.85
388793,2022-03-06,0.92
388793,2023-09-19,0.97
388793,2025-05-06,1.0
388895,2021-12-02,0.84
388895,2022-03-23,0.93
388895,2023-02-18,0.98
388895,2024-08-19,1.0
389020,2021-10-05,0.86
389020,2022-07-10,0.95
389020,2024-05-21,1.0
389058,2021-05-20,0.83
389058,2022-05-15,0.91
389058,2023-12-29,0.96
389058,2024-08-20,0.98
389058,2025-07-14,1.0
389092,2021-09-02,0.95
389092,2023-03-29,1.0
389141,2021-06-14,0.92
389141,2023-10-23,0.95
389141,2025-07-06,1.0
389193,2021-10-09,0.91
389193,2022-06-09,1.0
389224,2021-09-23,0.9
389224,2023-03-26,0.95
389224,2024-11-11,1.0
389248,2021-04-26,0.95
389248,2023-06-08,1.0
389668,2021-01-11,0.91
389668,2022-10-26,0.98
389668,2023-05-11,0.99
389668,2024-02-29,1.0
389835,2021-08-21,0.8
389835,2022-03-21,0.89
389835,2023-11-20,0.93
389835,2024-03-22,0.96
389835,2025-09-07,1.0
390098,2021-10-07,0.83
390098,2022-06-02,0.91
390098,2023-01-18,0.96
390098,2024-10-10,0.97
390098,2025-10-08,1.0
390125,2021-07-12,0.85
390125,2022-04-22,0.94
390125,2023-09-24,0.99
390125,2025-07-27,1.0
390151,2021-06-26,0.85
390151,2022-06-08,0.92
390151,2023-10-01,0.97
390151,2024-10-20,0.99
390151,2025-02-09,1.0
390192,2021-10-12,0.88
390192,2022-07-11,0.96
390192,2023-05-28,1.0
390297,2021-07-09,0.93
390297,2024-03-10,0.96
390297,2025-02-21,1.0
390408,2021-12-03,0.8
390408,2022-02-21,0.88
390408,2023-10-29,0.92
390408,2024-08-27,0.95
390408,2025-12-10,1.0
390567,2021-04-05,0.91
390567,2022-11-10,0.97
390567,2025-08-31,1.0
390755,2021-05-18,0.81
390755,2022-08-15,0.88
390755,2023-05-14,0.91
390755,2024-04-13,0.96
390755,2025-02-03,1.0
390927,2021-10-18,0.96
390927,2024-12-31,0.97
390927,2025-12-29,1.0
391088,2021-01-19,0.9
391088,2023-10-29,0.93
391088,2024-12-03,0.97
391088,2025-08-08,1.0
391197,2021-10-02,0.87
391197,2022-12-11,0.94
391197,2023-08-23,1.0
391222,2021-12-30,0.88
391222,2022-01-18,0.95
391222,2023-09-10,0.97
391222,2024-09-22,0.98
391222,2025-02-17,1.0
391319,2021-01-29,0.87
391319,2022-07-16,0.93
391319,2023-08-26,0.97
391319,2024-06-29,1.0
391677,2021-06-04,0.87
391677,2022-10-05,0.94
391677,2024-11-03,0.98
391677,2025-05-24,1.0
391871,2021-07-08,0.83
391871,2022-06-12,0.9
391871,2023-09-07,0.94
391871,2024-03-28,0.97
391871,2025-08-23,1.0
391932,2021-11-26,0.93
391932,2023-11-26,0.95
391932,2024-02-20,0.99
391932,2025-09-08,1.0
392122,2021-12-09,0.82
392122,2022-09-22,0.91
392122,2024-09-16,0.96
392122,2025-04-01,1.0
392203,2021-02-19,0.97
392203,2024-01-27,1.0
392253,2021-03-16,0.82
392253,2022-04-23,0.91
392253,2023-03-21,0.92
392253,2024-12-27,0.97
392253,2025-09-28,1.0
392404,2021-02-07,0.87
392404,2022-08-26,0.97
392404,2024-04-24,0.99
392404,2025-07-17,1.0
392415,2021-03-03,0.87
392415,2022-09-17,0.96
392415,2023-08-27,1.0
392519,2021-05-01,0.81
392519,2022-06-12,0.89
392519,2023-03-29,0.94
392519,2024-12-11,0.96
392519,2025-05-23,1.0
392656,2021-03-23,0.89
392656,2022-10-28,0.97
392656,2025-02-09,1.0
392664,2021-10-15,0.87
392664,2022-01-29,0.94
392664,2023-04-12,0.98
392664,2025-04-02,1.0
392686,2021-09-02,0.89
392686,2023-01-07,0.94
392686,2024-12-25,0.99
392686,2025-12-12,1.0
392913,2021-10-11,0.84
392913,2022-03-19,0.91
392913,2023-07-03,0.94
392913,2024-07-30,0.98
392913,2025-08-23,1.0
392987,2021-08-07,0.93
392987,2024-01-13,0.98
392987,2025-01-21,1.0
393208,2021-03-07,0.87
393208,2022-05-18,0.95
393208,2023-02-02,0.97
393208,2024-08-13,0.98
393208,2025-04-27,1.0
393232,2021-05-27,0.86
393232,2022-02-09,0.96
393232,2023-05-01,1.0
393457,2021-08-27,0.8
393457,2022-01-25,0.87
393457,2023-07-20,0.9
393457,2024-02-08,0.95
393457,2025-10-30,1.0
393495,2021-07-13,0.91
393495,2024-04-17,0.96
393495,2025-10-02,1.0
393615,2021-09-06,0.84
393615,2022-09-03,0.9
393615,2023-09-06,0.94
393615,2024-04-26,0.96
393615,2025-03-13,1.0
393685,2021-09-11,0.8
393685,2022-11-25,0.86
393685,2023-06-23,0.91
393685,2024-02-11,0.96
393685,2025-07-21,1.0
393734,2021-05-09,0.95
393734,2023-07-26,1.0
393750,2021-12-27,0.86
393750,2022-03-30,0.94
393750,2023-01-04,0.97
393750,2024-03-05,1.0
393877,2021-07-20,0.83
393877,2022-06-18,0.92
393877,2023-03-13,0.95
393877,2024-07-30,1.0
393943,2021-05-27,0.86
393943,2022-07-04,0.92
393943,2023-07-22,0.98
393943,2024-02-28,1.0
394132,2021-10-25,0.89
394132,2022-04-15,0.97
394132,2025-11-12,1.0
394297,2021-09-07,0.82
394297,2022-10-06,0.89
394297,2023-06-21,0.94
394297,2024-01-24,0.98
394297,2025-03-20,1.0
394312,2021-04-01,0.8
394312,2022-12-14,0.89
394312,2023-09-19,0.94
394312,2024-05-02,0.97
394312,2025-06-15,1.0
394424,2021-08-29,0.79
394424,2022-04-26,0.88
394424,2023-05-22,0.94
394424,2024-01-19,0.98
394424,2025-04-05,1.0
394619,2021-09-27,0.83
394619,2022-08-05,0.92
394619,2023-10-03,0.94
394619,2024-02-16,0.97
394619,2025-02-11,1.0
394729,2021-01-17,0.83
394729,2022-04-20,0.91
394729,2024-02-14,0.96
394729,2025-12-02,1.0
394847,2021-06-04,0.86
394847,2023-03-17,0.91
394847,2024-03-11,0.96
394847,2025-10-19,1.0
394856,2021-06-24,0.86
394856,2022-05-07,0.93
394856,2023-05-22,0.95
394856,2024-10-30,0.98
394856,2025-09-01,1.0
394867,2021-11-16,0.83
394867,2022-09-07,0.92
394867,2023-01-22,0.97
394867,2024-10-26,0.99
394867,2025-11-30,1.0
394879,2021-04-20,0.84
394879,2022-12-02,0.91
394879,2023-07-06,0.93
394879,2024-06-10,0.96
394879,2025-04-20,1.0
394923,2021-06-05,0.85
394923,2022-04-24,0.92
394923,2023-08-07,0.97
394923,2025-07-28,1.0
394964,2021-08-20,0.85
394964,2022-09-05,0.92
394964,2023-10-15,0.94
394964,2024-03-28,0.98
394964,2025-12-27,1.0
395019,2021-01-02,0.9
395019,2022-01-19,0.99
395019,2025-11-09,1.0
395032,2021-07-04,0.86
395032,2022-07-12,0.95
395032,2023-01-08,1.0
395122,2021-06-01,0.81
395122,2022-04-08,0.89
395122,2023-11-21,0.91
395122,2024-03-17,0.96
395122,2025-01-02,1.0
395166,2021-11-21,0.97
395166,2023-12-02,0.99
395166,2025-10-26,1.0
395190,2021-01-07,0.88
395190,2022-06-23,0.94
395190,2023-08-22,0.96
395190,2024-02-08,0.98
395190,2025-12-16,1.0
395582,2021-07-15,0.95
395582,2023-05-18,0.98
395582,2025-12-29,1.0
395741,2021-12-16,0.96
395741,2023-11-23,0.99
395741,2024-07-12,1.0
395893,2021-04-21,0.8
395893,2022-05-08,0.89
395893,2023-04-15,0.91
395893,2024-08-16,0.96
395893,2025-06-11,1.0
395902,2021-03-20,0.92
395902,2024-09-15,0.96
395902,2025-10-06,1.0
396207,2021-08-12,0.9
396207,2022-03-22,0.97
396207,2024-01-19,0.99
396207,2025-07-08,1.0
396373,2021-01-08,0.88
396373,2022-09-03,0.94
396373,2023-04-05,0.96
396373,2024-01-13,0.98
396373,2025-02-23,1.0
396383,2021-07-25,0.83
396383,2022-12-09,0.92
396383,2023-08-21,0.95
396383,2024-07-21,0.96
396383,2025-01-15,1.0
396399,2021-01-31,0.82
396399,2022-05-09,0.89
396399,2023-05-06,0.94
396399,2024-05-18,0.97
396399,2025-03-02,1.0
396468,2021-09-04,0.91
396468,2022-09-10,1.0
396597,2021-08-24,0.88
396597,2023-09-19,0.94
396597,2024-01-16,0.96
396597,2025-04-02,1.0
396844,2021-05-31,0.99
396844,2024-07-01,1.0
396867,2021-06-25,0.89
396867,2022-01-31,0.99
396867,2025-02-25,1.0
396885,2021-01-08,0.88
396885,2022-07-13,0.96
396885,2024-09-15,0.98
396885,2025-05-19,1.0
397026,2021-02-28,0.9
397026,2022-03-21,0.97
397026,2024-03-10,0.99
397026,2025-02-02,1.0
397225,2021-09-20,0.83
397225,2022-01-10,0.9
397225,2023-08-03,0.94
397225,2024-04-17,0.99
397225,2025-11-14,1.0
397263,2021-08-09,0.89
397263,2022-12-25,0.97
397263,2024-01-11,0.98
397263,2025-01-06,1.0
397272,2021-01-10,0.93
397272,2023-02-21,0.96
397272,2024-10-28,0.99
397272,2025-03-30,1.0
397288,2021-07-13,0.83
397288,2022-11-29,0.88
397288,2023-08-23,0.93
397288,2024-08-29,0.95
397288,2025-05-15,1.0
397472,2021-11-04,0.97
397472,2024-10-18,0.99
397472,2025-11-17,1.0
397656,2021-09-29,0.82
397656,2022-07-07,0.89
397656,2023-10-27,0.94
397656,2024-04-15,0.96
397656,2025-06-23,1.0
397676,2021-01-30,0.85
397676,2022-10-03,0.93
397676,2024-04-13,0.95
397676,2025-01-08,1.0
397756,2021-01-08,0.88
397756,2022-03-04,0.95
397756,2023-08-09,0.99
397756,2025-07-18,1.0
397859,2021-08-24,0.85
397859,2022-02-19,0.93
397859,2023-11-01,0.96
397859,2025-06-01,1.0
397903,2021-08-23,0.97
397903,2024-01-26,1.0
398021,2021-08-28,0.92
398021,2022-09-30,1.0
398069,2021-02-14,0.87
398069,2022-10-06,0.95
398069,2023-04-24,0.98
398069,2025-07-29,1.0
398207,2021-01-16,0.88
398207,2022-06-09,0.94
398207,2023-11-07,0.97
398207,2025-02-07,1.0
398246,2021-12-05,0.95
398246,2023-04-22,0.98
398246,2024-09-14,0.99
398246,2025-02-05,1.0
398338,2021-06-29,0.91
398338,2022-02-18,0.97
398338,2023-08-18,0.99
398338,2024-04-04,1.0
398343,2021-11-29,0.87
398343,2022-12-11,0.93
398343,2024-09-09,0.98
398343,2025-02-09,1.0
398463,2021-06-15,0.85
398463,2022-02-17,0.92
398463,2023-03-20,0.95
398463,2025-11-09,1.0
398469,2021-07-24,0.86
398469,2022-04-11,0.94
398469,2024-06-28,0.98
398469,2025-04-20,1.0
398631,2021-05-18,0.95
398631,2025-10-29,1.0
398764,2021-07-26,0.87
398764,2022-01-10,0.95
398764,2025-05-25,1.0
398775,2021-08-21,0.83
398775,2022-05-19,0.91
398775,2024-02-25,0.96
398775,2025-06-12,1.0
398858,2021-05-27,0.91
398858,2023-06-21,0.94
398858,2024-12-19,0.96
398858,2025-07-24,1.0
398865,2021-10-22,0.85
398865,2022-01-19,0.93
398865,2023-08-27,0.97
398865,2025-10-01,1.0
398991,2021-02-13,0.8
398991,2022-02-12,0.88
398991,2023-11-27,0.93
398991,2024-10-05,0.97
398991,2025-06-26,1.0
399071,2021-02-09,0.8
399071,2022-08-28,0.87
399071,2023-12-21,0.92
399071,2024-11-01,0.95
399071,2025-02-14,1.0
399423,2021-11-13,0.83
399423,2022-03-19,0.9
399423,2023-09-16,0.95
399423,2024-02-19,1.0
399515,2021-01-17,0.86
399515,2022-10-26,0.93
399515,2024-09-09,0.96
399515,2025-03-22,1.0
399585,2021-12-26,0.86
399585,2022-09-10,0.94
399585,2023-01-11,0.97
399585,2024-05-29,1.0
399766,2021-02-09,0.99
399766,2025-07-21,1.0
399767,2021-04-09,0.86
399767,2022-02-17,0.92
399767,2023-09-02,0.96
399767,2024-07-16,1.0
399803,2021-01-03,0.79
399803,2022-11-19,0.87
399803,2023-10-09,0.91
399803,2024-08-04,0.95
399803,2025-03-20,1.0
400100,2021-03-22,0.87
400100,2022-11-26,0.96
400100,2024-06-07,0.99
400100,2025-02-24,1.0
400179,2021-10-17,0.9
400179,2022-09-06,0.98
400179,2024-11-20,0.99
400179,2025-11-24,1.0
400507,2021-01-17,0.84
400507,2022-12-25,0.93
400507,2023-12-01,0.98
400507,2024-10-28,1.0
400536,2021-07-15,0.98
400536,2023-10-05,1.0
400769,2021-09-04,0.88
400769,2022-07-20,0.95
400769,2023-08-28,0.97
400769,2024-09-24,1.0
400829,2021-06-26,0.91
400829,2022-03-22,0.97
400829,2023-04-30,1.0
400843,2021-05-06,0.89
400843,2023-04-02,0.94
400843,2024-09-05,0.99
400843,2025-07-15,1.0
400877,2021-06-01,0.88
400877,2022-07-03,0.95
400877,2023-05-15,0.98
400877,2025-03-06,1.0
401063,2021-03-23,0.82
401063,2022-05-15,0.87
401063,2023-02-15,0.91
401063,2024-04-04,0.96
401063,2025-09-29,1.0
401111,2021-03-10,0.79
401111,2022-01-17,0.86
401111,2023-08-23,0.91
401111,2024-09-11,0.95
401111,2025-05-03,1.0
401403,2021-10-11,0.91
401403,2022-04-02,0.97
401403,2023-06-09,1.0
401627,2021-08-06,0.85
401627,2022-09-25,0.92
401627,2023-09-06,0.97
401627,2024-05-10,0.99
401627,2025-01-15,1.0
401642,2021-05-08,0.85
401642,2022-09-26,0.92
401642,2023-04-05,0.97
401642,2024-12-17,1.0
401658,2021-03-11,0.87
401658,2022-05-19,0.93
401658,2023-11-25,0.96
401658,2024-10-13,0.97
401658,2025-12-02,1.0
401854,2021-11-18,0.86
401854,2022-06-04,0.94
401854,2024-12-18,0.95
401854,2025-06-28,1.0
401948,2021-12-11,0.93
401948,2024-05-12,0.96
401948,2025-09-29,1.0
401962,2021-12-03,0.86
401962,2022-05-19,0.95
401962,2025-08-27,1.0
402175,2021-04-10,0.9
402175,2023-06-24,0.94
402175,2024-11-13,0.98
402175,2025-11-26,1.0
402206,2021-07-05,0.88
402206,2022-08-19,0.96
402206,2025-11-20,1.0
402285,2021-08-26,0.95
402285,2023-05-18,0.98
402285,2024-02-11,1.0
402330,2021-10-18,0.83
402330,2022-05-25,0.92
402330,2024-05-19,0.96
402330,2025-12-29,1.0
402372,2021-03-12,0.91
402372,2022-06-21,0.98
402372,2024-07-14,1.0
402423,2021-10-20,0.96
402423,2025-08-20,1.0
402499,2021-07-21,0.91
402499,2022-08-08,0.98
402499,2023-10-27,1.0
402674,2021-10-08,0.91
402674,2022-01-15,0.97
402674,2023-11-16,0.98
402674,2024-03-04,1.0
402785,2021-04-23,0.82
402785,2022-08-13,0.88
402785,2023-05-29,0.93
402785,2024-03-08,0.98
402785,2025-06-24,1.0
402801,2021-08-06,0.77
402801,2022-08-25,0.86
402801,2023-02-06,0.91
402801,2024-11-28,0.96
402801,2025-06-28,1.0
402914,2021-07-24,0.85
402914,2022-03-12,0.9
402914,2023-07-12,0.95
402914,2024-01-23,0.99
402914,2025-09-27,1.0
402935,2021-12-15,0.95
402935,2025-03-26,1.0
403094,2021-04-15,0.93
403094,2023-12-10,0.95
403094,2024-07-02,1.0
403255,2021-08-19,0.91
403255,2023-01-31,0.95
403255,2024-11-06,1.0
403314,2021-06-19,0.94
403314,2024-03-21,0.99
403314,2025-09-09,1.0
403320,2021-05-26,0.83
403320,2022-12-03,0.91
403320,2023-03-25,0.96
403320,2024-04-06,0.98
403320,2025-01-03,1.0
403399,2021-05-03,0.87
403399,2022-09-20,0.93
403399,2023-01-20,0.98
403399,2024-10-10,1.0
403650,2021-08-07,0.85
403650,2022-02-04,0.91
403650,2023-02-10,0.96
403650,2025-07-22,1.0
403727,2021-07-16,0.84
403727,2022-05-04,0.93
403727,2023-10-07,0.99
403727,2025-07-27,1.0
403898,2021-01-29,0.92
403898,2023-01-09,0.96
403898,2024-10-23,0.98
403898,2025-09-09,1.0
403921,2021-07-07,0.95
403921,2023-06-02,1.0
404003,2021-05-09,0.83
404003,2022-03-07,0.91
404003,2023-01-17,0.97
404003,2024-10-07,1.0
404087,2021-07-23,0.89
404087,2023-07-29,0.92
404087,2024-02-29,0.96
404087,2025-11-16,1.0
404204,2021-07-13,0.86
404204,2022-06-25,0.93
404204,2024-05-13,0.98
404204,2025-12-07,1.0
404534,2021-07-27,0.81
404534,2022-05-25,0.89
404534,2023-07-24,0.93
404534,2024-08-11,0.98
404534,2025-05-11,1.0
404560,2021-04-03,0.99
404560,2025-11-12,1.0
404746,2021-06-18,0.96
404746,2024-02-20,1.0
404766,2021-12-05,0.88
404766,2022-11-04,0.94
404766,2023-07-14,0.98
404766,2024-01-20,1.0
404778,2021-03-02,0.82
404778,2022-10-12,0.91
404778,2023-08-27,0.97
404778,2024-08-14,0.99
404778,2025-05-06,1.0
404862,2021-04-03,0.9
404862,2022-09-05,0.98
404862,2024-03-09,1.0
404897,2021-03-02,0.8
404897,2022-10-17,0.89
404897,2023-01-22,0.94
404897,2024-09-28,0.97
404897,2025-07-10,1.0
404955,2021-08-18,0.89
404955,2022-11-07,0.96
404955,2023-02-28,0.99
404955,2025-05-26,1.0
405002,2021-04-18,0.87
405002,2022-03-22,0.94
405002,2023-01-05,0.96
405002,2025-12-31,1.0
405004,2021-07-25,0.93
405004,2023-07-25,0.97
405004,2024-05-10,0.98
405004,2025-01-17,1.0
405099,2021-08-31,0.98
405099,2024-12-10,1.0
405221,2021-11-19,0.89
405221,2022-09-01,0.95
405221,2023-05-19,0.99
405221,2025-07-21,1.0
405353,2021-04-12,0.88
405353,2022-01-26,0.95
405353,2023-06-24,0.98
405353,2025-08-23,1.0
405655,2021-10-03,0.85
405655,2022-08-03,0.92
405655,2023-11-16,0.94
405655,2024-07-25,0.96
405655,2025-10-19,1.0
405667,2021-08-13,0.84
405667,2022-03-08,0.91
405667,2023-05-28,0.95
405667,2024-01-30,1.0
405708,2021-07-20,0.95
405708,2023-04-03,1.0
405728,2021-01-29,1.0
405961,2021-09-04,0.93
405961,2024-06-19,0.95
405961,2025-04-01,1.0
405963,2021-08-04,0.92
405963,2023-12-12,0.97
405963,2025-06-18,1.0
406297,2021-09-13,0.97
406297,2023-07-26,1.0
406421,2021-01-29,0.99
406421,2025-04-12,1.0
406672,2021-02-17,0.86
406672,2022-12-20,0.92
406672,2024-05-01,0.97
406672,2025-01-04,1.0
406701,2021-03-23,0.95
406701,2023-03-31,1.0
406812,2021-08-17,0.83
406812,2022-11-19,0.91
406812,2023-05-15,0.95
406812,2024-11-12,1.0
406817,2021-03-01,0.82
406817,2022-01-16,0.89
406817,2023-03-23,0.92
406817,2024-04-19,0.96
406817,2025-11-17,1.0
406982,2021-03-06,0.87
406982,2023-10-30,0.93
406982,2024-08-30,0.96
406982,2025-07-24,1.0
407148,2021-11-17,0.85
407148,2022-10-05,0.94
407148,2023-10-07,0.96
407148,2025-08-09,1.0
407216,2021-09-12,0.92
407216,2024-04-20,0.97
407216,2025-07-27,1.0
407234,2021-06-23,0.93
407234,2023-01-21,0.98
407234,2025-12-17,1.0
407236,2021-01-03,0.9
407236,2022-01-06,1.0
407297,2021-03-07,0.93
407297,2023-08-05,0.98
407297,2024-12-08,1.0
407303,2021-08-20,0.84
407303,2022-12-14,0.92
407303,2023-03-21,0.95
407303,2024-08-28,1.0
407389,2021-09-15,0.91
407389,2023-06-10,0.92
407389,2024-07-02,0.95
407389,2025-08-09,1.0
407489,2021-04-28,0.86
407489,2022-10-25,0.94
407489,2023-05-17,0.96
407489,2024-02-20,1.0
407582,2021-12-19,0.89
407582,2022-06-05,0.97
407582,2023-05-05,0.99
407582,2025-06-14,1.0
407585,2021-03-27,0.98
407585,2023-11-05,1.0
407931,2021-05-05,0.87
407931,2022-06-24,0.96
407931,2024-03-20,1.0
407953,2021-09-09,0.9
407953,2022-10-04,0.99
407953,2025-04-19,1.0
408030,2021-09-28,0.86
408030,2022-06-06,0.93
408030,2023-03-04,0.94
408030,2024-04-28,0.99
408030,2025-04-11,1.0
408033,2021-10-09,0.99
408033,2025-06-29,1.0
408391,2021-03-28,0.84
408391,2022-11-21,0.91
408391,2023-03-12,0.93
408391,2024-11-03,0.98
408391,2025-03-17,1.0
408493,2021-02-24,0.83
408493,2022-03-09,0.91
408493,2023-07-01,0.95
408493,2024-04-06,0.99
408493,2025-11-08,1.0
408504,2021-09-28,0.84
408504,2022-06-23,0.92
408504,2023-10-31,0.96
408504,2025-10-04,1.0
408515,2021-01-01,0.91
408515,2023-05-27,0.95
408515,2024-08-03,0.97
408515,2025-04-22,1.0
408541,2021-01-14,0.9
408541,2022-01-27,1.0
408573,2021-08-19,0.8
408573,2022-04-28,0.87
408573,2023-03-11,0.92
408573,2024-04-03,0.96
408573,2025-03-09,1.0
408744,2021-10-31,0.81
408744,2022-09-08,0.89
408744,2023-04-07,0.94
408744,2024-09-14,0.98
408744,2025-11-11,1.0
408873,2021-07-28,0.85
408873,2022-03-07,0.93
408873,2023-02-03,0.98
408873,2024-03-19,0.99
408873,2025-12-08,1.0
408898,2021-11-19,0.89
408898,2022-11-05,0.99
408898,2025-12-10,1.0
409037,2021-11-25,0.84
409037,2022-08-24,0.9
409037,2023-07-11,0.92
409037,2024-05-14,0.96
409037,2025-02-01,1.0
409172,2021-07-10,0.83
409172,2022-12-22,0.91
409172,2023-05-02,0.93
409172,2024-05-24,0.97
409172,2025-11-20,1.0
409197,2021-09-12,0.91
409197,2022-04-28,1.0
409218,2021-04-11,0.95
409218,2024-04-29,0.96
409218,2025-08-08,1.0
409242,2021-10-22,0.84
409242,2022-06-22,0.91
409242,2023-11-17,0.94
409242,2024-10-09,0.97
409242,2025-07-23,1.0
409335,2021-03-27,0.86
409335,2022-12-18,0.94
409335,2024-06-14,0.96
409335,2025-10-29,1.0
409358,2021-02-08,0.87
409358,2022-03-09,0.96
409358,2023-05-13,0.99
409358,2025-10-28,1.0
409362,2021-04-06,0.87
409362,2023-08-30,0.91
409362,2024-04-22,0.95
409362,2025-02-04,1.0
409367,2021-01-18,0.84
409367,2022-09-09,0.9
409367,2023-08-21,0.92
409367,2024-01-18,0.96
409367,2025-10-14,1.0
409506,2021-07-24,0.88
409506,2022-01-27,0.95
409506,2023-09-26,0.97
409506,2024-06-28,1.0
409526,2021-05-04,0.84
409526,2022-12-11,0.91
409526,2024-08-21,0.96
409526,2025-01-03,1.0
409527,2021-05-18,0.93
409527,2023-01-14,0.97
409527,2024-10-19,1.0
409586,2021-02-27,0.92
409586,2024-02-24,0.96
409586,2025-07-18,1.0
409668,2021-01-22,0.86
409668,2022-09-23,0.94
409668,2023-01-22,1.0
409877,2021-12-29,0.87
409877,2023-03-10,0.93
409877,2024-05-31,0.95
409877,2025-06-12,1.0
409910,2021-02-08,0.95
409910,2024-11-27,0.96
409910,2025-01-14,1.0
410004,2021-03-29,0.87
410004,2023-02-02,0.91
410004,2024-05-19,0.96
410004,2025-07-15,1.0
410096,2021-12-23,0.83
410096,2022-10-05,0.89
410096,2023-09-15,0.91
410096,2024-10-10,0.95
410096,2025-04-07,1.0
410725,2021-06-30,0.85
410725,2022-11-06,0.93
410725,2023-09-09,0.99
410725,2025-07-31,1.0
410917,2021-09-28,0.89
410917,2022-01-08,0.96
410917,2024-06-30,0.98
410917,2025-10-19,1.0
411026,2021-07-24,0.89
411026,2022-07-14,0.96
411026,2023-06-01,0.98
411026,2024-09-05,0.99
411026,2025-10-03,1.0
411319,2021-01-28,0.88
411319,2023-10-03,0.93
411319,2024-01-27,0.95
411319,2025-02-25,1.0
411376,2021-08-15,0.82
411376,2022-07-01,0.88
411376,2023-02-27,0.93
411376,2024-12-23,0.97
411376,2025-01-14,1.0
411380,2021-07-13,0.92
411380,2022-11-22,0.99
411380,2025-04-03,1.0
411429,2021-08-06,0.96
411429,2024-04-21,1.0
411535,2021-08-11,0.86
411535,2022-03-01,0.92
411535,2023-07-02,0.93
411535,2024-07-24,0.97
411535,2025-05-06,1.0
411643,2021-09-13,0.85
411643,2022-12-14,0.92
411643,2023-12-21,0.94
411643,2024-04-24,0.97
411643,2025-04-10,1.0
411821,2021-04-17,0.92
411821,2022-11-10,0.99
411821,2025-12-01,1.0
411886,2021-11-10,0.86
411886,2022-01-16,0.96
411886,2024-09-28,1.0
412025,2021-04-12,0.94
412025,2024-09-12,0.97
412025,2025-08-05,1.0
412058,2021-09-19,0.86
412058,2022-11-10,0.95
412058,2023-04-24,0.98
412058,2024-09-24,0.99
412058,2025-08-31,1.0
412062,2021-03-26,0.93
412062,2024-11-08,0.98
412062,2025-03-07,1.0
412154,2021-12-10,0.83
412154,2022-12-04,0.92
412154,2023-11-18,0.95
412154,2024-02-28,0.97
412154,2025-12-08,1.0
412264,2021-04-06,0.9
412264,2022-09-25,0.96
412264,2024-04-23,0.97
412264,2025-08-01,1.0
412355,2021-04-22,0.81
412355,2022-09-12,0.87
412355,2023-07-22,0.91
412355,2024-01-09,0.95
412355,2025-05-18,1.0
412494,2021-02-05,0.92
412494,2024-01-13,0.97
412494,2025-09-01,1.0
412607,2021-05-01,0.9
412607,2023-10-03,0.94
412607,2024-06-23,0.96
412607,2025-05-08,1.0
412667,2021-07-28,0.91
412667,2023-03-17,0.93
412667,2024-03-29,0.97
412667,2025-04-29,1.0
412780,2021-02-17,0.87
412780,2022-02-23,0.97
412780,2024-07-02,1.0
412878,2021-01-15,0.95
412878,2023-08-27,0.97
412878,2024-02-06,0.98
412878,2025-05-07,1.0
412978,2021-07-09,0.88
412978,2022-10-31,0.95
412978,2023-10-12,0.97
412978,2024-09-18,1.0
413246,2021-01-09,0.84
413246,2022-08-09,0.91
413246,2023-08-27,0.95
413246,2024-04-19,1.0
413328,2021-12-02,0.86
413328,2022-11-18,0.94
413328,2023-06-18,0.99
413328,2025-06-16,1.0
413489,2021-10-15,0.85
413489,2022-02-26,0.94
413489,2023-12-07,0.96
413489,2025-03-31,1.0
413595,2021-08-16,0.91
413595,2023-07-14,0.96
413595,2025-09-30,1.0
413730,2021-10-29,0.95
413730,2023-08-04,1.0
413784,2021-08-23,0.87
413784,2022-12-28,0.94
413784,2023-04-03,0.98
413784,2025-03-15,1.0
414067,2021-07-31,0.9
414067,2023-02-27,0.94
414067,2024-08-02,0.98
414067,2025-09-18,1.0
414142,2021-01-12,0.83
414142,2022-02-22,0.92
414142,2023-02-04,0.95
414142,2024-09-29,0.99
414142,2025-10-08,1.0
414300,2021-09-28,0.85
414300,2022-05-19,0.94
414300,2023-10-21,0.95
414300,2024-10-12,0.99
414300,2025-09-14,1.0
414476,2021-06-18,0.91
414476,2022-01-21,0.98
414476,2024-05-21,1.0
414527,2021-01-10,0.95
414527,2023-10-14,0.97
414527,2024-06-02,1.0
414546,2021-06-13,0.86
414546,2022-12-27,0.93
414546,2023-06-07,0.95
414546,2024-03-26,1.0
414554,2021-01-18,0.88
414554,2023-03-16,0.92
414554,2024-10-25,0.96
414554,2025-06-26,1.0
414690,2021-07-28,0.89
414690,2023-06-30,0.94
414690,2024-09-28,0.96
414690,2025-11-05,1.0
414693,2021-10-15,0.84
414693,2022-03-02,0.92
414693,2023-01-08,0.97
414693,2024-10-18,1.0
414772,2021-06-27,0.9
414772,2022-01-11,0.96
414772,2024-03-27,1.0
414777,2021-01-11,0.86
414777,2022-06-04,0.96
414777,2023-07-17,0.97
414777,2025-06-17,1.0
414992,2021-02-21,0.94
414992,2023-06-20,0.95
414992,2024-03-26,0.97
414992,2025-04-25,1.0
415075,2021-07-16,0.88
415075,2022-12-22,0.95
415075,2023-05-26,0.99
415075,2025-12-10,1.0
415125,2021-11-09,0.82
415125,2022-07-15,0.9
415125,2023-01-28,0.96
415125,2024-05-21,0.98
415125,2025-01-28,1.0
415177,2021-08-11,0.85
415177,2022-05-15,0.93
415177,2023-02-22,0.95
415177,2025-08-18,1.0
415226,2021-08-03,0.96
415226,2024-07-19,1.0
415413,2021-11-09,0.94
415413,2023-09-11,0.98
415413,2024-01-30,1.0
415434,2021-06-01,0.86
415434,2022-07-04,0.92
415434,2023-04-01,0.97
415434,2024-04-28,0.98
415434,2025-03-23,1.0
415437,2021-07-01,0.89
415437,2022-06-19,0.96
415437,2023-08-02,0.99
415437,2024-05-25,1.0
415530,2021-11-12,0.9
415530,2022-02-04,1.0
415839,2021-03-23,0.91
415839,2023-06-17,0.93
415839,2024-03-25,0.97
415839,2025-11-14,1.0
415915,2021-11-08,0.85
415915,2022-09-19,0.93
415915,2023-06-08,0.97
415915,2024-09-20,0.99
415915,2025-11-22,1.0
415922,2021-04-20,0.95
415922,2023-11-18,0.98
415922,2024-07-28,1.0
416013,2021-08-20,0.86
416013,2022-03-06,0.95
416013,2024-03-05,0.96
416013,2025-09-16,1.0
416083,2021-01-07,0.93
416083,2023-11-06,0.98
416083,2024-02-29,1.0
416133,2021-06-08,0.94
416133,2024-11-20,0.97
416133,2025-10-11,1.0
416246,2021-08-21,0.87
416246,2022-07-01,0.96
416246,2025-02-05,1.0
416311,2021-11-14,0.83
416311,2022-02-08,0.89
416311,2023-10-12,0.93
416311,2024-04-21,0.97
416311,2025-06-03,1.0
416368,2021-07-17,0.85
416368,2022-03-11,0.94
416368,2023-01-12,0.98
416368,2024-10-13,1.0
416398,2021-08-18,0.84
416398,2022-10-19,0.91
416398,2023-09-14,0.94
416398,2024-12-08,0.97
416398,2025-09-18,1.0
416400,2021-04-30,0.84
416400,2022-11-11,0.93
416400,2023-01-02,0.98
416400,2025-02-27,1.0
416532,2021-07-18,0.89
416532,2022-02-10,0.97
416532,2025-12-16,1.0
416656,2021-09-22,0.8
416656,2022-03-13,0.88
416656,2023-12-21,0.94
416656,2024-07-15,0.97
416656,2025-02-26,1.0
416697,2021-10-27,0.85
416697,2022-05-01,0.94
416697,2023-12-03,0.97
416697,2025-12-20,1.0
416773,2021-09-05,0.85
416773,2022-12-16,0.91
416773,2023-08-15,0.94
416773,2024-12-07,0.98
416773,2025-04-25,1.0
416851,2021-09-24,0.82
416851,2022-01-27,0.91
416851,2023-12-03,0.95
416851,2025-11-04,1.0
416870,2021-05-31,0.87
416870,2022-10-08,0.93
416870,2023-12-08,0.96
416870,2025-09-13,1.0
417608,2021-01-21,0.84
417608,2022-06-11,0.92
417608,2023-03-13,0.96
417608,2024-09-18,0.98
417608,2025-02-18,1.0
417635,2021-09-17,1.0
417837,2021-01-10,0.86
417837,2022-03-16,0.92
417837,2023-06-23,0.94
417837,2024-09-12,0.97
417837,2025-11-05,1.0
417869,2021-02-11,0.83
417869,2022-02-24,0.92
417869,2023-11-05,0.96
417869,2025-02-15,1.0
417905,2021-08-17,0.88
417905,2022-12-29,0.94
417905,2023-04-07,0.99
417905,2024-09-08,1.0
418004,2021-04-15,0.95
418004,2024-01-08,1.0
418538,2021-10-08,0.94
418538,2024-08-18,0.97
418538,2025-11-15,1.0
418750,2021-08-19,0.92
418750,2023-08-09,0.96
418750,2024-09-06,1.0
418770,2021-07-14,0.87
418770,2022-08-07,0.93
418770,2023-01-16,0.95
418770,2024-01-27,0.99
418770,2025-01-30,1.0
418840,2021-07-13,0.92
418840,2023-11-07,0.97
418840,2024-06-04,0.98
418840,2025-07-12,1.0
418854,2021-10-19,0.88
418854,2022-05-30,0.98
418854,2024-11-21,0.99
418854,2025-05-26,1.0
419173,2021-11-16,0.88
419173,2022-03-12,0.95
419173,2024-11-17,1.0
419337,2021-08-06,0.98
419337,2024-06-01,1.0
419397,2021-04-06,0.82
419397,2022-08-08,0.9
419397,2023-08-06,0.96
419397,2024-12-04,0.99
419397,2025-08-27,1.0
419472,2021-07-06,0.86
419472,2022-07-22,0.92
419472,2023-11-14,0.96
419472,2024-07-14,0.99
419472,2025-04-18,1.0
419598,2021-12-02,0.79
419598,2022-12-21,0.88
419598,2023-06-09,0.91
419598,2024-04-14,0.95
419598,2025-03-15,1.0
419676,2021-12-15,0.9
419676,2023-04-06,0.95
419676,2024-05-09,1.0
419696,2021-07-27,0.85
419696,2022-05-13,0.94
419696,2023-03-14,0.97
419696,2024-09-28,1.0
419849,2021-02-23,0.86
419849,2022-10-14,0.94
419849,2023-11-27,0.97
419849,2025-01-20,1.0
419875,2021-11-27,0.81
419875,2022-03-16,0.9
419875,2023-07-24,0.96
419875,2024-09-01,1.0
420039,2021-01-19,0.88
420039,2022-07-24,0.96
420039,2023-12-16,0.98
420039,2025-06-16,1.0
420083,2021-08-27,0.81
420083,2022-12-11,0.89
420083,2023-03-01,0.92
420083,2024-03-18,0.97
420083,2025-12-28,1.0
420155,2021-01-26,0.94
420155,2023-02-01,0.99
420155,2025-11-01,1.0
420216,2021-09-25,0.92
420216,2023-11-21,0.97
420216,2024-01-09,0.99
420216,2025-10-28,1.0
420261,2021-11-25,0.95
420261,2024-04-20,0.96
420261,2025-10-05,1.0
420273,2021-03-20,0.88
420273,2022-01-13,0.95
420273,2023-06-20,0.97
420273,2024-03-15,1.0
420302,2021-04-01,0.93
420302,2024-03-24,0.97
420302,2025-09-14,1.0
420303,2021-10-29,0.95
420303,2024-02-18,0.98
420303,2025-10-24,1.0
420503,2021-01-03,0.95
420503,2024-05-30,0.98
420503,2025-05-30,1.0
420536,2021-10-27,0.94
420536,2023-02-22,0.97
420536,2024-11-23,0.99
420536,2025-05-25,1.0
420614,2021-06-23,0.86
420614,2022-04-28,0.93
420614,2024-06-16,0.95
420614,2025-02-02,1.0
420691,2021-10-09,0.85
420691,2022-02-01,0.94
420691,2024-05-03,0.95
420691,2025-05-14,1.0
420951,2021-12-15,0.87
420951,2022-08-05,0.93
420951,2024-01-25,0.96
420951,2025-07-24,1.0
421001,2021-04-04,0.85
421001,2022-01-02,0.93
421001,2024-12-21,0.98
421001,2025-12-23,1.0
421092,2021-03-16,0.8
421092,2022-10-13,0.87
421092,2023-12-11,0.9
421092,2024-07-10,0.95
421092,2025-03-16,1.0
421143,2021-05-21,0.92
421143,2023-04-09,0.95
421143,2024-08-24,0.99
421143,2025-06-12,1.0
421265,2021-04-25,0.9
421265,2023-05-07,0.94
421265,2024-07-10,0.98
421265,2025-12-04,1.0
421290,2021-10-07,0.86
421290,2022-04-28,0.92
421290,2024-05-17,0.96
421290,2025-12-28,1.0
421521,2021-08-14,0.88
421521,2022-02-08,0.94
421521,2023-08-26,0.98
421521,2024-05-21,1.0
421724,2021-08-18,0.92
421724,2024-05-04,0.96
421724,2025-10-12,1.0
422430,2021-09-16,0.85
422430,2022-09-20,0.94
422430,2023-09-14,0.95
422430,2024-06-04,1.0
422488,2021-05-29,0.82
422488,2022-12-21,0.91
422488,2023-11-26,0.94
422488,2024-02-23,0.97
422488,2025-04-15,1.0
422585,2021-12-12,0.83
422585,2022-10-25,0.91
422585,2023-05-25,0.97
422585,2024-10-04,0.99
422585,2025-11-25,1.0
422695,2021-01-18,0.96
422695,2024-09-06,0.97
422695,2025-06-09,1.0
422785,2021-07-11,0.87
422785,2022-08-01,0.95
422785,2024-08-07,1.0
422923,2021-01-14,0.83
422923,2022-04-26,0.89
422923,2023-03-25,0.94
422923,2024-05-10,0.98
422923,2025-05-21,1.0
422956,2021-04-19,0.93
422956,2023-04-25,0.99
422956,2024-04-14,1.0
423034,2021-01-27,0.85
423034,2022-05-16,0.95
423034,2024-06-05,0.99
423034,2025-03-05,1.0
423086,2021-06-25,0.9
423086,2022-10-18,0.97
423086,2023-11-06,0.99
423086,2025-09-02,1.0
423119,2021-11-27,0.87
423119,2022-09-15,0.95
423119,2024-08-02,0.97
423119,2025-06-04,1.0
423318,2021-08-30,0.82
423318,2022-10-04,0.9
423318,2023-01-15,0.94
423318,2024-03-03,0.98
423318,2025-08-18,1.0
423420,2021-07-08,0.82
423420,2022-04-14,0.91
423420,2023-07-07,0.96
423420,2024-01-28,1.0
423502,2021-01-08,0.87
423502,2022-03-17,0.97
423502,2024-08-11,0.98
423502,2025-07-06,1.0
423512,2021-12-26,0.91
423512,2023-05-14,0.93
423512,2024-09-17,0.96
423512,2025-01-24,1.0
423735,2021-09-26,0.88
423735,2022-11-05,0.94
423735,2023-11-06,0.98
423735,2025-10-11,1.0
423793,2021-11-01,0.82
423793,2022-07-13,0.88
423793,2023-11-20,0.91
423793,2024-05-27,0.95
423793,2025-03-27,1.0
423796,2021-01-11,0.83
423796,2022-11-04,0.91
423796,2023-06-12,0.93
423796,2024-02-01,0.97
423796,2025-03-12,1.0
423974,2021-10-27,0.86
423974,2022-09-17,0.94
423974,2024-11-18,0.98
423974,2025-04-25,1.0
424859,2021-05-08,0.93
424859,2023-06-09,0.98
424859,2025-09-21,1.0
425060,2021-08-12,0.87
425060,2022-03-17,0.96
425060,2023-03-24,0.97
425060,2024-11-03,0.99
425060,2025-10-23,1.0
425308,2021-08-05,0.88
425308,2022-10-23,0.95
425308,2024-02-04,0.98
425308,2025-10-10,1.0
425352,2021-03-12,0.95
425352,2023-06-06,1.0
425438,2021-07-11,0.89
425438,2022-10-09,0.95
425438,2023-05-05,0.97
425438,2024-05-10,1.0
425560,2021-10-21,0.9
425560,2022-08-27,0.96
425560,2024-09-16,1.0
425586,2021-12-19,0.88
425586,2022-05-30,0.95
425586,2024-06-18,0.97
425586,2025-03-27,1.0
425663,2021-05-15,0.83
425663,2022-08-10,0.9
425663,2023-05-15,0.93
425663,2024-01-19,0.95
425663,2025-10-04,1.0
425670,2021-09-05,0.94
425670,2023-09-30,1.0
425751,2021-01-24,0.85
425751,2022-04-02,0.93
425751,2023-05-23,0.96
425751,2024-12-31,1.0
425780,2021-02-05,0.91
425780,2022-12-10,0.98
425780,2023-08-18,1.0
425787,2021-06-03,0.81
425787,2022-03-28,0.88
425787,2023-06-12,0.93
425787,2024-07-02,0.97
425787,2025-01-13,1.0
425867,2021-09-13,0.85
425867,2022-01-10,0.94
425867,2023-12-04,0.99
425867,2025-11-20,1.0
425922,2021-10-11,0.86
425922,2022-07-03,0.94
425922,2023-12-27,0.99
425922,2024-08-07,1.0
425949,2021-10-04,0.85
425949,2022-03-30,0.94
425949,2023-05-03,0.96
425949,2024-12-30,0.98
425949,2025-03-25,1.0
426193,2021-05-22,0.83
426193,2022-03-08,0.9
426193,2023-01-15,0.96
426193,2024-02-15,0.98
426193,2025-07-18,1.0
426200,2021-02-10,0.87
426200,2022-01-19,0.93
426200,2023-09-12,0.98
426200,2024-11-25,0.99
426200,2025-05-30,1.0
426203,2021-01-31,0.85
426203,2022-02-14,0.91
426203,2023-09-11,0.95
426203,2024-12-09,0.97
426203,2025-11-02,1.0
426229,2021-04-11,0.95
426229,2024-07-05,0.98
426229,2025-04-25,1.0
426345,2021-10-14,0.95
426345,2023-02-19,0.97
426345,2024-10-13,1.0
426471,2021-07-19,0.95
426471,2024-05-01,0.97
426471,2025-11-18,1.0
426529,2021-03-10,0.85
426529,2022-11-09,0.91
426529,2024-04-07,0.96
426529,2025-12-25,1.0
426552,2021-10-22,0.85
426552,2022-02-03,0.94
426552,2023-01-15,0.96
426552,2024-09-30,0.98
426552,2025-11-16,1.0
426554,2021-12-13,0.86
426554,2022-12-30,0.95
426554,2024-04-29,0.99
426554,2025-10-19,1.0
426787,2021-03-16,0.84
426787,2022-10-31,0.93
426787,2024-01-15,0.97
426787,2025-01-04,1.0
426790,2021-03-19,0.8
426790,2022-11-19,0.88
426790,2023-01-08,0.92
426790,2024-06-12,0.96
426790,2025-05-02,1.0
426881,2021-09-15,0.9
426881,2022-10-22,0.97
426881,2025-05-22,1.0
426975,2021-12-16,0.93
426975,2023-05-22,0.94
426975,2024-05-08,0.97
426975,2025-11-17,1.0
427050,2021-11-09,0.84
427050,2022-08-31,0.92
427050,2024-07-29,0.97
427050,2025-07-03,1.0
427100,2021-02-27,0.95
427100,2023-01-01,0.98
427100,2025-01-15,1.0
427239,2021-04-24,0.81
427239,2022-07-19,0.89
427239,2023-11-30,0.93
427239,2024-09-20,0.95
427239,2025-06-27,1.0
427388,2021-05-16,0.88
427388,2022-03-26,0.95
427388,2024-10-01,0.97
427388,2025-06-28,1.0
427522,2021-02-12,0.88
427522,2022-10-15,0.94
427522,2023-07-19,0.97
427522,2024-04-20,0.98
427522,2025-04-24,1.0
427666,2021-08-15,0.83
427666,2022-06-06,0.91
427666,2023-03-20,0.95
427666,2024-09-06,0.98
427666,2025-08-21,1.0
427680,2021-11-01,0.93
427680,2022-10-03,1.0
427784,2021-03-24,0.87
427784,2022-03-04,0.96
427784,2024-06-17,1.0
427816,2021-03-31,0.83
427816,2022-04-16,0.92
427816,2023-05-26,0.93
427816,2024-03-22,0.98
427816,2025-06-27,1.0
427903,2021-06-03,0.85
427903,2022-10-01,0.92
427903,2023-07-29,0.98
427903,2025-01-12,1.0
428145,2021-08-27,0.79
428145,2022-09-08,0.86
428145,2023-06-05,0.91
428145,2024-04-13,0.95
428145,2025-12-04,1.0
428203,2021-10-26,0.85
428203,2022-04-30,0.92
428203,2023-04-07,0.96
428203,2025-01-08,1.0
428320,2021-10-11,0.84
428320,2022-06-11,0.91
428320,2023-06-22,0.93
428320,2024-12-01,0.95
428320,2025-12-01,1.0
428369,2021-08-09,0.9
428369,2022-03-22,0.97
428369,2025-03-10,1.0
428377,2021-09-21,0.81
428377,2022-07-21,0.86
428377,2023-04-21,0.92
428377,2024-11-27,0.96
428377,2025-07-15,1.0
428481,2021-10-29,0.85
428481,2022-07-06,0.92
428481,2023-12-26,0.96
428481,2025-09-27,1.0
428537,2021-10-28,0.92
428537,2023-02-10,0.95
428537,2024-11-05,1.0
428618,2021-09-12,0.85
428618,2022-12-08,0.92
428618,2023-05-01,0.98
428618,2024-11-14,1.0
428654,2021-12-03,0.86
428654,2022-12-14,0.92
428654,2023-11-19,0.96
428654,2024-03-19,0.98
428654,2025-05-12,1.0
428848,2021-04-09,0.82
428848,2022-05-03,0.88
428848,2023-05-19,0.93
428848,2024-10-25,0.97
428848,2025-08-21,1.0
428853,2021-10-22,0.9
428853,2022-01-28,0.97
428853,2025-12-20,1.0
428871,2021-04-25,0.89
428871,2022-02-12,0.99
428871,2025-05-23,1.0
428874,2021-10-29,0.83
428874,2022-06-16,0.92
428874,2023-01-28,0.97
428874,2025-07-10,1.0
428939,2021-05-17,0.89
428939,2023-02-17,0.94
428939,2024-01-28,0.96
428939,2025-11-03,1.0
429098,2021-09-29,0.89
429098,2022-12-02,0.95
429098,2024-12-27,1.0
429155,2021-04-21,0.89
429155,2022-04-06,0.96
429155,2023-02-01,0.97
429155,2025-03-11,1.0
429247,2021-09-10,0.81
429247,2022-06-24,0.9
429247,2023-10-11,0.95
429247,2024-06-10,1.0
429271,2021-07-18,0.82
429271,2022-02-13,0.88
429271,2023-11-18,0.92
429271,2024-12-15,0.96
429271,2025-11-16,1.0
429427,2021-12-10,0.82
429427,2022-11-22,0.9
429427,2024-09-01,0.95
429427,2025-08-14,1.0
429527,2021-11-13,0.97
429527,2024-10-04,0.99
429527,2025-09-20,1.0
429592,2021-07-05,0.85
429592,2022-08-13,0.93
429592,2024-12-26,0.97
429592,2025-10-11,1.0
429611,2021-10-27,0.86
429611,2022-11-07,0.93
429611,2023-01-16,0.95
429611,2024-01-02,1.0
429626,2021-05-16,1.0
429698,2021-03-25,0.87
429698,2022-05-29,0.93
429698,2024-09-18,0.96
429698,2025-03-29,1.0
429737,2021-01-01,0.86
429737,2022-11-13,0.95
429737,2023-03-12,0.97
429737,2024-12-12,1.0
429904,2021-04-04,0.85
429904,2022-02-20,0.94
429904,2023-09-08,0.96
429904,2024-06-12,0.97
429904,2025-11-15,1.0
429926,2021-04-21,0.85
429926,2022-01-18,0.93
429926,2024-03-11,0.96
429926,2025-01-19,1.0
430125,2021-10-23,0.8
430125,2022-01-17,0.88
430125,2023-06-13,0.92
430125,2024-07-12,0.97
430125,2025-11-27,1.0
430387,2021-03-25,0.92
430387,2023-06-29,0.97
430387,2024-04-19,1.0
430401,2021-10-17,0.98
430401,2025-06-02,1.0
430427,2021-03-27,0.87
430427,2022-05-08,0.96
430427,2024-05-04,0.99
430427,2025-01-12,1.0
430439,2021-09-19,0.91
430439,2023-06-14,0.95
430439,2024-06-02,0.97
430439,2025-09-26,1.0
430449,2021-07-02,0.9
430449,2022-01-05,0.96
430449,2024-12-16,0.98
430449,2025-05-21,1.0
430557,2021-09-09,0.85
430557,2022-11-10,0.93
430557,2023-10-26,0.96
430557,2024-06-29,1.0
430605,2021-08-28,0.88
430605,2022-12-09,0.94
430605,2023-04-14,0.98
430605,2024-03-05,1.0
430606,2021-04-05,0.86
430606,2022-08-31,0.93
430606,2024-04-11,0.98
430606,2025-11-26,1.0
430623,2021-05-31,0.93
430623,2023-04-21,0.98
430623,2024-01-25,1.0
430643,2021-07-04,0.89
430643,2022-04-25,0.95
430643,2024-02-10,0.97
430643,2025-12-15,1.0
430722,2021-10-27,0.86
430722,2022-01-08,0.94
430722,2024-06-09,0.96
430722,2025-08-02,1.0
430798,2021-10-07,0.83
430798,2022-10-10,0.92
430798,2024-11-02,0.95
430798,2025-08-18,1.0
430962,2021-03-28,0.92
430962,2024-01-27,0.96
430962,2025-05-09,1.0
430983,2021-10-28,0.86
430983,2022-02-08,0.94
430983,2023-08-28,0.99
430983,2025-11-12,1.0
431160,2021-05-04,0.93
431160,2023-10-10,0.97
431160,2025-03-20,1.0
431212,2021-03-01,0.82
431212,2022-11-16,0.9
431212,2023-03-03,0.93
431212,2024-01-23,0.98
431212,2025-06-26,1.0
431231,2021-07-10,0.98
431231,2023-09-21,1.0
431244,2021-04-27,0.86
431244,2022-12-16,0.92
431244,2023-05-10,0.97
431244,2024-02-13,1.0
431285,2021-01-10,0.83
431285,2022-03-03,0.91
431285,2023-05-04,0.93
431285,2024-07-05,0.96
431285,2025-05-26,1.0
431325,2021-12-11,0.89
431325,2022-05-19,0.95
431325,2023-01-17,0.99
431325,2025-03-15,1.0
431367,2021-02-08,0.94
431367,2023-08-13,0.98
431367,2025-08-22,1.0
431379,2021-06-14,0.86
431379,2022-11-27,0.93
431379,2023-05-11,0.95
431379,2024-12-07,0.96
431379,2025-09-26,1.0
431505,2021-04-17,0.9
431505,2023-12-16,0.95
431505,2025-03-22,1.0
431651,2021-06-15,0.83
431651,2022-12-01,0.9
431651,2023-01-26,0.95
431651,2024-02-04,0.97
431651,2025-04-28,1.0
431708,2021-08-22,0.85
431708,2022-10-05,0.93
431708,2023-09-29,0.98
431708,2025-02-28,1.0
431929,2021-09-08,0.89
431929,2022-02-04,0.95
431929,2024-01-05,0.99
431929,2025-03-08,1.0
432011,2021-02-22,0.96
432011,2023-03-21,0.98
432011,2025-12-08,1.0
432066,2021-03-05,1.0
432084,2021-07-29,0.84
432084,2022-05-02,0.9
432084,2023-07-26,0.95
432084,2024-07-22,0.99
432084,2025-04-11,1.0
432209,2021-06-23,0.85
432209,2022-02-19,0.94
432209,2024-12-17,0.97
432209,2025-12-30,1.0
432531,2021-04-05,0.94
432531,2023-03-03,0.98
432531,2024-06-19,1.0
432664,2021-11-03,0.91
432664,2023-10-04,0.97
432664,2025-04-05,1.0
432710,2021-04-10,0.85
432710,2022-03-11,0.93
432710,2023-01-16,0.97
432710,2024-11-09,1.0
432770,2021-04-15,0.85
432770,2022-05-13,0.9
432770,2023-03-13,0.95
432770,2024-01-27,1.0
432771,2021-11-18,0.88
432771,2022-03-08,0.95
432771,2023-08-25,0.98
432771,2025-03-29,1.0
432783,2021-06-09,0.84
432783,2022-04-16,0.93
432783,2023-03-19,0.95
432783,2024-06-30,0.98
432783,2025-08-22,1.0
432914,2021-03-26,0.91
432914,2024-09-22,0.95
432914,2025-11-15,1.0
432965,2021-10-06,0.91
432965,2022-08-16,1.0
433457,2021-10-06,0.84
433457,2022-08-03,0.92
433457,2023-04-22,0.96
433457,2025-10-16,1.0
433528,2021-05-05,0.82
433528,2022-08-06,0.9
433528,2023-01-08,0.95
433528,2025-01-11,1.0
433530,2021-01-28,0.87
433530,2022-10-03,0.95
433530,2023-07-10,1.0
433594,2021-10-28,0.78
433594,2022-03-13,0.86
433594,2023-05-16,0.92
433594,2024-02-03,0.97
433594,2025-08-04,1.0
433668,2021-07-18,0.94
433668,2023-06-04,0.97
433668,2025-03-01,1.0
433719,2021-11-16,0.9
433719,2022-08-12,0.96
433719,2024-07-28,1.0
433846,2021-12-22,0.87
433846,2022-05-14,0.94
433846,2024-05-11,0.99
433846,2025-08-01,1.0
433975,2021-06-18,0.86
433975,2022-10-07,0.92
433975,2023-09-02,0.96
433975,2024-02-26,1.0
433991,2021-03-17,0.95
433991,2024-02-11,1.0
434111,2021-01-22,0.89
434111,2023-08-05,0.94
434111,2024-11-18,0.97
434111,2025-12-16,1.0
434171,2021-01-26,0.89
434171,2022-04-17,0.95
434171,2024-08-10,0.99
434171,2025-09-26,1.0
434266,2021-10-13,0.87
434266,2022-02-08,0.94
434266,2023-08-19,0.96
434266,2024-07-04,0.97
434266,2025-05-20,1.0
434271,2021-11-15,0.81
434271,2022-04-10,0.88
434271,2023-02-27,0.92
434271,2024-09-12,0.95
434271,2025-04-30,1.0
434279,2021-01-18,0.85
434279,2022-02-06,0.93
434279,2023-04-16,0.98
434279,2024-03-26,1.0
434400,2021-07-09,0.84
434400,2022-09-23,0.9
434400,2023-12-15,0.93
434400,2024-10-11,0.96
434400,2025-01-23,1.0
434452,2021-01-04,0.92
434452,2023-11-17,0.93
434452,2024-10-21,0.97
434452,2025-01-17,1.0
434472,2021-09-27,0.9
434472,2022-06-12,0.96
434472,2024-12-15,1.0
434769,2021-07-04,0.85
434769,2022-12-13,0.91
434769,2023-08-27,0.96
434769,2024-08-29,1.0
434778,2021-12-03,0.87
434778,2022-06-30,0.95
434778,2023-06-28,0.99
434778,2025-09-28,1.0
434890,2021-07-04,0.83
434890,2022-04-06,0.91
434890,2024-03-31,0.96
434890,2025-06-11,1.0
434917,2021-07-03,0.85
434917,2022-06-26,0.94
434917,2023-01-29,0.97
434917,2024-05-09,1.0
434930,2021-04-13,0.97
434930,2024-08-22,1.0
435012,2021-07-16,0.81
435012,2022-03-14,0.9
435012,2023-11-19,0.95
435012,2024-12-22,0.99
435012,2025-07-23,1.0
435079,2021-01-05,0.84
435079,2022-10-24,0.9
435079,2023-10-04,0.95
435079,2024-04-24,0.99
435079,2025-12-19,1.0
435174,2021-04-10,0.9
435174,2022-01-17,1.0
435210,2021-10-16,0.85
435210,2022-03-31,0.94
435210,2023-06-19,0.96
435210,2024-12-14,0.98
435210,2025-02-24,1.0
435306,2021-04-21,0.96
435306,2023-05-03,1.0
435309,2021-03-06,0.85
435309,2022-05-04,0.92
435309,2023-08-30,0.95
435309,2024-12-30,0.96
435309,2025-04-26,1.0
435370,2021-02-13,0.87
435370,2022-04-14,0.95
435370,2023-03-04,0.97
435370,2024-10-20,0.99
435370,2025-06-27,1.0
435420,2021-01-21,0.82
435420,2022-03-23,0.9
435420,2023-07-04,0.95
435420,2024-10-21,0.98
435420,2025-09-11,1.0
435666,2021-06-04,0.85
435666,2022-03-01,0.91
435666,2023-01-09,0.96
435666,2025-02-11,1.0
436172,2021-12-12,0.81
436172,2022-10-02,0.88
436172,2023-10-14,0.94
436172,2024-03-25,0.99
436172,2025-06-12,1.0
436272,2021-08-24,0.82
436272,2022-04-05,0.91
436272,2023-04-07,0.96
436272,2025-02-03,1.0
436288,2021-12-19,0.92
436288,2022-05-24,0.99
436288,2024-04-09,1.0
436355,2021-03-08,0.95
436355,2023-07-25,1.0
436463,2021-12-31,0.93
436463,2023-03-23,0.98
436463,2024-04-05,0.99
436463,2025-08-09,1.0
436775,2021-09-25,0.9
436775,2022-10-15,0.97
436775,2024-09-16,1.0
436843,2021-02-21,0.93
436843,2023-08-04,0.98
436843,2025-02-08,1.0
437205,2021-12-21,0.83
437205,2022-08-01,0.9
437205,2023-12-25,0.94
437205,2024-05-08,0.96
437205,2025-12-21,1.0
437257,2021-09-08,0.96
437257,2024-02-27,0.98
437257,2025-06-20,1.0
437498,2021-04-04,0.84
437498,2022-11-20,0.91
437498,2023-09-26,0.92
437498,2024-12-29,0.95
437498,2025-07-14,1.0
437595,2021-12-11,0.86
437595,2022-07-20,0.93
437595,2023-03-15,0.96
437595,2024-05-27,0.99
437595,2025-08-06,1.0
437708,2021-03-11,0.8
437708,2022-10-09,0.87
437708,2023-11-25,0.92
437708,2024-04-21,0.96
437708,2025-10-24,1.0
437786,2021-05-05,0.92
437786,2023-09-24,0.97
437786,2024-01-17,0.99
437786,2025-11-10,1.0
438027,2021-03-24,0.92
438027,2023-10-14,0.96
438027,2024-10-19,1.0
438116,2021-11-14,0.89
438116,2023-09-03,0.94
438116,2024-12-09,0.99
438116,2025-12-17,1.0
438143,2021-12-10,0.86
438143,2022-02-04,0.93
438143,2023-02-28,0.95
438143,2024-10-31,0.97
438143,2025-08-09,1.0
438174,2021-05-15,0.88
438174,2022-10-08,0.96
438174,2024-03-03,0.99
438174,2025-06-07,1.0
438228,2021-05-18,0.85
438228,2022-11-09,0.92
438228,2023-05-17,0.97
438228,2025-02-16,1.0
438250,2021-04-06,0.84
438250,2022-02-21,0.93
438250,2023-07-10,0.95
438250,2024-01-18,0.98
438250,2025-03-26,1.0
438362,2021-08-25,0.85
438362,2022-11-18,0.94
438362,2023-12-10,0.98
438362,2025-01-08,1.0
438485,2021-02-16,0.86
438485,2022-02-27,0.92
438485,2023-02-20,0.96
438485,2024-10-14,1.0
438565,2021-03-08,0.97
438565,2024-09-13,1.0
438667,2021-10-14,0.82
438667,2022-03-08,0.89
438667,2023-11-11,0.95
438667,2025-02-10,1.0
439002,2021-12-03,0.9
439002,2022-03-15,1.0
439265,2021-03-25,0.9
439265,2022-11-13,0.97
439265,2024-03-26,0.98
439265,2025-03-12,1.0
439374,2021-01-30,0.86
439374,2022-03-06,0.94
439374,2023-05-07,0.98
439374,2024-10-24,1.0
439427,2021-07-15,0.92
439427,2022-12-08,0.98
439427,2023-04-02,1.0
439470,2021-11-02,0.87
439470,2022-02-04,0.94
439470,2023-04-01,0.97
439470,2025-11-19,1.0
439552,2021-12-23,0.85
439552,2022-12-14,0.94
439552,2024-09-27,0.99
439552,2025-05-10,1.0
439576,2021-04-12,0.88
439576,2022-03-13,0.94
439576,2024-08-14,0.97
439576,2025-01-14,1.0
439639,2021-02-18,0.96
439639,2024-09-16,0.99
439639,2025-01-02,1.0
439747,2021-02-20,0.83
439747,2022-04-16,0.91
439747,2023-11-22,0.95
439747,2024-01-14,1.0
440071,2021-12-03,0.97
440071,2023-03-30,0.99
440071,2025-06-25,1.0
440190,2021-09-19,0.88
440190,2022-10-13,0.97
440190,2024-06-14,0.99
440190,2025-05-23,1.0
440234,2021-10-28,0.88
440234,2022-06-07,0.95
440234,2024-09-05,0.97
440234,2025-04-22,1.0
440324,2021-09-22,0.9
440324,2023-07-17,0.95
440324,2025-08-19,1.0
440533,2021-11-02,0.87
440533,2022-06-02,0.93
440533,2023-04-07,0.96
440533,2024-06-24,0.98
440533,2025-05-22,1.0
440646,2021-06-28,0.81
440646,2022-09-30,0.9
440646,2023-04-26,0.92
440646,2024-08-15,0.96
440646,2025-02-01,1.0
440717,2021-02-08,0.9
440717,2024-03-13,0.95
440717,2025-04-03,1.0
441025,2021-11-18,0.96
441025,2023-04-13,0.98
441025,2025-12-27,1.0
441106,2021-02-28,0.8
441106,2022-11-03,0.89
441106,2023-02-15,0.92
441106,2024-12-12,0.96
441106,2025-11-15,1.0
441117,2021-01-06,0.84
441117,2022-10-21,0.9
441117,2023-05-04,0.95
441117,2024-08-17,1.0
441260,2021-03-27,0.88
441260,2022-12-12,0.95
441260,2023-11-17,0.98
441260,2025-12-20,1.0
441353,2021-01-06,0.84
441353,2022-07-17,0.92
441353,2023-08-17,0.94
441353,2024-02-18,0.98
441353,2025-08-17,1.0
441434,2021-07-05,0.82
441434,2022-03-18,0.9
441434,2023-12-29,0.92
441434,2024-10-17,0.96
441434,2025-08-07,1.0
441496,2021-10-14,0.89
441496,2022-05-28,0.95
441496,2023-12-05,0.97
441496,2024-10-06,1.0
441651,2021-02-22,0.92
441651,2023-04-06,0.96
441651,2024-03-12,0.98
441651,2025-09-06,1.0
441672,2021-11-09,0.86
441672,2022-03-14,0.94
441672,2023-03-15,0.97
441672,2024-09-14,0.98
441672,2025-05-12,1.0
441855,2021-10-21,0.87
441855,2022-12-20,0.93
441855,2023-07-28,0.98
441855,2025-10-01,1.0
442082,2021-11-11,0.9
442082,2023-05-10,0.92
442082,2024-06-20,0.95
442082,2025-04-20,1.0
442133,2021-06-14,0.83
442133,2022-07-29,0.9
442133,2023-04-24,0.92
442133,2024-04-29,0.96
442133,2025-04-20,1.0
442670,2021-05-29,0.9
442670,2023-03-09,0.96
442670,2024-05-13,1.0
442700,2021-06-20,0.89
442700,2022-08-08,0.96
442700,2024-09-25,1.0
442824,2021-04-29,0.86
442824,2022-06-03,0.95
442824,2024-01-13,1.0
442831,2021-01-31,0.85
442831,2022-10-12,0.91
442831,2023-05-18,0.97
442831,2025-07-24,1.0
442838,2021-05-04,0.86
442838,2022-12-09,0.95
442838,2025-06-25,1.0
442848,2021-06-05,0.83
442848,2022-01-06,0.9
442848,2023-10-22,0.95
442848,2024-01-18,0.98
442848,2025-12-21,1.0
442903,2021-08-04,0.92
442903,2022-01-28,0.98
442903,2024-05-25,0.99
442903,2025-02-04,1.0
442914,2021-03-27,0.93
442914,2022-07-25,0.99
442914,2025-05-29,1.0
443000,2021-10-13,0.84
443000,2022-05-11,0.93
443000,2024-12-20,0.96
443000,2025-01-24,1.0
443145,2021-01-25,0.85
443145,2022-04-04,0.94
443145,2023-01-25,0.99
443145,2024-04-30,1.0
443320,2021-05-26,0.91
443320,2022-08-12,0.98
443320,2023-01-18,1.0
443337,2021-04-10,0.85
443337,2022-07-06,0.93
443337,2024-08-04,0.97
443337,2025-06-15,1.0
443342,2021-05-11,0.91
443342,2023-04-17,0.95
443342,2024-12-10,1.0
443377,2021-12-04,0.97
443377,2024-07-13,1.0
443480,2021-08-21,0.86
443480,2022-01-03,0.95
443480,2023-12-01,0.98
443480,2024-04-11,1.0
443679,2021-09-13,0.82
443679,2022-02-09,0.9
443679,2023-04-16,0.95
443679,2025-10-06,1.0
443686,2021-11-30,0.82
443686,2022-03-18,0.91
443686,2023-03-04,0.95
443686,2024-12-13,0.99
443686,2025-07-18,1.0
443700,2021-02-05,0.86
443700,2022-04-20,0.93
443700,2024-11-05,0.96
443700,2025-01-03,1.0
443786,2021-01-03,0.97
443786,2024-09-21,1.0
443818,2021-12-07,0.81
443818,2022-07-17,0.88
443818,2023-09-19,0.93
443818,2024-04-19,0.95
443818,2025-11-25,1.0
443873,2021-01-09,0.93
443873,2023-01-01,0.96
443873,2024-04-22,1.0
443947,2021-04-08,0.81
443947,2022-03-18,0.87
443947,2023-09-25,0.92
443947,2024-05-10,0.97
443947,2025-03-18,1.0
444264,2021-07-08,0.83
444264,2022-08-12,0.92
444264,2024-05-27,0.95
444264,2025-05-31,1.0
444282,2021-05-22,0.88
444282,2022-12-03,0.95
444282,2023-06-26,0.97
444282,2025-10-14,1.0
444285,2021-09-30,0.85
444285,2022-04-03,0.91
444285,2023-03-03,0.94
444285,2024-03-24,0.97
444285,2025-12-07,1.0
444303,2021-06-28,0.91
444303,2024-02-05,0.96
444303,2025-12-04,1.0
444339,2021-04-05,0.82
444339,2022-06-03,0.88
444339,2023-10-22,0.91
444339,2024-12-29,0.96
444339,2025-11-09,1.0
444391,2021-07-29,0.93
444391,2023-03-08,0.97
444391,2024-05-11,0.99
444391,2025-06-20,1.0
444486,2021-03-04,0.79
444486,2022-02-21,0.88
444486,2023-06-14,0.94
444486,2024-03-18,0.99
444486,2025-02-13,1.0
444532,2021-09-03,0.84
444532,2022-03-20,0.91
444532,2023-03-30,0.96
444532,2024-06-15,0.99
444532,2025-04-21,1.0
444770,2021-01-03,0.82
444770,2022-06-07,0.89
444770,2023-05-07,0.95
444770,2024-05-14,0.97
444770,2025-07-22,1.0
444775,2021-10-13,0.86
444775,2022-04-24,0.96
444775,2025-07-22,1.0
444983,2021-04-07,0.8
444983,2022-12-12,0.87
444983,2023-07-14,0.92
444983,2024-07-13,0.97
444983,2025-10-12,1.0
445103,2021-11-09,0.86
445103,2022-11-19,0.93
445103,2023-11-20,0.96
445103,2025-07-26,1.0
445501,2021-11-18,0.98
445501,2023-11-26,1.0
445533,2021-11-25,0.87
445533,2022-11-10,0.95
445533,2024-04-09,1.0
445550,2021-09-16,0.85
445550,2022-09-23,0.92
445550,2023-09-04,0.97
445550,2024-03-12,1.0
445635,2021-07-28,0.97
445635,2024-07-30,0.99
445635,2025-11-03,1.0
445664,2021-02-04,0.88
445664,2022-06-09,0.95
445664,2023-02-06,1.0
445829,2021-12-26,0.87
445829,2022-05-23,0.93
445829,2024-01-04,0.98
445829,2025-05-23,1.0
445831,2021-08-20,0.99
445831,2024-05-07,1.0
445955,2021-09-06,0.85
445955,2022-03-08,0.92
445955,2023-06-10,0.95
445955,2025-02-06,1.0
446102,2021-04-27,0.89
446102,2023-12-12,0.95
446102,2024-08-21,1.0
446111,2021-04-29,0.88
446111,2022-09-03,0.96
446111,2023-06-10,0.99
446111,2025-07-26,1.0
446600,2021-09-28,0.85
446600,2022-09-17,0.92
446600,2023-12-30,0.96
446600,2025-12-15,1.0
446712,2021-12-31,0.84
446712,2022-09-05,0.92
446712,2023-05-30,0.96
446712,2024-07-21,0.99
446712,2025-05-30,1.0
446796,2021-05-07,0.83
446796,2022-10-22,0.91
446796,2023-09-14,0.95
446796,2024-07-25,0.97
446796,2025-02-23,1.0
446826,2021-10-27,0.82
446826,2022-04-19,0.91
446826,2023-05-01,0.95
446826,2024-05-07,0.96
446826,2025-07-18,1.0
446846,2021-11-21,0.91
446846,2023-11-13,0.97
446846,2025-05-04,1.0
446877,2021-10-31,0.81
446877,2022-02-24,0.9
446877,2023-01-01,0.93
446877,2024-01-18,0.96
446877,2025-04-24,1.0
446882,2021-02-17,0.98
446882,2024-03-29,1.0
446925,2021-12-22,0.94
446925,2024-09-20,0.97
446925,2025-10-25,1.0
446969,2021-01-14,0.81
446969,2022-02-16,0.9
446969,2023-08-26,0.93
446969,2024-07-16,0.97
446969,2025-05-25,1.0
446974,2021-10-28,0.88
446974,2022-06-14,0.95
446974,2024-05-23,1.0
447033,2021-05-18,0.94
447033,2023-12-28,0.97
447033,2025-10-09,1.0
447050,2021-05-20,0.95
447050,2024-01-22,0.96
447050,2025-01-23,1.0
447094,2021-06-25,0.9
447094,2022-08-11,0.98
447094,2024-03-03,0.99
447094,2025-02-02,1.0
447166,2021-04-06,0.81
447166,2022-12-14,0.88
447166,2023-06-15,0.92
447166,2024-12-24,0.96
447166,2025-01-08,1.0
447178,2021-07-06,0.92
447178,2023-04-07,0.97
447178,2025-11-24,1.0
447190,2021-08-05,0.88
447190,2023-08-15,0.93
447190,2024-09-05,0.98
447190,2025-11-27,1.0
447211,2021-05-13,0.88
447211,2022-07-28,0.95
447211,2023-04-23,0.97
447211,2025-10-28,1.0
447297,2021-01-18,0.83
447297,2022-05-08,0.91
447297,2023-11-15,0.92
447297,2024-02-03,0.96
447297,2025-07-05,1.0
447356,2021-12-26,0.82
447356,2022-07-21,0.9
447356,2023-09-05,0.92
447356,2024-01-17,0.95
447356,2025-07-03,1.0
447523,2021-01-13,0.86
447523,2022-03-07,0.92
447523,2024-01-02,0.95
447523,2025-01-30,1.0
447540,2021-10-14,0.83
447540,2022-03-05,0.92
447540,2023-03-27,0.97
447540,2024-09-14,1.0
447632,2021-12-28,0.85
447632,2022-08-31,0.94
447632,2023-09-06,0.97
447632,2024-10-12,0.99
447632,2025-09-04,1.0
447640,2021-10-29,0.94
447640,2024-05-10,0.95
447640,2025-05-23,1.0
447667,2021-06-25,0.98
447667,2024-10-25,0.99
447667,2025-06-22,1.0
447700,2021-07-04,0.82
447700,2022-11-24,0.89
447700,2023-11-29,0.93
447700,2024-04-29,0.95
447700,2025-06-19,1.0
447709,2021-08-17,0.85
447709,2022-07-24,0.93
447709,2023-08-04,0.98
447709,2024-02-05,1.0
447731,2021-02-26,0.85
447731,2022-10-30,0.9
447731,2023-06-15,0.94
447731,2024-03-18,0.98
447731,2025-03-23,1.0
447890,2021-03-06,0.85
447890,2022-02-21,0.93
447890,2023-06-27,0.96
447890,2024-03-15,0.97
447890,2025-06-27,1.0
447892,2021-10-22,0.87
447892,2022-09-10,0.93
447892,2023-12-02,0.96
447892,2024-04-25,1.0
447895,2021-01-18,0.91
447895,2023-12-10,0.94
447895,2024-11-17,0.95
447895,2025-02-11,1.0
447922,2021-02-09,0.93
447922,2023-12-06,0.96
447922,2025-12-03,1.0
447934,2021-11-14,0.92
447934,2023-03-26,0.95
447934,2024-10-20,0.96
447934,2025-12-26,1.0
447941,2021-05-31,0.85
447941,2022-10-26,0.92
447941,2023-06-05,0.95
447941,2024-08-22,0.98
447941,2025-05-01,1.0
448044,2021-04-26,0.97
448044,2024-02-05,0.99
448044,2025-08-19,1.0
448054,2021-10-25,0.95
448054,2024-02-13,0.97
448054,2025-07-02,1.0
448172,2021-03-01,0.86
448172,2022-03-16,0.93
448172,2024-07-31,0.98
448172,2025-12-04,1.0
448291,2021-12-02,0.9
448291,2022-12-30,0.97
448291,2024-10-21,1.0
448337,2021-10-06,0.94
448337,2023-11-30,0.98
448337,2024-11-24,0.99
448337,2025-05-21,1.0
448361,2021-02-02,0.81
448361,2022-12-29,0.89
448361,2023-04-09,0.92
448361,2024-12-20,0.95
448361,2025-05-17,1.0
448390,2021-01-23,0.98
448390,2024-06-24,1.0
448426,2021-04-20,0.93
448426,2023-11-27,0.96
448426,2025-05-14,1.0
448493,2021-03-25,0.9
448493,2022-11-08,0.98
448493,2025-03-06,1.0
448502,2021-05-09,0.8
448502,2022-07-29,0.87
448502,2023-09-03,0.91
448502,2024-08-07,0.95
448502,2025-07-29,1.0
448687,2021-01-13,0.8
448687,2022-06-22,0.88
448687,2023-04-18,0.93
448687,2024-07-05,0.95
448687,2025-06-13,1.0
448747,2021-01-06,0.89
448747,2022-04-01,0.96
448747,2024-09-28,0.97
448747,2025-02-26,1.0
448848,2021-12-23,0.9
448848,2023-07-04,0.91
448848,2024-05-12,0.95
448848,2025-07-07,1.0
448905,2021-06-24,0.89
448905,2022-02-09,0.97
448905,2024-12-07,0.99
448905,2025-02-03,1.0
448975,2021-06-11,0.89
448975,2022-01-21,0.96
448975,2024-08-15,0.99
448975,2025-08-07,1.0
449059,2021-05-27,0.81
449059,2022-04-14,0.87
449059,2023-08-20,0.92
449059,2024-05-26,0.96
449059,2025-05-19,1.0
449212,2021-11-14,0.92
449212,2023-04-21,0.93
449212,2024-08-25,0.97
449212,2025-03-30,1.0
449452,2021-07-31,0.83
449452,2022-07-05,0.91
449452,2023-03-14,0.96
449452,2024-06-27,1.0
449563,2021-09-03,0.98
449563,2025-12-15,1.0
449617,2021-08-08,0.85
449617,2022-02-03,0.94
449617,2023-05-17,0.99
449617,2025-11-02,1.0
449647,2021-09-10,0.82
449647,2022-03-18,0.91
449647,2023-02-10,0.96
449647,2024-01-23,0.98
449647,2025-02-12,1.0
449724,2021-03-08,0.96
449724,2023-08-30,0.98
449724,2025-03-16,1.0
449742,2021-03-29,0.93
449742,2023-07-22,0.96
449742,2024-07-22,0.99
449742,2025-02-27,1.0
449835,2021-01-13,0.93
449835,2023-12-01,0.98
449835,2025-08-14,1.0
449846,2021-08-09,0.89
449846,2022-10-12,0.97
449846,2023-03-30,0.99
449846,2024-10-24,1.0
449871,2021-10-16,0.85
449871,2022-09-13,0.91
449871,2023-03-13,0.95
449871,2024-02-08,1.0
450137,2021-09-09,0.9
450137,2022-07-26,0.96
450137,2023-06-14,1.0
450223,2021-07-14,0.88
450223,2022-04-04,0.95
450223,2024-12-20,0.98
450223,2025-05-29,1.0
450310,2021-05-30,0.86
450310,2022-08-16,0.95
450310,2023-10-26,0.99
450310,2025-06-27,1.0
450322,2021-08-04,0.87
450322,2022-03-18,0.94
450322,2023-12-12,0.97
450322,2024-10-12,0.99
450322,2025-09-22,1.0
450348,2021-05-12,0.86
450348,2022-05-11,0.95
450348,2023-03-08,0.97
450348,2025-10-20,1.0
450529,2021-10-23,0.91
450529,2023-07-09,0.97
450529,2024-09-20,1.0
450553,2021-12-22,0.87
450553,2022-01-28,0.94
450553,2024-01-15,0.96
450553,2025-11-01,1.0
450634,2021-11-05,0.89
450634,2022-09-10,0.96
450634,2024-11-08,0.99
450634,2025-01-19,1.0
450816,2021-10-11,0.85
450816,2022-11-08,0.93
450816,2023-02-03,0.95
450816,2025-07-24,1.0
451000,2021-03-14,0.85
451000,2022-04-06,0.92
451000,2023-02-10,0.94
451000,2024-05-01,0.97
451000,2025-09-15,1.0
451170,2021-09-04,0.86
451170,2022-10-10,0.96
451170,2023-02-13,0.98
451170,2024-02-13,1.0
451186,2021-08-31,0.85
451186,2022-01-31,0.91
451186,2023-12-19,0.95
451186,2024-02-08,1.0
451295,2021-10-09,0.83
451295,2022-09-25,0.89
451295,2023-02-27,0.95
451295,2024-01-23,0.98
451295,2025-05-17,1.0
451380,2021-07-07,0.85
451380,2022-07-08,0.93
451380,2023-11-26,0.95
451380,2024-11-08,0.98
451380,2025-01-20,1.0
451460,2021-05-17,0.86
451460,2022-04-17,0.92
451460,2023-04-27,0.95
451460,2024-12-08,0.98
451460,2025-05-29,1.0
451740,2021-12-22,0.88
451740,2022-04-15,0.94
451740,2023-07-05,0.97
451740,2024-05-17,0.99
451740,2025-09-07,1.0
451742,2021-12-27,0.92
451742,2022-02-17,1.0
451779,2021-05-24,0.85
451779,2022-01-22,0.94
451779,2023-02-20,0.96
451779,2025-02-10,1.0
451818,2021-06-08,0.94
451818,2024-01-15,0.95
451818,2025-06-27,1.0
451910,2021-11-30,0.86
451910,2023-09-05,0.9
451910,2024-05-26,0.95
451910,2025-07-21,1.0
451939,2021-08-05,0.82
451939,2022-04-15,0.91
451939,2023-12-01,0.93
451939,2024-01-25,0.98
451939,2025-03-23,1.0
452009,2021-04-11,0.94
452009,2023-05-02,0.95
452009,2024-03-21,1.0
452055,2021-10-03,0.91
452055,2024-12-07,0.96
452055,2025-07-17,1.0
452112,2021-10-19,0.84
452112,2022-06-30,0.9
452112,2023-04-11,0.93
452112,2024-11-06,0.97
452112,2025-06-22,1.0
452221,2021-04-06,0.84
452221,2022-08-13,0.93
452221,2024-04-27,0.96
452221,2025-04-22,1.0
452239,2021-05-30,0.86
452239,2022-04-08,0.95
452239,2023-12-02,0.97
452239,2025-06-19,1.0
452288,2021-11-01,0.9
452288,2022-04-29,0.99
452288,2025-08-13,1.0
452433,2021-11-29,0.87
452433,2023-06-19,0.91
452433,2024-08-22,0.96
452433,2025-07-07,1.0
452499,2021-03-20,0.85
452499,2022-08-11,0.93
452499,2023-03-10,0.94
452499,2024-05-13,0.96
452499,2025-09-03,1.0
452502,2021-07-04,0.94
452502,2023-04-04,0.96
452502,2025-09-06,1.0
452806,2021-05-10,0.81
452806,2022-02-05,0.89
452806,2023-09-28,0.92
452806,2024-07-22,0.96
452806,2025-04-03,1.0
452864,2021-05-09,0.86
452864,2022-09-20,0.94
452864,2024-02-12,0.97
452864,2025-08-28,1.0
452879,2021-03-12,0.94
452879,2023-07-14,0.97
452879,2024-03-02,1.0
453081,2021-01-06,0.86
453081,2022-11-06,0.94
453081,2024-05-24,0.96
453081,2025-04-05,1.0
453297,2021-11-21,0.88
453297,2022-02-12,0.97
453297,2024-11-10,0.99
453297,2025-10-23,1.0
453337,2021-06-13,0.88
453337,2022-03-06,0.98
453337,2025-06-28,1.0
453338,2021-09-13,0.9
453338,2022-07-04,0.99
453338,2024-03-06,1.0
453372,2021-02-03,0.83
453372,2022-10-12,0.92
453372,2023-10-01,0.95
453372,2024-02-03,1.0
453400,2021-07-18,0.89
453400,2022-07-20,0.97
453400,2024-08-22,1.0
453469,2021-01-24,0.93
453469,2023-05-29,0.98
453469,2025-02-24,1.0
453515,2021-02-26,0.86
453515,2022-01-13,0.93
453515,2023-11-05,0.97
453515,2024-11-30,1.0
453540,2021-07-21,0.88
453540,2022-11-28,0.96
453540,2024-01-24,1.0
453563,2021-05-25,0.9
453563,2023-02-15,0.93
453563,2024-10-20,0.96
453563,2025-02-18,1.0
453707,2021-04-19,0.94
453707,2023-04-02,0.99
453707,2025-03-03,1.0
453787,2021-08-24,0.91
453787,2022-04-08,0.98
453787,2023-03-03,1.0
453901,2021-04-02,0.85
453901,2022-02-06,0.93
453901,2023-11-13,0.96
453901,2024-05-13,1.0
454032,2021-01-23,0.89
454032,2023-05-11,0.92
454032,2024-08-31,0.97
454032,2025-05-12,1.0
454158,2021-08-14,0.93
454158,2023-07-30,0.97
454158,2025-11-23,1.0
454224,2021-04-15,0.83
454224,2022-11-16,0.91
454224,2023-02-01,0.95
454224,2024-09-24,0.98
454224,2025-12-20,1.0
454259,2021-10-11,0.91
454259,2022-12-26,0.98
454259,2024-03-21,0.99
454259,2025-04-16,1.0
454271,2021-06-02,0.83
454271,2022-02-19,0.91
454271,2023-09-13,0.93
454271,2024-04-15,0.96
454271,2025-05-13,1.0
454289,2021-05-17,0.86
454289,2022-03-05,0.93
454289,2024-05-18,0.95
454289,2025-11-28,1.0
454524,2021-09-20,0.94
454524,2023-03-19,0.96
454524,2025-09-19,1.0
454565,2021-10-20,0.83
454565,2022-11-07,0.89
454565,2023-10-12,0.91
454565,2024-05-19,0.96
454565,2025-11-06,1.0
454583,2021-08-01,0.79
454583,2022-12-07,0.86
454583,2023-02-19,0.91
454583,2024-08-10,0.95
454583,2025-04-09,1.0
454618,2021-10-14,0.95
454618,2025-04-11,1.0
455067,2021-12-28,0.85
455067,2022-08-08,0.93
455067,2023-06-19,0.95
455067,2024-10-08,0.96
455067,2025-07-31,1.0
455565,2021-07-22,0.81
455565,2022-01-10,0.89
455565,2023-05-08,0.93
455565,2024-11-02,0.98
455565,2025-04-15,1.0
455593,2021-10-15,0.86
455593,2022-02-11,0.92
455593,2023-07-28,0.95
455593,2024-11-19,0.96
455593,2025-06-13,1.0
455608,2021-03-29,0.82
455608,2022-05-04,0.91
455608,2023-03-20,0.94
455608,2024-05-10,0.98
455608,2025-06-05,1.0
455744,2021-05-11,0.93
455744,2023-11-25,0.98
455744,2025-05-29,1.0
455893,2021-02-24,0.82
455893,2022-04-14,0.91
455893,2023-07-13,0.95
455893,2025-06-04,1.0
455976,2021-07-16,0.97
455976,2025-11-01,1.0
456031,2021-06-03,0.95
456031,2024-12-01,0.97
456031,2025-07-15,1.0
456225,2021-10-08,0.85
456225,2022-01-14,0.92
456225,2023-06-16,0.96
456225,2024-03-07,1.0
456291,2021-01-23,0.84
456291,2022-12-31,0.92
456291,2023-01-28,0.94
456291,2024-09-10,0.97
456291,2025-06-16,1.0
456306,2021-01-11,0.83
456306,2022-11-27,0.9
456306,2023-10-31,0.92
456306,2024-08-19,0.97
456306,2025-02-26,1.0
456537,2021-06-02,0.88
456537,2022-01-30,0.95
456537,2023-10-09,0.97
456537,2024-06-15,1.0
456707,2021-12-10,0.84
456707,2022-02-18,0.92
456707,2023-12-06,0.97
456707,2024-05-21,1.0
456899,2021-04-09,0.87
456899,2022-08-21,0.96
456899,2024-08-09,1.0
456985,2021-01-04,0.81
456985,2022-06-14,0.88
456985,2023-01-16,0.92
456985,2024-12-03,0.95
456985,2025-06-03,1.0
457019,2021-04-07,0.9
457019,2023-09-17,0.94
457019,2024-11-05,0.99
457019,2025-01-15,1.0
457082,2021-11-25,0.86
457082,2022-02-17,0.95
457082,2023-02-22,1.0
457417,2021-12-10,0.87
457417,2022-07-24,0.96
457417,2023-11-21,1.0
457458,2021-05-01,0.94
457458,2024-08-10,0.99
457458,2025-05-11,1.0
457585,2021-02-21,0.99
457585,2025-10-14,1.0
457610,2021-06-19,0.93
457610,2024-11-18,0.98
457610,2025-12-04,1.0
457739,2021-08-05,0.88
457739,2022-10-29,0.94
457739,2023-03-24,0.97
457739,2025-11-20,1.0
457847,2021-11-06,0.82
457847,2022-06-30,0.89
457847,2023-03-26,0.93
457847,2024-03-06,0.98
457847,2025-01-05,1.0
457985,2021-03-10,0.87
457985,2022-10-07,0.94
457985,2023-07-13,0.98
457985,2025-05-06,1.0
458191,2021-09-09,0.93
458191,2024-07-14,0.96
458191,2025-09-24,1.0
458216,2021-09-08,0.84
458216,2022-05-29,0.91
458216,2023-10-29,0.96
458216,2024-11-23,0.98
458216,2025-05-03,1.0
458239,2021-10-08,0.86
458239,2022-12-30,0.94
458239,2023-06-10,0.98
458239,2024-12-11,0.99
458239,2025-12-03,1.0
458322,2021-10-26,0.82
458322,2022-10-13,0.89
458322,2023-03-22,0.93
458322,2024-05-23,0.95
458322,2025-06-08,1.0
458340,2021-01-13,0.85
458340,2022-02-11,0.94
458340,2023-04-26,0.97
458340,2024-07-29,1.0
458391,2021-09-15,0.88
458391,2022-12-29,0.96
458391,2023-06-29,1.0
458493,2021-07-20,0.94
458493,2023-08-31,0.98
458493,2025-11-09,1.0
458532,2021-08-16,0.93
458532,2023-06-30,0.95
458532,2024-12-28,1.0
458835,2021-10-02,0.85
458835,2022-02-22,0.91
458835,2023-05-16,0.94
458835,2024-03-23,0.97
458835,2025-11-07,1.0
459047,2021-08-01,0.88
459047,2023-03-10,0.9
459047,2024-02-10,0.95
459047,2025-06-01,1.0
459062,2021-08-13,0.99
459062,2025-09-22,1.0
459165,2021-01-18,0.97
459165,2023-10-06,0.99
459165,2024-01-19,1.0
459387,2021-05-10,0.88
459387,2022-02-20,0.94
459387,2023-04-14,0.98
459387,2024-07-19,1.0
459404,2021-06-02,0.88
459404,2022-05-29,0.94
459404,2024-02-25,0.98
459404,2025-05-11,1.0
459425,2021-03-30,0.85
459425,2022-08-12,0.95
459425,2023-09-06,0.97
459425,2025-03-01,1.0
459443,2021-12-03,0.85
459443,2022-10-13,0.93
459443,2023-01-26,0.97
459443,2024-05-29,1.0
459460,2021-08-18,0.91
459460,2022-06-30,0.97
459460,2024-04-15,1.0
459618,2021-02-13,0.89
459618,2022-12-11,0.95
459618,2024-12-20,0.97
459618,2025-01-06,1.0
459664,2021-11-06,0.9
459664,2022-01-17,0.96
459664,2024-05-27,0.99
459664,2025-09-13,1.0
459871,2021-09-12,0.82
459871,2022-05-12,0.91
459871,2023-06-06,0.95
459871,2024-07-08,0.98
459871,2025-10-29,1.0
459941,2021-07-10,0.9
459941,2022-09-01,0.97
459941,2025-08-05,1.0
460012,2021-07-28,0.89
460012,2022-02-14,0.95
460012,2023-11-16,1.0
460075,2021-04-05,0.83
460075,2022-06-23,0.89
460075,2023-03-20,0.94
460075,2024-08-20,0.97
460075,2025-06-01,1.0
460180,2021-02-16,0.84
460180,2022-04-22,0.92
460180,2023-01-09,0.97
460180,2024-10-25,0.99
460180,2025-08-08,1.0
460279,2021-01-31,0.83
460279,2022-06-26,0.89
460279,2023-12-21,0.93
460279,2024-10-29,0.95
460279,2025-10-18,1.0
460403,2021-02-09,0.91
460403,2022-11-25,0.98
460403,2025-03-18,1.0
460614,2021-03-23,0.87
460614,2022-12-01,0.93
460614,2023-10-08,0.96
460614,2025-02-07,1.0
460665,2021-09-02,0.87
460665,2022-12-19,0.97
460665,2025-11-02,1.0
460692,2021-07-25,0.88
460692,2023-11-18,0.91
460692,2024-09-17,0.96
460692,2025-05-13,1.0
460698,2021-05-14,0.85
460698,2022-01-28,0.93
460698,2023-10-11,0.98
460698,2024-04-24,1.0
460762,2021-02-01,0.95
460762,2023-08-09,0.98
460762,2025-05-11,1.0
460924,2021-10-19,0.92
460924,2024-12-25,0.97
460924,2025-11-15,1.0
460967,2021-10-03,0.95
460967,2024-02-06,0.99
460967,2025-03-07,1.0
461187,2021-05-22,0.82
461187,2022-03-19,0.88
461187,2023-09-30,0.93
461187,2024-08-31,0.96
461187,2025-04-28,1.0
461275,2021-07-07,0.82
461275,2022-07-20,0.89
461275,2023-12-23,0.93
461275,2024-10-15,0.98
461275,2025-10-05,1.0
461306,2021-11-13,0.87
461306,2022-11-25,0.94
461306,2023-01-01,0.97
461306,2024-07-27,0.99
461306,2025-08-09,1.0
461363,2021-09-21,0.96
461363,2023-05-03,1.0
461423,2021-12-03,0.94
461423,2023-10-12,0.98
461423,2024-06-17,1.0
461488,2021-10-20,0.84
461488,2022-11-04,0.91
461488,2023-07-08,0.95
461488,2024-10-30,0.99
461488,2025-01-15,1.0
461562,2021-01-14,0.94
461562,2023-12-21,0.99
461562,2025-04-10,1.0
461590,2021-06-02,0.99
461590,2025-10-19,1.0
461683,2021-02-24,0.93
461683,2023-01-17,0.96
461683,2024-05-28,0.98
461683,2025-08-28,1.0
461996,2021-02-15,0.87
461996,2022-10-28,0.95
461996,2023-10-10,1.0
462067,2021-12-21,0.83
462067,2022-02-04,0.91
462067,2023-07-07,0.93
462067,2024-03-22,0.98
462067,2025-09-07,1.0
462106,2021-03-15,0.83
462106,2022-05-21,0.92
462106,2023-10-20,0.98
462106,2024-01-31,1.0
462117,2021-10-30,0.82
462117,2022-12-20,0.91
462117,2024-12-05,0.96
462117,2025-01-12,1.0
462118,2021-05-18,0.96
462118,2023-01-24,1.0
462272,2021-05-24,0.88
462272,2022-05-14,0.95
462272,2024-10-15,1.0
462813,2021-01-30,0.87
462813,2022-09-27,0.96
462813,2023-01-09,1.0
463340,2021-05-17,0.92
463340,2023-04-25,0.94
463340,2024-04-11,0.96
463340,2025-12-27,1.0
463392,2021-04-17,0.84
463392,2022-09-07,0.91
463392,2023-04-11,0.96
463392,2024-03-20,1.0
463437,2021-03-16,0.89
463437,2022-05-05,0.95
463437,2023-09-04,0.98
463437,2024-02-16,1.0
463611,2021-02-09,0.81
463611,2022-11-26,0.89
463611,2023-05-31,0.93
463611,2024-05-14,0.98
463611,2025-05-07,1.0
464025,2021-01-28,0.9
464025,2023-12-10,0.93
464025,2024-04-30,0.98
464025,2025-03-04,1.0
464036,2021-01-17,0.88
464036,2023-11-05,0.91
464036,2024-04-21,0.95
464036,2025-08-13,1.0
464097,2021-03-08,0.93
464097,2023-11-29,0.94
464097,2024-02-10,0.96
464097,2025-07-07,1.0
464123,2021-09-10,0.86
464123,2022-07-08,0.94
464123,2024-01-09,0.98
464123,2025-02-20,1.0
464203,2021-09-16,0.84
464203,2022-12-18,0.91
464203,2024-07-12,0.95
464203,2025-12-20,1.0
464509,2021-01-16,0.85
464509,2022-01-07,0.94
464509,2024-04-16,0.98
464509,2025-02-19,1.0
464516,2021-04-12,0.9
464516,2022-03-04,0.97
464516,2023-01-09,0.99
464516,2025-12-09,1.0
464752,2021-01-20,0.83
464752,2022-10-15,0.9
464752,2023-12-10,0.94
464752,2024-01-19,0.99
464752,2025-07-11,1.0
464825,2021-08-23,0.84
464825,2022-03-09,0.93
464825,2023-11-11,0.97
464825,2024-03-18,0.98
464825,2025-01-21,1.0
465032,2021-01-20,0.86
465032,2022-02-01,0.96
465032,2023-10-13,1.0
465312,2021-03-20,0.88
465312,2022-03-03,0.94
465312,2023-08-08,0.97
465312,2024-12-06,1.0
465361,2021-05-02,0.98
465361,2024-03-28,1.0
465414,2021-06-03,0.91
465414,2022-09-18,0.97
465414,2024-10-27,1.0
465573,2021-03-17,0.86
465573,2022-12-03,0.93
465573,2024-01-30,0.96
465573,2025-02-23,1.0
465700,2021-09-29,0.85
465700,2022-02-23,0.92
465700,2023-09-14,0.96
465700,2024-11-16,1.0
465823,2021-12-19,0.91
465823,2023-06-30,0.96
465823,2024-04-01,0.99
465823,2025-12-29,1.0
465848,2021-09-26,0.89
465848,2022-04-11,0.95
465848,2024-06-03,0.98
465848,2025-05-15,1.0
465933,2021-11-19,0.88
465933,2022-04-18,0.95
465933,2023-04-23,0.97
465933,2024-09-28,1.0
466000,2021-04-11,0.88
466000,2022-04-04,0.96
466000,2023-02-24,0.99
466000,2024-10-18,1.0
466190,2021-05-14,0.84
466190,2022-03-31,0.92
466190,2023-09-29,0.95
466190,2024-12-30,1.0
466418,2021-06-23,0.89
466418,2022-02-10,0.97
466418,2025-07-10,1.0
466460,2021-04-23,0.87
466460,2022-05-08,0.96
466460,2024-02-03,0.98
466460,2025-03-18,1.0
466518,2021-04-20,0.82
466518,2022-11-16,0.88
466518,2023-01-11,0.93
466518,2024-04-27,0.95
466518,2025-06-30,1.0
466527,2021-08-18,0.79
466527,2022-09-26,0.87
466527,2023-06-29,0.92
466527,2024-08-28,0.97
466527,2025-10-09,1.0
466614,2021-01-30,0.87
466614,2022-04-11,0.94
466614,2024-09-26,0.97
466614,2025-10-22,1.0
466648,2021-12-18,0.94
466648,2023-04-13,0.97
466648,2024-03-02,1.0
466689,2021-04-17,0.83
466689,2022-05-27,0.89
466689,2023-11-15,0.93
466689,2024-10-28,0.96
466689,2025-03-24,1.0
466789,2021-08-16,0.87
466789,2022-11-21,0.96
466789,2024-04-07,1.0
466851,2021-03-26,0.83
466851,2022-05-26,0.91
466851,2023-11-26,0.96
466851,2024-03-20,1.0
467004,2021-02-22,0.95
467004,2023-02-12,1.0
467020,2021-03-13,0.91
467020,2022-04-04,0.98
467020,2023-05-06,1.0
467144,2021-02-07,0.86
467144,2022-01-18,0.94
467144,2023-05-27,0.97
467144,2025-12-29,1.0
467146,2021-05-29,0.82
467146,2022-09-16,0.91
467146,2023-03-25,0.96
467146,2024-07-01,0.98
467146,2025-04-01,1.0
467179,2021-01-22,0.92
467179,2024-02-24,0.97
467179,2025-02-15,1.0
467215,2021-03-28,0.85
467215,2022-11-30,0.91
467215,2023-01-02,0.96
467215,2024-08-21,1.0
467316,2021-12-30,0.92
467316,2023-11-29,0.98
467316,2024-08-08,0.99
467316,2025-01-03,1.0
467455,2021-03-15,0.83
467455,2022-09-23,0.92
467455,2023-12-10,0.95
467455,2024-08-31,0.97
467455,2025-10-15,1.0
467565,2021-10-21,0.83
467565,2022-07-12,0.92
467565,2023-12-30,0.96
467565,2025-08-20,1.0
467590,2021-08-07,0.86
467590,2022-07-08,0.94
467590,2023-09-23,0.98
467590,2024-11-16,0.99
467590,2025-03-12,1.0
467619,2021-03-23,0.83
467619,2022-09-04,0.9
467619,2023-09-09,0.92
467619,2024-03-02,0.96
467619,2025-12-05,1.0
467647,2021-12-01,0.9
467647,2023-06-11,0.92
467647,2024-12-07,0.96
467647,2025-07-22,1.0
467860,2021-02-01,0.8
467860,2022-03-04,0.88
467860,2023-07-01,0.92
467860,2024-07-30,0.95
467860,2025-12-09,1.0
468220,2021-12-01,0.85
468220,2022-05-29,0.91
468220,2023-05-22,0.96
468220,2025-02-08,1.0
468359,2021-08-14,0.86
468359,2022-01-27,0.94
468359,2023-12-13,1.0
468491,2021-07-16,0.86
468491,2023-12-30,0.91
468491,2024-03-20,0.96
468491,2025-02-02,1.0
468537,2021-11-18,0.88
468537,2022-09-16,0.95
468537,2023-02-23,1.0
468631,2021-02-23,0.87
468631,2022-07-11,0.96
468631,2023-12-05,1.0
468696,2021-02-06,0.92
468696,2023-09-18,0.94
468696,2024-07-05,0.96
468696,2025-09-23,1.0
469044,2021-01-30,0.85
469044,2022-02-13,0.92
469044,2023-12-18,0.95
469044,2024-04-20,0.97
469044,2025-08-01,1.0
469066,2021-07-20,0.87
469066,2022-12-01,0.95
469066,2025-09-20,1.0
469174,2021-10-20,0.83
469174,2022-07-23,0.9
469174,2023-11-08,0.96
469174,2025-07-17,1.0
469203,2021-07-23,0.83
469203,2022-03-11,0.91
469203,2023-08-08,0.96
469203,2024-12-16,0.98
469203,2025-05-12,1.0
469205,2021-06-29,0.96
469205,2025-07-07,1.0
469223,2021-07-29,0.88
469223,2022-08-21,0.96
469223,2025-01-21,1.0
469378,2021-11-11,0.85
469378,2022-10-10,0.95
469378,2023-05-23,0.96
469378,2024-04-01,1.0
469448,2021-05-04,0.87
469448,2022-06-16,0.94
469448,2023-04-16,1.0
469497,2021-04-13,0.87
469497,2022-12-23,0.93
469497,2023-12-05,0.98
469497,2024-05-27,0.99
469497,2025-07-16,1.0
469647,2021-10-25,0.87
469647,2022-05-21,0.95
469647,2023-01-10,0.98
469647,2024-06-16,1.0
469705,2021-01-28,0.85
469705,2022-01-26,0.94
469705,2023-09-25,1.0
469807,2021-01-30,0.9
469807,2023-03-19,0.95
469807,2024-10-05,0.97
469807,2025-12-30,1.0
469828,2021-12-03,0.87
469828,2022-04-20,0.97
469828,2023-12-08,0.99
469828,2025-10-21,1.0
469846,2021-11-30,0.94
469846,2023-08-05,0.96
469846,2024-04-07,0.98
469846,2025-07-03,1.0
469869,2021-02-18,0.84
469869,2022-11-15,0.91
469869,2023-11-04,0.97
469869,2024-01-07,1.0
470191,2021-10-02,0.84
470191,2022-08-02,0.91
470191,2023-03-22,0.96
470191,2024-12-24,1.0
470271,2021-10-07,0.92
470271,2023-01-26,0.97
470271,2025-05-08,1.0
470298,2021-08-08,0.95
470298,2024-02-26,0.97
470298,2025-11-13,1.0
470326,2021-10-01,0.98
470326,2024-11-08,1.0
470598,2021-03-11,0.82
470598,2022-05-05,0.89
470598,2023-02-28,0.94
470598,2024-06-10,0.99
470598,2025-12-08,1.0
470612,2021-01-11,0.85
470612,2022-04-18,0.93
470612,2023-12-02,0.96
470612,2025-10-18,1.0
470852,2021-11-07,0.91
470852,2022-03-04,0.97
470852,2023-10-08,1.0
471241,2021-04-11,0.85
471241,2022-05-06,0.92
471241,2024-08-22,0.96
471241,2025-03-09,1.0
471323,2021-09-10,0.93
471323,2022-07-10,1.0
471371,2021-11-21,0.9
471371,2022-06-21,1.0
471404,2021-04-11,0.87
471404,2022-12-07,0.96
471404,2025-03-01,1.0
471551,2021-02-24,0.94
471551,2023-01-02,0.98
471551,2024-12-21,1.0
471714,2021-08-19,0.85
471714,2022-10-22,0.93
471714,2024-09-18,0.98
471714,2025-09-29,1.0
471937,2021-04-28,0.9
471937,2023-07-05,0.93
471937,2024-06-20,0.96
471937,2025-12-28,1.0
472045,2021-08-10,1.0
472108,2021-09-26,0.88
472108,2022-04-12,0.96
472108,2023-04-15,0.98
472108,2024-07-06,1.0
472127,2021-03-20,0.96
472127,2023-08-05,0.98
472127,2025-08-14,1.0
472206,2021-12-04,0.94
472206,2023-11-14,0.97
472206,2025-08-29,1.0
472257,2021-06-06,0.84
472257,2022-11-24,0.91
472257,2023-01-18,0.96
472257,2025-11-10,1.0
472563,2021-01-14,0.8
472563,2022-10-07,0.89
472563,2023-12-20,0.93
472563,2024-11-21,0.95
472563,2025-05-13,1.0
472604,2021-03-06,0.82
472604,2022-03-16,0.9
472604,2023-11-03,0.95
472604,2024-12-13,0.98
472604,2025-01-04,1.0
472823,2021-12-28,0.84
472823,2022-06-11,0.92
472823,2023-01-12,0.94
472823,2024-04-26,0.98
472823,2025-12-02,1.0
472847,2021-02-10,0.92
472847,2022-11-11,0.98
472847,2023-11-23,1.0
472912,2021-01-02,0.9
472912,2022-08-18,0.96
472912,2024-08-17,1.0
472950,2021-01-01,0.89
472950,2023-06-03,0.91
472950,2024-03-02,0.95
472950,2025-03-29,1.0
473127,2021-05-24,0.82
473127,2022-10-22,0.9
473127,2023-01-11,0.93
473127,2024-09-16,0.95
473127,2025-05-19,1.0
473136,2021-11-18,0.84
473136,2022-10-10,0.93
473136,2023-10-08,0.96
473136,2025-09-08,1.0
473148,2021-07-05,0.9
473148,2023-12-26,0.92
473148,2024-05-21,0.97
473148,2025-09-28,1.0
473178,2021-02-11,0.88
473178,2023-10-01,0.92
473178,2024-11-17,0.96
473178,2025-01-06,1.0
473196,2021-04-13,0.84
473196,2022-12-03,0.89
473196,2023-10-05,0.94
473196,2024-09-26,0.98
473196,2025-05-14,1.0
473296,2021-05-07,0.95
473296,2024-09-25,0.98
473296,2025-09-05,1.0
473331,2021-04-25,0.95
473331,2023-08-23,1.0
473453,2021-11-26,0.82
473453,2022-09-10,0.88
473453,2023-06-11,0.93
473453,2024-04-18,0.96
473453,2025-11-25,1.0
473636,2021-10-29,0.93
473636,2023-03-08,0.96
473636,2024-12-14,0.98
473636,2025-02-03,1.0
473645,2021-08-21,0.86
473645,2022-01-12,0.93
473645,2024-09-16,0.97
473645,2025-01-07,1.0
474076,2021-11-20,0.86
474076,2022-04-03,0.92
474076,2023-09-19,0.96
474076,2024-08-17,0.98
474076,2025-10-27,1.0
474128,2021-10-11,0.84
474128,2022-11-17,0.9
474128,2023-06-09,0.96
474128,2025-05-01,1.0
474153,2021-05-06,0.86
474153,2022-10-18,0.94
474153,2023-01-26,0.95
474153,2024-12-09,1.0
474342,2021-06-19,0.83
474342,2022-08-07,0.9
474342,2023-02-26,0.92
474342,2024-08-29,0.97
474342,2025-07-21,1.0
474432,2021-02-03,0.84
474432,2022-04-27,0.91
474432,2023-01-01,0.97
474432,2025-10-03,1.0
474597,2021-10-28,0.94
474597,2024-10-27,0.96
474597,2025-04-09,1.0
474667,2021-02-22,0.92
474667,2023-12-01,0.96
474667,2024-11-13,0.98
474667,2025-04-08,1.0
474720,2021-07-13,0.85
474720,2022-06-07,0.94
474720,2023-07-03,0.97
474720,2025-04-02,1.0
474742,2021-07-23,0.85
474742,2022-08-17,0.94
474742,2024-04-23,0.95
474742,2025-02-05,1.0
474863,2021-05-19,0.87
474863,2022-09-11,0.94
474863,2023-01-15,0.97
474863,2024-08-31,1.0
474966,2021-01-14,0.8
474966,2022-07-06,0.89
474966,2023-10-29,0.92
474966,2024-10-20,0.96
474966,2025-12-06,1.0
474969,2021-06-10,0.81
474969,2022-03-22,0.88
474969,2023-06-17,0.93
474969,2024-12-17,0.98
474969,2025-07-17,1.0
475031,2021-08-02,0.94
475031,2023-03-22,0.98
475031,2024-04-01,0.99
475031,2025-10-26,1.0
475076,2021-02-10,0.87
475076,2022-08-04,0.93
475076,2023-11-07,0.97
475076,2024-05-30,0.98
475076,2025-07-03,1.0
475114,2021-05-04,0.84
475114,2022-07-30,0.93
475114,2023-01-13,0.97
475114,2024-07-04,1.0
475132,2021-09-15,0.91
475132,2022-11-19,0.98
475132,2025-11-14,1.0
475182,2021-11-12,0.83
475182,2022-03-17,0.89
475182,2023-06-01,0.92
475182,2024-02-02,0.97
475182,2025-09-12,1.0
475315,2021-03-31,0.96
475315,2025-09-21,1.0
475451,2021-03-06,0.9
475451,2022-03-11,0.96
475451,2024-11-20,0.99
475451,2025-06-25,1.0
475550,2021-09-16,0.84
475550,2022-09-30,0.91
475550,2023-05-31,0.95
475550,2024-07-15,0.99
475550,2025-02-06,1.0
475574,2021-05-07,0.94
475574,2023-01-28,0.98
475574,2025-05-10,1.0
475745,2021-01-28,0.79
475745,2022-01-26,0.88
475745,2023-11-04,0.93
475745,2024-11-03,0.97
475745,2025-04-05,1.0
475815,2021-10-15,0.86
475815,2022-11-05,0.94
475815,2023-10-24,0.97
475815,2025-02-23,1.0
475919,2021-06-04,0.9
475919,2022-04-19,0.97
475919,2023-09-18,0.99
475919,2025-02-05,1.0
475941,2021-10-24,0.86
475941,2022-11-22,0.93
475941,2024-07-19,0.97
475941,2025-11-23,1.0
476015,2021-11-14,0.85
476015,2022-04-15,0.91
476015,2024-04-24,0.95
476015,2025-06-15,1.0
476096,2021-08-31,0.94
476096,2024-06-25,0.98
476096,2025-12-02,1.0
476158,2021-12-24,0.86
476158,2022-11-02,0.96
476158,2023-06-18,0.98
476158,2024-09-05,1.0
476370,2021-08-17,0.88
476370,2022-06-02,0.94
476370,2023-01-12,0.99
476370,2025-03-23,1.0
476508,2021-09-30,0.84
476508,2022-09-05,0.92
476508,2023-07-20,0.97
476508,2024-11-18,1.0
476566,2021-09-26,0.84
476566,2022-02-24,0.92
476566,2023-10-08,0.96
476566,2024-12-04,0.98
476566,2025-09-13,1.0
476643,2021-02-16,0.9
476643,2023-10-08,0.95
476643,2024-06-08,1.0
476946,2021-08-13,0.83
476946,2022-10-15,0.92
476946,2023-11-05,0.96
476946,2024-01-07,1.0
477087,2021-03-25,0.88
477087,2022-01-19,0.94
477087,2023-07-09,0.97
477087,2024-04-10,0.99
477087,2025-12-22,1.0
477249,2021-05-06,0.89
477249,2023-03-08,0.91
477249,2024-07-02,0.96
477249,2025-08-18,1.0
477327,2021-07-26,0.81
477327,2022-01-09,0.88
477327,2023-10-06,0.9
477327,2024-12-16,0.95
477327,2025-08-30,1.0
477415,2021-10-01,0.89
477415,2023-01-09,0.93
477415,2024-02-18,0.96
477415,2025-06-08,1.0
477693,2021-05-13,0.85
477693,2022-12-06,0.9
477693,2023-10-14,0.95
477693,2024-07-09,1.0
477695,2021-08-03,0.88
477695,2022-10-26,0.94
477695,2023-01-31,0.97
477695,2024-11-17,0.98
477695,2025-10-05,1.0
477700,2021-07-26,0.88
477700,2022-05-08,0.95
477700,2024-12-01,0.98
477700,2025-08-11,1.0
477797,2021-07-02,0.84
477797,2022-10-03,0.9
477797,2023-05-20,0.95
477797,2024-11-23,0.98
477797,2025-12-20,1.0
477866,2021-02-13,0.9
477866,2022-03-17,0.98
477866,2024-06-23,0.99
477866,2025-12-11,1.0
477994,2021-10-07,0.85
477994,2022-03-14,0.93
477994,2024-06-28,0.96
477994,2025-04-22,1.0
478083,2021-01-08,0.95
478083,2023-10-25,0.98
478083,2024-04-16,1.0
478162,2021-10-05,0.81
478162,2022-09-21,0.89
478162,2023-09-20,0.93
478162,2024-08-08,0.98
478162,2025-01-07,1.0
478389,2021-09-02,0.87
478389,2022-01-31,0.97
478389,2025-08-06,1.0
478637,2021-05-14,0.89
478637,2022-03-30,0.96
478637,2024-06-24,1.0
479060,2021-10-12,0.94
479060,2024-02-21,0.96
479060,2025-10-04,1.0
479061,2021-06-06,0.93
479061,2023-03-29,0.96
479061,2024-01-13,1.0
479062,2021-07-03,0.84
479062,2022-04-07,0.91
479062,2023-01-26,0.95
479062,2024-03-25,0.97
479062,2025-03-27,1.0
479064,2021-02-02,0.85
479064,2022-01-19,0.92
479064,2024-10-22,0.96
479064,2025-09-03,1.0
479098,2021-07-12,0.84
479098,2022-12-23,0.94
479098,2023-07-09,0.96
479098,2024-07-27,1.0
479152,2021-03-15,0.88
479152,2022-01-20,0.96
479152,2024-05-03,1.0
479154,2021-10-08,0.79
479154,2022-05-06,0.87
479154,2023-06-02,0.91
479154,2024-05-26,0.95
479154,2025-04-07,1.0
479166,2021-04-01,0.93
479166,2023-07-13,0.94
479166,2024-08-19,0.97
479166,2025-12-05,1.0
479231,2021-01-30,0.84
479231,2022-03-25,0.93
479231,2024-05-24,0.96
479231,2025-11-03,1.0
479333,2021-01-11,0.9
479333,2023-08-17,0.93
479333,2024-10-02,0.97
479333,2025-08-03,1.0
479450,2021-11-25,0.88
479450,2022-03-10,0.95
479450,2024-06-12,0.99
479450,2025-03-11,1.0
479750,2021-05-21,0.86
479750,2022-09-13,0.94
479750,2024-01-30,0.97
479750,2025-02-14,1.0
479907,2021-07-02,0.86
479907,2022-01-23,0.92
479907,2023-12-15,0.96
479907,2025-03-28,1.0
479925,2021-04-21,0.82
479925,2022-10-15,0.91
479925,2023-12-07,0.93
479925,2024-09-18,0.95
479925,2025-10-24,1.0
480145,2021-01-14,0.93
480145,2023-07-25,0.95
480145,2024-01-07,0.98
480145,2025-09-20,1.0
480195,2021-01-20,0.85
480195,2022-12-11,0.94
480195,2023-03-03,0.97
480195,2024-05-01,0.99
480195,2025-07-09,1.0
480295,2021-06-30,0.87
480295,2022-11-05,0.93
480295,2023-07-29,0.96
480295,2025-01-08,1.0
480558,2021-07-29,0.84
480558,2022-02-05,0.92
480558,2023-10-07,0.96
480558,2024-09-18,1.0
480608,2021-12-22,0.9
480608,2022-11-25,0.97
480608,2024-05-16,1.0
480639,2021-11-25,0.99
480639,2024-04-17,1.0
480644,2021-05-24,0.9
480644,2022-11-24,0.96
480644,2024-02-04,0.97
480644,2025-01-29,1.0
480653,2021-09-04,0.82
480653,2022-08-13,0.91
480653,2023-07-07,0.96
480653,2024-04-19,0.99
480653,2025-12-03,1.0
480709,2021-02-03,0.88
480709,2022-09-06,0.95
480709,2025-09-09,1.0
480720,2021-02-06,0.89
480720,2023-02-01,0.93
480720,2024-09-06,0.97
480720,2025-12-12,1.0
480778,2021-11-10,0.95
480778,2024-05-22,0.97
480778,2025-05-18,1.0
480813,2021-09-02,0.83
480813,2022-11-30,0.91
480813,2023-10-26,0.97
480813,2024-09-08,1.0
481024,2021-06-10,0.83
481024,2022-02-06,0.91
481024,2023-03-07,0.94
481024,2024-10-01,0.99
481024,2025-11-15,1.0
481028,2021-11-13,0.92
481028,2023-09-03,0.94
481028,2024-05-01,0.99
481028,2025-07-26,1.0
481029,2021-03-23,0.84
481029,2022-01-01,0.91
481029,2023-07-13,0.97
481029,2024-06-18,0.99
481029,2025-11-14,1.0
481030,2021-01-18,0.93
481030,2023-12-11,0.96
481030,2024-05-07,1.0
481032,2021-10-03,0.9
481032,2023-12-20,0.95
481032,2024-12-03,0.96
481032,2025-03-10,1.0
481093,2021-02-22,0.92
481093,2022-12-29,0.98
481093,2025-05-13,1.0
481122,2021-04-22,0.88
481122,2022-12-18,0.95
481122,2025-06-17,1.0
481196,2021-10-16,0.88
481196,2022-09-03,0.95
481196,2024-02-02,0.97
481196,2025-08-08,1.0
481211,2021-02-28,0.87
481211,2023-06-14,0.91
481211,2024-11-24,0.96
481211,2025-10-30,1.0
481269,2021-05-15,0.9
481269,2022-04-07,0.98
481269,2023-05-10,1.0
481343,2021-03-10,0.87
481343,2022-11-10,0.94
481343,2023-06-28,0.99
481343,2024-09-26,1.0
481349,2021-09-03,0.92
481349,2023-12-04,0.95
481349,2024-12-30,0.96
481349,2025-08-07,1.0
481416,2021-09-23,0.84
481416,2022-06-25,0.93
481416,2023-05-14,0.95
481416,2025-02-03,1.0
481628,2021-01-29,0.83
481628,2022-02-07,0.89
481628,2023-01-04,0.94
481628,2024-12-19,0.97
481628,2025-03-21,1.0
481655,2021-10-22,0.92
481655,2023-12-15,0.97
481655,2025-11-14,1.0
481704,2021-04-16,0.9
481704,2022-09-18,0.96
481704,2024-10-09,0.98
481704,2025-03-22,1.0
481978,2021-06-05,0.83
481978,2022-07-17,0.91
481978,2023-01-01,0.95
481978,2024-01-11,0.97
481978,2025-08-02,1.0
482006,2021-06-06,0.84
482006,2022-05-22,0.92
482006,2024-12-14,0.95
482006,2025-09-15,1.0
482057,2021-06-04,0.9
482057,2022-09-15,0.98
482057,2025-06-01,1.0
482230,2021-03-30,0.89
482230,2022-06-23,0.98
482230,2025-11-30,1.0
482249,2021-07-13,0.89
482249,2022-10-05,0.96
482249,2023-06-27,0.99
482249,2025-01-19,1.0
482523,2021-07-08,0.88
482523,2023-02-17,0.93
482523,2024-06-21,0.97
482523,2025-03-01,1.0
482545,2021-10-03,0.93
482545,2022-03-30,1.0
482557,2021-03-03,0.91
482557,2022-09-11,0.99
482557,2025-12-11,1.0
482624,2021-04-10,0.81
482624,2022-11-30,0.9
482624,2023-06-05,0.95
482624,2024-09-22,0.97
482624,2025-07-12,1.0
482697,2021-10-06,0.92
482697,2023-07-13,0.94
482697,2024-03-19,0.99
482697,2025-07-04,1.0
482969,2021-11-19,0.92
482969,2023-10-19,0.95
482969,2024-06-18,0.98
482969,2025-06-27,1.0
483011,2021-09-26,0.9
483011,2023-12-24,0.96
483011,2025-03-26,1.0
483047,2021-10-15,0.83
483047,2022-05-11,0.89
483047,2023-04-15,0.95
483047,2025-01-12,1.0
483298,2021-07-11,0.88
483298,2022-02-04,0.97
483298,2024-03-17,1.0
483394,2021-01-22,0.84
483394,2022-01-02,0.93
483394,2024-07-06,0.98
483394,2025-05-24,1.0
483449,2021-03-11,0.86
483449,2022-04-28,0.95
483449,2023-06-29,0.97
483449,2024-09-21,0.98
483449,2025-04-08,1.0
483520,2021-04-19,0.8
483520,2022-03-12,0.89
483520,2023-09-25,0.93
483520,2024-02-26,0.96
483520,2025-04-29,1.0
483605,2021-01-05,0.87
483605,2022-01-30,0.95
483605,2024-02-17,1.0
483616,2021-09-02,0.89
483616,2022-12-11,0.95
483616,2023-10-31,0.99
483616,2024-12-01,1.0
483770,2021-07-17,0.87
483770,2022-12-09,0.94
483770,2023-11-27,1.0
483780,2021-04-20,0.87
483780,2022-05-23,0.93
483780,2023-07-21,0.96
483780,2024-04-24,0.98
483780,2025-06-02,1.0
483930,2021-11-18,0.82
483930,2022-08-18,0.89
483930,2023-09-14,0.93
483930,2024-08-29,0.97
483930,2025-11-05,1.0
483980,2021-01-28,0.87
483980,2022-12-03,0.97
483980,2023-02-06,0.99
483980,2024-11-19,1.0
484033,2021-12-12,0.89
484033,2022-01-17,0.95
484033,2024-08-12,0.99
484033,2025-10-07,1.0
484118,2021-01-29,0.81
484118,2022-10-16,0.89
484118,2023-06-19,0.92
484118,2024-08-06,0.97
484118,2025-06-12,1.0
484180,2021-09-22,0.9
484180,2023-04-01,0.95
484180,2025-10-20,1.0
484227,2021-01-25,0.88
484227,2023-01-16,0.92
484227,2024-09-16,0.97
484227,2025-09-19,1.0
484284,2021-07-27,0.96
484284,2024-05-14,1.0
484288,2021-08-28,0.88
484288,2022-05-10,0.94
484288,2023-03-08,0.96
484288,2025-12-02,1.0
484322,2021-05-11,0.82
484322,2022-08-27,0.9
484322,2023-04-11,0.96
484322,2025-04-01,1.0
484329,2021-02-18,0.85
484329,2022-03-07,0.93
484329,2023-05-17,0.96
484329,2024-11-04,0.98
484329,2025-05-30,1.0
484446,2021-08-12,0.97
484446,2023-06-16,0.99
484446,2025-03-20,1.0
484923,2021-08-17,0.88
484923,2022-12-11,0.98
484923,2024-02-03,1.0
485100,2021-07-23,0.85
485100,2022-02-14,0.91
485100,2023-06-09,0.95
485100,2024-04-25,0.97
485100,2025-06-20,1.0
485179,2021-06-22,0.86
485179,2022-12-31,0.95
485179,2024-08-21,0.97
485179,2025-08-01,1.0
485221,2021-07-26,0.91
485221,2023-10-15,0.94
485221,2024-03-06,0.98
485221,2025-06-03,1.0
485236,2021-12-26,0.81
485236,2022-02-01,0.9
485236,2023-10-04,0.95
485236,2024-01-24,1.0
485288,2021-06-16,0.83
485288,2022-12-22,0.92
485288,2023-01-04,0.96
485288,2024-12-26,0.97
485288,2025-09-12,1.0
485324,2021-04-21,0.83
485324,2022-07-31,0.92
485324,2023-05-11,0.97
485324,2024-04-25,1.0
485363,2021-11-04,0.87
485363,2022-06-02,0.95
485363,2023-09-16,1.0
485451,2021-10-01,0.82
485451,2022-02-14,0.91
485451,2024-05-08,0.95
485451,2025-07-23,1.0
485470,2021-05-13,0.88
485470,2022-11-25,0.97
485470,2024-09-30,1.0
485605,2021-07-28,0.87
485605,2022-12-15,0.93
485605,2023-10-03,0.99
485605,2024-10-21,1.0
485630,2021-09-03,0.83
485630,2022-07-07,0.92
485630,2024-12-15,0.96
485630,2025-09-09,1.0
485838,2021-03-09,0.9
485838,2022-07-25,0.98
485838,2024-05-19,1.0
485907,2021-04-06,0.91
485907,2022-11-01,0.98
485907,2023-12-19,1.0
486032,2021-11-24,0.89
486032,2022-01-29,0.95
486032,2025-10-01,1.0
486105,2021-11-20,0.87
486105,2022-08-16,0.94
486105,2023-06-26,0.96
486105,2024-05-10,0.99
486105,2025-10-06,1.0
486321,2021-03-11,0.84
486321,2022-07-01,0.93
486321,2024-10-12,0.95
486321,2025-05-11,1.0
486405,2021-10-27,0.88
486405,2022-03-14,0.94
486405,2024-11-29,0.97
486405,2025-05-30,1.0
486519,2021-06-09,0.87
486519,2022-11-23,0.94
486519,2023-12-19,0.96
486519,2024-09-16,1.0
486813,2021-12-24,0.96
486813,2023-03-27,0.98
486813,2025-11-14,1.0
486859,2021-04-20,0.97
486859,2023-09-07,1.0
486938,2021-05-30,0.92
486938,2022-02-05,1.0
486963,2021-08-01,0.85
486963,2022-02-23,0.93
486963,2023-06-07,0.95
486963,2024-04-12,1.0
487047,2021-02-19,0.86
487047,2022-07-02,0.94
487047,2024-12-09,0.96
487047,2025-04-26,1.0
487071,2021-11-12,0.91
487071,2023-11-11,0.97
487071,2024-12-03,0.98
487071,2025-02-06,1.0
487131,2021-08-19,0.83
487131,2022-02-03,0.92
487131,2023-01-07,0.95
487131,2024-09-21,0.99
487131,2025-07-27,1.0
487134,2021-07-31,0.87
487134,2022-03-30,0.94
487134,2023-02-22,0.96
487134,2024-11-21,0.98
487134,2025-01-27,1.0
487274,2021-06-19,0.83
487274,2022-11-11,0.89
487274,2023-08-11,0.94
487274,2024-04-13,0.97
487274,2025-07-08,1.0
487426,2021-07-12,0.85
487426,2022-07-16,0.93
487426,2023-07-02,0.98
487426,2024-06-27,1.0
487559,2021-05-21,0.87
487559,2022-12-09,0.93
487559,2023-09-27,0.97
487559,2025-07-03,1.0
487563,2021-06-05,0.88
487563,2022-06-01,0.97
487563,2023-04-24,0.99
487563,2025-03-12,1.0
487778,2021-09-02,0.93
487778,2024-09-19,0.97
487778,2025-12-18,1.0
487853,2021-07-14,0.86
487853,2022-09-23,0.96
487853,2024-11-29,1.0
487971,2021-10-13,0.86
487971,2022-03-20,0.94
487971,2023-09-23,0.99
487971,2025-11-22,1.0
487984,2021-10-11,0.9
487984,2023-11-24,0.94
487984,2024-02-13,0.96
487984,2025-09-01,1.0
488240,2021-03-15,0.83
488240,2022-08-24,0.9
488240,2023-05-07,0.92
488240,2024-01-26,0.96
488240,2025-09-07,1.0
488406,2021-06-21,0.92
488406,2024-09-05,0.95
488406,2025-01-02,1.0
488471,2021-09-06,0.86
488471,2022-02-09,0.92
488471,2023-11-14,0.95
488471,2024-11-15,0.99
488471,2025-02-17,1.0
488594,2021-12-30,0.81
488594,2022-11-23,0.89
488594,2023-04-01,0.92
488594,2024-05-16,0.96
488594,2025-07-26,1.0
488710,2021-08-30,0.92
488710,2023-04-09,0.95
488710,2024-04-11,0.99
488710,2025-08-20,1.0
488937,2021-08-02,0.91
488937,2023-09-19,0.97
488937,2025-06-05,1.0
489222,2021-03-01,0.82
489222,2022-09-09,0.87
489222,2023-01-11,0.92
489222,2024-06-14,0.95
489222,2025-08-22,1.0
489244,2021-06-06,0.87
489244,2023-03-12,0.92
489244,2024-04-27,0.96
489244,2025-09-23,1.0
489457,2021-05-02,0.89
489457,2022-07-03,0.99
489457,2025-08-28,1.0
489663,2021-02-12,0.88
489663,2022-01-27,0.94
489663,2023-08-07,0.96
489663,2024-02-15,0.98
489663,2025-02-05,1.0
490005,2021-06-07,0.95
490005,2023-05-31,0.98
490005,2024-02-14,1.0
490012,2021-03-17,0.88
490012,2022-02-09,0.94
490012,2023-06-09,0.98
490012,2025-02-10,1.0
490231,2021-03-16,0.87
490231,2022-06-15,0.93
490231,2023-01-22,0.98
490231,2024-03-31,1.0
490489,2021-12-15,0.82
490489,2022-02-26,0.88
490489,2023-06-04,0.91
490489,2024-05-04,0.96
490489,2025-04-22,1.0
490690,2021-07-17,0.85
490690,2022-08-27,0.91
490690,2023-07-30,0.95
490690,2024-07-02,0.97
490690,2025-07-16,1.0
490726,2021-01-22,0.85
490726,2022-09-11,0.91
490726,2024-07-10,0.95
490726,2025-06-16,1.0
490730,2021-03-21,0.91
490730,2023-10-27,0.95
490730,2024-01-26,0.97
490730,2025-07-09,1.0
490754,2021-01-20,0.85
490754,2022-04-25,0.93
490754,2023-05-14,0.99
490754,2025-09-25,1.0
490766,2021-12-02,0.85
490766,2022-12-21,0.93
490766,2023-04-06,0.96
490766,2025-01-21,1.0
490921,2021-04-16,0.89
490921,2022-01-03,0.96
490921,2023-05-08,0.99
490921,2025-12-16,1.0
490996,2021-03-20,0.83
490996,2022-09-18,0.9
490996,2023-05-29,0.95
490996,2025-09-30,1.0
491241,2021-02-11,0.86
491241,2022-08-01,0.95
491241,2025-03-06,1.0
491337,2021-02-13,0.9
491337,2022-09-20,0.96
491337,2023-09-29,0.99
491337,2025-08-17,1.0
491460,2021-02-01,0.8
491460,2022-03-30,0.86
491460,2023-03-27,0.91
491460,2024-02-28,0.95
491460,2025-05-19,1.0
491662,2021-07-04,0.94
491662,2024-02-04,0.97
491662,2025-07-14,1.0
491673,2021-05-07,0.89
491673,2022-03-09,0.96
491673,2023-11-26,0.98
491673,2025-04-16,1.0
491674,2021-01-07,0.83
491674,2022-12-20,0.9
491674,2023-04-27,0.92
491674,2024-08-12,0.96
491674,2025-12-21,1.0
491699,2021-05-26,0.8
491699,2022-10-03,0.86
491699,2023-11-01,0.91
491699,2024-03-17,0.96
491699,2025-01-25,1.0
491867,2021-10-15,0.98
491867,2023-07-02,1.0
491880,2021-09-18,0.78
491880,2022-10-04,0.86
491880,2023-07-27,0.91
491880,2024-10-17,0.95
491880,2025-01-23,1.0
491936,2021-03-23,0.78
491936,2022-05-27,0.86
491936,2023-11-25,0.92
491936,2024-09-16,0.97
491936,2025-11-18,1.0
492158,2021-12-04,0.9
492158,2023-09-30,0.95
492158,2024-11-08,0.96
492158,2025-01-05,1.0
492298,2021-03-23,0.97
492298,2024-02-13,0.98
492298,2025-11-30,1.0
492351,2021-09-29,0.9
492351,2022-10-29,0.97
492351,2023-12-10,1.0
492435,2021-04-29,0.84
492435,2022-08-30,0.91
492435,2024-12-24,0.95
492435,2025-07-18,1.0
492647,2021-10-15,0.98
492647,2024-12-05,1.0
492661,2021-11-23,0.83
492661,2022-08-25,0.91
492661,2023-08-30,0.96
492661,2024-05-30,0.98
492661,2025-03-30,1.0
492712,2021-05-30,0.85
492712,2022-06-26,0.94
492712,2023-09-04,0.96
492712,2025-03-17,1.0
492778,2021-09-27,0.83
492778,2022-07-15,0.91
492778,2023-11-29,0.94
492778,2024-11-05,0.98
492778,2025-05-20,1.0
492892,2021-12-27,0.87
492892,2022-07-04,0.97
492892,2023-09-19,1.0
493133,2021-05-24,0.94
493133,2024-12-24,0.97
493133,2025-10-11,1.0
493161,2021-05-09,0.84
493161,2022-05-20,0.92
493161,2024-11-08,0.96
493161,2025-11-22,1.0
493278,2021-02-08,0.96
493278,2023-04-01,0.99
493278,2025-09-28,1.0
493390,2021-05-11,0.83
493390,2022-07-16,0.9
493390,2023-11-29,0.95
493390,2024-04-18,0.96
493390,2025-02-24,1.0
493404,2021-08-08,0.89
493404,2023-11-22,0.94
493404,2024-08-08,0.99
493404,2025-10-12,1.0
493562,2021-08-10,0.94
493562,2023-07-06,0.96
493562,2024-11-25,1.0
494006,2021-03-16,0.88
494006,2022-03-14,0.95
494006,2025-08-31,1.0
494026,2021-09-02,0.95
494026,2023-03-13,1.0
494098,2021-07-23,0.87
494098,2022-08-05,0.96
494098,2023-09-09,0.98
494098,2025-01-09,1.0
494184,2021-09-16,0.82
494184,2022-09-28,0.91
494184,2023-09-27,0.96
494184,2025-05-08,1.0
494285,2021-01-16,0.9
494285,2023-10-27,0.94
494285,2024-07-18,0.96
494285,2025-04-02,1.0
494619,2021-09-27,0.84
494619,2022-02-14,0.91
494619,2023-12-08,0.93
494619,2024-12-06,0.98
494619,2025-06-22,1.0
494693,2021-06-21,0.85
494693,2022-06-10,0.94
494693,2023-07-21,0.97
494693,2025-09-02,1.0
494762,2021-10-20,0.98
494762,2025-07-24,1.0
494819,2021-08-11,0.92
494819,2022-06-10,0.98
494819,2023-06-11,1.0
494828,2021-12-28,0.97
494828,2024-01-14,1.0
494850,2021-10-12,0.85
494850,2022-01-14,0.91
494850,2023-01-26,0.95
494850,2024-06-04,0.96
494850,2025-12-16,1.0
494853,2021-04-27,0.85
494853,2022-09-25,0.93
494853,2023-11-17,0.96
494853,2024-07-03,0.97
494853,2025-04-18,1.0
495027,2021-10-05,0.81
495027,2022-05-30,0.88
495027,2023-02-18,0.91
495027,2024-02-22,0.96
495027,2025-10-06,1.0
495070,2021-11-25,0.96
495070,2024-04-24,1.0
495147,2021-07-05,0.96
495147,2023-05-04,0.98
495147,2024-12-14,1.0
495339,2021-03-05,0.9
495339,2022-05-29,0.97
495339,2023-03-28,1.0
495364,2021-02-17,0.91
495364,2024-11-09,0.95
495364,2025-12-20,1.0
495539,2021-04-04,0.92
495539,2023-12-16,0.95
495539,2024-01-04,1.0
495549,2021-01-26,0.84
495549,2022-11-26,0.93
495549,2023-10-30,0.97
495549,2025-10-14,1.0
495566,2021-07-18,0.98
495566,2024-09-27,1.0
495727,2021-03-03,0.89
495727,2023-11-02,0.94
495727,2024-03-03,0.97
495727,2025-10-01,1.0
495780,2021-08-07,0.9
495780,2022-09-27,0.97
495780,2025-12-07,1.0
495925,2021-02-23,0.89
495925,2023-02-04,0.91
495925,2024-09-26,0.95
495925,2025-04-26,1.0
496033,2021-09-20,0.93
496033,2023-01-14,0.98
496033,2025-12-26,1.0
496151,2021-12-05,0.94
496151,2023-02-24,0.96
496151,2024-06-02,0.97
496151,2025-10-11,1.0
496431,2021-06-12,0.89
496431,2022-04-20,0.95
496431,2024-05-29,0.99
496431,2025-08-12,1.0
496592,2021-10-12,0.83
496592,2022-08-04,0.89
496592,2023-06-15,0.91
496592,2024-05-13,0.95
496592,2025-05-24,1.0
496623,2021-09-26,0.88
496623,2022-03-02,0.94
496623,2024-02-21,0.98
496623,2025-06-30,1.0
496627,2021-11-25,0.9
496627,2023-02-09,0.92
496627,2024-11-27,0.96
496627,2025-08-02,1.0
496701,2021-05-26,0.86
496701,2022-11-26,0.93
496701,2024-04-15,0.96
496701,2025-03-21,1.0
496714,2021-08-29,0.92
496714,2022-04-17,0.99
496714,2025-01-13,1.0
496775,2021-01-11,0.88
496775,2022-06-19,0.95
496775,2024-02-07,0.99
496775,2025-06-04,1.0
496944,2021-12-23,0.82
496944,2022-09-26,0.9
496944,2023-02-24,0.94
496944,2024-09-05,0.95
496944,2025-06-29,1.0
497190,2021-12-20,0.98
497190,2023-02-01,1.0
497303,2021-04-26,0.78
497303,2022-05-04,0.87
497303,2023-07-15,0.92
497303,2024-10-12,0.96
497303,2025-12-15,1.0
497442,2021-11-19,0.83
497442,2022-01-18,0.91
497442,2023-04-19,0.95
497442,2024-06-23,0.96
497442,2025-06-24,1.0
497515,2021-11-20,0.8
497515,2022-05-20,0.88
497515,2023-01-09,0.93
497515,2024-01-04,0.97
497515,2025-05-05,1.0
497607,2021-10-03,0.81
497607,2022-09-03,0.89
497607,2023-07-09,0.94
497607,2024-01-18,0.96
497607,2025-07-18,1.0
497649,2021-09-05,0.81
497649,2022-02-16,0.88
497649,2023-12-11,0.92
497649,2024-12-07,0.97
497649,2025-04-17,1.0
497787,2021-01-26,0.86
497787,2022-08-21,0.93
497787,2023-07-29,0.98
497787,2024-05-19,1.0
497813,2021-06-02,0.86
497813,2022-01-03,0.93
497813,2023-12-30,0.96
497813,2024-05-27,0.99
497813,2025-10-04,1.0
498019,2021-11-08,0.78
498019,2022-01-25,0.87
498019,2023-07-17,0.93
498019,2024-01-04,0.98
498019,2025-06-10,1.0
498033,2021-09-12,0.84
498033,2022-10-21,0.91
498033,2023-09-18,0.95
498033,2024-10-21,0.99
498033,2025-06-04,1.0
498100,2021-05-20,0.94
498100,2024-12-23,0.99
498100,2025-05-16,1.0
498119,2021-06-09,0.83
498119,2022-05-14,0.9
498119,2023-10-10,0.93
498119,2024-06-30,0.98
498119,2025-11-20,1.0
498127,2021-01-19,0.9
498127,2022-07-04,0.99
498127,2025-10-31,1.0
498202,2021-09-28,0.9
498202,2023-02-22,0.95
498202,2025-06-27,1.0
498351,2021-12-29,0.9
498351,2022-08-23,0.99
498351,2024-01-15,1.0
498375,2021-12-06,0.91
498375,2022-02-17,0.99
498375,2024-12-04,1.0
498398,2021-04-14,0.95
498398,2024-10-17,1.0
498416,2021-11-14,0.88
498416,2022-02-22,0.94
498416,2023-09-04,0.98
498416,2024-05-19,1.0
498497,2021-03-29,0.85
498497,2022-05-06,0.93
498497,2023-05-16,0.99
498497,2025-09-13,1.0
498648,2021-07-06,0.93
498648,2023-11-02,0.95
498648,2024-04-19,0.97
498648,2025-01-02,1.0
498675,2021-03-30,0.91
498675,2022-07-22,1.0
498716,2021-01-02,0.87
498716,2022-11-29,0.97
498716,2023-04-20,0.99
498716,2024-06-04,1.0
498745,2021-07-18,0.92
498745,2022-02-26,0.99
498745,2023-08-28,1.0
498754,2021-08-19,0.91
498754,2023-08-20,0.94
498754,2024-07-02,0.96
498754,2025-01-29,1.0
499024,2021-03-03,0.84
499024,2022-02-15,0.91
499024,2024-01-29,0.95
499024,2025-04-04,1.0
499118,2021-05-25,0.88
499118,2022-07-17,0.95
499118,2023-09-24,0.99
499118,2025-03-24,1.0
499199,2021-08-16,0.91
499199,2023-03-12,0.93
499199,2024-08-11,0.96
499199,2025-07-11,1.0
499379,2021-05-03,0.84
499379,2022-03-21,0.91
499379,2023-09-20,0.96
499379,2024-03-18,1.0
499428,2021-01-03,0.85
499428,2022-03-12,0.93
499428,2023-09-07,0.96
499428,2024-03-14,1.0
499746,2021-11-14,0.91
499746,2022-05-04,0.98
499746,2024-10-09,1.0
499798,2021-03-16,0.88
499798,2022-02-04,0.96
499798,2024-04-10,1.0
499844,2021-07-31,0.86
499844,2022-08-18,0.95
499844,2023-09-18,1.0
499930,2021-02-01,0.94
499930,2023-05-26,0.95
499930,2024-04-29,0.98
499930,2025-02-03,1.0
500018,2021-03-27,0.86
500018,2022-01-24,0.94
500018,2023-10-12,0.98
500018,2025-08-04,1.0
500021,2021-01-09,0.94
500021,2023-10-31,0.98
500021,2025-09-13,1.0
500092,2021-04-03,0.91
500092,2023-04-12,0.97
500092,2024-10-18,1.0
500158,2021-05-13,0.9
500158,2022-09-15,0.99
500158,2025-07-12,1.0
500176,2021-01-22,0.92
500176,2024-09-16,0.96
500176,2025-02-28,1.0
500196,2021-10-15,0.91
500196,2024-04-12,0.96
500196,2025-03-08,1.0
500274,2021-08-03,0.87
500274,2022-06-01,0.96
500274,2024-12-05,1.0
500443,2021-10-05,0.93
500443,2023-02-18,0.98
500443,2025-05-29,1.0
500602,2021-12-11,0.86
500602,2022-06-10,0.92
500602,2023-02-07,0.97
500602,2025-02-26,1.0
500608,2021-11-14,0.86
500608,2022-03-09,0.93
500608,2023-08-18,0.97
500608,2025-05-15,1.0
500613,2021-12-07,0.83
500613,2022-03-05,0.91
500613,2023-07-26,0.94
500613,2024-04-09,0.96
500613,2025-04-17,1.0
500620,2021-04-13,0.92
500620,2023-01-04,0.98
500620,2024-08-02,0.99
500620,2025-12-03,1.0
500671,2021-06-10,0.88
500671,2022-12-12,0.95
500671,2023-05-05,1.0
500694,2021-04-13,0.87
500694,2022-01-07,0.94
500694,2023-09-16,0.96
500694,2024-04-30,0.99
500694,2025-02-21,1.0
500840,2021-02-20,0.88
500840,2022-05-07,0.95
500840,2024-08-15,1.0
501051,2021-08-20,0.84
501051,2022-10-30,0.93
501051,2023-03-16,0.97
501051,2024-10-22,1.0
501099,2021-03-28,0.9
501099,2022-04-30,0.97
501099,2023-07-12,0.99
501099,2024-10-14,1.0
501102,2021-12-05,0.97
501102,2024-04-10,1.0
501195,2021-09-10,0.89
501195,2022-07-09,0.96
501195,2023-10-20,0.98
501195,2024-11-03,1.0
501576,2021-02-15,0.84
501576,2022-01-03,0.92
501576,2023-01-20,0.97
501576,2025-12-02,1.0
501713,2021-02-05,0.96
501713,2024-12-24,0.99
501713,2025-11-04,1.0
501862,2021-09-23,0.85
501862,2022-07-02,0.93
501862,2023-05-13,0.95
501862,2025-04-22,1.0
501887,2021-12-10,0.86
501887,2022-08-07,0.93
501887,2023-10-18,0.99
501887,2025-02-14,1.0
501921,2021-01-18,0.84
501921,2022-05-10,0.91
501921,2023-10-11,0.94
501921,2024-01-29,0.95
501921,2025-04-02,1.0
502001,2021-09-23,0.87
502001,2022-04-28,0.93
502001,2023-08-05,0.99
502001,2025-12-18,1.0
502027,2021-01-09,0.82
502027,2022-07-08,0.91
502027,2023-03-21,0.95
502027,2025-01-05,1.0
502281,2021-08-14,0.83
502281,2022-01-17,0.9
502281,2023-04-06,0.95
502281,2024-09-22,0.97
502281,2025-01-23,1.0
502351,2021-03-15,0.84
502351,2022-07-15,0.92
502351,2023-01-02,0.96
502351,2025-04-20,1.0
502450,2021-02-05,0.97
502450,2023-12-12,0.99
502450,2025-10-28,1.0
502523,2021-06-05,0.82
502523,2022-05-23,0.91
502523,2023-10-13,0.95
502523,2024-10-14,0.97
502523,2025-07-08,1.0
502665,2021-09-03,0.85
502665,2022-06-14,0.91
502665,2023-02-07,0.93
502665,2024-06-17,0.96
502665,2025-01-07,1.0
502678,2021-10-22,0.91
502678,2022-07-25,1.0
502727,2021-09-18,0.94
502727,2023-07-11,0.99
502727,2025-01-06,1.0
503099,2021-12-17,0.96
503099,2023-05-01,1.0
503213,2021-05-25,0.87
503213,2022-12-26,0.93
503213,2023-01-02,0.96
503213,2024-05-20,1.0
503307,2021-02-28,0.86
503307,2022-12-02,0.94
503307,2023-02-15,0.96
503307,2024-10-27,0.98
503307,2025-03-11,1.0
503430,2021-07-26,0.83
503430,2022-07-12,0.9
503430,2023-09-05,0.93
503430,2024-10-16,0.97
503430,2025-05-23,1.0
503558,2021-01-09,0.88
503558,2022-03-29,0.95
503558,2023-03-07,0.97
503558,2024-09-18,0.98
503558,2025-01-22,1.0
503932,2021-10-15,0.95
503932,2024-06-12,0.99
503932,2025-07-01,1.0
503949,2021-04-01,0.92
503949,2023-04-06,0.97
503949,2024-08-26,1.0
503967,2021-06-02,0.84
503967,2022-09-14,0.91
503967,2023-01-22,0.95
503967,2025-10-11,1.0
504140,2021-04-06,0.85
504140,2022-07-25,0.92
504140,2023-06-11,0.95
504140,2025-04-04,1.0
504172,2021-01-17,0.93
504172,2023-01-10,0.96
504172,2024-11-03,1.0
504829,2021-02-04,0.86
504829,2022-03-30,0.92
504829,2023-03-01,0.94
504829,2024-01-20,0.96
504829,2025-09-14,1.0
504856,2021-05-10,0.95
504856,2023-08-08,0.99
504856,2025-10-20,1.0
504900,2021-01-01,0.87
504900,2022-08-04,0.96
504900,2024-02-14,0.98
504900,2025-07-03,1.0
504904,2021-09-16,0.84
504904,2022-02-12,0.91
504904,2023-06-02,0.95
504904,2024-04-29,0.97
504904,2025-06-16,1.0
504966,2021-06-01,0.85
504966,2022-01-19,0.94
504966,2023-11-17,0.96
504966,2024-11-01,0.98
504966,2025-06-29,1.0
505117,2021-06-17,0.91
505117,2022-02-25,0.97
505117,2024-05-28,0.99
505117,2025-03-13,1.0
505143,2021-06-02,0.87
505143,2022-09-29,0.93
505143,2023-12-21,0.95
505143,2024-10-22,1.0
505348,2021-11-29,0.85
505348,2022-08-21,0.91
505348,2024-06-03,0.96
505348,2025-02-11,1.0
505378,2021-10-10,0.84
505378,2022-07-17,0.92
505378,2024-07-13,0.96
505378,2025-11-03,1.0
505950,2021-08-23,0.85
505950,2022-06-14,0.95
505950,2023-08-16,0.98
505950,2025-12-23,1.0
506038,2021-02-17,0.96
506038,2024-11-28,0.99
506038,2025-11-15,1.0
506065,2021-10-22,0.82
506065,2022-03-30,0.89
506065,2023-04-16,0.9
506065,2024-06-12,0.95
506065,2025-09-22,1.0
506147,2021-01-20,0.94
506147,2024-03-13,0.98
506147,2025-12-14,1.0
506206,2021-09-06,0.87
506206,2022-02-19,0.95
506206,2023-09-28,0.99
506206,2024-08-21,1.0
506400,2021-10-21,0.86
506400,2022-04-19,0.94
506400,2023-05-27,0.98
506400,2025-05-14,1.0
506562,2021-06-03,0.87
506562,2022-10-21,0.95
506562,2023-12-25,0.97
506562,2025-09-01,1.0
506645,2021-12-31,0.8
506645,2022-12-21,0.87
506645,2023-02-16,0.92
506645,2024-02-14,0.95
506645,2025-01-10,1.0
507271,2021-11-12,0.95
507271,2024-05-26,0.99
507271,2025-06-09,1.0
507277,2021-10-06,0.94
507277,2023-09-13,1.0
507389,2021-11-14,0.89
507389,2022-06-18,0.96
507389,2023-08-06,0.98
507389,2025-10-17,1.0
507412,2021-02-22,0.87
507412,2022-12-04,0.95
507412,2023-04-02,0.99
507412,2024-10-09,1.0
507444,2021-12-28,0.87
507444,2022-05-26,0.94
507444,2023-10-09,0.96
507444,2025-07-19,1.0
507622,2021-01-31,0.89
507622,2022-01-10,0.96
507622,2024-11-30,0.97
507622,2025-02-07,1.0
507829,2021-01-10,0.9
507829,2022-12-24,0.96
507829,2023-12-19,1.0
507963,2021-09-03,0.99
507963,2024-02-10,1.0
508141,2021-12-26,0.94
508141,2023-01-03,0.98
508141,2024-06-12,0.99
508141,2025-02-25,1.0
508152,2021-02-19,0.83
508152,2022-06-10,0.88
508152,2023-06-27,0.93
508152,2024-11-23,0.98
508152,2025-07-19,1.0
508154,2021-12-21,0.9
508154,2022-01-02,0.96
508154,2024-03-07,0.98
508154,2025-04-13,1.0
508159,2021-03-10,0.92
508159,2022-10-06,0.98
508159,2024-01-01,1.0
508255,2021-06-04,0.84
508255,2022-07-08,0.92
508255,2023-12-31,0.97
508255,2024-09-23,1.0
508272,2021-10-26,0.91
508272,2023-01-10,0.96
508272,2024-06-06,1.0
508482,2021-05-27,0.85
508482,2022-06-03,0.93
508482,2023-10-22,0.95
508482,2024-12-30,0.97
508482,2025-03-17,1.0
508534,2021-09-23,0.88
508534,2023-03-14,0.92
508534,2024-06-14,0.95
508534,2025-10-18,1.0
508848,2021-01-07,0.82
508848,2022-07-10,0.91
508848,2023-12-21,0.93
508848,2024-12-21,0.96
508848,2025-06-26,1.0
508889,2021-02-24,0.87
508889,2022-08-17,0.95
508889,2024-05-27,1.0
509000,2021-11-26,0.89
509000,2022-01-31,0.95
509000,2024-10-01,1.0
509016,2021-02-23,0.85
509016,2022-09-26,0.92
509016,2023-04-21,0.97
509016,2024-08-06,1.0
509044,2021-05-15,0.85
509044,2022-09-26,0.92
509044,2023-07-10,0.97
509044,2024-02-20,1.0
509594,2021-05-02,0.91
509594,2023-07-16,0.96
509594,2025-04-26,1.0
509652,2021-10-07,0.84
509652,2022-03-16,0.92
509652,2023-12-21,0.96
509652,2025-10-13,1.0
509691,2021-10-28,0.87
509691,2023-10-08,0.91
509691,2024-01-04,0.95
509691,2025-11-13,1.0
509733,2021-09-14,0.83
509733,2022-04-27,0.91
509733,2023-10-22,0.95
509733,2024-08-12,0.97
509733,2025-07-10,1.0
509999,2021-08-11,0.86
509999,2022-01-03,0.94
509999,2024-01-08,0.99
509999,2025-06-25,1.0
510008,2021-11-17,0.79
510008,2022-12-13,0.87
510008,2023-11-20,0.92
510008,2024-09-13,0.95
510008,2025-08-14,1.0
510035,2021-09-28,0.86
510035,2022-04-16,0.94
510035,2023-03-29,0.97
510035,2024-01-12,0.99
510035,2025-11-22,1.0
510289,2021-02-17,0.95
510289,2024-03-16,0.97
510289,2025-12-05,1.0
510344,2021-08-11,0.83
510344,2022-10-15,0.92
510344,2023-06-14,0.97
510344,2024-05-09,1.0
510582,2021-02-18,0.84
510582,2022-12-10,0.92
510582,2023-01-29,0.98
510582,2024-03-13,0.99
510582,2025-09-02,1.0
510668,2021-03-22,0.81
510668,2022-09-07,0.88
510668,2023-03-05,0.93
510668,2024-11-18,0.98
510668,2025-03-19,1.0
510695,2021-10-25,0.9
510695,2022-04-16,0.96
510695,2025-11-12,1.0
510918,2021-06-16,0.87
510918,2022-09-29,0.97
510918,2023-12-30,1.0
510954,2021-04-05,0.87
510954,2022-06-22,0.95
510954,2024-05-30,1.0
511147,2021-03-09,0.93
511147,2024-11-23,0.95
511147,2025-07-13,1.0
511148,2021-11-01,0.91
511148,2023-12-15,0.93
511148,2024-05-23,0.98
511148,2025-04-15,1.0
511159,2021-04-03,0.91
511159,2023-12-26,0.95
511159,2024-01-26,0.98
511159,2025-10-27,1.0
511241,2021-11-05,0.83
511241,2022-06-28,0.92
511241,2023-04-30,0.95
511241,2024-01-16,1.0
511752,2021-10-12,0.94
511752,2023-09-16,0.96
511752,2024-02-29,0.98
511752,2025-06-06,1.0
511862,2021-11-11,0.86
511862,2022-10-05,0.93
511862,2024-02-15,0.98
511862,2025-08-31,1.0
512030,2021-08-23,0.9
512030,2023-11-01,0.94
512030,2024-02-01,0.99
512030,2025-05-25,1.0
512053,2021-10-19,0.9
512053,2022-09-15,0.97
512053,2024-11-26,1.0
512100,2021-06-30,0.88
512100,2022-02-15,0.94
512100,2023-10-28,0.96
512100,2024-08-14,0.97
512100,2025-09-17,1.0
512134,2021-04-22,0.82
512134,2022-07-24,0.9
512134,2023-03-27,0.94
512134,2024-08-18,0.95
512134,2025-05-04,1.0
512295,2021-03-25,0.95
512295,2024-07-17,1.0
512312,2021-11-06,0.84
512312,2022-07-03,0.91
512312,2023-03-03,0.93
512312,2024-07-07,0.95
512312,2025-02-19,1.0
512352,2021-04-08,0.85
512352,2022-01-26,0.91
512352,2023-06-21,0.97
512352,2024-05-23,0.99
512352,2025-01-21,1.0
512364,2021-05-23,0.93
512364,2023-06-30,0.96
512364,2024-02-03,0.99
512364,2025-01-08,1.0
512534,2021-03-23,0.93
512534,2023-01-18,0.97
512534,2024-11-14,1.0
512595,2021-02-18,0.84
512595,2022-04-06,0.93
512595,2023-11-08,0.97
512595,2025-08-01,1.0
513000,2021-02-09,0.89
513000,2022-05-28,0.96
513000,2023-11-14,1.0
513047,2021-03-16,0.87
513047,2022-04-01,0.96
513047,2024-07-11,1.0
513058,2021-11-29,0.85
513058,2022-11-06,0.93
513058,2023-05-21,0.99
513058,2024-07-21,1.0
513160,2021-01-24,0.88
513160,2022-11-12,0.95
513160,2025-08-26,1.0
513208,2021-04-10,0.87
513208,2023-08-17,0.92
513208,2024-09-06,0.96
513208,2025-06-27,1.0
513324,2021-02-15,0.86
513324,2022-07-01,0.95
513324,2024-08-14,0.96
513324,2025-12-23,1.0
513331,2021-01-13,0.84
513331,2022-01-24,0.9
513331,2023-08-28,0.93
513331,2024-01-13,0.98
513331,2025-10-02,1.0
513572,2021-12-23,0.83
513572,2022-10-02,0.91
513572,2023-09-09,0.96
513572,2024-06-05,0.99
513572,2025-06-02,1.0
513593,2021-02-22,0.88
513593,2022-12-11,0.97
513593,2023-06-14,0.98
513593,2025-04-30,1.0
513778,2021-08-16,0.81
513778,2022-03-28,0.9
513778,2023-07-03,0.95
513778,2024-05-01,0.99
513778,2025-10-12,1.0
513811,2021-11-07,0.92
513811,2022-01-07,1.0
513833,2021-01-31,0.85
513833,2022-05-11,0.94
513833,2023-01-21,0.95
513833,2024-07-20,1.0
513834,2021-11-28,0.96
513834,2023-08-23,0.97
513834,2025-08-10,1.0
513915,2021-04-03,0.97
513915,2023-03-26,1.0
513919,2021-08-18,0.85
513919,2022-03-16,0.91
513919,2023-10-25,0.97
513919,2024-01-10,0.98
513919,2025-06-21,1.0
514033,2021-12-05,0.87
514033,2022-09-23,0.94
514033,2023-07-05,0.96
514033,2024-03-18,1.0
514283,2021-06-29,0.82
514283,2022-06-22,0.91
514283,2023-10-12,0.93
514283,2024-09-13,0.96
514283,2025-08-07,1.0
514508,2021-05-05,0.89
514508,2022-06-13,0.96
514508,2025-07-17,1.0
514560,2021-03-29,0.79
514560,2022-02-02,0.88
514560,2023-04-02,0.94
514560,2024-09-09,0.96
514560,2025-09-12,1.0
514602,2021-06-16,0.92
514602,2023-03-13,0.95
514602,2024-05-24,0.97
514602,2025-06-16,1.0
514786,2021-02-17,0.85
514786,2022-03-26,0.92
514786,2023-05-02,0.96
514786,2024-06-23,0.98
514786,2025-04-09,1.0
514853,2021-05-05,0.8
514853,2022-10-03,0.88
514853,2023-01-17,0.93
514853,2024-06-29,0.95
514853,2025-08-29,1.0
514857,2021-05-31,0.92
514857,2024-05-29,0.95
514857,2025-08-10,1.0
514999,2021-06-06,0.96
514999,2025-10-15,1.0
515070,2021-03-17,0.83
515070,2022-07-23,0.92
515070,2023-12-23,0.97
515070,2025-09-09,1.0
515074,2021-05-04,0.86
515074,2022-08-13,0.95
515074,2023-11-24,0.97
515074,2024-11-18,1.0
515205,2021-10-12,0.91
515205,2023-06-05,0.95
515205,2024-06-08,1.0
515367,2021-03-28,0.83
515367,2022-03-13,0.91
515367,2023-03-09,0.94
515367,2024-10-02,0.96
515367,2025-01-19,1.0
515434,2021-09-13,0.83
515434,2022-09-23,0.92
515434,2024-11-07,0.97
515434,2025-06-06,1.0
515849,2021-09-19,0.84
515849,2022-01-28,0.94
515849,2023-04-04,0.96
515849,2024-01-27,1.0
515926,2021-12-08,0.91
515926,2022-09-23,0.98
515926,2023-08-05,0.99
515926,2024-09-13,1.0
516097,2021-10-02,0.93
516097,2022-03-15,0.99
516097,2025-09-25,1.0
516123,2021-07-25,0.85
516123,2022-02-26,0.92
516123,2023-11-01,0.95
516123,2024-12-10,0.98
516123,2025-05-15,1.0
516162,2021-07-09,0.88
516162,2022-07-14,0.96
516162,2023-07-07,1.0
516165,2021-09-23,0.85
516165,2022-06-30,0.92
516165,2023-06-24,0.96
516165,2024-11-23,1.0
516326,2021-01-24,0.89
516326,2023-06-17,0.94
516326,2024-06-05,0.98
516326,2025-07-23,1.0
516456,2021-07-08,0.83
516456,2022-06-10,0.9
516456,2023-03-13,0.94
516456,2024-10-21,0.97
516456,2025-07-30,1.0
516707,2021-03-28,0.84
516707,2022-06-16,0.9
516707,2023-08-30,0.95
516707,2024-01-18,1.0
516832,2021-04-16,0.83
516832,2022-04-24,0.91
516832,2023-11-04,0.95
516832,2024-01-08,0.99
516832,2025-03-23,1.0
516978,2021-03-14,0.9
516978,2022-02-11,0.96
516978,2025-01-11,1.0
517006,2021-08-13,0.86
517006,2022-03-19,0.93
517006,2023-03-31,0.95
517006,2024-07-09,0.98
517006,2025-09-17,1.0
517094,2021-04-18,0.82
517094,2022-08-07,0.9
517094,2023-01-12,0.96
517094,2024-04-04,1.0
517133,2021-08-26,0.87
517133,2022-12-02,0.94
517133,2023-05-29,0.95
517133,2024-07-23,0.96
517133,2025-08-17,1.0
517186,2021-08-26,0.83
517186,2022-12-17,0.9
517186,2023-02-01,0.94
517186,2024-10-20,0.99
517186,2025-09-24,1.0
517398,2021-06-22,0.88
517398,2022-02-03,0.95
517398,2023-11-22,0.96
517398,2024-03-07,1.0
517415,2021-09-07,0.84
517415,2022-10-03,0.91
517415,2023-12-04,0.92
517415,2024-08-04,0.97
517415,2025-01-23,1.0
517460,2021-03-01,0.89
517460,2022-12-06,0.97
517460,2025-02-09,1.0
517461,2021-06-30,0.89
517461,2022-01-08,0.95
517461,2024-01-18,0.98
517461,2025-04-18,1.0
517875,2021-04-12,0.85
517875,2022-12-25,0.93
517875,2024-08-31,0.97
517875,2025-09-20,1.0
517884,2021-11-22,0.93
517884,2023-10-08,0.96
517884,2024-10-08,0.97
517884,2025-06-30,1.0
518083,2021-05-06,0.92
518083,2023-04-08,0.96
518083,2024-12-27,0.97
518083,2025-10-05,1.0
518282,2021-12-05,0.8
518282,2022-07-02,0.86
518282,2023-11-24,0.9
518282,2024-02-21,0.95
518282,2025-11-12,1.0
518544,2021-10-15,0.89
518544,2022-02-20,0.95
518544,2023-02-21,0.96
518544,2024-08-27,1.0
518561,2021-07-28,0.86
518561,2022-11-06,0.94
518561,2024-03-29,0.97
518561,2025-05-07,1.0
518704,2021-01-02,0.88
518704,2022-05-01,0.95
518704,2023-07-18,0.99
518704,2025-02-06,1.0
518934,2021-10-06,1.0
518941,2021-10-01,0.89
518941,2023-04-25,0.92
518941,2024-07-12,0.97
518941,2025-01-13,1.0
518963,2021-06-05,0.8
518963,2022-07-20,0.87
518963,2023-05-26,0.91
518963,2024-12-27,0.95
518963,2025-01-26,1.0
519070,2021-08-05,0.93
519070,2024-04-29,0.97
519070,2025-03-19,1.0
519118,2021-06-14,0.82
519118,2022-08-08,0.9
519118,2023-02-25,0.92
519118,2024-03-19,0.97
519118,2025-12-15,1.0
519170,2021-07-20,0.94
519170,2023-11-13,0.96
519170,2024-01-16,0.97
519170,2025-02-06,1.0
519598,2021-02-17,0.86
519598,2022-04-25,0.93
519598,2023-02-26,0.97
519598,2025-07-14,1.0
519695,2021-10-17,0.81
519695,2022-07-15,0.9
519695,2023-06-26,0.94
519695,2024-11-01,0.99
519695,2025-12-17,1.0
519699,2021-10-06,0.92
519699,2022-10-04,1.0
519777,2021-09-23,0.85
519777,2022-11-15,0.94
519777,2023-06-12,0.99
519777,2025-07-25,1.0
519855,2021-04-01,0.93
519855,2023-03-15,0.95
519855,2025-09-22,1.0
519994,2021-09-20,0.9
519994,2023-06-21,0.95
519994,2024-12-04,0.97
519994,2025-06-08,1.0
520035,2021-02-28,0.83
520035,2022-01-11,0.89
520035,2023-12-04,0.92
520035,2024-01-07,0.96
520035,2025-08-09,1.0
520101,2021-07-10,0.95
520101,2023-04-17,0.99
520101,2025-07-16,1.0
520180,2021-07-03,0.85
520180,2022-12-09,0.93
520180,2024-01-02,0.95
520180,2025-01-05,1.0
520368,2021-12-20,0.86
520368,2022-12-04,0.96
520368,2023-06-27,0.99
520368,2024-09-12,1.0
520381,2021-05-27,0.97
520381,2025-11-11,1.0
520514,2021-06-11,0.79
520514,2022-05-17,0.87
520514,2023-01-29,0.9
520514,2024-11-30,0.95
520514,2025-09-16,1.0
520615,2021-10-16,0.88
520615,2022-11-18,0.94
520615,2024-02-04,0.96
520615,2025-05-27,1.0
520682,2021-03-07,0.83
520682,2022-07-09,0.91
520682,2023-04-23,0.93
520682,2024-10-22,0.96
520682,2025-01-20,1.0
520686,2021-03-02,0.88
520686,2022-05-07,0.95
520686,2024-02-03,0.98
520686,2025-02-06,1.0
520691,2021-10-23,0.84
520691,2022-11-12,0.93
520691,2023-04-11,0.96
520691,2024-10-02,1.0
520711,2021-04-02,0.87
520711,2022-05-29,0.95
520711,2024-08-06,1.0
520821,2021-05-27,0.88
520821,2022-01-21,0.97
520821,2024-06-08,1.0
520834,2021-06-03,0.88
520834,2022-12-10,0.95
520834,2024-11-20,1.0
520906,2021-08-27,0.93
520906,2023-05-03,0.98
520906,2024-09-22,0.99
520906,2025-12-25,1.0
520915,2021-05-23,0.86
520915,2022-04-06,0.93
520915,2024-09-04,0.98
520915,2025-10-06,1.0
520919,2021-11-08,0.87
520919,2023-09-18,0.91
520919,2024-08-08,0.95
520919,2025-06-18,1.0
520948,2021-05-15,0.84
520948,2022-12-20,0.93
520948,2023-07-28,0.98
520948,2025-02-19,1.0
521114,2021-07-09,0.83
521114,2022-08-01,0.88
521114,2023-08-06,0.92
521114,2024-09-23,0.97
521114,2025-02-15,1.0
521230,2021-09-15,0.83
521230,2022-11-15,0.91
521230,2024-06-01,0.96
521230,2025-10-22,1.0
521242,2021-05-26,0.9
521242,2022-02-14,0.98
521242,2024-05-25,1.0
521256,2021-07-19,0.84
521256,2022-11-15,0.92
521256,2023-08-15,0.94
521256,2024-01-18,0.97
521256,2025-02-20,1.0
521261,2021-03-26,0.85
521261,2022-10-17,0.94
521261,2023-07-23,0.97
521261,2025-02-08,1.0
521267,2021-09-21,0.89
521267,2022-07-11,0.97
521267,2025-01-18,1.0
521271,2021-10-07,0.84
521271,2022-12-30,0.92
521271,2023-10-31,0.96
521271,2025-08-10,1.0
521289,2021-06-28,0.91
521289,2022-01-25,0.98
521289,2023-10-04,1.0
521360,2021-03-04,0.89
521360,2022-09-06,0.96
521360,2023-07-03,0.99
521360,2025-04-26,1.0
521484,2021-10-15,0.84
521484,2022-10-02,0.9
521484,2023-09-21,0.93
521484,2024-05-08,0.97
521484,2025-09-12,1.0
521503,2021-08-07,0.95
521503,2023-06-22,0.97
521503,2024-06-02,1.0
521517,2021-10-23,0.99
521517,2024-08-04,1.0
521582,2021-09-09,0.93
521582,2024-08-18,0.98
521582,2025-07-24,1.0
521626,2021-03-08,0.92
521626,2023-09-23,0.96
521626,2024-08-23,0.99
521626,2025-12-01,1.0
521715,2021-05-04,0.85
521715,2022-01-24,0.92
521715,2023-09-26,0.96
521715,2024-09-16,0.97
521715,2025-04-23,1.0
521759,2021-12-01,0.9
521759,2022-09-19,0.98
521759,2024-03-12,1.0
521784,2021-01-25,0.87
521784,2022-07-19,0.96
521784,2024-11-27,1.0
521829,2021-11-27,0.89
521829,2023-05-22,0.93
521829,2024-11-20,0.96
521829,2025-05-27,1.0
522103,2021-01-02,0.92
522103,2024-07-26,0.96
522103,2025-06-15,1.0
522220,2021-05-16,0.81
522220,2022-03-31,0.9
522220,2023-10-13,0.93
522220,2024-09-15,0.98
522220,2025-09-23,1.0
522246,2021-11-05,0.83
522246,2022-07-25,0.9
522246,2023-08-20,0.93
522246,2024-01-29,0.98
522246,2025-06-22,1.0
522460,2021-01-15,0.82
522460,2022-03-16,0.89
522460,2023-01-10,0.9
522460,2024-10-31,0.95
522460,2025-12-21,1.0
522523,2021-02-02,0.82
522523,2022-05-19,0.9
522523,2023-11-26,0.93
522523,2024-02-20,0.98
522523,2025-11-12,1.0
522636,2021-07-21,0.88
522636,2022-09-28,0.97
522636,2023-03-16,0.99
522636,2024-06-23,1.0
522659,2021-11-02,0.87
522659,2022-11-25,0.93
522659,2024-03-07,0.97
522659,2025-05-14,1.0
522918,2021-07-04,0.93
522918,2024-11-05,0.98
522918,2025-10-29,1.0
522948,2021-01-24,0.84
522948,2022-02-22,0.91
522948,2023-03-20,0.92
522948,2024-03-01,0.95
522948,2025-04-09,1.0
523072,2021-06-23,0.87
523072,2022-03-31,0.96
523072,2023-11-18,0.98
523072,2025-07-11,1.0
523156,2021-08-18,0.88
523156,2022-07-23,0.96
523156,2024-07-25,0.99
523156,2025-07-27,1.0
523168,2021-12-21,0.85
523168,2022-06-12,0.94
523168,2023-10-09,0.99
523168,2024-11-12,1.0
523259,2021-12-20,0.92
523259,2023-04-09,0.96
523259,2025-01-04,1.0
523368,2021-05-09,0.92
523368,2023-03-18,0.97
523368,2024-07-01,1.0
523405,2021-05-13,0.82
523405,2022-10-06,0.89
523405,2023-06-08,0.95
523405,2024-06-01,0.96
523405,2025-08-08,1.0
523510,2021-01-27,0.85
523510,2022-10-29,0.91
523510,2023-06-25,0.94
523510,2024-02-28,0.98
523510,2025-07-19,1.0
523701,2021-01-01,0.91
523701,2023-08-07,0.94
523701,2024-01-27,0.97
523701,2025-06-17,1.0
523703,2021-12-21,0.86
523703,2022-04-06,0.95
523703,2024-01-10,0.97
523703,2025-08-01,1.0
523855,2021-09-22,0.83
523855,2022-07-06,0.9
523855,2023-01-16,0.94
523855,2024-05-06,0.99
523855,2025-10-27,1.0
524104,2021-12-01,0.95
524104,2024-11-28,1.0
524153,2021-05-02,0.87
524153,2022-09-27,0.94
524153,2023-05-12,0.97
524153,2025-02-05,1.0
524178,2021-09-26,0.89
524178,2022-04-29,0.97
524178,2024-05-27,0.99
524178,2025-04-22,1.0
524286,2021-05-09,0.84
524286,2022-12-08,0.91
524286,2023-10-10,0.95
524286,2025-06-16,1.0
524556,2021-05-18,0.84
524556,2022-11-11,0.91
524556,2023-08-23,0.95
524556,2024-02-08,1.0
524587,2021-04-01,0.83
524587,2022-03-16,0.92
524587,2023-03-07,0.96
524587,2024-08-12,0.99
524587,2025-12-28,1.0
524656,2021-12-11,0.87
524656,2022-10-04,0.95
524656,2023-08-12,0.97
524656,2024-07-30,1.0
524675,2021-10-17,0.92
524675,2023-07-17,0.95
524675,2024-01-30,0.98
524675,2025-11-12,1.0
524798,2021-07-17,0.96
524798,2025-09-28,1.0
524853,2021-02-25,0.93
524853,2023-01-18,0.96
524853,2024-05-15,1.0
524953,2021-11-12,0.9
524953,2022-06-03,0.98
524953,2024-02-11,1.0
525031,2021-10-06,0.86
525031,2022-04-23,0.93
525031,2023-08-14,0.96
525031,2024-06-04,0.98
525031,2025-07-17,1.0
525296,2021-01-18,0.85
525296,2022-11-25,0.93
525296,2023-10-06,0.95
525296,2024-01-06,1.0
525381,2021-09-14,0.86
525381,2022-10-27,0.95
525381,2025-08-03,1.0
525496,2021-02-23,0.9
525496,2022-06-11,1.0
525594,2021-09-23,0.87
525594,2022-12-31,0.93
525594,2023-05-19,0.95
525594,2024-02-18,1.0
525624,2021-06-10,0.88
525624,2022-03-31,0.97
525624,2023-08-17,0.98
525624,2024-10-31,0.99
525624,2025-11-09,1.0
525688,2021-08-05,0.97
525688,2023-12-18,1.0
525828,2021-10-17,0.83
525828,2022-09-12,0.9
525828,2023-08-06,0.93
525828,2024-08-14,0.97
525828,2025-03-22,1.0
525941,2021-11-12,0.9
525941,2023-10-16,0.95
525941,2024-05-17,0.99
525941,2025-07-13,1.0
526059,2021-01-02,0.87
526059,2022-04-18,0.94
526059,2024-08-15,0.97
526059,2025-11-23,1.0
526117,2021-06-21,0.94
526117,2023-05-30,0.96
526117,2024-10-05,0.99
526117,2025-09-18,1.0
526227,2021-03-14,0.92
526227,2023-06-17,0.96
526227,2024-08-06,0.99
526227,2025-12-01,1.0
526230,2021-07-17,0.99
526230,2025-02-22,1.0
526428,2021-12-04,0.84
526428,2022-05-05,0.92
526428,2023-03-27,0.97
526428,2024-02-03,1.0
526565,2021-07-13,0.84
526565,2022-04-03,0.93
526565,2023-01-06,0.98
526565,2024-11-27,1.0
526662,2021-04-30,0.86
526662,2022-08-19,0.92
526662,2023-06-19,0.96
526662,2024-03-05,0.97
526662,2025-12-10,1.0
526703,2021-02-27,0.89
526703,2022-01-03,0.99
526703,2025-01-05,1.0
526904,2021-01-10,0.83
526904,2022-10-30,0.89
526904,2023-03-13,0.93
526904,2024-03-02,0.96
526904,2025-12-17,1.0
527002,2021-03-15,0.84
527002,2022-11-29,0.93
527002,2023-05-28,0.96
527002,2024-01-11,1.0
527093,2021-07-31,0.89
527093,2022-09-05,0.99
527093,2024-05-20,1.0
527129,2021-01-19,0.89
527129,2022-02-20,0.98
527129,2024-05-14,0.99
527129,2025-05-22,1.0
527142,2021-10-06,0.91
527142,2023-12-08,0.96
527142,2024-09-25,0.97
527142,2025-07-20,1.0
527143,2021-05-25,0.79
527143,2022-11-14,0.88
527143,2023-01-03,0.93
527143,2024-08-28,0.98
527143,2025-09-10,1.0
527386,2021-02-25,0.9
527386,2022-10-15,0.96
527386,2023-01-24,0.98
527386,2024-03-18,1.0
527414,2021-11-07,0.84
527414,2022-09-18,0.93
527414,2023-07-03,0.97
527414,2024-09-27,1.0
527425,2021-04-11,0.81
527425,2022-02-14,0.89
527425,2023-09-18,0.94
527425,2024-08-16,0.99
527425,2025-09-28,1.0
527537,2021-08-23,0.86
527537,2022-08-01,0.92
527537,2023-04-03,0.96
527537,2025-04-30,1.0
527729,2021-12-17,0.85
527729,2022-10-16,0.95
527729,2024-12-12,1.0
527802,2021-06-29,0.86
527802,2022-12-25,0.92
527802,2023-11-23,0.97
527802,2024-11-26,1.0
527811,2021-12-31,0.93
527811,2023-04-28,0.98
527811,2024-08-02,1.0
527911,2021-12-28,0.95
527911,2024-06-08,0.98
527911,2025-03-30,1.0
527987,2021-06-20,0.89
527987,2022-08-26,0.96
527987,2024-09-14,0.99
527987,2025-08-12,1.0
528023,2021-12-27,0.82
528023,2022-10-23,0.89
528023,2023-03-20,0.94
528023,2024-02-24,0.96
528023,2025-05-15,1.0
528102,2021-06-22,0.85
528102,2022-11-04,0.92
528102,2023-02-03,0.94
528102,2024-02-15,0.98
528102,2025-01-31,1.0
528201,2021-04-27,0.82
528201,2022-05-30,0.88
528201,2023-01-25,0.92
528201,2024-08-29,0.97
528201,2025-08-04,1.0
528469,2021-03-15,0.81
528469,2022-07-18,0.9
528469,2023-12-25,0.95
528469,2024-07-13,1.0
528495,2021-11-30,0.9
528495,2022-10-08,1.0
528643,2021-08-07,0.96
528643,2024-02-25,0.98
528643,2025-06-24,1.0
528705,2021-06-16,0.86
528705,2022-03-23,0.94
528705,2023-04-26,0.98
528705,2025-08-29,1.0
528709,2021-03-09,0.84
528709,2022-06-27,0.93
528709,2023-11-05,0.98
528709,2025-08-05,1.0
528775,2021-10-28,0.82
528775,2022-01-15,0.91
528775,2023-01-25,0.96
528775,2025-11-04,1.0
528783,2021-05-21,0.92
528783,2022-07-11,0.99
528783,2025-07-19,1.0
528916,2021-10-23,0.87
528916,2022-09-17,0.95
528916,2024-02-20,0.99
528916,2025-10-23,1.0
528952,2021-06-16,0.89
528952,2023-05-11,0.93
528952,2024-06-06,0.96
528952,2025-11-11,1.0
529125,2021-03-17,0.92
529125,2023-01-03,0.96
529125,2024-10-05,1.0
529147,2021-04-04,0.84
529147,2022-01-22,0.91
529147,2024-01-23,0.95
529147,2025-12-06,1.0
529420,2021-12-31,0.87
529420,2022-08-03,0.94
529420,2023-06-09,0.98
529420,2025-08-16,1.0
529471,2021-05-26,0.84
529471,2022-09-14,0.9
529471,2024-06-16,0.95
529471,2025-06-26,1.0
529501,2021-05-12,0.91
529501,2023-03-06,0.94
529501,2024-10-31,0.95
529501,2025-08-15,1.0
529676,2021-05-05,0.85
529676,2022-03-01,0.92
529676,2023-09-23,0.96
529676,2024-06-13,1.0
529784,2021-08-29,0.86
529784,2022-06-28,0.92
529784,2023-06-19,0.95
529784,2024-03-01,1.0
530267,2021-02-23,1.0
530339,2021-11-26,0.81
530339,2022-08-02,0.88
530339,2023-02-22,0.92
530339,2024-07-15,0.97
530339,2025-10-25,1.0
530347,2021-05-15,0.96
530347,2024-02-04,1.0
530374,2021-03-16,0.91
530374,2023-11-12,0.96
530374,2025-07-01,1.0
530441,2021-07-25,0.87
530441,2022-12-04,0.94
530441,2023-01-19,0.96
530441,2025-02-27,1.0
530442,2021-10-29,0.8
530442,2022-07-01,0.88
530442,2023-12-20,0.93
530442,2024-02-17,0.98
530442,2025-06-11,1.0
530448,2021-03-20,0.82
530448,2022-12-23,0.91
530448,2023-03-19,0.95
530448,2024-07-24,0.97
530448,2025-02-14,1.0
530489,2021-04-04,0.8
530489,2022-11-10,0.86
530489,2023-03-15,0.91
530489,2024-11-28,0.95
530489,2025-04-05,1.0
530644,2021-05-21,0.87
530644,2022-01-25,0.96
530644,2023-06-06,0.99
530644,2024-02-23,1.0
530651,2021-09-26,0.81
530651,2022-07-18,0.89
530651,2023-09-03,0.95
530651,2024-01-30,0.96
530651,2025-12-04,1.0
530717,2021-03-15,0.84
530717,2022-11-22,0.9
530717,2023-04-26,0.92
530717,2024-01-22,0.96
530717,2025-06-26,1.0
530836,2021-10-19,0.85
530836,2022-01-28,0.92
530836,2024-07-17,0.95
530836,2025-10-17,1.0
530839,2021-12-01,0.94
530839,2023-07-10,0.97
530839,2024-03-09,1.0
530924,2021-08-18,0.96
530924,2023-01-29,0.98
530924,2025-03-14,1.0
530933,2021-04-03,0.91
530933,2023-11-15,0.96
530933,2025-07-31,1.0
530947,2021-01-17,0.81
530947,2022-06-07,0.9
530947,2023-10-13,0.93
530947,2024-02-22,0.97
530947,2025-07-27,1.0
531005,2021-08-29,0.87
531005,2022-03-10,0.93
531005,2023-03-15,0.97
531005,2024-01-20,1.0
531313,2021-01-31,0.92
531313,2023-05-12,0.95
531313,2024-01-10,0.98
531313,2025-06-27,1.0
531472,2021-07-08,0.87
531472,2022-04-14,0.94
531472,2023-03-11,0.95
531472,2024-05-19,1.0
531577,2021-04-14,0.87
531577,2022-01-16,0.96
531577,2023-08-01,0.99
531577,2024-10-06,1.0
531606,2021-02-05,0.84
531606,2022-03-22,0.93
531606,2023-12-13,0.95
531606,2025-12-18,1.0
531710,2021-07-20,0.87
531710,2022-11-21,0.94
531710,2024-10-22,0.97
531710,2025-05-23,1.0
531724,2021-09-27,1.0
531769,2021-06-16,0.82
531769,2022-05-12,0.91
531769,2023-08-18,0.97
531769,2025-01-21,1.0
531799,2021-08-24,0.98
531799,2023-03-13,1.0
531822,2021-01-25,0.9
531822,2023-03-28,0.92
531822,2024-03-20,0.97
531822,2025-02-14,1.0
532042,2021-02-12,0.85
532042,2022-03-16,0.92
532042,2024-12-14,0.96
532042,2025-12-04,1.0
532140,2021-02-15,0.86
532140,2022-10-10,0.95
532140,2023-05-14,0.97
532140,2025-06-22,1.0
532277,2021-03-26,0.8
532277,2022-12-20,0.88
532277,2023-10-31,0.9
532277,2024-11-21,0.95
532277,2025-06-28,1.0
532356,2021-01-17,0.96
532356,2023-10-28,0.98
532356,2024-11-19,1.0
532444,2021-05-28,0.89
532444,2023-01-25,0.94
532444,2024-11-10,0.98
532444,2025-02-08,1.0
532534,2021-10-28,0.88
532534,2022-12-01,0.95
532534,2023-09-29,0.98
532534,2024-01-18,1.0
532593,2021-06-03,0.83
532593,2022-06-25,0.92
532593,2023-05-31,0.96
532593,2024-12-20,1.0
532757,2021-04-03,0.89
532757,2022-02-06,0.97
532757,2024-01-06,1.0
533004,2021-08-16,0.95
533004,2023-07-14,0.98
533004,2025-12-11,1.0
533089,2021-05-10,0.87
533089,2022-07-19,0.93
533089,2023-02-24,0.95
533089,2025-11-09,1.0
533094,2021-05-14,0.82
533094,2022-03-15,0.91
533094,2023-12-16,0.94
533094,2024-05-14,0.97
533094,2025-06-08,1.0
533313,2021-10-19,0.84
533313,2022-03-27,0.92
533313,2023-05-15,0.96
533313,2025-10-09,1.0
533536,2021-02-24,0.79
533536,2022-11-05,0.87
533536,2023-06-02,0.91
533536,2024-05-20,0.95
533536,2025-07-28,1.0
533782,2021-09-16,0.89
533782,2022-12-25,0.96
533782,2023-10-12,1.0
533876,2021-04-19,0.86
533876,2022-02-27,0.93
533876,2023-12-19,0.96
533876,2024-10-03,1.0
533913,2021-08-19,0.96
533913,2024-09-20,1.0
533973,2021-10-07,0.95
533973,2023-05-03,0.97
533973,2025-08-20,1.0
534070,2021-08-27,0.94
534070,2024-12-31,0.95
534070,2025-02-08,1.0
534354,2021-11-09,0.93
534354,2022-07-30,1.0
534622,2021-07-19,0.82
534622,2022-06-05,0.89
534622,2023-11-06,0.93
534622,2024-12-10,0.96
534622,2025-05-13,1.0
534697,2021-12-27,0.83
534697,2022-05-06,0.92
534697,2023-07-11,0.95
534697,2024-09-05,1.0
534764,2021-04-05,0.83
534764,2022-12-13,0.91
534764,2023-03-27,0.97
534764,2025-01-10,1.0
534887,2021-03-31,0.87
534887,2022-06-01,0.94
534887,2023-10-01,0.98
534887,2025-02-14,1.0
534896,2021-10-02,0.83
534896,2022-05-01,0.88
534896,2023-06-20,0.93
534896,2024-05-08,0.95
534896,2025-11-14,1.0
534913,2021-02-22,0.87
534913,2022-12-23,0.95
534913,2023-09-13,0.98
534913,2025-07-31,1.0
534931,2021-06-02,0.87
534931,2022-08-05,0.94
534931,2023-02-01,0.98
534931,2024-07-19,1.0
534962,2021-11-01,0.85
534962,2022-03-04,0.94
534962,2023-04-24,0.97
534962,2025-05-28,1.0
535138,2021-01-05,0.92
535138,2024-01-27,0.96
535138,2025-04-06,1.0
535216,2021-07-05,0.9
535216,2023-07-13,0.93
535216,2024-10-08,0.96
535216,2025-07-17,1.0
535219,2021-01-11,0.89
535219,2022-09-05,0.96
535219,2023-06-09,1.0
535292,2021-05-13,0.8
535292,2022-09-07,0.88
535292,2023-05-29,0.93
535292,2024-05-17,0.96
535292,2025-01-25,1.0
535294,2021-08-13,0.87
535294,2022-10-26,0.93
535294,2023-04-11,0.98
535294,2025-08-15,1.0
535523,2021-10-30,0.84
535523,2022-01-29,0.91
535523,2023-03-05,0.94
535523,2024-04-23,0.96
535523,2025-09-04,1.0
535544,2021-01-07,0.86
535544,2022-11-08,0.95
535544,2024-05-28,0.98
535544,2025-02-26,1.0
535580,2021-07-29,0.98
535580,2025-03-06,1.0
535585,2021-07-27,0.92
535585,2023-11-09,0.96
535585,2025-03-23,1.0
535609,2021-12-07,0.83
535609,2022-03-06,0.89
535609,2023-06-28,0.92
535609,2024-08-28,0.96
535609,2025-07-25,1.0
535783,2021-05-15,0.88
535783,2023-03-14,0.93
535783,2024-12-03,0.96
535783,2025-08-07,1.0
535973,2021-09-14,0.96
535973,2023-04-13,0.99
535973,2024-05-20,1.0
535975,2021-08-29,0.85
535975,2022-07-16,0.92
535975,2023-08-01,0.96
535975,2024-02-03,0.98
535975,2025-11-17,1.0
536049,2021-09-08,0.89
536049,2022-04-28,0.96
536049,2023-07-17,0.99
536049,2025-08-27,1.0
536298,2021-06-19,0.81
536298,2022-10-24,0.9
536298,2023-12-08,0.92
536298,2024-06-28,0.96
536298,2025-06-12,1.0
536439,2021-04-24,0.86
536439,2022-09-28,0.96
536439,2023-02-25,0.99
536439,2025-10-09,1.0
536445,2021-11-26,0.95
536445,2023-08-11,0.97
536445,2025-12-25,1.0
536484,2021-02-19,0.94
536484,2023-09-29,0.99
536484,2024-03-12,1.0
536538,2021-10-12,0.84
536538,2022-06-24,0.92
536538,2023-09-13,0.95
536538,2024-07-10,0.98
536538,2025-07-14,1.0
536622,2021-11-02,0.87
536622,2022-10-06,0.94
536622,2023-02-13,0.97
536622,2024-10-12,1.0
536661,2021-04-14,0.88
536661,2022-04-18,0.97
536661,2023-10-07,0.99
536661,2025-01-25,1.0
536682,2021-08-17,0.93
536682,2023-11-13,0.98
536682,2024-05-12,1.0
536962,2021-06-29,0.88
536962,2023-04-09,0.93
536962,2024-01-01,0.96
536962,2025-11-15,1.0
537111,2021-08-16,1.0
537255,2021-06-21,0.81
537255,2022-07-31,0.9
537255,2023-03-09,0.95
537255,2024-09-16,0.98
537255,2025-08-15,1.0
537507,2021-05-03,0.98
537507,2025-11-23,1.0
537766,2021-07-12,0.86
537766,2022-06-24,0.92
537766,2023-05-26,0.93
537766,2024-03-02,0.96
537766,2025-02-28,1.0
537775,2021-03-07,0.83
537775,2022-11-26,0.92
537775,2024-07-21,0.95
537775,2025-01-11,1.0
537784,2021-08-16,0.88
537784,2022-07-22,0.94
537784,2023-09-29,0.98
537784,2024-08-21,1.0
537837,2021-10-09,0.85
537837,2022-01-17,0.91
537837,2023-03-01,0.94
537837,2024-09-21,0.97
537837,2025-02-17,1.0
537872,2021-01-05,0.88
537872,2022-09-25,0.94
537872,2023-05-10,0.97
537872,2024-05-18,1.0
537922,2021-02-24,0.82
537922,2022-12-26,0.89
537922,2023-12-31,0.94
537922,2024-10-05,0.96
537922,2025-12-18,1.0
538014,2021-04-17,0.92
538014,2024-08-28,0.95
538014,2025-02-06,1.0
538090,2021-08-28,0.87
538090,2022-09-23,0.93
538090,2024-12-09,0.96
538090,2025-01-11,1.0
538229,2021-05-24,0.87
538229,2022-06-14,0.95
538229,2024-10-02,0.98
538229,2025-12-11,1.0
538503,2021-09-30,0.85
538503,2022-06-21,0.95
538503,2024-11-18,0.99
538503,2025-01-13,1.0
538569,2021-03-27,0.82
538569,2022-09-24,0.91
538569,2023-08-01,0.93
538569,2024-01-09,0.96
538569,2025-05-14,1.0
538648,2021-12-24,0.86
538648,2022-09-16,0.92
538648,2023-03-19,0.94
538648,2024-08-04,0.97
538648,2025-10-22,1.0
538723,2021-04-02,0.86
538723,2022-08-05,0.92
538723,2023-02-28,0.94
538723,2024-03-31,0.99
538723,2025-02-01,1.0
538837,2021-09-30,0.85
538837,2022-12-21,0.92
538837,2023-11-03,0.97
538837,2024-04-27,1.0
538858,2021-09-26,0.83
538858,2022-10-04,0.92
538858,2023-04-25,0.97
538858,2024-06-30,1.0
538883,2021-12-11,0.98
538883,2023-08-07,1.0
539109,2021-02-11,0.8
539109,2022-01-18,0.87
539109,2023-07-03,0.92
539109,2024-08-20,0.95
539109,2025-11-23,1.0
539323,2021-02-05,0.83
539323,2022-05-13,0.92
539323,2023-07-22,0.94
539323,2024-07-24,0.98
539323,2025-01-16,1.0
539366,2021-03-19,0.85
539366,2022-03-19,0.94
539366,2023-01-27,0.97
539366,2024-06-24,0.99
539366,2025-05-19,1.0
539368,2021-07-02,0.84
539368,2022-11-07,0.92
539368,2023-12-22,0.95
539368,2024-01-25,1.0
539630,2021-05-07,0.88
539630,2022-11-01,0.95
539630,2024-07-03,1.0
539721,2021-08-01,0.88
539721,2022-05-15,0.95
539721,2023-11-19,0.97
539721,2024-05-24,0.98
539721,2025-03-03,1.0
539863,2021-03-31,0.87
539863,2023-09-12,0.92
539863,2024-12-10,0.96
539863,2025-12-31,1.0
539869,2021-03-23,0.87
539869,2022-12-28,0.97
539869,2024-12-03,0.99
539869,2025-02-14,1.0
539891,2021-07-19,0.92
539891,2023-09-14,0.98
539891,2025-01-07,1.0
539961,2021-10-18,0.81
539961,2022-06-09,0.89
539961,2023-06-06,0.94
539961,2024-04-07,0.99
539961,2025-07-03,1.0
540214,2021-05-17,0.86
540214,2022-09-03,0.92
540214,2023-11-29,0.94
540214,2024-05-20,0.95
540214,2025-08-21,1.0
540299,2021-06-11,0.85
540299,2022-04-21,0.92
540299,2023-07-10,0.95
540299,2024-10-09,0.97
540299,2025-11-28,1.0
540458,2021-07-10,0.85
540458,2022-04-23,0.93
540458,2023-09-11,0.96
540458,2024-03-14,1.0
540798,2021-01-28,0.83
540798,2022-05-27,0.9
540798,2023-10-24,0.93
540798,2024-05-27,0.98
540798,2025-12-17,1.0
541020,2021-05-20,0.81
541020,2022-09-26,0.9
541020,2023-04-16,0.93
541020,2024-06-27,0.96
541020,2025-01-27,1.0
541060,2021-01-16,0.86
541060,2022-01-02,0.93
541060,2023-10-22,0.96
541060,2024-09-30,0.98
541060,2025-01-06,1.0
541121,2021-08-10,0.96
541121,2025-09-22,1.0
541258,2021-09-29,0.82
541258,2022-11-26,0.88
541258,2023-06-24,0.92
541258,2024-04-06,0.97
541258,2025-03-11,1.0
541349,2021-02-08,0.88
541349,2022-07-31,0.95
541349,2023-03-28,0.99
541349,2025-02-01,1.0
541446,2021-06-10,0.89
541446,2022-03-21,0.95
541446,2025-06-13,1.0
541500,2021-11-29,0.93
541500,2023-04-18,0.96
541500,2025-12-11,1.0
541568,2021-09-24,0.9
541568,2023-07-08,0.95
541568,2024-10-09,0.97
541568,2025-01-14,1.0
541605,2021-09-11,0.92
541605,2022-06-29,1.0
541680,2021-05-18,0.91
541680,2022-03-22,1.0
541739,2021-03-26,0.92
541739,2022-08-26,0.99
541739,2024-04-14,1.0
542009,2021-06-18,0.82
542009,2022-09-14,0.89
542009,2023-06-19,0.93
542009,2024-01-28,0.97
542009,2025-02-22,1.0
542026,2021-06-28,0.88
542026,2022-12-01,0.98
542026,2025-12-08,1.0
542210,2021-04-15,0.84
542210,2022-10-22,0.92
542210,2024-10-23,0.97
542210,2025-10-20,1.0
542351,2021-11-04,0.88
542351,2023-10-22,0.92
542351,2024-03-13,0.96
542351,2025-11-14,1.0
542590,2021-10-20,0.89
542590,2022-03-14,0.98
542590,2024-03-24,1.0
542716,2021-07-31,0.83
542716,2022-07-17,0.91
542716,2023-06-27,0.93
542716,2024-05-15,0.95
542716,2025-04-09,1.0
542944,2021-01-11,0.86
542944,2022-04-26,0.94
542944,2024-08-22,0.96
542944,2025-02-01,1.0
542985,2021-10-06,0.83
542985,2022-03-28,0.89
542985,2023-07-21,0.94
542985,2024-12-04,0.99
542985,2025-06-11,1.0
542987,2021-07-18,0.86
542987,2022-03-24,0.92
542987,2023-05-29,0.94
542987,2024-01-28,0.96
542987,2025-03-03,1.0
543026,2021-09-14,0.8
543026,2022-01-19,0.88
543026,2023-09-15,0.91
543026,2024-09-09,0.96
543026,2025-09-17,1.0
543147,2021-02-16,0.85
543147,2022-06-09,0.95
543147,2023-07-28,0.97
543147,2025-07-12,1.0
543155,2021-10-04,0.95
543155,2023-01-18,0.97
543155,2025-06-22,1.0
543228,2021-04-08,0.85
543228,2022-06-22,0.92
543228,2023-12-15,0.98
543228,2024-11-22,0.99
543228,2025-06-12,1.0
543238,2021-08-05,0.82
543238,2022-02-26,0.91
543238,2023-03-10,0.93
543238,2024-08-08,0.96
543238,2025-06-07,1.0
543296,2021-06-15,0.9
543296,2022-05-23,0.97
543296,2023-10-13,1.0
543662,2021-09-20,0.91
543662,2022-10-12,0.97
543662,2025-02-07,1.0
543722,2021-05-30,0.94
543722,2023-02-24,0.98
543722,2024-09-16,1.0
543837,2021-11-30,0.85
543837,2022-06-08,0.91
543837,2023-09-24,0.96
543837,2024-04-11,0.98
543837,2025-06-21,1.0
543852,2021-11-23,0.86
543852,2022-02-21,0.93
543852,2024-05-01,0.96
543852,2025-01-08,1.0
543943,2021-04-21,0.82
543943,2022-06-28,0.89
543943,2023-11-07,0.93
543943,2024-03-27,0.96
543943,2025-05-29,1.0
544030,2021-05-25,0.97
544030,2025-01-13,1.0
544062,2021-05-13,0.9
544062,2023-05-02,0.95
544062,2024-06-09,0.99
544062,2025-01-05,1.0
544080,2021-12-07,0.81
544080,2022-01-24,0.86
544080,2023-04-13,0.91
544080,2024-08-18,0.95
544080,2025-11-24,1.0
544116,2021-04-10,0.86
544116,2022-08-10,0.93
544116,2023-09-17,0.95
544116,2025-02-14,1.0
544117,2021-08-10,0.84
544117,2022-10-12,0.93
544117,2023-12-15,0.96
544117,2024-06-18,1.0
544128,2021-07-17,0.84
544128,2022-04-01,0.92
544128,2023-06-14,0.97
544128,2024-01-02,0.99
544128,2025-07-02,1.0
544149,2021-05-10,0.88
544149,2023-12-21,0.93
544149,2024-10-14,0.98
544149,2025-04-27,1.0
544442,2021-08-05,0.8
544442,2022-04-13,0.89
544442,2023-03-01,0.94
544442,2024-03-10,0.98
544442,2025-01-23,1.0
544496,2021-06-07,0.81
544496,2022-12-12,0.89
544496,2023-10-03,0.93
544496,2024-07-12,0.95
544496,2025-12-31,1.0
544689,2021-07-15,0.86
544689,2022-10-02,0.95
544689,2023-08-21,0.97
544689,2024-11-24,1.0
544712,2021-04-14,0.85
544712,2022-03-27,0.94
544712,2024-09-06,0.96
544712,2025-07-22,1.0
544822,2021-09-22,0.88
544822,2022-05-03,0.96
544822,2023-08-30,1.0
544884,2021-04-07,1.0
545068,2021-05-30,0.82
545068,2022-05-18,0.88
545068,2023-03-02,0.93
545068,2024-12-07,0.97
545068,2025-06-06,1.0
545181,2021-03-24,0.84
545181,2022-09-15,0.93
545181,2024-10-12,0.97
545181,2025-02-01,1.0
545352,2021-07-07,0.99
545352,2025-04-13,1.0
545407,2021-08-15,0.89
545407,2022-11-21,0.96
545407,2024-11-05,0.98
545407,2025-12-18,1.0
545430,2021-09-27,0.93
545430,2022-12-05,1.0
545537,2021-11-06,0.83
545537,2022-10-31,0.9
545537,2023-05-30,0.92
545537,2024-12-06,0.96
545537,2025-04-05,1.0
545542,2021-01-03,0.87
545542,2022-08-16,0.93
545542,2023-04-26,0.95
545542,2025-01-31,1.0
545702,2021-10-17,0.89
545702,2022-06-03,0.98
545702,2025-05-27,1.0
545751,2021-11-22,0.83
545751,2022-04-11,0.92
545751,2023-09-27,0.97
545751,2024-01-05,1.0
545865,2021-02-01,0.9
545865,2022-09-02,1.0
545925,2021-07-19,0.95
545925,2024-06-26,0.99
545925,2025-05-07,1.0
546396,2021-03-10,0.88
546396,2022-03-01,0.94
546396,2023-08-10,0.96
546396,2024-08-24,1.0
546447,2021-04-19,0.95
546447,2025-06-08,1.0
546564,2021-09-14,0.81
546564,2022-06-17,0.89
546564,2023-09-28,0.93
546564,2024-01-07,0.96
546564,2025-04-03,1.0
546588,2021-08-07,0.9
546588,2023-07-18,0.92
546588,2024-03-11,0.97
546588,2025-03-21,1.0
546699,2021-03-15,0.86
546699,2022-03-28,0.95
546699,2024-07-16,1.0
546757,2021-10-17,0.82
546757,2022-09-28,0.9
546757,2023-02-02,0.93
546757,2024-12-16,0.97
546757,2025-09-17,1.0
546830,2021-09-02,0.94
546830,2023-07-27,0.97
546830,2025-07-23,1.0
547039,2021-05-15,0.87
547039,2022-02-17,0.94
547039,2023-09-17,1.0
547369,2021-01-17,0.95
547369,2023-11-18,0.97
547369,2024-12-31,0.98
547369,2025-11-03,1.0
547458,2021-01-24,0.87
547458,2022-05-25,0.93
547458,2023-07-11,0.97
547458,2024-09-30,0.99
547458,2025-12-12,1.0
547496,2021-02-01,0.83
547496,2022-05-10,0.9
547496,2023-09-05,0.94
547496,2024-12-20,0.97
547496,2025-06-05,1.0
547788,2021-04-02,0.98
547788,2025-12-22,1.0
547822,2021-11-23,0.84
547822,2022-11-28,0.92
547822,2023-06-08,0.95
547822,2024-07-21,0.98
547822,2025-07-04,1.0
548201,2021-10-19,0.84
548201,2022-05-14,0.93
548201,2023-04-03,0.96
548201,2024-03-01,0.98
548201,2025-12-21,1.0
548243,2021-11-12,0.91
548243,2022-06-14,0.97
548243,2024-02-04,1.0
548260,2021-07-01,0.88
548260,2023-07-22,0.92
548260,2024-07-08,0.95
548260,2025-04-16,1.0
548271,2021-03-09,0.86
548271,2022-08-22,0.95
548271,2025-10-19,1.0
548311,2021-03-20,0.96
548311,2023-04-11,0.97
548311,2024-12-09,0.99
548311,2025-01-15,1.0
548406,2021-11-25,0.87
548406,2022-03-17,0.94
548406,2023-05-21,0.96
548406,2024-06-10,1.0
548448,2021-08-24,0.85
548448,2022-01-17,0.93
548448,2023-06-25,0.96
548448,2024-12-17,0.98
548448,2025-04-18,1.0
548574,2021-07-24,0.93
548574,2023-12-03,0.98
548574,2024-02-23,1.0
548712,2021-01-08,0.87
548712,2022-07-30,0.94
548712,2024-07-24,0.95
548712,2025-05-21,1.0
548775,2021-05-28,0.86
548775,2023-05-09,0.9
548775,2024-03-29,0.95
548775,2025-05-25,1.0
548827,2021-03-08,0.89
548827,2022-03-10,0.96
548827,2024-04-01,1.0
548891,2021-09-04,0.81
548891,2022-04-19,0.9
548891,2023-03-14,0.95
548891,2025-02-02,1.0
548926,2021-09-19,0.87
548926,2022-05-15,0.93
548926,2023-05-15,0.96
548926,2025-12-23,1.0
548996,2021-10-28,0.86
548996,2022-04-08,0.94
548996,2023-12-02,0.96
548996,2024-01-20,1.0
549127,2021-10-17,0.95
549127,2024-03-29,1.0
549246,2021-11-12,0.93
549246,2023-09-11,0.95
549246,2024-08-31,1.0
549282,2021-01-05,0.87
549282,2022-10-02,0.96
549282,2025-01-07,1.0
549302,2021-01-12,0.85
549302,2022-06-30,0.92
549302,2023-08-16,0.97
549302,2025-10-16,1.0
549474,2021-08-11,0.83
549474,2022-11-25,0.91
549474,2023-09-26,0.96
549474,2025-11-28,1.0
549616,2021-07-06,0.83
549616,2022-11-26,0.92
549616,2023-08-29,0.96
549616,2024-09-11,1.0
549635,2021-05-25,0.86
549635,2022-09-27,0.92
549635,2023-06-05,0.96
549635,2025-06-24,1.0
549655,2021-03-01,0.83
549655,2022-07-19,0.91
549655,2023-12-08,0.94
549655,2024-11-05,0.96
549655,2025-06-19,1.0
549880,2021-03-27,0.81
549880,2022-02-17,0.89
549880,2023-06-01,0.92
549880,2024-05-22,0.97
549880,2025-01-01,1.0
549928,2021-12-10,0.86
549928,2022-11-25,0.95
549928,2023-09-14,0.97
549928,2025-05-20,1.0
549951,2021-10-07,0.93
549951,2023-01-01,0.96
549951,2024-02-25,0.99
549951,2025-09-21,1.0
550181,2021-03-20,0.9
550181,2022-12-06,1.0
550435,2021-10-28,0.93
550435,2023-07-20,0.96
550435,2024-09-14,1.0
550443,2021-06-29,0.9
550443,2023-10-11,0.93
550443,2024-11-01,0.96
550443,2025-06-23,1.0
550468,2021-05-10,0.82
550468,2022-05-03,0.89
550468,2023-06-05,0.91
550468,2024-09-08,0.95
550468,2025-03-26,1.0
550656,2021-09-28,0.83
550656,2022-11-28,0.91
550656,2023-01-13,0.94
550656,2024-07-23,0.99
550656,2025-03-22,1.0
550669,2021-08-21,0.89
550669,2022-12-13,0.96
550669,2024-06-21,0.99
550669,2025-07-26,1.0
550678,2021-02-03,0.95
550678,2023-11-24,0.99
550678,2024-09-02,1.0
550707,2021-07-25,0.85
550707,2022-03-07,0.92
550707,2023-03-07,0.97
550707,2024-01-20,1.0
550822,2021-11-30,0.92
550822,2022-12-26,0.98
550822,2023-04-13,1.0
550996,2021-04-07,0.84
550996,2022-03-30,0.9
550996,2023-11-29,0.94
550996,2024-10-09,0.97
550996,2025-10-22,1.0
551040,2021-02-27,0.84
551040,2022-08-30,0.91
551040,2023-11-26,0.96
551040,2024-01-07,0.97
551040,2025-03-12,1.0
551146,2021-10-22,0.84
551146,2022-01-25,0.92
551146,2023-10-14,0.97
551146,2024-12-08,0.99
551146,2025-04-29,1.0
551401,2021-01-25,0.97
551401,2025-09-18,1.0
551537,2021-07-06,0.88
551537,2022-03-12,0.95
551537,2023-09-27,0.96
551537,2024-01-03,1.0
551739,2021-06-25,0.81
551739,2022-10-28,0.87
551739,2023-04-02,0.92
551739,2024-05-25,0.96
551739,2025-02-26,1.0
551823,2021-06-01,0.84
551823,2022-02-27,0.92
551823,2023-02-03,0.95
551823,2025-12-30,1.0
551931,2021-03-09,0.91
551931,2022-05-20,0.99
551931,2025-05-15,1.0
552042,2021-09-09,0.95
552042,2023-01-11,0.96
552042,2025-12-18,1.0
552066,2021-05-09,0.8
552066,2022-01-01,0.89
552066,2023-08-08,0.95
552066,2024-11-29,1.0
552353,2021-11-02,0.91
552353,2023-09-28,0.95
552353,2025-10-16,1.0
552433,2021-12-18,0.87
552433,2022-10-29,0.95
552433,2025-11-15,1.0
552564,2021-12-14,0.83
552564,2022-04-03,0.89
552564,2023-10-09,0.93
552564,2024-09-13,0.95
552564,2025-04-26,1.0
552581,2021-01-06,0.95
552581,2023-03-07,0.97
552581,2024-05-06,1.0
552663,2021-08-05,0.81
552663,2022-01-23,0.9
552663,2023-10-07,0.95
552663,2025-02-10,1.0
552696,2021-07-31,0.85
552696,2022-10-21,0.92
552696,2023-05-03,0.95
552696,2024-11-03,0.99
552696,2025-08-26,1.0
552801,2021-09-14,0.96
552801,2024-09-07,0.99
552801,2025-08-12,1.0
552834,2021-11-29,0.83
552834,2022-04-15,0.91
552834,2023-04-29,0.95
552834,2025-03-08,1.0
552866,2021-03-03,0.84
552866,2022-05-17,0.92
552866,2023-07-31,0.96
552866,2024-04-02,1.0
552906,2021-07-04,0.84
552906,2022-11-04,0.91
552906,2024-06-01,0.95
552906,2025-04-19,1.0
553064,2021-02-24,0.84
553064,2022-09-19,0.91
553064,2023-08-08,0.95
553064,2024-08-15,0.98
553064,2025-10-02,1.0
553130,2021-12-29,0.82
553130,2022-05-23,0.91
553130,2023-11-02,0.92
553130,2024-12-09,0.96
553130,2025-01-18,1.0
553214,2021-04-16,0.83
553214,2022-10-24,0.91
553214,2023-12-08,0.96
553214,2024-09-08,0.99
553214,2025-10-14,1.0
553218,2021-02-09,0.85
553218,2022-03-07,0.94
553218,2023-01-02,1.0
553254,2021-04-19,0.82
553254,2022-05-06,0.89
553254,2023-06-06,0.92
553254,2024-02-08,0.97
553254,2025-09-15,1.0
553326,2021-05-02,0.86
553326,2022-05-25,0.93
553326,2023-12-23,0.94
553326,2024-07-01,0.96
553326,2025-04-21,1.0
553430,2021-06-21,0.86
553430,2022-06-26,0.95
553430,2023-01-30,1.0
553536,2021-10-05,0.86
553536,2022-10-14,0.95
553536,2023-10-09,0.99
553536,2025-11-21,1.0
554006,2021-10-29,0.88
554006,2022-11-06,0.96
554006,2023-07-12,1.0
554088,2021-11-23,0.91
554088,2022-03-02,0.98
554088,2025-08-02,1.0
554133,2021-10-14,0.88
554133,2022-07-21,0.95
554133,2024-11-15,0.97
554133,2025-12-17,1.0
554213,2021-02-05,0.92
554213,2023-03-30,0.96
554213,2025-05-27,1.0
554261,2021-09-18,0.86
554261,2022-11-24,0.92
554261,2023-01-17,0.96
554261,2024-05-15,1.0
554336,2021-08-19,0.81
554336,2022-08-28,0.88
554336,2023-10-08,0.9
554336,2024-06-13,0.95
554336,2025-09-04,1.0
554339,2021-03-22,0.81
554339,2022-09-21,0.88
554339,2023-10-18,0.91
554339,2024-04-10,0.96
554339,2025-12-28,1.0
554348,2021-04-12,0.89
554348,2022-03-14,0.95
554348,2023-11-05,1.0
554514,2021-05-02,0.85
554514,2022-05-24,0.92
554514,2023-11-20,0.95
554514,2024-11-06,0.97
554514,2025-03-08,1.0
554523,2021-10-30,0.83
554523,2022-03-05,0.91
554523,2023-01-16,0.93
554523,2024-07-25,0.97
554523,2025-05-26,1.0
554531,2021-08-28,0.9
554531,2023-12-29,0.94
554531,2024-09-07,0.99
554531,2025-11-24,1.0
554778,2021-08-07,0.88
554778,2022-02-25,0.94
554778,2023-09-29,0.97
554778,2025-04-09,1.0
554943,2021-01-12,0.91
554943,2023-08-26,0.95
554943,2024-10-29,0.98
554943,2025-11-04,1.0
554967,2021-03-12,0.91
554967,2022-12-13,0.97
554967,2025-01-26,1.0
555183,2021-08-07,0.85
555183,2022-10-13,0.92
555183,2023-07-09,0.96
555183,2024-07-27,1.0
555279,2021-06-02,0.85
555279,2022-12-28,0.94
555279,2024-01-04,0.99
555279,2025-09-13,1.0
555297,2021-09-20,0.89
555297,2022-01-27,0.97
555297,2025-10-12,1.0
555518,2021-04-05,0.93
555518,2023-07-27,0.95
555518,2025-09-08,1.0
555520,2021-10-31,0.84
555520,2022-05-04,0.93
555520,2024-04-06,0.97
555520,2025-01-12,1.0
555561,2021-12-12,0.88
555561,2022-09-25,0.94
555561,2023-05-17,0.96
555561,2024-04-04,1.0
555567,2021-01-10,0.96
555567,2024-09-18,1.0
555855,2021-05-21,0.99
555855,2023-09-09,1.0
555958,2021-07-02,0.87
555958,2022-10-25,0.97
555958,2023-11-18,0.98
555958,2024-09-12,1.0
555991,2021-04-24,0.84
555991,2022-06-01,0.9
555991,2023-07-20,0.95
555991,2024-10-23,0.96
555991,2025-12-08,1.0
556103,2021-01-25,0.93
556103,2024-07-29,0.96
556103,2025-04-10,1.0
556165,2021-02-02,0.89
556165,2022-05-06,0.97
556165,2024-10-14,1.0
556317,2021-02-19,0.9
556317,2022-10-07,0.96
556317,2024-10-09,1.0
556521,2021-10-01,0.97
556521,2023-03-09,0.99
556521,2024-07-10,1.0
556666,2021-02-27,0.9
556666,2022-08-08,0.96
556666,2023-12-16,0.99
556666,2025-08-23,1.0
556671,2021-04-14,0.82
556671,2022-11-12,0.89
556671,2023-07-08,0.94
556671,2024-12-23,0.97
556671,2025-09-18,1.0
556717,2021-05-17,0.9
556717,2023-02-25,0.93
556717,2024-01-14,0.98
556717,2025-11-10,1.0
556846,2021-06-14,0.83
556846,2022-03-21,0.91
556846,2023-05-16,0.93
556846,2024-05-19,0.97
556846,2025-04-25,1.0
556902,2021-02-10,0.91
556902,2022-07-12,0.99
556902,2023-09-21,1.0
557073,2021-01-25,0.87
557073,2022-01-26,0.94
557073,2024-04-29,0.99
557073,2025-08-12,1.0
557173,2021-11-12,0.8
557173,2022-10-08,0.89
557173,2023-08-09,0.91
557173,2024-11-21,0.96
557173,2025-02-23,1.0
557186,2021-12-12,0.9
557186,2023-03-15,0.95
557186,2024-07-09,0.96
557186,2025-03-14,1.0
557236,2021-01-17,0.99
557236,2024-08-20,1.0
557303,2021-10-21,0.87
557303,2022-06-17,0.95
557303,2023-08-11,0.97
557303,2024-12-22,0.99
557303,2025-01-01,1.0
557334,2021-02-18,0.86
557334,2022-09-06,0.96
557334,2024-09-12,0.98
557334,2025-10-09,1.0
557411,2021-08-21,0.88
557411,2022-09-16,0.96
557411,2024-12-02,0.99
557411,2025-02-22,1.0
557477,2021-10-27,0.96
557477,2023-05-06,1.0
557563,2021-12-27,0.91
557563,2022-05-10,0.97
557563,2024-05-25,0.99
557563,2025-04-26,1.0
557716,2021-01-07,0.89
557716,2022-05-18,0.98
557716,2023-03-24,1.0
557942,2021-04-17,0.84
557942,2022-05-11,0.9
557942,2023-10-01,0.92
557942,2024-04-14,0.95
557942,2025-03-19,1.0
558207,2021-08-26,0.89
558207,2022-11-15,0.96
558207,2025-08-29,1.0
558231,2021-10-26,0.81
558231,2022-07-03,0.89
558231,2023-06-21,0.92
558231,2024-01-23,0.96
558231,2025-06-15,1.0
558315,2021-01-13,0.85
558315,2022-01-16,0.92
558315,2023-08-09,0.97
558315,2024-12-19,1.0
558331,2021-11-29,0.89
558331,2022-11-05,0.96
558331,2023-04-14,1.0
558594,2021-04-17,0.82
558594,2022-12-11,0.91
558594,2024-01-20,0.96
558594,2025-08-13,1.0
558675,2021-07-03,0.91
558675,2022-10-21,0.97
558675,2024-01-02,0.98
558675,2025-12-22,1.0
558849,2021-01-07,0.78
558849,2022-12-03,0.87
558849,2023-10-15,0.9
558849,2024-01-31,0.95
558849,2025-06-17,1.0
558955,2021-03-31,0.86
558955,2022-09-24,0.93
558955,2023-02-07,0.96
558955,2024-02-10,0.99
558955,2025-01-22,1.0
559106,2021-03-15,0.84
559106,2022-04-08,0.91
559106,2023-08-30,0.96
559106,2025-07-02,1.0
559155,2021-04-24,0.85
559155,2022-01-05,0.92
559155,2023-07-09,0.97
559155,2024-04-01,0.99
559155,2025-02-08,1.0
559316,2021-09-23,0.87
559316,2022-03-25,0.93
559316,2023-10-28,0.98
559316,2025-07-16,1.0
559339,2021-11-06,0.88
559339,2023-09-13,0.93
559339,2024-03-26,0.97
559339,2025-05-28,1.0
559494,2021-07-20,0.89
559494,2022-05-30,0.95
559494,2023-08-22,1.0
559697,2021-12-27,0.86
559697,2022-05-14,0.94
559697,2023-06-07,0.96
559697,2025-11-09,1.0
560172,2021-08-11,0.87
560172,2022-07-26,0.93
560172,2023-06-28,0.97
560172,2025-11-20,1.0
560514,2021-10-07,0.85
560514,2022-12-25,0.93
560514,2024-06-18,0.96
560514,2025-10-25,1.0
560559,2021-04-26,0.87
560559,2022-03-13,0.93
560559,2023-08-17,0.95
560559,2024-07-24,0.96
560559,2025-10-26,1.0
560746,2021-07-31,0.87
560746,2022-08-18,0.94
560746,2023-06-13,1.0
560906,2021-12-04,0.9
560906,2023-05-29,0.95
560906,2024-09-26,0.98
560906,2025-01-22,1.0
561052,2021-04-22,0.94
561052,2023-05-08,0.96
561052,2024-09-23,0.98
561052,2025-02-10,1.0
561207,2021-06-15,0.92
561207,2024-07-25,0.95
561207,2025-02-05,1.0
561257,2021-05-12,0.85
561257,2022-05-21,0.94
561257,2023-06-17,0.99
561257,2024-04-04,1.0
561269,2021-01-29,0.86
561269,2022-01-23,0.92
561269,2023-04-28,0.96
561269,2024-12-28,0.98
561269,2025-02-18,1.0
561344,2021-04-07,0.85
561344,2022-12-04,0.91
561344,2023-09-14,0.93
561344,2024-06-18,0.98
561344,2025-08-28,1.0
561478,2021-05-18,0.86
561478,2023-08-02,0.9
561478,2024-09-19,0.95
561478,2025-02-11,1.0
561498,2021-06-13,0.82
561498,2022-02-19,0.91
561498,2023-03-12,0.94
561498,2024-11-09,0.99
561498,2025-09-21,1.0
561643,2021-02-19,0.87
561643,2022-02-15,0.94
561643,2024-10-27,0.99
561643,2025-03-20,1.0
561656,2021-02-04,0.83
561656,2022-10-14,0.89
561656,2023-06-18,0.93
561656,2024-09-05,0.96
561656,2025-01-30,1.0
561666,2021-09-19,0.85
561666,2022-01-03,0.95
561666,2025-01-19,1.0
561903,2021-12-06,0.83
561903,2022-05-30,0.91
561903,2023-11-10,0.94
561903,2024-04-26,0.99
561903,2025-02-22,1.0
561932,2021-07-06,0.86
561932,2022-06-16,0.95
561932,2023-06-06,0.97
561932,2024-10-05,1.0
561948,2021-06-29,0.87
561948,2022-11-30,0.95
561948,2024-07-07,1.0
562061,2021-09-17,0.84
562061,2022-03-17,0.93
562061,2023-05-17,0.96
562061,2024-02-06,0.98
562061,2025-12-24,1.0
562117,2021-12-29,0.96
562117,2024-11-14,0.97
562117,2025-01-23,1.0
562221,2021-07-20,0.83
562221,2022-08-01,0.92
562221,2024-08-24,0.96
562221,2025-06-05,1.0
562309,2021-11-11,0.96
562309,2023-10-07,0.98
562309,2024-09-21,0.99
562309,2025-01-29,1.0
562356,2021-02-15,0.88
562356,2022-03-19,0.96
562356,2024-06-26,1.0
562410,2021-10-19,0.94
562410,2023-05-23,0.96
562410,2024-02-07,0.99
562410,2025-10-19,1.0
562424,2021-07-10,0.91
562424,2023-01-14,0.96
562424,2024-11-16,1.0
562516,2021-11-03,0.82
562516,2022-08-08,0.89
562516,2023-03-18,0.93
562516,2024-02-20,0.96
562516,2025-08-29,1.0
562527,2021-09-19,0.85
562527,2022-07-05,0.94
562527,2023-10-07,0.97
562527,2024-02-17,1.0
562686,2021-01-29,0.84
562686,2022-11-21,0.91
562686,2023-03-08,0.95
562686,2024-09-18,1.0
562709,2021-06-05,0.81
562709,2022-06-06,0.89
562709,2023-04-21,0.94
562709,2024-08-24,0.96
562709,2025-09-26,1.0
562783,2021-10-06,0.85
562783,2022-11-09,0.92
562783,2023-06-11,0.95
562783,2024-03-04,0.96
562783,2025-03-15,1.0
562844,2021-12-25,0.88
562844,2022-03-05,0.97
562844,2023-07-31,1.0
562863,2021-05-13,0.86
562863,2022-05-09,0.95
562863,2024-03-24,1.0
562895,2021-08-07,0.82
562895,2022-01-12,0.9
562895,2023-12-05,0.93
562895,2024-03-16,0.97
562895,2025-05-30,1.0
562999,2021-05-26,0.88
562999,2022-12-04,0.94
562999,2023-11-13,0.97
562999,2024-06-19,0.98
562999,2025-04-11,1.0
563099,2021-12-27,0.88
563099,2022-02-20,0.94
563099,2023-01-13,0.98
563099,2025-06-04,1.0
563140,2021-03-09,0.92
563140,2024-09-13,0.95
563140,2025-02-16,1.0
563293,2021-07-31,0.89
563293,2023-01-12,0.92
563293,2024-12-29,0.97
563293,2025-09-25,1.0
563532,2021-07-28,0.85
563532,2022-06-18,0.93
563532,2023-06-30,0.97
563532,2024-07-19,1.0
563869,2021-11-03,0.93
563869,2024-03-20,0.98
563869,2025-11-18,1.0
564047,2021-07-19,0.8
564047,2022-04-18,0.87
564047,2023-09-12,0.92
564047,2024-02-28,0.96
564047,2025-07-02,1.0
564080,2021-09-15,0.92
564080,2023-10-07,0.94
564080,2024-08-15,0.96
564080,2025-12-15,1.0
564086,2021-09-05,0.9
564086,2022-01-18,0.98
564086,2023-02-10,1.0
564157,2021-05-14,0.84
564157,2022-07-13,0.9
564157,2023-07-14,0.96
564157,2024-05-26,0.99
564157,2025-05-12,1.0
564248,2021-10-29,0.86
564248,2022-10-04,0.95
564248,2023-12-18,0.98
564248,2025-12-08,1.0
564263,2021-08-09,0.95
564263,2024-01-24,1.0
564365,2021-03-19,0.93
564365,2023-06-16,0.96
564365,2024-03-26,1.0
564431,2021-07-09,0.84
564431,2022-11-22,0.93
564431,2023-06-28,0.96
564431,2025-07-15,1.0
564449,2021-02-27,0.91
564449,2023-10-13,0.95
564449,2025-06-16,1.0
564734,2021-10-01,0.81
564734,2022-10-25,0.89
564734,2023-03-06,0.94
564734,2024-12-04,0.96
564734,2025-04-25,1.0
564780,2021-02-09,0.95
564780,2024-08-30,0.98
564780,2025-11-11,1.0
564790,2021-10-01,0.87
564790,2022-06-19,0.94
564790,2023-04-23,0.98
564790,2024-06-08,0.99
564790,2025-07-08,1.0
564856,2021-05-24,0.8
564856,2022-11-24,0.89
564856,2023-03-23,0.93
564856,2024-11-16,0.98
564856,2025-09-02,1.0
564878,2021-02-05,0.91
564878,2023-01-19,0.96
564878,2024-09-27,1.0
565067,2021-04-09,1.0
565253,2021-01-05,0.84
565253,2022-03-31,0.91
565253,2023-04-04,0.97
565253,2024-05-15,1.0
565262,2021-03-18,0.86
565262,2022-12-13,0.95
565262,2025-05-23,1.0
565564,2021-07-31,0.87
565564,2022-04-02,0.93
565564,2024-02-01,0.97
565564,2025-07-18,1.0
565664,2021-04-19,0.82
565664,2022-08-02,0.88
565664,2023-07-30,0.92
565664,2024-04-20,0.96
565664,2025-01-27,1.0
565725,2021-10-09,0.96
565725,2024-04-05,1.0
565771,2021-01-29,0.91
565771,2022-11-20,0.97
565771,2024-04-08,0.98
565771,2025-01-13,1.0
565950,2021-03-01,0.82
565950,2022-07-18,0.91
565950,2024-05-11,0.95
565950,2025-03-04,1.0
565988,2021-04-21,0.95
565988,2023-11-12,0.98
565988,2025-12-30,1.0
566036,2021-07-22,0.84
566036,2022-07-19,0.91
566036,2023-06-18,0.95
566036,2024-03-19,0.96
566036,2025-03-08,1.0
566045,2021-06-06,0.8
566045,2022-02-10,0.89
566045,2023-07-02,0.93
566045,2024-05-25,0.97
566045,2025-03-29,1.0
566059,2021-04-19,0.87
566059,2022-11-11,0.97
566059,2023-05-01,1.0
566269,2021-11-24,0.87
566269,2022-03-11,0.94
566269,2023-08-27,0.97
566269,2024-12-10,1.0
566390,2021-02-20,0.84
566390,2022-06-29,0.92
566390,2024-03-31,0.97
566390,2025-07-01,1.0
566643,2021-05-22,0.85
566643,2022-08-17,0.94
566643,2024-08-06,0.98
566643,2025-01-11,1.0
566659,2021-09-25,0.88
566659,2023-01-15,0.92
566659,2024-08-05,0.96
566659,2025-11-15,1.0
566670,2021-07-23,0.85
566670,2022-04-05,0.94
566670,2024-01-12,0.95
566670,2025-02-01,1.0
566785,2021-07-16,0.86
566785,2022-02-15,0.92
566785,2023-01-09,0.96
566785,2024-07-03,1.0
566852,2021-05-12,0.91
566852,2023-11-07,0.95
566852,2024-10-28,1.0
566885,2021-01-16,0.83
566885,2022-09-28,0.9
566885,2023-04-02,0.92
566885,2024-12-23,0.97
566885,2025-09-20,1.0
566913,2021-02-14,0.9
566913,2022-08-01,0.96
566913,2024-02-07,0.97
566913,2025-07-21,1.0
566964,2021-03-27,0.94
566964,2023-09-01,0.97
566964,2025-03-07,1.0
567149,2021-09-12,0.83
567149,2022-04-10,0.91
567149,2023-10-30,0.94
567149,2024-02-15,0.96
567149,2025-03-28,1.0
567166,2021-11-28,0.89
567166,2022-05-31,0.98
567166,2024-01-10,1.0
567185,2021-04-09,0.91
567185,2022-11-18,0.97
567185,2024-05-25,1.0
567283,2021-12-31,0.82
567283,2022-09-26,0.91
567283,2023-10-20,0.95
567283,2024-10-24,1.0
567306,2021-04-30,0.83
567306,2022-01-02,0.9
567306,2023-01-04,0.93
567306,2024-09-30,0.98
567306,2025-06-11,1.0
567345,2021-01-05,0.9
567345,2023-01-28,0.93
567345,2024-03-11,0.98
567345,2025-02-24,1.0
567376,2021-09-04,0.84
567376,2022-04-28,0.9
567376,2023-09-06,0.94
567376,2024-04-08,0.96
567376,2025-10-11,1.0
567398,2021-12-20,0.82
567398,2022-09-08,0.9
567398,2023-05-23,0.96
567398,2024-06-09,0.97
567398,2025-01-09,1.0
567629,2021-06-02,0.95
567629,2024-06-13,0.99
567629,2025-10-21,1.0
567861,2021-08-30,0.99
567861,2025-01-19,1.0
567936,2021-01-10,0.88
567936,2022-01-20,0.97
567936,2023-03-21,1.0
568716,2021-07-25,0.85
568716,2022-09-13,0.94
568716,2023-01-23,0.97
568716,2024-04-08,1.0
568954,2021-06-02,0.95
568954,2023-08-15,0.97
568954,2025-06-28,1.0
568964,2021-08-29,0.87
568964,2022-10-07,0.93
568964,2024-12-17,0.97
568964,2025-12-12,1.0
569247,2021-11-01,0.91
569247,2023-03-08,0.96
569247,2024-01-02,0.99
569247,2025-09-20,1.0
569252,2021-02-11,0.86
569252,2022-07-11,0.96
569252,2025-07-09,1.0
569261,2021-02-08,0.91
569261,2023-02-22,0.94
569261,2024-10-19,0.99
569261,2025-03-31,1.0
569451,2021-07-14,0.89
569451,2023-11-25,0.93
569451,2024-11-17,0.96
569451,2025-10-30,1.0
569491,2021-04-18,0.88
569491,2022-08-27,0.94
569491,2023-09-21,0.99
569491,2025-08-21,1.0
569671,2021-05-22,0.92
569671,2023-09-28,0.96
569671,2024-03-24,1.0
569709,2021-07-25,0.82
569709,2022-08-09,0.91
569709,2023-02-01,0.93
569709,2024-10-31,0.97
569709,2025-05-16,1.0
569941,2021-12-16,0.92
569941,2022-08-29,1.0
570077,2021-04-12,0.9
570077,2022-12-20,0.96
570077,2023-06-19,0.98
570077,2025-09-28,1.0
570184,2021-06-30,0.85
570184,2022-09-23,0.94
570184,2023-04-26,1.0
570248,2021-06-22,0.88
570248,2022-12-19,0.96
570248,2023-12-20,1.0
570270,2021-11-17,0.84
570270,2022-07-10,0.93
570270,2023-01-18,0.98
570270,2024-04-10,0.99
570270,2025-06-07,1.0
570304,2021-01-03,0.83
570304,2022-12-29,0.9
570304,2023-02-21,0.95
570304,2024-07-25,1.0
570312,2021-06-01,0.92
570312,2023-09-19,0.96
570312,2024-10-06,0.99
570312,2025-07-18,1.0
570403,2021-09-30,0.83
570403,2022-10-18,0.92
570403,2023-06-08,0.98
570403,2025-02-26,1.0
570419,2021-07-26,0.91
570419,2022-10-31,0.98
570419,2025-02-04,1.0
570526,2021-02-13,0.88
570526,2022-10-04,0.96
570526,2025-02-12,1.0
570533,2021-06-14,0.92
570533,2023-09-05,0.97
570533,2024-06-06,1.0
570539,2021-07-04,0.9
570539,2022-05-14,0.96
570539,2023-05-19,0.99
570539,2024-04-08,1.0
570578,2021-03-10,0.84
570578,2022-07-18,0.91
570578,2023-09-23,0.95
570578,2024-03-07,0.96
570578,2025-06-02,1.0
570754,2021-05-21,0.86
570754,2022-04-27,0.92
570754,2024-07-13,0.96
570754,2025-08-13,1.0
571167,2021-12-25,0.82
571167,2022-03-08,0.89
571167,2023-10-14,0.93
571167,2024-01-02,0.98
571167,2025-04-28,1.0
571206,2021-02-03,0.97
571206,2024-06-16,1.0
571315,2021-02-17,0.97
571315,2023-03-22,0.99
571315,2025-02-07,1.0
571471,2021-09-22,0.88
571471,2022-08-26,0.94
571471,2023-09-13,0.97
571471,2025-03-04,1.0
571499,2021-06-04,0.86
571499,2022-04-07,0.94
571499,2023-11-22,1.0
571549,2021-05-13,0.95
571549,2024-11-18,0.97
571549,2025-01-21,1.0
571583,2021-06-11,0.9
571583,2022-04-14,0.99
571583,2024-10-08,1.0
571682,2021-05-13,0.82
571682,2022-01-08,0.89
571682,2023-03-04,0.94
571682,2024-11-01,0.96
571682,2025-08-06,1.0
571771,2021-07-31,0.81
571771,2022-07-19,0.9
571771,2023-06-25,0.95
571771,2025-03-23,1.0
571979,2021-01-26,0.85
571979,2022-01-03,0.93
571979,2024-10-13,0.97
571979,2025-07-04,1.0
572079,2021-02-22,0.9
572079,2023-07-14,0.93
572079,2024-11-03,0.96
572079,2025-10-17,1.0
572136,2021-06-26,0.94
572136,2022-06-10,1.0
572257,2021-07-26,0.81
572257,2022-07-08,0.9
572257,2023-03-18,0.94
572257,2024-11-09,0.95
572257,2025-08-20,1.0
572348,2021-08-16,0.82
572348,2022-12-15,0.9
572348,2023-03-30,0.92
572348,2024-04-09,0.97
572348,2025-08-09,1.0
572621,2021-05-28,0.92
572621,2023-08-07,0.96
572621,2024-05-09,0.98
572621,2025-03-06,1.0
572805,2021-04-04,0.88
572805,2022-02-03,0.94
572805,2024-11-07,0.99
572805,2025-09-26,1.0
572891,2021-04-27,0.88
572891,2022-01-16,0.98
572891,2024-11-22,1.0
572913,2021-11-05,0.84
572913,2022-02-02,0.92
572913,2023-03-15,0.97
572913,2024-09-08,0.98
572913,2025-09-05,1.0
572950,2021-03-12,0.87
572950,2022-11-18,0.96
572950,2024-12-20,0.97
572950,2025-05-06,1.0
572951,2021-04-23,0.84
572951,2022-03-19,0.91
572951,2023-02-12,0.96
572951,2024-01-18,0.99
572951,2025-03-16,1.0
573098,2021-12-03,0.87
573098,2022-05-07,0.97
573098,2023-11-18,0.99
573098,2025-01-07,1.0
573140,2021-05-22,0.85
573140,2022-12-17,0.93
573140,2024-02-06,0.95
573140,2025-02-10,1.0
573222,2021-01-30,0.91
573222,2024-08-25,0.95
573222,2025-10-21,1.0
573340,2021-04-09,0.88
573340,2022-11-13,0.96
573340,2023-10-25,1.0
573435,2021-09-14,0.86
573435,2022-12-15,0.92
573435,2023-05-04,0.96
573435,2025-12-09,1.0
573460,2021-07-25,0.84
573460,2022-03-31,0.92
573460,2023-01-02,0.94
573460,2024-03-12,0.99
573460,2025-12-24,1.0
573487,2021-05-03,0.85
573487,2022-12-08,0.93
573487,2023-11-11,0.97
573487,2024-11-15,0.98
573487,2025-04-19,1.0
573492,2021-07-09,0.93
573492,2024-11-10,0.97
573492,2025-01-02,1.0
573552,2021-05-08,0.91
573552,2024-02-24,0.96
573552,2025-05-03,1.0
573869,2021-01-01,0.81
573869,2022-03-05,0.9
573869,2023-02-21,0.96
573869,2024-01-04,1.0
574140,2021-09-16,0.88
574140,2022-12-01,0.97
574140,2023-12-16,0.99
574140,2025-12-21,1.0
574186,2021-05-25,0.91
574186,2023-03-01,0.97
574186,2024-09-12,1.0
574211,2021-12-20,0.83
574211,2022-08-24,0.89
574211,2023-03-14,0.94
574211,2024-03-16,0.95
574211,2025-08-29,1.0
574234,2021-04-23,0.89
574234,2022-07-18,0.96
574234,2023-02-27,1.0
574324,2021-06-09,0.88
574324,2022-03-22,0.94
574324,2023-04-01,0.96
574324,2024-11-07,0.97
574324,2025-01-14,1.0
574352,2021-12-05,0.8
574352,2022-01-13,0.88
574352,2023-04-02,0.93
574352,2024-07-01,0.97
574352,2025-08-30,1.0
574388,2021-09-17,0.86
574388,2022-01-25,0.95
574388,2023-06-28,1.0
574440,2021-03-25,0.85
574440,2022-05-20,0.92
574440,2023-10-25,0.95
574440,2024-01-13,1.0
574454,2021-08-30,0.96
574454,2024-05-31,1.0
574518,2021-03-06,0.94
574518,2024-11-23,0.97
574518,2025-11-25,1.0
574683,2021-11-29,0.88
574683,2022-05-21,0.94
574683,2023-05-24,0.96
574683,2024-09-28,0.97
574683,2025-07-27,1.0
574791,2021-12-05,0.97
574791,2023-10-28,0.98
574791,2025-11-02,1.0
575055,2021-08-16,0.81
575055,2022-12-27,0.89
575055,2023-08-14,0.92
575055,2024-04-14,0.95
575055,2025-05-02,1.0
575157,2021-09-26,0.99
575157,2025-01-18,1.0
575439,2021-12-12,0.98
575439,2025-10-01,1.0
575502,2021-08-24,0.94
575502,2024-05-19,0.95
575502,2025-05-25,1.0
575619,2021-05-10,0.82
575619,2022-09-29,0.89
575619,2023-05-11,0.91
575619,2024-07-12,0.95
575619,2025-07-15,1.0
575625,2021-06-07,0.9
575625,2023-08-25,0.95
575625,2025-05-29,1.0
575673,2021-06-29,0.84
575673,2022-02-15,0.9
575673,2023-10-17,0.91
575673,2024-08-15,0.96
575673,2025-09-05,1.0
576017,2021-12-27,0.85
576017,2022-09-13,0.93
576017,2023-04-10,0.97
576017,2025-01-22,1.0
576405,2021-03-18,0.89
576405,2022-12-02,0.97
576405,2024-03-03,0.99
576405,2025-06-28,1.0
576422,2021-02-12,0.95
576422,2023-01-13,0.98
576422,2025-01-21,1.0
576492,2021-11-04,0.88
576492,2022-02-16,0.95
576492,2023-10-06,0.98
576492,2024-09-03,1.0
576537,2021-07-19,0.86
576537,2022-05-12,0.92
576537,2024-10-09,0.96
576537,2025-02-20,1.0
576539,2021-06-07,0.85
576539,2022-12-12,0.92
576539,2023-08-30,0.97
576539,2024-05-08,0.99
576539,2025-07-16,1.0
576649,2021-10-04,0.96
576649,2024-02-15,0.98
576649,2025-06-15,1.0
576699,2021-02-20,0.86
576699,2022-12-11,0.94
576699,2023-11-06,0.96
576699,2024-03-12,1.0
576840,2021-06-19,0.97
576840,2024-03-12,1.0
576996,2021-09-02,0.96
576996,2024-02-26,0.98
576996,2025-10-21,1.0
577002,2021-01-23,0.92
577002,2022-09-17,0.99
577002,2025-01-23,1.0
577551,2021-12-27,0.9
577551,2022-12-21,0.97
577551,2025-03-12,1.0
577636,2021-09-07,0.87
577636,2022-10-28,0.97
577636,2025-05-28,1.0
577638,2021-08-11,0.88
577638,2022-04-28,0.94
577638,2024-01-20,0.96
577638,2025-12-11,1.0
577921,2021-02-22,0.86
577921,2022-02-04,0.92
577921,2023-01-20,0.96
577921,2024-08-28,0.97
577921,2025-09-29,1.0
577950,2021-02-04,0.88
577950,2022-03-05,0.94
577950,2024-10-09,0.98
577950,2025-01-13,1.0
577963,2021-09-02,0.95
577963,2023-01-19,0.97
577963,2024-02-01,1.0
578247,2021-11-08,0.85
578247,2022-05-04,0.93
578247,2023-07-01,0.96
578247,2024-02-21,0.97
578247,2025-03-29,1.0
578424,2021-09-21,0.81
578424,2022-08-11,0.89
578424,2023-08-29,0.9
578424,2024-07-03,0.95
578424,2025-03-19,1.0
578550,2021-08-19,0.89
578550,2022-10-09,0.95
578550,2023-02-18,0.97
578550,2024-05-14,0.99
578550,2025-05-07,1.0
578724,2021-02-23,0.78
578724,2022-10-21,0.87
578724,2023-02-09,0.92
578724,2024-08-14,0.97
578724,2025-03-23,1.0
578727,2021-01-05,0.97
578727,2024-05-31,1.0
578883,2021-08-10,0.93
578883,2023-03-16,0.95
578883,2025-09-04,1.0
579054,2021-12-02,0.85
579054,2022-02-19,0.92
579054,2024-10-17,0.96
579054,2025-06-11,1.0
579324,2021-02-02,0.83
579324,2022-10-11,0.91
579324,2023-06-18,0.95
579324,2024-12-05,0.99
579324,2025-08-01,1.0
579356,2021-06-12,0.9
579356,2022-08-24,0.96
579356,2024-10-14,0.99
579356,2025-08-09,1.0
579433,2021-07-24,0.93
579433,2023-05-08,0.95
579433,2024-12-18,0.98
579433,2025-02-24,1.0
579462,2021-03-30,0.86
579462,2022-09-13,0.94
579462,2023-03-25,0.98
579462,2024-12-28,1.0
579498,2021-11-02,0.91
579498,2022-09-25,0.99
579498,2025-05-21,1.0
579524,2021-04-13,0.82
579524,2022-04-11,0.9
579524,2023-08-02,0.92
579524,2024-08-17,0.97
579524,2025-09-25,1.0
579583,2021-05-17,0.87
579583,2022-07-20,0.93
579583,2024-02-16,0.98
579583,2025-01-26,1.0
580156,2021-09-17,0.88
580156,2023-05-10,0.93
580156,2024-03-04,0.98
580156,2025-11-08,1.0
580297,2021-04-25,0.91
580297,2023-07-03,0.93
580297,2024-04-01,0.95
580297,2025-10-26,1.0
580345,2021-07-05,0.82
580345,2022-05-06,0.91
580345,2023-04-28,0.96
580345,2024-08-14,0.99
580345,2025-07-22,1.0
580394,2021-10-07,0.8
580394,2022-06-30,0.88
580394,2023-01-28,0.91
580394,2024-06-05,0.96
580394,2025-05-15,1.0
580560,2021-08-05,0.88
580560,2022-06-22,0.94
580560,2023-11-05,0.97
580560,2025-11-03,1.0
580582,2021-07-31,0.84
580582,2022-11-10,0.91
580582,2023-04-14,0.95
580582,2024-09-09,0.99
580582,2025-04-26,1.0
580772,2021-08-01,0.91
580772,2023-03-06,0.95
580772,2024-12-02,0.97
580772,2025-06-03,1.0
580788,2021-09-27,0.9
580788,2023-11-28,0.94
580788,2024-02-19,0.98
580788,2025-10-18,1.0
580912,2021-04-13,0.88
580912,2022-09-05,0.95
580912,2024-07-30,0.98
580912,2025-04-23,1.0
581030,2021-09-06,0.85
581030,2022-10-07,0.93
581030,2024-08-18,0.98
581030,2025-11-26,1.0
581072,2021-03-08,0.84
581072,2022-10-28,0.92
581072,2023-10-27,0.96
581072,2024-12-11,1.0
581144,2021-06-26,0.88
581144,2022-05-18,0.95
581144,2023-03-20,0.97
581144,2024-04-01,1.0
581271,2021-03-06,0.89
581271,2022-12-24,0.96
581271,2023-05-09,1.0
581284,2021-03-29,0.84
581284,2022-09-15,0.92
581284,2024-06-03,0.95
581284,2025-11-28,1.0
581690,2021-05-30,0.88
581690,2023-02-19,0.93
581690,2024-09-29,0.97
581690,2025-11-23,1.0
581745,2021-07-31,0.99
581745,2025-11-11,1.0
581903,2021-01-14,0.99
581903,2025-02-07,1.0
582127,2021-07-05,0.87
582127,2022-12-05,0.95
582127,2024-02-02,0.98
582127,2025-12-19,1.0
582150,2021-01-30,0.82
582150,2022-03-08,0.9
582150,2023-11-08,0.94
582150,2024-02-11,0.99
582150,2025-02-23,1.0
582350,2021-09-20,0.87
582350,2022-11-20,0.93
582350,2023-12-04,0.96
582350,2024-03-04,0.98
582350,2025-03-16,1.0
582437,2021-03-30,0.84
582437,2022-09-20,0.93
582437,2023-04-08,0.97
582437,2024-11-07,0.99
582437,2025-06-15,1.0
582572,2021-08-11,0.95
582572,2024-09-07,1.0
582674,2021-01-28,0.86
582674,2022-06-02,0.95
582674,2023-02-19,0.99
582674,2025-04-29,1.0
582716,2021-02-04,0.88
582716,2023-09-22,0.94
582716,2024-01-12,0.99
582716,2025-03-27,1.0
582755,2021-01-27,0.95
582755,2023-06-21,0.99
582755,2025-09-28,1.0
583084,2021-01-24,0.93
583084,2024-03-22,0.97
583084,2025-04-07,1.0
583101,2021-11-01,0.83
583101,2022-07-02,0.92
583101,2023-08-02,0.97
583101,2024-08-05,1.0
583416,2021-09-30,0.82
583416,2022-10-17,0.88
583416,2023-09-17,0.93
583416,2024-03-17,0.97
583416,2025-09-28,1.0
583608,2021-07-27,0.88
583608,2022-06-25,0.95
583608,2023-04-19,0.99
583608,2024-09-22,1.0
583609,2021-12-02,0.95
583609,2024-12-03,0.98
583609,2025-12-22,1.0
583797,2021-12-24,0.87
583797,2022-03-31,0.95
583797,2023-12-15,0.98
583797,2025-03-09,1.0
583874,2021-03-10,0.8
583874,2022-12-07,0.88
583874,2023-05-24,0.93
583874,2024-12-25,0.98
583874,2025-10-04,1.0
584168,2021-01-05,0.82
584168,2022-01-11,0.89
584168,2023-09-21,0.95
584168,2024-12-29,0.97
584168,2025-06-17,1.0
584185,2021-12-27,0.85
584185,2022-03-29,0.93
584185,2024-10-04,0.98
584185,2025-02-07,1.0
584347,2021-12-13,0.86
584347,2022-12-06,0.95
584347,2024-05-24,0.97
584347,2025-10-20,1.0
584416,2021-04-08,0.99
584416,2025-11-01,1.0
584532,2021-09-22,0.85
584532,2022-08-11,0.94
584532,2023-12-23,0.97
584532,2024-12-25,1.0
584645,2021-05-27,0.95
584645,2023-07-12,0.97
584645,2024-07-16,1.0
584676,2021-06-27,0.84
584676,2022-12-26,0.92
584676,2023-08-18,0.96
584676,2025-05-23,1.0
584817,2021-03-11,0.84
584817,2022-10-01,0.92
584817,2024-03-09,0.97
584817,2025-12-10,1.0
585006,2021-04-06,0.87
585006,2022-06-05,0.96
585006,2023-06-11,0.99
585006,2025-11-23,1.0
585007,2021-02-16,0.91
585007,2023-06-05,0.95
585007,2024-11-15,0.97
585007,2025-08-21,1.0
585058,2021-08-05,0.88
585058,2022-08-16,0.94
585058,2024-09-05,0.99
585058,2025-08-20,1.0
585289,2021-12-04,0.85
585289,2022-06-04,0.92
585289,2023-01-27,0.97
585289,2024-08-25,1.0
585307,2021-10-02,0.88
585307,2022-11-29,0.97
585307,2025-08-07,1.0
585366,2021-11-27,0.85
585366,2022-03-27,0.92
585366,2024-12-29,0.97
585366,2025-04-23,1.0
585387,2021-07-11,0.9
585387,2022-05-02,0.97
585387,2023-11-09,0.99
585387,2025-03-09,1.0
585393,2021-07-04,0.88
585393,2022-12-05,0.96
585393,2023-12-07,1.0
585478,2021-09-17,0.89
585478,2023-01-17,0.94
585478,2024-10-28,0.99
585478,2025-12-09,1.0
585790,2021-07-14,0.88
585790,2022-07-01,0.94
585790,2023-09-28,0.97
585790,2025-09-24,1.0
585980,2021-04-25,0.88
585980,2022-04-24,0.95
585980,2023-07-26,0.97
585980,2024-09-20,1.0
586148,2021-08-20,0.79
586148,2022-03-22,0.87
586148,2023-12-13,0.9
586148,2024-12-02,0.95
586148,2025-03-28,1.0
586348,2021-03-31,0.87
586348,2022-07-11,0.94
586348,2023-01-20,1.0
586404,2021-11-13,0.92
586404,2023-02-05,0.98
586404,2024-03-16,1.0
586422,2021-12-12,0.88
586422,2022-02-03,0.94
586422,2024-06-02,0.99
586422,2025-08-01,1.0
586468,2021-01-28,0.87
586468,2022-09-28,0.93
586468,2023-01-02,0.99
586468,2024-11-20,1.0
586620,2021-09-23,0.88
586620,2022-06-19,0.94
586620,2023-12-17,0.98
586620,2025-05-01,1.0
586731,2021-01-18,0.89
586731,2022-02-06,0.96
586731,2024-06-03,0.98
586731,2025-09-30,1.0
586801,2021-09-08,0.92
586801,2024-03-14,0.95
586801,2025-03-19,1.0
586966,2021-02-08,0.9
586966,2022-06-18,0.96
586966,2024-12-31,0.99
586966,2025-10-26,1.0
587054,2021-11-23,0.82
587054,2022-04-27,0.91
587054,2023-02-04,0.93
587054,2024-12-24,0.95
587054,2025-08-23,1.0
587061,2021-03-30,0.86
587061,2022-03-05,0.94
587061,2023-11-09,0.96
587061,2024-09-26,0.99
587061,2025-11-22,1.0
587309,2021-05-22,0.86
587309,2022-06-06,0.95
587309,2024-06-23,1.0
587400,2021-10-01,0.95
587400,2023-01-31,0.99
587400,2024-03-31,1.0
587469,2021-03-07,0.86
587469,2022-10-28,0.92
587469,2023-06-18,0.95
587469,2024-10-21,1.0
587478,2021-01-07,0.87
587478,2022-01-13,0.94
587478,2023-08-09,0.96
587478,2025-05-21,1.0
587565,2021-04-26,0.84
587565,2022-03-09,0.93
587565,2023-01-13,0.95
587565,2024-05-27,1.0
587598,2021-01-09,0.84
587598,2022-02-25,0.93
587598,2023-04-14,0.95
587598,2024-11-19,0.98
587598,2025-12-29,1.0
587784,2021-09-09,0.96
587784,2023-11-24,0.99
587784,2025-03-17,1.0
587816,2021-02-03,0.8
587816,2022-10-14,0.88
587816,2023-02-17,0.91
587816,2024-01-08,0.95
587816,2025-11-17,1.0
587913,2021-06-26,0.86
587913,2022-05-16,0.93
587913,2024-09-08,0.97
587913,2025-07-30,1.0
588201,2021-08-11,0.93
588201,2024-05-10,0.96
588201,2025-06-17,1.0
588278,2021-03-02,0.92
588278,2023-02-16,0.95
588278,2024-01-31,0.97
588278,2025-08-08,1.0
588359,2021-12-23,0.89
588359,2022-04-18,0.98
588359,2024-10-08,1.0
588404,2021-04-05,0.84
588404,2022-09-10,0.93
588404,2024-12-03,0.97
588404,2025-07-26,1.0
588502,2021-02-06,0.96
588502,2023-07-22,0.98
588502,2025-01-07,1.0
588703,2021-05-10,0.86
588703,2022-08-15,0.92
588703,2023-04-28,0.95
588703,2024-10-17,1.0
588780,2021-10-04,0.84
588780,2022-01-02,0.93
588780,2023-08-05,0.96
588780,2024-02-14,0.98
588780,2025-08-27,1.0
588798,2021-01-12,0.91
588798,2023-02-28,0.96
588798,2024-05-31,0.97
588798,2025-06-22,1.0
588818,2021-12-16,0.93
588818,2023-12-26,0.96
588818,2025-02-06,1.0
589019,2021-07-16,0.91
589019,2022-02-25,0.97
589019,2024-08-23,0.98
589019,2025-08-25,1.0
589020,2021-10-13,0.88
589020,2023-09-01,0.93
589020,2024-02-09,0.97
589020,2025-06-29,1.0
589093,2021-04-26,0.85
589093,2022-12-15,0.94
589093,2023-03-14,0.97
589093,2024-05-02,0.99
589093,2025-02-15,1.0
589096,2021-05-26,0.92
589096,2023-03-17,0.96
589096,2024-06-04,1.0
589192,2021-10-25,0.99
589192,2025-11-14,1.0
589285,2021-12-10,0.89
589285,2022-08-12,0.97
589285,2023-09-15,0.99
589285,2024-09-28,1.0
589343,2021-05-23,0.92
589343,2023-02-13,0.94
589343,2024-03-09,0.98
589343,2025-11-20,1.0
589400,2021-02-07,0.87
589400,2022-09-08,0.95
589400,2024-06-13,0.98
589400,2025-12-27,1.0
589467,2021-03-27,0.84
589467,2022-05-03,0.92
589467,2023-04-11,0.94
589467,2024-06-27,0.99
589467,2025-10-25,1.0
589517,2021-03-26,0.86
589517,2022-03-07,0.94
589517,2023-11-30,0.97
589517,2025-12-28,1.0
589636,2021-02-16,0.9
589636,2022-06-12,1.0
589819,2021-07-27,0.86
589819,2022-11-04,0.95
589819,2023-01-25,0.98
589819,2025-04-08,1.0
589844,2021-05-23,0.94
589844,2023-01-12,0.96
589844,2024-04-24,0.99
589844,2025-04-08,1.0
590020,2021-07-17,0.91
590020,2022-02-12,0.98
590020,2024-01-10,1.0
590028,2021-08-22,0.87
590028,2022-10-04,0.95
590028,2024-10-05,1.0
590049,2021-11-30,0.83
590049,2022-09-27,0.92
590049,2023-02-18,0.95
590049,2024-05-23,0.96
590049,2025-09-18,1.0
590146,2021-05-16,0.95
590146,2024-10-24,1.0
590397,2021-05-19,0.96
590397,2024-03-11,0.98
590397,2025-12-09,1.0
590419,2021-01-05,0.85
590419,2022-06-22,0.91
590419,2023-02-17,0.95
590419,2024-02-04,0.96
590419,2025-02-21,1.0
590474,2021-06-13,0.82
590474,2022-02-16,0.91
590474,2023-07-03,0.95
590474,2024-10-23,1.0
590495,2021-12-19,0.83
590495,2022-02-23,0.91
590495,2023-10-10,0.95
590495,2024-11-06,0.97
590495,2025-08-04,1.0
590656,2021-02-27,0.98
590656,2024-08-23,1.0
590724,2021-01-17,0.82
590724,2022-10-10,0.9
590724,2023-04-30,0.92
590724,2024-07-04,0.96
590724,2025-09-11,1.0
590830,2021-12-20,0.87
590830,2022-12-01,0.94
590830,2023-04-08,0.97
590830,2025-01-18,1.0
590931,2021-03-15,0.93
590931,2023-11-24,0.97
590931,2024-09-27,0.98
590931,2025-09-24,1.0
591018,2021-08-24,0.86
591018,2022-05-25,0.94
591018,2023-11-21,0.95
591018,2025-03-22,1.0
591095,2021-06-27,0.88
591095,2022-01-09,0.98
591095,2025-03-27,1.0
591187,2021-12-06,0.95
591187,2024-12-31,1.0
591234,2021-07-18,0.9
591234,2022-05-21,0.96
591234,2024-02-12,1.0
591249,2021-05-20,0.87
591249,2022-09-24,0.96
591249,2024-08-18,1.0
591310,2021-03-16,0.97
591310,2023-07-10,1.0
591331,2021-05-30,0.86
591331,2022-01-22,0.95
591331,2024-11-08,1.0
591405,2021-06-25,0.84
591405,2022-12-11,0.91
591405,2023-08-03,0.95
591405,2025-04-05,1.0
591590,2021-05-08,0.83
591590,2022-06-07,0.91
591590,2023-04-26,0.96
591590,2024-03-14,1.0
591878,2021-08-11,0.88
591878,2022-08-20,0.96
591878,2025-01-27,1.0
591957,2021-09-01,0.83
591957,2022-02-15,0.89
591957,2023-12-30,0.93
591957,2024-11-13,0.98
591957,2025-03-22,1.0
591959,2021-04-29,0.91
591959,2022-09-03,0.99
591959,2025-04-18,1.0
592056,2021-08-30,0.9
592056,2022-01-14,0.98
592056,2023-11-30,1.0
592275,2021-09-18,0.98
592275,2025-04-04,1.0
592277,2021-10-30,0.91
592277,2024-01-21,0.96
592277,2025-09-16,1.0
592281,2021-12-24,0.91
592281,2023-09-13,0.93
592281,2024-09-16,0.97
592281,2025-04-04,1.0
592324,2021-02-05,0.86
592324,2022-08-14,0.92
592324,2023-01-21,0.94
592324,2024-06-22,0.99
592324,2025-06-17,1.0
592338,2021-08-02,0.87
592338,2022-12-29,0.95
592338,2023-11-12,1.0
592393,2021-09-10,0.89
592393,2022-05-26,0.95
592393,2024-11-20,0.98
592393,2025-12-31,1.0
592602,2021-06-26,0.87
592602,2022-12-11,0.93
592602,2023-03-06,0.97
592602,2024-05-29,1.0
592617,2021-05-16,0.84
592617,2022-06-05,0.9
592617,2023-12-31,0.95
592617,2025-07-04,1.0
592667,2021-11-26,0.84
592667,2022-03-28,0.92
592667,2023-12-24,0.95
592667,2024-08-13,0.98
592667,2025-05-02,1.0
592709,2021-03-09,0.94
592709,2023-07-13,0.99
592709,2025-12-01,1.0
593013,2021-07-16,0.85
593013,2022-01-19,0.9
593013,2023-03-24,0.94
593013,2024-07-30,0.96
593013,2025-07-28,1.0
593298,2021-07-13,0.88
593298,2022-04-28,0.94
593298,2023-08-02,0.99
593298,2025-10-05,1.0
593511,2021-09-12,0.92
593511,2023-04-05,0.95
593511,2024-09-17,1.0
593573,2021-04-26,0.81
593573,2022-08-18,0.9
593573,2023-10-10,0.92
593573,2024-02-29,0.96
593573,2025-06-18,1.0
593584,2021-09-15,0.82
593584,2022-07-03,0.87
593584,2023-04-19,0.92
593584,2024-05-17,0.96
593584,2025-07-03,1.0
593606,2021-04-23,0.85
593606,2022-04-24,0.92
593606,2023-11-07,0.95
593606,2025-01-18,1.0
593801,2021-07-29,0.83
593801,2022-10-11,0.9
593801,2023-05-20,0.93
593801,2024-06-09,0.98
593801,2025-03-15,1.0
593824,2021-12-07,0.93
593824,2023-08-09,0.96
593824,2024-10-12,0.98
593824,2025-12-25,1.0
594081,2021-06-19,0.83
594081,2022-12-05,0.92
594081,2023-12-25,0.94
594081,2024-09-23,0.98
594081,2025-02-21,1.0
594162,2021-01-26,0.86
594162,2022-10-31,0.92
594162,2023-08-19,0.98
594162,2025-05-18,1.0
594164,2021-09-15,0.89
594164,2022-03-22,0.96
594164,2025-03-24,1.0
594218,2021-08-05,0.9
594218,2022-11-09,0.97
594218,2024-12-04,1.0
594405,2021-09-13,0.82
594405,2022-11-03,0.9
594405,2023-06-10,0.92
594405,2024-11-03,0.97
594405,2025-03-04,1.0
595099,2021-12-11,0.84
595099,2022-04-01,0.91
595099,2023-02-14,0.95
595099,2024-05-08,0.96
595099,2025-02-20,1.0
595249,2021-12-07,0.87
595249,2022-03-19,0.93
595249,2024-01-11,0.97
595249,2025-11-15,1.0
595389,2021-08-31,0.84
595389,2022-06-06,0.91
595389,2023-01-08,0.95
595389,2025-03-01,1.0
595476,2021-06-15,0.85
595476,2022-01-30,0.94
595476,2023-07-18,0.99
595476,2025-01-30,1.0
595529,2021-08-28,0.86
595529,2022-11-06,0.94
595529,2023-04-23,0.99
595529,2024-11-03,1.0
595566,2021-07-19,0.82
595566,2022-08-20,0.91
595566,2023-09-12,0.96
595566,2024-02-28,0.97
595566,2025-03-13,1.0
595911,2021-08-13,0.96
595911,2023-01-31,0.99
595911,2024-01-12,1.0
596043,2021-05-17,0.85
596043,2022-02-22,0.92
596043,2023-06-08,0.97
596043,2024-03-07,1.0
596124,2021-03-20,0.82
596124,2022-02-05,0.89
596124,2023-08-31,0.93
596124,2024-07-22,0.95
596124,2025-08-06,1.0
596486,2021-04-28,0.89
596486,2022-08-08,0.96
596486,2023-04-27,0.99
596486,2025-11-07,1.0
596555,2021-11-28,0.92
596555,2022-03-21,0.99
596555,2023-03-06,1.0
596815,2021-05-28,0.88
596815,2022-09-20,0.95
596815,2023-01-27,0.98
596815,2024-12-05,0.99
596815,2025-07-22,1.0
596936,2021-03-09,0.83
596936,2022-07-06,0.9
596936,2023-04-01,0.95
596936,2024-10-27,0.97
596936,2025-10-16,1.0
597000,2021-04-09,0.89
597000,2022-03-03,0.96
597000,2024-11-18,1.0
597129,2021-01-05,0.86
597129,2022-09-30,0.95
597129,2024-05-04,0.97
597129,2025-11-08,1.0
597209,2021-04-04,0.82
597209,2022-05-01,0.89
597209,2023-07-23,0.94
597209,2024-02-06,0.97
597209,2025-01-13,1.0
597227,2021-10-23,0.8
597227,2022-07-05,0.89
597227,2023-10-14,0.92
597227,2024-09-28,0.97
597227,2025-07-09,1.0
597341,2021-03-03,0.79
597341,2022-12-23,0.88
597341,2023-03-28,0.93
597341,2024-12-16,0.97
597341,2025-03-13,1.0
597445,2021-11-30,0.97
597445,2025-06-02,1.0
597493,2021-02-25,0.86
597493,2022-06-12,0.92
597493,2023-06-04,0.94
597493,2024-03-04,0.98
597493,2025-07-14,1.0
597557,2021-07-28,0.87
597557,2022-01-12,0.94
597557,2023-04-04,0.96
597557,2024-03-14,0.98
597557,2025-05-03,1.0
597668,2021-10-10,0.84
597668,2022-12-07,0.92
597668,2023-04-08,0.97
597668,2024-12-21,1.0
597743,2021-05-03,0.87
597743,2023-11-13,0.9
597743,2024-07-23,0.95
597743,2025-02-07,1.0
598131,2021-08-25,0.86
598131,2022-12-06,0.93
598131,2023-09-10,0.96
598131,2024-03-06,0.98
598131,2025-03-24,1.0
598188,2021-06-24,0.84
598188,2022-08-12,0.92
598188,2023-10-23,0.94
598188,2024-11-29,0.95
598188,2025-04-21,1.0
598189,2021-06-03,0.88
598189,2023-09-15,0.91
598189,2024-02-11,0.95
598189,2025-02-27,1.0
598204,2021-11-27,0.87
598204,2022-08-18,0.96
598204,2023-08-22,0.99
598204,2024-11-21,1.0
598285,2021-10-18,0.83
598285,2022-04-03,0.92
598285,2023-02-02,0.94
598285,2024-04-02,0.98
598285,2025-02-27,1.0
598299,2021-04-27,0.91
598299,2023-10-22,0.94
598299,2024-10-01,0.98
598299,2025-03-09,1.0
598447,2021-03-15,0.84
598447,2022-05-23,0.93
598447,2024-02-06,0.95
598447,2025-06-07,1.0
598878,2021-05-22,0.91
598878,2024-09-12,0.95
598878,2025-02-22,1.0
599034,2021-08-03,0.95
599034,2023-04-21,0.98
599034,2025-11-24,1.0
599072,2021-11-13,0.91
599072,2023-06-06,0.93
599072,2024-11-20,0.97
599072,2025-03-08,1.0
599189,2021-10-27,0.89
599189,2022-11-08,0.99
599189,2024-02-13,1.0
599263,2021-04-02,0.8
599263,2022-10-13,0.89
599263,2023-10-27,0.95
599263,2024-10-16,0.98
599263,2025-09-12,1.0
599267,2021-02-13,0.93
599267,2023-07-02,0.98
599267,2024-04-21,1.0
599276,2021-03-11,0.94
599276,2023-11-11,0.98
599276,2024-02-04,1.0
599318,2021-06-10,0.87
599318,2022-07-22,0.94
599318,2023-06-06,0.97
599318,2025-07-13,1.0
599462,2021-11-18,0.86
599462,2022-07-21,0.95
599462,2024-02-14,0.98
599462,2025-05-27,1.0
599533,2021-07-10,0.91
599533,2022-12-11,0.98
599533,2025-04-16,1.0
599566,2021-01-23,0.89
599566,2022-08-14,0.97
599566,2024-05-08,1.0
599604,2021-12-21,0.9
599604,2023-10-09,0.96
599604,2024-01-26,1.0
599687,2021-02-18,0.83
599687,2022-10-14,0.92
599687,2023-04-30,0.96
599687,2024-12-01,0.98
599687,2025-08-26,1.0
599885,2021-06-07,0.84
599885,2022-09-19,0.93
599885,2023-03-04,0.96
599885,2024-06-12,0.98
599885,2025-05-15,1.0
599895,2021-05-05,0.8
599895,2022-04-03,0.87
599895,2023-08-11,0.91
599895,2024-03-16,0.95
599895,2025-12-13,1.0
599939,2021-10-24,0.99
599939,2025-07-02,1.0
599946,2021-07-04,0.81
599946,2022-03-08,0.89
599946,2023-04-03,0.95
599946,2024-04-09,0.99
599946,2025-03-06,1.0
599987,2021-12-22,0.82
599987,2022-11-02,0.91
599987,2023-09-23,0.94
599987,2024-12-07,0.99
599987,2025-05-04,1.0
600049,2021-06-02,0.81
600049,2022-03-25,0.88
600049,2023-12-20,0.91
600049,2024-12-24,0.96
600049,2025-03-04,1.0
600085,2021-10-30,0.92
600085,2023-07-27,0.96
600085,2025-04-16,1.0
600136,2021-12-15,0.81
600136,2022-10-03,0.9
600136,2023-02-11,0.95
600136,2024-05-07,0.99
600136,2025-06-05,1.0
600242,2021-09-20,0.94
600242,2023-05-19,0.99
600242,2024-11-01,1.0
600278,2021-08-01,0.84
600278,2022-01-21,0.93
600278,2023-01-31,0.98
600278,2024-06-14,1.0
600441,2021-01-12,0.83
600441,2022-07-17,0.9
600441,2023-05-10,0.96
600441,2025-05-20,1.0
600478,2021-12-01,0.84
600478,2022-08-17,0.92
600478,2023-11-16,0.96
600478,2024-04-03,0.98
600478,2025-02-24,1.0
600558,2021-05-13,0.86
600558,2022-06-18,0.93
600558,2024-01-15,0.96
600558,2025-12-13,1.0
600674,2021-04-02,0.89
600674,2023-01-24,0.95
600674,2024-10-01,0.97
600674,2025-09-04,1.0
600741,2021-02-03,0.89
600741,2023-07-03,0.92
600741,2024-03-11,0.96
600741,2025-05-02,1.0
600786,2021-05-21,0.94
600786,2023-09-01,0.96
600786,2025-08-30,1.0
600831,2021-10-21,0.87
600831,2022-02-21,0.94
600831,2023-08-21,0.97
600831,2024-09-17,1.0
600987,2021-06-16,0.89
600987,2022-10-25,0.95
600987,2023-06-01,0.99
600987,2025-02-09,1.0
601160,2021-12-18,0.88
601160,2022-04-28,0.96
601160,2023-03-20,1.0
601247,2021-02-26,0.83
601247,2022-11-29,0.92
601247,2023-07-31,0.95
601247,2024-12-28,0.98
601247,2025-05-01,1.0
601346,2021-12-18,0.93
601346,2024-07-16,0.97
601346,2025-05-11,1.0
601672,2021-06-22,0.82
601672,2022-04-14,0.9
601672,2023-05-13,0.96
601672,2025-01-06,1.0
601929,2021-11-30,0.85
601929,2022-11-11,0.91
601929,2023-03-29,0.96
601929,2024-05-30,0.97
601929,2025-12-07,1.0
602059,2021-07-01,0.91
602059,2023-12-25,0.95
602059,2025-07-12,1.0
602104,2021-08-07,0.85
602104,2022-12-28,0.93
602104,2024-06-07,0.96
602104,2025-09-17,1.0
602358,2021-03-16,0.91
602358,2023-05-14,0.94
602358,2024-07-23,0.98
602358,2025-12-25,1.0
602446,2021-12-18,0.82
602446,2022-10-24,0.89
602446,2023-05-25,0.93
602446,2024-11-23,0.98
602446,2025-08-16,1.0
602487,2021-10-18,0.81
602487,2022-03-12,0.88
602487,2023-03-17,0.92
602487,2024-07-20,0.96
602487,2025-03-30,1.0
602526,2021-02-16,0.94
602526,2024-09-27,0.95
602526,2025-11-13,1.0
602610,2021-12-07,0.86
602610,2022-04-15,0.95
602610,2023-11-25,0.98
602610,2025-02-22,1.0
602902,2021-06-22,0.94
602902,2023-01-07,1.0
602936,2021-06-09,0.83
602936,2022-03-15,0.9
602936,2023-12-29,0.95
602936,2024-07-22,0.98
602936,2025-02-13,1.0
603312,2021-03-09,0.9
603312,2022-09-27,0.97
603312,2024-12-27,1.0
603319,2021-03-29,0.92
603319,2024-06-14,0.97
603319,2025-03-31,1.0
603368,2021-10-12,0.87
603368,2022-03-08,0.93
603368,2023-11-27,0.98
603368,2024-04-14,1.0
603459,2021-11-16,0.97
603459,2024-02-21,0.98
603459,2025-01-09,1.0
603575,2021-06-20,0.88
603575,2022-10-04,0.98
603575,2025-04-30,1.0
604363,2021-11-04,0.89
604363,2023-04-08,0.93
604363,2024-10-13,0.95
604363,2025-10-18,1.0
604408,2021-03-26,0.93
604408,2023-09-03,0.95
604408,2024-01-10,0.97
604408,2025-05-13,1.0
604447,2021-02-22,0.87
604447,2022-06-04,0.94
604447,2023-01-19,0.97
604447,2025-05-18,1.0
604870,2021-04-28,0.91
604870,2024-04-23,0.96
604870,2025-05-09,1.0
605059,2021-01-08,0.86
605059,2022-07-17,0.91
605059,2023-03-14,0.93
605059,2024-03-18,0.95
605059,2025-05-15,1.0
605274,2021-06-29,0.81
605274,2022-03-31,0.87
605274,2023-12-16,0.91
605274,2024-06-16,0.95
605274,2025-12-26,1.0
605340,2021-11-10,0.95
605340,2023-01-22,0.96
605340,2024-09-23,0.99
605340,2025-11-17,1.0
605504,2021-06-30,0.82
605504,2022-01-17,0.91
605504,2024-02-04,0.96
605504,2025-07-28,1.0
606032,2021-07-11,0.85
606032,2022-11-20,0.91
606032,2023-07-11,0.96
606032,2024-10-08,1.0
606280,2021-12-16,0.85
606280,2022-07-12,0.91
606280,2024-07-07,0.95
606280,2025-11-09,1.0
606318,2021-01-08,0.89
606318,2022-02-01,0.96
606318,2025-04-17,1.0
606579,2021-05-05,0.97
606579,2025-11-30,1.0
606580,2021-11-13,0.79
606580,2022-11-25,0.88
606580,2023-12-09,0.91
606580,2024-08-30,0.95
606580,2025-05-23,1.0
606587,2021-06-03,0.94
606587,2024-04-23,0.96
606587,2025-02-26,1.0
606768,2021-12-13,0.82
606768,2022-07-15,0.9
606768,2023-03-09,0.95
606768,2024-06-17,1.0
606829,2021-01-27,0.86
606829,2022-05-25,0.94
606829,2023-12-01,0.96
606829,2025-12-05,1.0
606915,2021-08-09,0.87
606915,2022-09-29,0.95
606915,2024-10-01,0.99
606915,2025-07-13,1.0
607086,2021-12-09,0.89
607086,2022-12-10,0.97
607086,2024-10-16,1.0
607102,2021-08-29,0.93
607102,2023-09-10,0.96
607102,2025-10-18,1.0
607140,2021-07-05,0.92
607140,2023-05-05,0.97
607140,2024-11-07,0.99
607140,2025-11-04,1.0
607245,2021-01-11,0.9
607245,2022-07-03,0.97
607245,2025-04-26,1.0
607250,2021-09-10,0.82
607250,2022-12-25,0.91
607250,2023-01-18,0.92
607250,2024-12-10,0.96
607250,2025-08-14,1.0
607306,2021-01-08,0.89
607306,2023-10-28,0.94
607306,2024-03-21,0.98
607306,2025-05-27,1.0
607315,2021-01-27,0.82
607315,2022-01-05,0.89
607315,2023-02-19,0.93
607315,2024-06-14,0.95
607315,2025-07-26,1.0
607425,2021-07-24,0.85
607425,2022-11-23,0.94
607425,2023-08-31,0.95
607425,2025-07-25,1.0
607543,2021-03-13,0.83
607543,2022-12-05,0.91
607543,2023-05-14,0.95
607543,2024-01-27,0.98
607543,2025-01-24,1.0
607616,2021-04-17,0.83
607616,2022-08-08,0.91
607616,2023-11-16,0.95
607616,2024-02-20,1.0
607633,2021-12-16,0.84
607633,2022-08-01,0.9
607633,2023-09-20,0.92
607633,2024-11-04,0.97
607633,2025-08-20,1.0
607648,2021-03-19,0.88
607648,2022-11-17,0.94
607648,2023-06-13,0.96
607648,2024-09-02,0.99
607648,2025-07-22,1.0
607726,2021-07-04,0.86
607726,2022-02-12,0.94
607726,2023-10-25,0.96
607726,2024-03-28,1.0
607785,2021-11-18,0.93
607785,2023-03-26,0.95
607785,2024-01-09,0.99
607785,2025-09-17,1.0
607836,2021-04-10,0.83
607836,2022-04-16,0.92
607836,2023-03-17,0.97
607836,2024-10-09,0.98
607836,2025-10-22,1.0
607918,2021-01-17,0.96
607918,2023-01-01,0.98
607918,2025-07-19,1.0
607924,2021-12-08,0.87
607924,2022-08-13,0.93
607924,2023-11-22,0.95
607924,2024-09-06,0.97
607924,2025-10-16,1.0
607930,2021-10-29,0.89
607930,2022-03-20,0.96
607930,2023-10-12,0.98
607930,2024-04-18,0.99
607930,2025-11-24,1.0
607944,2021-06-26,0.84
607944,2022-09-12,0.93
607944,2023-01-31,0.95
607944,2024-11-21,0.98
607944,2025-10-15,1.0
608225,2021-11-18,0.85
608225,2022-12-28,0.92
608225,2023-12-16,0.96
608225,2024-02-12,0.99
608225,2025-06-05,1.0
608403,2021-11-30,0.92
608403,2023-04-12,0.97
608403,2024-09-25,0.98
608403,2025-01-07,1.0
608498,2021-12-11,0.86
608498,2022-06-08,0.95
608498,2023-09-25,0.98
608498,2024-01-26,1.0
608574,2021-03-08,0.99
608574,2025-07-16,1.0
608728,2021-10-29,0.88
608728,2022-04-12,0.94
608728,2023-04-28,0.96
608728,2024-11-08,1.0
608744,2021-03-04,0.89
608744,2022-12-21,0.96
608744,2023-06-09,0.98
608744,2024-05-21,0.99
608744,2025-07-24,1.0
608838,2021-11-12,0.88
608838,2022-12-16,0.95
608838,2023-06-14,1.0
608912,2021-09-27,0.91
608912,2022-05-18,0.99
608912,2025-05-24,1.0
609175,2021-07-20,0.92
609175,2023-03-11,0.94
609175,2024-08-31,0.96
609175,2025-12-02,1.0
609268,2021-03-14,0.86
609268,2022-04-17,0.92
609268,2023-03-29,0.96
609268,2024-05-12,0.99
609268,2025-10-29,1.0
609548,2021-03-09,0.88
609548,2022-04-30,0.95
609548,2023-08-03,0.99
609548,2025-08-13,1.0
609775,2021-02-06,0.86
609775,2022-03-23,0.95
609775,2023-03-17,1.0
609903,2021-05-19,0.83
609903,2022-05-04,0.9
609903,2023-04-02,0.94
609903,2024-03-22,0.99
609903,2025-12-01,1.0
610014,2021-10-01,0.81
610014,2022-03-27,0.88
610014,2023-07-14,0.93
610014,2024-07-11,0.95
610014,2025-10-04,1.0
610108,2021-01-10,0.95
610108,2023-01-08,0.99
610108,2025-10-04,1.0
610471,2021-06-05,0.97
610471,2025-04-24,1.0
610477,2021-09-22,0.85
610477,2022-05-26,0.92
610477,2023-01-26,0.95
610477,2024-11-12,0.99
610477,2025-10-01,1.0
610644,2021-09-26,0.96
610644,2023-02-14,1.0
610904,2021-01-25,0.9
610904,2023-08-15,0.95
610904,2024-12-15,0.97
610904,2025-03-20,1.0
611449,2021-03-22,0.97
611449,2023-08-10,1.0
611531,2021-01-07,0.98
611531,2024-08-17,1.0
611581,2021-11-27,0.97
611581,2024-06-06,0.99
611581,2025-06-16,1.0
611798,2021-07-29,0.83
611798,2022-08-28,0.9
611798,2023-06-04,0.95
611798,2024-09-10,1.0
611799,2021-09-20,0.91
611799,2023-11-10,0.94
611799,2024-11-11,0.99
611799,2025-08-19,1.0
612100,2021-01-01,0.96
612100,2024-09-22,1.0
612197,2021-08-21,0.84
612197,2022-08-03,0.93
612197,2023-10-07,0.98
612197,2025-06-26,1.0
612303,2021-02-18,0.88
612303,2022-05-29,0.97
612303,2025-12-02,1.0
612338,2021-03-05,0.92
612338,2023-01-24,0.94
612338,2024-11-30,0.98
612338,2025-08-12,1.0
612394,2021-07-27,0.84
612394,2022-11-27,0.91
612394,2023-08-01,0.94
612394,2024-05-08,0.96
612394,2025-01-23,1.0
612630,2021-05-18,0.88
612630,2022-05-16,0.95
612630,2023-01-14,0.96
612630,2025-12-09,1.0
612652,2021-04-24,0.92
612652,2023-10-11,0.96
612652,2024-08-11,0.98
612652,2025-02-04,1.0
612671,2021-10-12,0.86
612671,2022-08-25,0.95
612671,2023-10-22,0.97
612671,2025-09-11,1.0
612799,2021-04-12,0.84
612799,2022-10-15,0.9
612799,2023-03-07,0.95
612799,2024-07-29,0.97
612799,2025-02-20,1.0
612869,2021-05-14,0.84
612869,2022-11-07,0.92
612869,2023-11-04,0.95
612869,2024-03-29,0.99
612869,2025-07-08,1.0
612904,2021-02-28,0.87
612904,2023-06-14,0.91
612904,2024-10-27,0.96
612904,2025-09-24,1.0
612937,2021-11-18,0.93
612937,2023-09-04,0.99
612937,2024-11-04,1.0
613017,2021-04-05,0.85
613017,2022-03-07,0.92
613017,2023-03-06,0.98
613017,2024-09-20,1.0
613376,2021-03-18,0.87
613376,2022-03-05,0.94
613376,2023-07-16,0.96
613376,2024-04-12,0.99
613376,2025-09-27,1.0
613482,2021-05-07,0.91
613482,2023-04-09,0.96
613482,2024-04-13,1.0
613602,2021-01-17,0.87
613602,2022-01-09,0.96
613602,2024-12-09,0.99
613602,2025-12-10,1.0
613912,2021-04-07,0.86
613912,2022-08-12,0.95
613912,2024-04-03,1.0
613938,2021-03-21,0.86
613938,2022-12-19,0.92
613938,2023-04-21,0.94
613938,2024-07-21,0.96
613938,2025-11-28,1.0
613967,2021-01-25,0.88
613967,2022-09-09,0.97
613967,2023-04-18,1.0
613985,2021-07-03,0.91
613985,2023-02-11,0.96
613985,2024-07-23,1.0
614127,2021-05-05,0.94
614127,2023-04-18,1.0
614320,2021-05-15,0.87
614320,2022-12-21,0.95
614320,2023-02-21,0.97
614320,2025-03-07,1.0
614342,2021-03-04,0.84
614342,2022-11-16,0.91
614342,2023-04-10,0.96
614342,2024-03-10,0.99
614342,2025-11-10,1.0
614479,2021-03-16,0.92
614479,2024-11-05,0.97
614479,2025-09-05,1.0
614775,2021-04-09,0.97
614775,2024-04-18,0.99
614775,2025-08-26,1.0
614899,2021-11-14,0.85
614899,2022-08-04,0.93
614899,2023-05-23,0.96
614899,2025-11-14,1.0
614929,2021-01-15,0.91
614929,2024-01-20,0.95
614929,2025-08-30,1.0
614954,2021-11-10,0.93
614954,2022-08-21,1.0
614973,2021-10-20,0.86
614973,2022-06-18,0.94
614973,2024-08-18,0.99
614973,2025-10-25,1.0
614997,2021-10-10,0.87
614997,2022-05-21,0.94
614997,2023-03-22,0.99
614997,2024-09-07,1.0
614999,2021-09-22,0.87
614999,2022-12-17,0.93
614999,2023-12-12,0.96
614999,2025-02-10,1.0
615284,2021-04-18,0.91
615284,2022-01-19,0.98
615284,2025-09-20,1.0
615312,2021-03-30,0.91
615312,2023-06-26,0.94
615312,2024-03-17,0.98
615312,2025-12-09,1.0
615413,2021-07-11,0.85
615413,2022-10-11,0.91
615413,2023-10-22,0.96
615413,2024-08-04,1.0
615431,2021-10-09,0.9
615431,2023-08-23,0.92
615431,2024-10-08,0.97
615431,2025-09-25,1.0
615501,2021-03-30,0.94
615501,2023-09-14,0.98
615501,2025-12-31,1.0
615693,2021-03-14,0.91
615693,2022-04-26,0.99
615693,2025-02-16,1.0
615696,2021-12-02,0.88
615696,2023-10-02,0.91
615696,2024-07-17,0.96
615696,2025-01-12,1.0
615787,2021-05-21,0.87
615787,2022-07-26,0.94
615787,2024-06-10,0.99
615787,2025-06-21,1.0
615846,2021-05-25,0.88
615846,2022-02-01,0.95
615846,2023-01-17,0.98
615846,2024-09-16,0.99
615846,2025-02-15,1.0
615871,2021-08-28,0.92
615871,2024-06-08,0.96
615871,2025-01-06,1.0
615909,2021-12-30,0.85
615909,2022-10-26,0.95
615909,2024-03-29,0.96
615909,2025-01-09,1.0
615932,2021-12-31,0.88
615932,2022-05-11,0.96
615932,2023-06-09,0.99
615932,2024-05-01,1.0
615980,2021-08-16,0.87
615980,2022-07-03,0.96
615980,2024-08-19,0.97
615980,2025-11-01,1.0
615990,2021-02-15,0.84
615990,2022-12-18,0.92
615990,2023-06-02,0.94
615990,2024-03-30,0.97
615990,2025-11-06,1.0
616002,2021-07-31,0.87
616002,2022-09-01,0.93
616002,2023-05-06,0.95
616002,2024-09-18,0.97
616002,2025-07-14,1.0
616155,2021-10-24,0.83
616155,2022-11-30,0.9
616155,2023-04-29,0.94
616155,2024-10-21,0.99
616155,2025-03-05,1.0
616314,2021-12-27,0.88
616314,2022-04-02,0.94
616314,2024-11-10,0.98
616314,2025-09-13,1.0
616705,2021-07-08,0.91
616705,2022-03-06,0.98
616705,2024-06-05,1.0
616749,2021-03-13,0.85
616749,2022-12-27,0.94
616749,2024-09-22,0.96
616749,2025-08-20,1.0
617027,2021-06-09,0.86
617027,2022-07-01,0.94
617027,2023-01-13,0.97
617027,2025-08-30,1.0
617039,2021-10-27,0.91
617039,2022-03-03,0.97
617039,2023-09-28,0.99
617039,2025-11-13,1.0
617228,2021-12-08,0.87
617228,2023-02-09,0.9
617228,2024-08-26,0.95
617228,2025-10-05,1.0
617411,2021-08-05,0.86
617411,2022-02-01,0.92
617411,2024-12-01,0.95
617411,2025-11-16,1.0
617618,2021-06-18,0.86
617618,2022-06-19,0.95
617618,2023-10-28,0.99
617618,2024-03-10,1.0
617703,2021-01-26,0.98
617703,2024-10-16,0.99
617703,2025-01-22,1.0
617777,2021-11-26,0.89
617777,2022-09-06,0.95
617777,2024-06-11,0.97
617777,2025-08-06,1.0
617787,2021-09-17,0.86
617787,2022-10-25,0.94
617787,2023-09-24,0.96
617787,2025-03-13,1.0
617830,2021-05-30,0.79
617830,2022-07-24,0.88
617830,2023-01-13,0.93
617830,2024-09-08,0.96
617830,2025-08-04,1.0
617865,2021-08-17,0.83
617865,2022-12-03,0.91
617865,2023-12-21,0.96
617865,2025-07-24,1.0
617900,2021-12-30,0.86
617900,2022-01-14,0.95
617900,2024-11-14,0.97
617900,2025-10-04,1.0
618032,2021-06-26,0.85
618032,2022-12-24,0.92
618032,2023-04-23,0.97
618032,2024-05-13,1.0
618054,2021-12-27,0.98
618054,2023-02-03,1.0
618210,2021-12-22,0.9
618210,2022-04-18,1.0
618296,2021-05-21,0.97
618296,2023-08-16,0.99
618296,2025-10-31,1.0
618390,2021-02-25,0.84
618390,2022-04-23,0.9
618390,2023-05-02,0.95
618390,2024-09-04,1.0
618512,2021-12-29,0.83
618512,2022-05-05,0.92
618512,2023-04-28,0.95
618512,2024-08-03,1.0
618559,2021-08-18,0.84
618559,2022-05-18,0.93
618559,2023-03-15,0.96
618559,2025-05-17,1.0
618769,2021-02-16,0.95
618769,2024-08-10,1.0
618791,2021-05-07,0.9
618791,2022-11-04,0.97
618791,2024-04-25,0.99
618791,2025-12-01,1.0
618924,2021-10-26,0.8
618924,2022-07-04,0.89
618924,2023-08-27,0.94
618924,2024-08-11,0.95
618924,2025-11-15,1.0
618986,2021-11-16,0.89
618986,2022-11-19,0.96
618986,2024-01-24,0.98
618986,2025-08-18,1.0
619056,2021-11-30,0.82
619056,2022-01-21,0.87
619056,2023-03-18,0.91
619056,2024-11-11,0.96
619056,2025-12-19,1.0
619183,2021-02-15,0.84
619183,2022-06-01,0.92
619183,2023-03-17,0.96
619183,2024-01-26,0.99
619183,2025-03-10,1.0
619184,2021-12-22,0.88
619184,2022-08-27,0.96
619184,2023-05-02,0.98
619184,2025-05-07,1.0
619306,2021-01-16,0.93
619306,2023-03-12,0.96
619306,2025-11-07,1.0
619529,2021-10-04,0.88
619529,2022-05-21,0.98
619529,2025-09-18,1.0
619663,2021-05-19,0.87
619663,2022-03-04,0.93
619663,2023-05-07,0.98
619663,2025-11-22,1.0
619719,2021-01-12,0.85
619719,2022-09-01,0.93
619719,2024-03-08,0.97
619719,2025-02-20,1.0
619740,2021-07-20,0.85
619740,2023-03-04,0.9
619740,2024-04-21,0.95
619740,2025-07-10,1.0
619779,2021-11-27,0.94
619779,2024-08-28,0.99
619779,2025-10-29,1.0
619810,2021-03-31,0.86
619810,2022-02-03,0.94
619810,2023-03-15,0.96
619810,2024-05-26,1.0
619832,2021-06-11,0.87
619832,2022-06-11,0.95
619832,2024-09-16,1.0
619950,2021-08-18,0.84
619950,2022-02-25,0.92
619950,2023-12-25,0.94
619950,2024-04-24,0.99
619950,2025-02-15,1.0
620049,2021-01-15,0.87
620049,2022-12-15,0.96
620049,2023-09-09,0.98
620049,2025-09-27,1.0
620054,2021-06-26,0.85
620054,2022-04-20,0.91
620054,2023-06-26,0.95
620054,2024-12-17,0.98
620054,2025-10-11,1.0
620125,2021-06-10,0.85
620125,2022-08-17,0.95
620125,2024-09-30,0.98
620125,2025-01-12,1.0
620143,2021-12-23,0.95
620143,2024-08-22,0.97
620143,2025-05-20,1.0
620190,2021-08-10,0.85
620190,2022-09-04,0.93
620190,2023-05-16,0.99
620190,2024-06-19,1.0
620267,2021-01-08,0.87
620267,2022-05-11,0.94
620267,2023-01-30,0.98
620267,2024-03-31,0.99
620267,2025-06-14,1.0
620304,2021-01-22,0.83
620304,2022-10-26,0.9
620304,2023-11-01,0.95
620304,2025-03-23,1.0
620399,2021-02-04,0.89
620399,2022-11-28,0.98
620399,2023-09-29,1.0
620447,2021-09-24,1.0
620450,2021-02-27,0.82
620450,2022-01-02,0.9
620450,2023-02-06,0.91
620450,2024-10-07,0.95
620450,2025-08-22,1.0
620501,2021-01-07,0.91
620501,2022-01-09,1.0
620512,2021-01-19,0.83
620512,2022-05-10,0.91
620512,2023-07-12,0.95
620512,2025-08-16,1.0
620601,2021-02-23,0.8
620601,2022-09-10,0.88
620601,2023-04-11,0.92
620601,2024-04-23,0.96
620601,2025-02-15,1.0
620688,2021-02-13,0.83
620688,2022-10-15,0.9
620688,2023-02-05,0.94
620688,2024-05-23,0.99
620688,2025-10-18,1.0
620769,2021-05-09,0.92
620769,2023-04-26,0.95
620769,2024-07-30,0.96
620769,2025-08-20,1.0
620998,2021-06-18,0.91
620998,2022-11-27,0.98
620998,2024-05-21,1.0
621113,2021-03-04,0.83
621113,2022-03-27,0.91
621113,2024-12-10,0.96
621113,2025-09-03,1.0
621139,2021-06-22,1.0
621193,2021-01-19,0.87
621193,2022-09-30,0.93
621193,2023-12-30,0.97
621193,2024-10-12,1.0
621424,2021-11-20,0.87
621424,2022-02-23,0.95
621424,2023-11-29,0.99
621424,2025-04-16,1.0
621515,2021-06-03,0.86
621515,2022-07-26,0.95
621515,2023-11-12,0.97
621515,2024-06-27,1.0
621589,2021-01-05,0.81
621589,2022-05-28,0.9
621589,2023-10-03,0.93
621589,2024-06-13,0.98
621589,2025-01-01,1.0
621644,2021-12-07,0.87
621644,2022-12-22,0.94
621644,2024-11-15,0.96
621644,2025-08-11,1.0
621695,2021-11-16,0.86
621695,2022-02-20,0.93
621695,2023-01-06,0.95
621695,2025-10-29,1.0
621990,2021-10-04,0.94
621990,2023-06-15,0.97
621990,2025-02-17,1.0
622130,2021-11-11,0.84
622130,2022-02-09,0.92
622130,2024-12-20,0.97
622130,2025-05-05,1.0
622254,2021-02-12,0.81
622254,2022-12-27,0.9
622254,2023-05-09,0.92
622254,2024-08-28,0.97
622254,2025-09-18,1.0
622256,2021-12-09,0.86
622256,2022-01-13,0.96
622256,2023-02-14,0.98
622256,2025-12-13,1.0
622364,2021-12-19,0.96
622364,2024-10-24,1.0
622403,2021-02-28,0.91
622403,2022-10-14,0.97
622403,2024-01-10,1.0
622587,2021-09-09,0.87
622587,2022-12-20,0.94
622587,2023-07-31,0.99
622587,2025-03-20,1.0
622655,2021-03-22,0.87
622655,2022-06-02,0.93
622655,2024-12-11,0.96
622655,2025-01-05,1.0
622744,2021-02-14,0.97
622744,2025-10-29,1.0
622803,2021-05-19,0.88
622803,2023-08-18,0.93
622803,2024-07-02,0.96
622803,2025-03-27,1.0
622807,2021-02-21,0.88
622807,2022-04-21,0.95
622807,2023-07-16,0.97
622807,2025-01-16,1.0
622869,2021-12-28,0.94
622869,2023-12-28,0.99
622869,2025-12-30,1.0
622952,2021-11-01,0.9
622952,2022-05-23,0.97
622952,2024-06-02,0.99
622952,2025-05-12,1.0
623090,2021-06-02,0.92
623090,2023-05-27,0.94
623090,2024-10-16,0.95
623090,2025-10-23,1.0
623237,2021-04-01,0.97
623237,2024-07-22,1.0
623241,2021-07-07,0.83
623241,2022-12-09,0.89
623241,2023-08-01,0.91
623241,2024-03-29,0.95
623241,2025-01-20,1.0
623247,2021-06-28,0.89
623247,2023-10-13,0.94
623247,2024-04-16,0.97
623247,2025-03-17,1.0
623282,2021-04-22,0.95
623282,2023-06-01,0.97
623282,2024-07-09,0.99
623282,2025-11-09,1.0
623779,2021-12-16,0.86
623779,2022-12-31,0.93
623779,2024-02-23,0.95
623779,2025-12-21,1.0
624008,2021-05-10,0.92
624008,2023-09-23,0.94
624008,2024-12-06,0.98
624008,2025-03-04,1.0
624025,2021-12-17,0.9
624025,2023-04-14,0.95
624025,2024-07-20,0.99
624025,2025-01-05,1.0
624210,2021-04-12,0.86
624210,2022-11-16,0.95
624210,2023-05-05,1.0
624385,2021-09-11,0.84
624385,2022-05-30,0.93
624385,2023-06-30,0.98
624385,2024-06-13,1.0
624479,2021-12-02,0.88
624479,2023-05-01,0.94
624479,2024-05-11,0.96
624479,2025-02-28,1.0
624549,2021-02-02,0.88
624549,2022-10-29,0.95
624549,2023-04-25,1.0
624708,2021-12-21,0.92
624708,2023-05-22,0.96
624708,2025-09-19,1.0
624764,2021-04-21,0.9
624764,2023-10-18,0.93
624764,2024-02-24,0.98
624764,2025-05-20,1.0
625038,2021-11-13,0.92
625038,2022-06-27,0.98
625038,2024-02-04,1.0
625073,2021-03-12,0.82
625073,2022-03-08,0.91
625073,2023-12-15,0.95
625073,2024-10-24,1.0
625143,2021-05-22,0.91
625143,2022-12-17,0.99
625143,2025-10-20,1.0
625154,2021-09-06,0.85
625154,2022-06-23,0.92
625154,2024-09-30,0.97
625154,2025-08-16,1.0
625311,2021-09-27,0.85
625311,2022-11-19,0.9
625311,2023-04-21,0.94
625311,2024-09-22,0.99
625311,2025-05-25,1.0
625481,2021-05-08,0.91
625481,2022-10-17,1.0
625503,2021-11-23,0.85
625503,2022-12-10,0.93
625503,2023-06-13,0.97
625503,2025-06-20,1.0
625707,2021-03-25,0.81
625707,2022-02-16,0.9
625707,2024-05-03,0.95
625707,2025-07-07,1.0
625753,2021-03-05,0.8
625753,2022-12-31,0.89
625753,2023-05-20,0.94
625753,2024-08-15,0.98
625753,2025-12-09,1.0
625810,2021-11-25,0.85
625810,2022-09-15,0.94
625810,2023-01-10,0.97
625810,2024-10-07,0.99
625810,2025-06-22,1.0
625888,2021-07-24,0.87
625888,2022-07-11,0.95
625888,2023-09-15,0.97
625888,2024-04-19,1.0
625922,2021-02-03,0.85
625922,2022-08-05,0.91
625922,2023-02-28,0.96
625922,2025-05-20,1.0
626071,2021-05-13,0.86
626071,2023-06-07,0.91
626071,2024-04-02,0.95
626071,2025-12-19,1.0
626153,2021-05-11,0.82
626153,2022-06-13,0.88
626153,2023-08-16,0.91
626153,2024-02-05,0.96
626153,2025-05-05,1.0
626224,2021-05-09,0.87
626224,2022-02-24,0.97
626224,2024-02-28,0.99
626224,2025-03-31,1.0
626468,2021-01-28,0.85
626468,2022-10-26,0.92
626468,2023-12-04,0.95
626468,2024-01-09,0.96
626468,2025-02-04,1.0
626529,2021-04-28,0.97
626529,2025-02-12,1.0
626896,2021-06-28,0.81
626896,2022-11-19,0.9
626896,2023-05-29,0.93
626896,2024-08-24,0.97
626896,2025-05-28,1.0
626994,2021-12-11,0.87
626994,2022-05-10,0.95
626994,2024-01-28,0.96
626994,2025-02-10,1.0
627076,2021-01-20,0.93
627076,2022-04-27,0.99
627076,2024-07-14,1.0
627522,2021-09-16,0.84
627522,2022-05-08,0.92
627522,2023-10-23,0.95
627522,2024-07-19,0.98
627522,2025-08-10,1.0
627919,2021-11-20,0.86
627919,2022-12-16,0.92
627919,2023-07-12,0.97
627919,2024-05-16,0.99
627919,2025-03-28,1.0
628002,2021-01-29,0.9
628002,2023-01-21,0.95
628002,2024-02-19,0.96
628002,2025-10-28,1.0
628028,2021-04-21,0.81
628028,2022-02-10,0.9
628028,2023-12-20,0.95
628028,2024-08-19,0.97
628028,2025-01-23,1.0
628089,2021-07-09,0.88
628089,2022-11-15,0.95
628089,2024-07-30,0.97
628089,2025-10-09,1.0
628143,2021-07-08,0.87
628143,2022-09-01,0.93
628143,2023-10-11,0.99
628143,2025-09-01,1.0
628207,2021-04-09,0.86
628207,2022-09-23,0.93
628207,2023-09-24,0.95
628207,2024-05-06,1.0
628234,2021-06-15,0.84
628234,2022-09-29,0.9
628234,2023-09-11,0.95
628234,2024-08-07,0.98
628234,2025-05-27,1.0
628436,2021-01-12,0.8
628436,2022-08-27,0.88
628436,2023-10-24,0.92
628436,2024-10-10,0.96
628436,2025-02-27,1.0
628441,2021-07-07,0.86
628441,2022-05-23,0.95
628441,2024-01-03,1.0
628521,2021-10-26,0.9
628521,2023-04-04,0.96
628521,2024-01-30,1.0
628606,2021-12-01,0.95
628606,2024-08-15,1.0
628673,2021-08-27,0.87
628673,2022-09-30,0.96
628673,2023-09-20,1.0
628676,2021-07-22,0.88
628676,2022-12-09,0.97
628676,2024-04-09,1.0
629007,2021-10-22,0.82
629007,2022-09-28,0.9
629007,2023-06-25,0.94
629007,2024-06-21,0.96
629007,2025-12-22,1.0
629103,2021-12-21,0.82
629103,2022-12-27,0.91
629103,2023-03-01,0.96
629103,2024-02-28,1.0
629199,2021-12-14,0.87
629199,2022-07-13,0.94
629199,2023-07-04,0.96
629199,2024-12-10,0.97
629199,2025-07-07,1.0
629345,2021-09-07,0.87
629345,2022-11-02,0.95
629345,2024-04-03,0.98
629345,2025-06-26,1.0
629430,2021-02-25,0.85
629430,2022-01-01,0.94
629430,2023-04-06,0.97
629430,2025-09-20,1.0
629587,2021-07-19,0.8
629587,2022-12-28,0.89
629587,2023-04-04,0.91
629587,2024-06-22,0.96
629587,2025-08-28,1.0
629610,2021-03-10,0.85
629610,2022-01-07,0.94
629610,2024-04-07,0.97
629610,2025-01-15,1.0
629806,2021-05-18,0.93
629806,2023-05-27,0.98
629806,2024-11-02,0.99
629806,2025-03-09,1.0
629853,2021-09-06,0.8
629853,2022-02-25,0.88
629853,2023-09-30,0.93
629853,2024-01-24,0.98
629853,2025-10-01,1.0
629920,2021-05-06,0.99
629920,2025-08-01,1.0
629922,2021-05-05,0.9
629922,2022-02-22,1.0
629929,2021-06-29,0.89
629929,2022-05-02,0.96
629929,2023-05-21,0.98
629929,2025-05-08,1.0
629954,2021-02-03,0.97
629954,2024-06-08,1.0
629988,2021-01-09,0.88
629988,2022-05-17,0.98
629988,2024-06-28,0.99
629988,2025-12-13,1.0
630446,2021-07-27,0.84
630446,2022-04-22,0.92
630446,2023-03-26,0.96
630446,2024-07-01,1.0
630645,2021-11-21,0.87
630645,2022-02-05,0.94
630645,2023-12-20,0.98
630645,2024-10-06,0.99
630645,2025-03-17,1.0
630816,2021-10-23,0.92
630816,2023-02-08,0.95
630816,2024-04-16,0.99
630816,2025-08-28,1.0
630972,2021-05-15,0.93
630972,2023-03-06,0.95
630972,2024-04-07,0.98
630972,2025-09-26,1.0
631051,2021-11-23,0.83
631051,2022-07-04,0.9
631051,2023-04-12,0.92
631051,2024-08-18,0.96
631051,2025-02-07,1.0
631186,2021-08-10,0.89
631186,2022-07-19,0.96
631186,2023-08-13,1.0
631249,2021-09-13,0.91
631249,2022-05-01,1.0
631265,2021-06-13,0.95
631265,2025-07-29,1.0
631298,2021-10-09,0.88
631298,2022-11-27,0.95
631298,2024-01-16,1.0
631360,2021-10-28,0.89
631360,2023-12-17,0.94
631360,2024-09-17,0.95
631360,2025-09-03,1.0
631447,2021-05-01,0.82
631447,2022-11-13,0.9
631447,2023-09-25,0.95
631447,2024-12-19,0.98
631447,2025-08-06,1.0
631512,2021-08-29,0.83
631512,2022-06-21,0.91
631512,2023-02-26,0.92
631512,2024-06-10,0.96
631512,2025-03-03,1.0
631588,2021-10-04,0.87
631588,2022-01-06,0.96
631588,2024-05-14,0.97
631588,2025-03-25,1.0
631599,2021-06-10,0.82
631599,2022-07-26,0.9
631599,2023-08-06,0.93
631599,2024-03-07,0.98
631599,2025-11-10,1.0
631826,2021-10-24,0.84
631826,2022-03-02,0.9
631826,2023-06-19,0.95
631826,2024-09-27,0.97
631826,2025-04-08,1.0
631865,2021-09-12,0.86
631865,2022-08-09,0.94
631865,2024-05-07,0.98
631865,2025-03-24,1.0
632008,2021-11-14,0.83
632008,2022-09-25,0.92
632008,2023-05-10,0.95
632008,2024-04-24,0.96
632008,2025-02-14,1.0
632028,2021-11-17,0.86
632028,2022-02-07,0.95
632028,2023-05-20,1.0
632060,2021-06-26,0.89
632060,2022-05-17,0.97
632060,2024-05-12,1.0
632071,2021-05-21,0.84
632071,2022-02-10,0.93
632071,2023-12-07,0.95
632071,2024-07-31,0.98
632071,2025-01-07,1.0
632148,2021-09-15,0.97
632148,2024-04-18,0.99
632148,2025-10-25,1.0
632212,2021-07-03,0.87
632212,2022-10-16,0.93
632212,2023-05-18,0.98
632212,2024-01-28,1.0
632312,2021-04-15,0.94
632312,2024-10-02,0.97
632312,2025-07-24,1.0
632328,2021-07-04,0.81
632328,2022-01-29,0.88
632328,2023-05-22,0.92
632328,2024-05-26,0.96
632328,2025-07-01,1.0
632331,2021-06-15,0.92
632331,2023-04-18,0.98
632331,2024-04-14,0.99
632331,2025-07-13,1.0
632419,2021-11-30,0.87
632419,2022-02-05,0.96
632419,2025-12-04,1.0
632580,2021-04-27,0.85
632580,2022-09-28,0.93
632580,2023-01-02,0.96
632580,2024-07-05,0.98
632580,2025-11-07,1.0
632602,2021-09-02,0.86
632602,2022-05-30,0.95
632602,2023-06-23,1.0
632644,2021-09-24,0.86
632644,2022-10-04,0.92
632644,2023-08-14,0.96
632644,2024-03-31,1.0
632746,2021-01-01,0.87
632746,2022-01-26,0.93
632746,2023-12-03,0.95
632746,2024-06-03,0.98
632746,2025-03-30,1.0
632795,2021-06-16,0.88
632795,2022-12-16,0.94
632795,2023-10-03,0.99
632795,2024-03-09,1.0
633000,2021-01-17,0.96
633000,2023-04-20,1.0
633018,2021-09-03,0.91
633018,2022-06-14,0.99
633018,2025-06-04,1.0
633052,2021-03-06,0.92
633052,2022-10-16,0.99
633052,2025-01-06,1.0
633253,2021-11-22,0.86
633253,2022-11-12,0.95
633253,2024-10-22,1.0
633264,2021-08-07,0.91
633264,2023-10-27,0.96
633264,2024-10-11,0.99
633264,2025-08-26,1.0
633343,2021-07-20,0.85
633343,2022-05-05,0.94
633343,2023-02-02,0.98
633343,2025-03-25,1.0
633347,2021-05-02,0.81
633347,2022-10-16,0.88
633347,2023-11-20,0.92
633347,2024-05-06,0.96
633347,2025-07-15,1.0
633348,2021-08-20,0.96
633348,2025-10-19,1.0
633365,2021-09-10,0.89
633365,2022-02-16,0.98
633365,2024-05-22,1.0
633551,2021-03-15,0.85
633551,2022-05-20,0.91
633551,2023-08-17,0.94
633551,2024-01-30,0.96
633551,2025-01-19,1.0
633694,2021-03-29,0.9
633694,2022-10-10,0.98
633694,2024-08-10,1.0
633870,2021-12-30,0.89
633870,2022-05-29,0.97
633870,2024-02-02,1.0
633952,2021-08-20,0.85
633952,2022-09-22,0.94
633952,2023-03-25,0.95
633952,2024-12-22,0.96
633952,2025-09-18,1.0
633974,2021-10-12,0.91
633974,2023-07-31,0.93
633974,2024-01-01,0.96
633974,2025-06-15,1.0
634010,2021-12-15,0.85
634010,2022-08-15,0.92
634010,2023-04-22,0.96
634010,2024-02-16,0.99
634010,2025-07-12,1.0
634106,2021-11-02,0.94
634106,2023-05-19,0.95
634106,2024-06-15,0.97
634106,2025-09-30,1.0
634403,2021-01-30,0.9
634403,2023-06-23,0.95
634403,2025-07-31,1.0
634495,2021-11-16,0.91
634495,2023-10-31,0.96
634495,2024-11-20,1.0
634578,2021-12-05,0.88
634578,2022-12-04,0.97
634578,2024-01-30,1.0
634768,2021-06-05,0.98
634768,2025-09-26,1.0
634782,2021-08-28,0.97
634782,2023-01-28,0.98
634782,2024-07-21,1.0
634913,2021-03-27,0.88
634913,2022-10-05,0.95
634913,2024-08-30,1.0
635083,2021-06-02,0.85
635083,2022-10-31,0.94
635083,2024-04-05,0.97
635083,2025-10-11,1.0
635158,2021-12-23,0.91
635158,2023-10-13,0.96
635158,2024-01-03,1.0
635369,2021-05-02,0.89
635369,2022-06-13,0.95
635369,2023-08-15,0.96
635369,2025-09-25,1.0
635398,2021-03-25,0.95
635398,2023-10-30,0.96
635398,2025-06-19,1.0
635465,2021-02-27,0.96
635465,2025-12-20,1.0
635575,2021-02-18,0.91
635575,2023-12-10,0.97
635575,2024-01-27,0.99
635575,2025-04-22,1.0
635675,2021-11-18,0.92
635675,2023-03-09,0.98
635675,2024-12-25,1.0
635706,2021-03-07,0.87
635706,2022-01-07,0.93
635706,2023-03-11,0.96
635706,2024-04-28,0.97
635706,2025-01-16,1.0
635726,2021-06-07,0.89
635726,2022-01-24,0.95
635726,2025-02-11,1.0
635776,2021-06-05,0.94
635776,2022-07-30,1.0
635804,2021-01-23,0.85
635804,2022-07-05,0.95
635804,2023-12-22,0.96
635804,2024-08-29,0.99
635804,2025-11-28,1.0
635974,2021-09-28,0.93
635974,2023-11-07,0.97
635974,2025-06-29,1.0
636405,2021-03-08,0.92
636405,2022-05-16,1.0
636890,2021-06-08,0.83
636890,2022-12-18,0.92
636890,2023-06-27,0.96
636890,2025-03-26,1.0
636993,2021-05-12,0.9
636993,2022-01-23,0.96
636993,2025-12-20,1.0
637121,2021-03-24,0.83
637121,2022-01-18,0.89
637121,2023-08-02,0.94
637121,2024-04-10,0.99
637121,2025-01-17,1.0
637386,2021-02-20,0.81
637386,2022-01-17,0.87
637386,2023-10-17,0.91
637386,2024-08-04,0.96
637386,2025-12-24,1.0
637395,2021-03-22,0.82
637395,2022-05-12,0.9
637395,2023-03-14,0.91
637395,2024-01-23,0.95
637395,2025-03-23,1.0
637488,2021-04-08,0.88
637488,2022-09-16,0.96
637488,2023-06-09,0.98
637488,2025-03-28,1.0
637558,2021-07-18,1.0
637592,2021-12-26,0.84
637592,2022-02-28,0.92
637592,2023-03-17,0.95
637592,2024-06-08,0.97
637592,2025-10-09,1.0
637626,2021-07-27,0.85
637626,2022-08-10,0.94
637626,2023-05-14,0.96
637626,2024-04-12,0.99
637626,2025-01-16,1.0
637758,2021-06-14,1.0
637829,2021-02-02,0.87
637829,2022-01-17,0.95
637829,2023-06-06,0.99
637829,2024-05-09,1.0
637858,2021-01-15,0.85
637858,2022-07-21,0.93
637858,2023-09-15,0.99
637858,2025-07-15,1.0
637882,2021-02-21,0.88
637882,2022-11-09,0.97
637882,2024-08-06,0.99
637882,2025-08-09,1.0
637947,2021-12-01,0.84
637947,2022-12-29,0.92
637947,2023-02-17,0.97
637947,2024-03-17,0.98
637947,2025-05-11,1.0
638188,2021-09-26,0.87
638188,2022-02-14,0.94
638188,2023-12-29,0.97
638188,2025-10-14,1.0
638200,2021-02-22,0.91
638200,2022-11-15,0.97
638200,2024-02-29,1.0
638266,2021-11-23,0.9
638266,2022-05-18,0.96
638266,2023-01-23,0.98
638266,2025-01-02,1.0
638297,2021-09-27,0.9
638297,2022-06-09,0.96
638297,2024-10-18,0.97
638297,2025-03-24,1.0
638396,2021-07-02,0.93
638396,2023-04-04,0.96
638396,2024-11-20,0.98
638396,2025-04-27,1.0
638497,2021-03-05,0.88
638497,2022-09-25,0.97
638497,2025-04-04,1.0
638556,2021-12-14,0.93
638556,2023-08-09,0.95
638556,2024-08-09,0.98
638556,2025-05-05,1.0
638585,2021-05-26,0.78
638585,2022-10-12,0.86
638585,2023-02-12,0.9
638585,2024-03-30,0.95
638585,2025-05-23,1.0
638627,2021-04-08,0.88
638627,2022-09-05,0.97
638627,2023-01-28,1.0
638674,2021-04-11,0.83
638674,2022-12-03,0.92
638674,2024-10-22,0.96
638674,2025-11-30,1.0
638771,2021-04-16,0.8
638771,2022-02-04,0.89
638771,2023-09-30,0.9
638771,2024-06-18,0.95
638771,2025-03-14,1.0
638773,2021-12-04,0.9
638773,2022-10-14,0.96
638773,2023-01-17,1.0
638907,2021-09-20,0.81
638907,2022-02-12,0.87
638907,2023-06-10,0.92
638907,2024-04-11,0.96
638907,2025-04-08,1.0
639062,2021-09-25,0.86
639062,2022-12-13,0.92
639062,2023-03-23,0.97
639062,2025-11-08,1.0
639253,2021-07-23,0.94
639253,2023-01-02,0.99
639253,2025-07-21,1.0
639424,2021-12-19,0.85
639424,2022-09-21,0.94
639424,2023-11-10,0.96
639424,2025-05-12,1.0
639476,2021-11-20,0.84
639476,2022-09-13,0.9
639476,2023-03-11,0.95
639476,2024-12-12,1.0
639609,2021-02-07,0.87
639609,2023-04-12,0.9
639609,2024-12-24,0.95
639609,2025-08-25,1.0
640112,2021-07-05,0.94
640112,2023-08-31,0.96
640112,2024-10-24,1.0
640263,2021-08-07,0.87
640263,2022-08-17,0.97
640263,2025-11-30,1.0
640344,2021-06-23,0.87
640344,2022-11-05,0.95
640344,2024-01-22,1.0
641072,2021-05-21,0.93
641072,2023-11-19,0.97
641072,2025-06-24,1.0
641122,2021-10-31,0.87
641122,2022-06-28,0.94
641122,2024-08-17,0.97
641122,2025-05-05,1.0
641192,2021-07-13,0.79
641192,2022-12-24,0.88
641192,2023-04-03,0.93
641192,2024-09-02,0.95
641192,2025-10-08,1.0
641322,2021-08-09,0.94
641322,2023-09-02,0.98
641322,2025-02-13,1.0
641324,2021-10-15,0.84
641324,2022-06-30,0.93
641324,2023-08-20,0.95
641324,2024-06-02,0.98
641324,2025-12-03,1.0
641341,2021-07-06,0.88
641341,2023-04-20,0.9
641341,2024-02-11,0.95
641341,2025-08-29,1.0
641443,2021-03-27,0.91
641443,2023-11-24,0.94
641443,2024-08-27,0.96
641443,2025-07-21,1.0
641483,2021-02-05,0.9
641483,2022-05-14,0.96
641483,2023-12-31,1.0
641525,2021-11-18,0.81
641525,2022-08-18,0.87
641525,2023-03-11,0.93
641525,2024-08-01,0.98
641525,2025-04-05,1.0
641638,2021-08-20,0.92
641638,2024-07-25,0.96
641638,2025-04-04,1.0
641731,2021-09-24,0.9
641731,2023-10-21,0.92
641731,2024-01-29,0.95
641731,2025-03-01,1.0
641854,2021-02-16,0.91
641854,2023-05-13,0.96
641854,2024-02-15,0.99
641854,2025-06-17,1.0
641963,2021-02-15,0.9
641963,2022-05-24,0.96
641963,2024-10-05,1.0
642058,2021-10-11,0.91
642058,2022-12-11,0.98
642058,2024-07-25,1.0
642105,2021-05-30,0.94
642105,2023-09-08,1.0
642333,2021-08-02,0.87
642333,2022-09-13,0.94
642333,2023-02-24,0.96
642333,2024-03-10,1.0
642565,2021-07-10,0.92
642565,2022-04-11,0.99
642565,2023-10-06,1.0
642588,2021-10-25,0.79
642588,2022-03-24,0.87
642588,2023-09-18,0.91
642588,2024-12-17,0.96
642588,2025-12-21,1.0
642717,2021-10-23,0.88
642717,2022-08-02,0.95
642717,2023-03-14,0.99
642717,2025-03-13,1.0
642769,2021-12-20,0.9
642769,2022-04-14,0.96
642769,2025-04-27,1.0
642860,2021-06-27,0.89
642860,2022-07-31,0.98
642860,2024-08-09,1.0
642970,2021-03-27,0.84
642970,2022-06-20,0.9
642970,2023-07-16,0.94
642970,2024-07-08,0.96
642970,2025-07-03,1.0
643086,2021-02-17,0.98
643086,2024-08-18,1.0
643104,2021-10-25,0.85
643104,2022-02-27,0.92
643104,2023-03-24,0.94
643104,2024-03-17,0.98
643104,2025-07-21,1.0
643344,2021-02-10,0.88
643344,2022-05-22,0.95
643344,2023-10-16,0.98
643344,2024-07-02,1.0
643397,2021-03-14,0.81
643397,2022-11-10,0.89
643397,2023-09-27,0.93
643397,2024-05-31,0.98
643397,2025-12-24,1.0
643418,2021-02-08,0.92
643418,2023-11-18,0.96
643418,2024-04-26,0.99
643418,2025-10-22,1.0
643676,2021-03-16,0.87
643676,2022-10-23,0.96
643676,2023-06-04,0.99
643676,2025-08-25,1.0
643764,2021-02-08,0.99
643764,2024-12-11,1.0
643785,2021-10-26,0.92
643785,2022-03-17,0.99
643785,2025-10-01,1.0
643902,2021-06-15,0.91
643902,2023-01-10,0.95
643902,2024-06-10,0.99
643902,2025-01-31,1.0
644046,2021-08-22,0.98
644046,2023-06-15,1.0
644116,2021-04-01,0.91
644116,2023-03-09,0.95
644116,2024-08-18,0.98
644116,2025-12-10,1.0
644126,2021-03-01,0.86
644126,2022-03-16,0.93
644126,2023-02-17,0.96
644126,2024-05-27,1.0
644200,2021-10-28,0.92
644200,2022-07-23,0.99
644200,2025-09-08,1.0
644213,2021-04-11,0.85
644213,2022-07-13,0.92
644213,2023-03-10,0.95
644213,2024-11-12,0.98
644213,2025-10-21,1.0
644286,2021-09-04,0.83
644286,2022-04-26,0.9
644286,2023-05-22,0.92
644286,2024-06-27,0.95
644286,2025-11-10,1.0
644505,2021-12-13,0.84
644505,2022-08-22,0.92
644505,2023-02-02,0.97
644505,2024-10-09,1.0
644537,2021-06-16,0.88
644537,2022-02-21,0.95
644537,2023-04-10,0.96
644537,2025-10-18,1.0
644604,2021-11-10,0.84
644604,2022-09-30,0.9
644604,2023-05-24,0.94
644604,2024-04-04,0.98
644604,2025-01-21,1.0
644742,2021-04-27,0.84
644742,2022-06-07,0.91
644742,2023-09-07,0.93
644742,2024-03-01,0.98
644742,2025-05-13,1.0
644918,2021-07-08,0.87
644918,2022-12-22,0.95
644918,2023-09-30,0.98
644918,2024-03-25,1.0
645100,2021-01-28,0.92
645100,2023-10-26,0.96
645100,2024-02-12,1.0
645143,2021-01-02,0.95
645143,2023-05-30,0.98
645143,2025-03-27,1.0
645247,2021-05-29,0.86
645247,2022-11-12,0.94
645247,2024-01-27,0.96
645247,2025-06-05,1.0
645344,2021-05-24,0.82
645344,2022-02-24,0.91
645344,2023-01-01,0.94
645344,2024-01-08,0.99
645344,2025-09-26,1.0
645694,2021-10-26,0.91
645694,2023-09-11,0.97
645694,2024-11-06,0.99
645694,2025-12-18,1.0
645784,2021-02-18,0.79
645784,2022-04-19,0.87
645784,2023-10-25,0.92
645784,2024-04-22,0.96
645784,2025-07-26,1.0
646356,2021-02-08,0.88
646356,2022-03-10,0.97
646356,2025-06-11,1.0
646357,2021-05-05,0.82
646357,2022-05-14,0.9
646357,2023-02-12,0.92
646357,2024-09-02,0.97
646357,2025-11-22,1.0
646425,2021-09-27,0.87
646425,2022-08-10,0.95
646425,2024-02-06,0.97
646425,2025-08-30,1.0
646446,2021-02-07,0.83
646446,2022-11-27,0.92
646446,2023-03-15,0.94
646446,2024-08-31,0.98
646446,2025-04-05,1.0
646639,2021-07-05,0.83
646639,2022-06-30,0.9
646639,2023-03-06,0.95
646639,2024-09-12,1.0
646801,2021-01-13,0.79
646801,2022-08-11,0.88
646801,2023-06-25,0.91
646801,2024-04-25,0.95
646801,2025-08-14,1.0
646895,2021-10-17,0.89
646895,2022-07-27,0.99
646895,2025-05-07,1.0
647001,2021-02-26,0.88
647001,2022-05-11,0.95
647001,2023-09-23,1.0
647012,2021-03-15,0.83
647012,2022-06-16,0.9
647012,2023-06-07,0.95
647012,2024-05-28,0.98
647012,2025-07-30,1.0
647129,2021-04-24,0.81
647129,2022-01-26,0.88
647129,2023-04-27,0.94
647129,2024-10-03,0.96
647129,2025-10-03,1.0
647404,2021-03-11,0.91
647404,2023-07-20,0.94
647404,2024-08-13,0.96
647404,2025-07-30,1.0
647408,2021-07-15,0.97
647408,2025-10-20,1.0
647558,2021-09-23,0.91
647558,2022-08-28,1.0
647646,2021-05-07,0.81
647646,2022-05-31,0.9
647646,2023-02-09,0.95
647646,2024-06-20,0.98
647646,2025-04-11,1.0
647937,2021-06-04,0.84
647937,2022-08-10,0.94
647937,2024-12-13,0.99
647937,2025-02-21,1.0
648134,2021-08-17,0.96
648134,2024-09-04,0.99
648134,2025-07-09,1.0
648243,2021-07-31,0.83
648243,2022-10-29,0.92
648243,2023-07-11,0.96
648243,2025-05-19,1.0
648257,2021-08-28,0.86
648257,2022-02-06,0.92
648257,2023-08-04,0.96
648257,2025-04-01,1.0
648516,2021-11-18,0.84
648516,2022-06-01,0.91
648516,2024-07-29,0.96
648516,2025-10-16,1.0
648617,2021-01-18,0.87
648617,2022-07-08,0.97
648617,2025-07-27,1.0
648740,2021-06-09,0.86
648740,2022-02-23,0.95
648740,2023-07-17,0.99
648740,2024-06-12,1.0
649191,2021-05-01,0.92
649191,2023-04-22,0.97
649191,2024-04-07,1.0
649327,2021-05-03,0.82
649327,2022-05-17,0.89
649327,2023-11-29,0.91
649327,2024-04-05,0.95
649327,2025-02-17,1.0
649460,2021-08-19,0.91
649460,2023-01-25,0.95
649460,2024-05-03,0.98
649460,2025-06-29,1.0
649537,2021-08-16,0.9
649537,2022-07-15,0.98
649537,2024-02-21,1.0
649963,2021-01-14,0.77
649963,2022-02-21,0.86
649963,2023-08-08,0.91
649963,2024-11-28,0.96
649963,2025-12-03,1.0
650111,2021-03-16,0.87
650111,2022-02-14,0.97
650111,2023-01-17,1.0
650516,2021-04-25,0.88
650516,2023-07-26,0.9
650516,2024-12-30,0.95
650516,2025-08-04,1.0
650704,2021-09-30,0.91
650704,2023-06-10,0.95
650704,2024-06-07,1.0
650958,2021-03-23,0.88
650958,2022-09-29,0.97
650958,2024-05-31,0.99
650958,2025-05-05,1.0
650963,2021-07-14,0.82
650963,2022-12-28,0.89
650963,2023-05-21,0.94
650963,2024-02-03,0.96
650963,2025-08-21,1.0
650979,2021-07-23,0.93
650979,2024-11-21,0.97
650979,2025-11-27,1.0
651083,2021-11-19,0.81
651083,2022-07-07,0.89
651083,2023-10-05,0.93
651083,2024-08-04,0.97
651083,2025-01-08,1.0
651225,2021-06-09,0.88
651225,2022-02-21,0.95
651225,2025-07-28,1.0
651305,2021-10-29,0.95
651305,2023-09-26,0.98
651305,2024-11-15,1.0
651333,2021-03-05,0.98
651333,2024-10-02,0.99
651333,2025-01-14,1.0
651384,2021-08-20,0.8
651384,2022-06-15,0.89
651384,2023-09-23,0.91
651384,2024-10-27,0.96
651384,2025-09-20,1.0
651457,2021-10-17,0.88
651457,2022-02-12,0.96
651457,2025-10-29,1.0
651702,2021-06-07,0.85
651702,2022-01-06,0.91
651702,2023-06-30,0.93
651702,2024-10-29,0.97
651702,2025-11-27,1.0
651718,2021-01-03,0.87
651718,2022-09-22,0.94
651718,2023-05-11,0.99
651718,2024-11-23,1.0
651722,2021-06-23,0.81
651722,2022-01-16,0.89
651722,2023-06-10,0.92
651722,2024-05-30,0.96
651722,2025-02-06,1.0
651769,2021-05-23,0.92
651769,2024-12-15,0.97
651769,2025-09-13,1.0
651824,2021-02-13,0.89
651824,2022-11-06,0.97
651824,2025-04-06,1.0
651830,2021-01-11,0.83
651830,2022-05-26,0.92
651830,2023-11-18,0.97
651830,2025-01-12,1.0
651833,2021-09-24,0.95
651833,2023-05-11,0.97
651833,2024-03-26,1.0
652053,2021-11-30,0.88
652053,2022-11-03,0.94
652053,2023-07-06,0.98
652053,2024-02-03,0.99
652053,2025-08-11,1.0
652087,2021-10-17,0.85
652087,2022-06-04,0.93
652087,2023-11-11,0.95
652087,2024-05-28,0.99
652087,2025-05-03,1.0
652139,2021-01-31,0.88
652139,2022-07-12,0.95
652139,2024-08-26,1.0
652401,2021-03-18,0.9
652401,2023-10-16,0.95
652401,2024-04-15,1.0
652432,2021-05-30,0.96
652432,2024-05-29,0.97
652432,2025-07-16,1.0
652441,2021-07-14,0.95
652441,2024-11-13,0.98
652441,2025-10-07,1.0
652493,2021-08-16,0.79
652493,2022-08-11,0.87
652493,2023-08-06,0.92
652493,2024-07-05,0.96
652493,2025-12-08,1.0
652497,2021-02-12,0.91
652497,2023-06-14,0.95
652497,2024-08-12,1.0
652582,2021-10-03,0.85
652582,2022-12-18,0.92
652582,2023-02-27,0.97
652582,2025-01-03,1.0
652736,2021-06-18,0.82
652736,2022-07-31,0.91
652736,2023-10-30,0.95
652736,2024-10-17,1.0
652751,2021-01-07,0.82
652751,2022-01-26,0.9
652751,2023-11-14,0.94
652751,2024-09-28,0.98
652751,2025-03-27,1.0
652787,2021-05-10,0.89
652787,2022-06-21,0.97
652787,2023-02-11,1.0
652789,2021-11-01,0.86
652789,2022-01-25,0.96
652789,2023-08-22,0.99
652789,2025-07-03,1.0
652900,2021-09-16,0.85
652900,2022-03-30,0.94
652900,2023-10-01,0.95
652900,2024-04-16,1.0
653044,2021-12-05,0.81
653044,2022-04-25,0.88
653044,2023-02-25,0.91
653044,2024-06-10,0.96
653044,2025-07-30,1.0
653101,2021-09-01,0.87
653101,2022-01-31,0.94
653101,2023-11-13,0.97
653101,2024-02-20,1.0
653178,2021-07-22,0.85
653178,2022-01-10,0.94
653178,2023-12-05,0.99
653178,2025-11-15,1.0
653356,2021-04-18,0.85
653356,2022-08-28,0.93
653356,2023-09-20,0.96
653356,2024-11-13,0.98
653356,2025-08-30,1.0
653774,2021-07-25,0.87
653774,2022-10-03,0.93
653774,2023-04-22,0.97
653774,2024-06-27,0.99
653774,2025-01-10,1.0
653894,2021-09-26,0.96
653894,2023-08-09,0.99
653894,2025-03-08,1.0
653958,2021-09-22,0.89
653958,2022-05-27,0.96
653958,2023-08-26,0.98
653958,2024-04-28,1.0
654343,2021-07-23,0.84
654343,2022-01-05,0.93
654343,2024-03-30,0.98
654343,2025-10-09,1.0
654424,2021-10-22,0.86
654424,2022-11-10,0.95
654424,2024-10-22,0.99
654424,2025-03-28,1.0
654703,2021-10-17,0.88
654703,2022-10-12,0.96
654703,2024-07-15,0.99
654703,2025-10-25,1.0
654709,2021-02-02,0.94
654709,2024-07-19,0.99
654709,2025-05-22,1.0
654796,2021-08-18,0.94
654796,2024-11-21,0.97
654796,2025-11-03,1.0
654930,2021-11-12,0.88
654930,2022-08-23,0.95
654930,2024-04-26,0.99
654930,2025-10-22,1.0
654975,2021-03-16,0.97
654975,2025-02-18,1.0
655026,2021-04-22,0.92
655026,2024-07-30,0.95
655026,2025-06-30,1.0
655385,2021-09-12,0.81
655385,2022-12-23,0.87
655385,2023-11-11,0.9
655385,2024-10-27,0.95
655385,2025-09-18,1.0
655425,2021-06-27,0.9
655425,2023-01-02,0.94
655425,2024-04-22,0.99
655425,2025-12-15,1.0
655494,2021-02-23,0.89
655494,2022-02-12,0.95
655494,2023-07-06,1.0
655506,2021-09-16,0.87
655506,2022-11-11,0.95
655506,2023-02-13,0.98
655506,2025-10-12,1.0
655664,2021-12-05,0.81
655664,2022-10-11,0.9
655664,2023-11-20,0.94
655664,2024-08-25,0.98
655664,2025-12-21,1.0
655697,2021-03-04,0.88
655697,2023-05-21,0.91
655697,2024-09-02,0.96
655697,2025-11-07,1.0
655726,2021-04-06,0.87
655726,2022-07-09,0.94
655726,2023-07-01,1.0
655805,2021-09-05,0.86
655805,2022-11-01,0.95
655805,2024-09-05,1.0
655870,2021-07-12,0.82
655870,2022-02-05,0.91
655870,2023-07-09,0.94
655870,2024-09-23,0.98
655870,2025-05-23,1.0
655998,2021-05-15,0.96
655998,2023-01-03,0.98
655998,2025-01-02,1.0
656177,2021-01-26,0.83
656177,2022-07-03,0.9
656177,2023-06-19,0.92
656177,2024-02-27,0.96
656177,2025-06-21,1.0
656604,2021-05-16,0.86
656604,2023-07-01,0.91
656604,2024-06-13,0.96
656604,2025-01-17,1.0
656701,2021-04-19,0.85
656701,2022-01-16,0.93
656701,2023-01-31,0.97
656701,2024-10-25,1.0
656826,2021-03-08,0.93
656826,2024-09-20,0.96
656826,2025-11-17,1.0
656957,2021-05-07,0.96
656957,2023-11-18,0.98
656957,2024-08-21,1.0
657062,2021-12-01,0.87
657062,2022-03-03,0.96
657062,2024-03-12,0.99
657062,2025-06-27,1.0
657493,2021-01-28,0.93
657493,2023-07-14,0.95
657493,2024-12-16,0.99
657493,2025-03-30,1.0
657541,2021-02-19,0.94
657541,2022-05-26,1.0
657558,2021-04-05,0.9
657558,2022-01-07,0.98
657558,2025-09-18,1.0
657751,2021-10-30,0.87
657751,2022-04-24,0.96
657751,2025-02-05,1.0
657783,2021-09-20,0.92
657783,2022-08-03,1.0
657854,2021-01-11,0.93
657854,2023-03-16,0.98
657854,2024-05-31,1.0
657871,2021-03-23,0.84
657871,2022-11-12,0.93
657871,2023-04-22,0.97
657871,2024-04-07,0.98
657871,2025-01-30,1.0
657991,2021-01-02,0.9
657991,2022-04-19,0.99
657991,2024-04-29,1.0
658152,2021-05-24,0.9
658152,2023-12-18,0.94
658152,2024-11-23,0.96
658152,2025-10-09,1.0
658178,2021-03-28,0.88
658178,2022-03-25,0.95
658178,2023-05-23,0.98
658178,2024-12-15,0.99
658178,2025-11-02,1.0
658228,2021-07-17,0.84
658228,2022-02-15,0.92
658228,2023-12-29,0.93
658228,2024-07-16,0.95
658228,2025-12-02,1.0
658244,2021-08-24,0.91
658244,2024-02-23,0.95
658244,2025-06-23,1.0
658318,2021-12-04,0.87
658318,2022-04-15,0.95
658318,2023-12-30,0.99
658318,2024-10-02,1.0
658363,2021-04-29,0.92
658363,2022-12-02,0.99
658363,2024-01-24,1.0
658445,2021-02-15,0.81
658445,2022-09-13,0.88
658445,2023-11-05,0.9
658445,2024-04-25,0.95
658445,2025-12-24,1.0
658522,2021-02-12,0.86
658522,2022-01-08,0.94
658522,2024-01-14,0.96
658522,2025-12-03,1.0
658905,2021-12-25,0.85
658905,2022-10-16,0.93
658905,2023-06-29,0.96
658905,2024-12-29,0.97
658905,2025-06-13,1.0
658956,2021-01-09,0.81
658956,2022-02-05,0.87
658956,2023-05-21,0.92
658956,2024-05-07,0.97
658956,2025-07-15,1.0
658979,2021-01-07,0.86
658979,2022-12-06,0.94
658979,2023-03-05,0.98
658979,2024-06-09,1.0
659026,2021-11-08,0.86
659026,2022-10-05,0.92
659026,2023-08-05,0.97
659026,2025-05-18,1.0
659270,2021-03-06,0.81
659270,2022-10-16,0.89
659270,2023-06-23,0.93
659270,2024-04-01,0.96
659270,2025-07-03,1.0
659394,2021-10-15,0.95
659394,2024-02-13,1.0
659456,2021-08-29,0.82
659456,2022-07-28,0.91
659456,2023-01-07,0.95
659456,2025-08-26,1.0
659560,2021-11-14,0.94
659560,2023-05-08,0.98
659560,2024-05-28,1.0
659586,2021-08-26,0.98
659586,2024-07-12,0.99
659586,2025-11-23,1.0
659588,2021-11-12,0.84
659588,2022-04-19,0.92
659588,2023-06-04,0.95
659588,2025-12-01,1.0
659608,2021-12-06,0.81
659608,2022-01-13,0.9
659608,2023-06-27,0.95
659608,2024-05-27,0.97
659608,2025-04-27,1.0
659662,2021-12-09,0.87
659662,2022-12-29,0.96
659662,2023-02-25,0.99
659662,2024-03-01,1.0
659731,2021-01-12,0.87
659731,2022-09-12,0.94
659731,2023-01-10,0.97
659731,2025-11-22,1.0
659793,2021-10-31,0.83
659793,2022-09-17,0.91
659793,2023-04-11,0.94
659793,2024-12-14,0.99
659793,2025-12-21,1.0
659807,2021-05-13,0.85
659807,2022-09-15,0.95
659807,2023-12-04,0.97
659807,2024-10-08,0.99
659807,2025-01-01,1.0
660087,2021-02-03,0.86
660087,2022-08-11,0.93
660087,2023-03-11,0.95
660087,2024-08-21,1.0
660132,2021-02-06,0.85
660132,2022-06-01,0.93
660132,2024-11-04,0.96
660132,2025-10-16,1.0
660174,2021-11-19,0.98
660174,2024-03-26,0.99
660174,2025-03-15,1.0
660363,2021-09-23,0.85
660363,2022-05-25,0.91
660363,2023-09-27,0.95
660363,2024-11-29,0.99
660363,2025-10-26,1.0
660401,2021-04-02,0.92
660401,2022-10-05,1.0
660417,2021-07-21,0.93
660417,2023-05-05,0.98
660417,2024-03-12,0.99
660417,2025-01-06,1.0
660447,2021-04-07,0.9
660447,2022-02-21,0.96
660447,2024-03-21,1.0
660490,2021-04-03,0.82
660490,2022-12-03,0.88
660490,2023-03-14,0.92
660490,2024-03-04,0.97
660490,2025-05-06,1.0
660532,2021-04-13,0.85
660532,2022-01-25,0.93
660532,2023-03-16,0.96
660532,2024-06-01,1.0
660644,2021-08-27,0.91
660644,2022-11-13,1.0
660676,2021-12-16,0.93
660676,2023-06-23,0.96
660676,2024-06-12,1.0
661086,2021-02-25,0.86
661086,2022-10-31,0.94
661086,2024-07-21,0.95
661086,2025-06-14,1.0
661217,2021-11-12,0.85
661217,2022-12-14,0.92
661217,2023-09-09,0.94
661217,2024-09-30,0.96
661217,2025-12-29,1.0
661243,2021-04-29,0.93
661243,2023-05-20,0.96
661243,2025-08-05,1.0
661291,2021-02-22,0.84
661291,2022-08-21,0.92
661291,2023-02-09,0.98
661291,2025-01-27,1.0
661416,2021-07-05,0.9
661416,2022-06-11,0.98
661416,2024-02-03,0.99
661416,2025-05-15,1.0
661635,2021-02-26,0.86
661635,2022-12-03,0.94
661635,2023-03-04,1.0
661757,2021-03-17,0.9
661757,2023-08-21,0.96
661757,2024-05-28,1.0
661767,2021-06-02,0.96
661767,2024-09-24,0.97
661767,2025-11-08,1.0
661810,2021-03-06,0.86
661810,2022-06-15,0.95
661810,2024-01-06,0.98
661810,2025-12-01,1.0
661828,2021-05-27,0.85
661828,2022-10-18,0.92
661828,2023-06-13,0.95
661828,2024-05-18,1.0
661879,2021-08-15,0.9
661879,2023-09-11,0.94
661879,2024-08-07,0.97
661879,2025-05-03,1.0
661905,2021-09-02,0.89
661905,2022-04-07,0.98
661905,2023-06-03,1.0
662001,2021-11-22,0.92
662001,2022-04-23,0.98
662001,2024-05-02,1.0
662077,2021-08-13,0.9
662077,2022-07-30,0.98
662077,2024-12-18,1.0
662308,2021-01-04,0.97
662308,2024-11-16,0.99
662308,2025-12-31,1.0
662490,2021-05-13,0.9
662490,2022-04-04,0.97
662490,2024-09-09,0.99
662490,2025-09-22,1.0
662550,2021-09-14,0.87
662550,2022-11-02,0.93
662550,2023-04-02,0.96
662550,2025-03-19,1.0
662551,2021-08-21,0.89
662551,2022-04-10,0.95
662551,2024-03-07,0.98
662551,2025-03-10,1.0
662939,2021-08-16,0.96
662939,2024-01-03,0.97
662939,2025-08-28,1.0
663003,2021-02-18,0.93
663003,2023-05-03,0.98
663003,2025-01-16,1.0
663030,2021-08-01,0.85
663030,2022-11-08,0.92
663030,2023-07-29,0.95
663030,2025-07-05,1.0
663199,2021-10-01,0.92
663199,2023-11-08,0.96
663199,2024-08-28,0.99
663199,2025-10-22,1.0
663712,2021-10-21,0.92
663712,2022-06-04,0.98
663712,2025-06-19,1.0
663826,2021-10-11,0.98
663826,2024-06-02,0.99
663826,2025-12-15,1.0
663884,2021-03-07,0.82
663884,2022-03-30,0.9
663884,2023-09-14,0.96
663884,2025-09-17,1.0
663923,2021-07-27,0.87
663923,2022-03-11,0.94
663923,2023-05-20,0.96
663923,2025-03-04,1.0
663973,2021-06-02,0.95
663973,2023-12-24,1.0
664046,2021-08-08,0.87
664046,2022-08-12,0.96
664046,2024-04-12,1.0
664108,2021-04-14,0.85
664108,2022-03-12,0.92
664108,2023-05-22,0.94
664108,2024-02-17,0.97
664108,2025-11-22,1.0
664171,2021-07-22,0.93
664171,2023-06-06,0.95
664171,2024-12-10,0.99
664171,2025-02-10,1.0
664589,2021-05-20,0.92
664589,2023-03-18,0.97
664589,2025-02-04,1.0
664614,2021-02-17,0.95
664614,2024-05-02,0.96
664614,2025-02-17,1.0
664645,2021-05-21,0.87
664645,2022-04-15,0.93
664645,2023-12-23,0.94
664645,2024-09-22,0.97
664645,2025-01-20,1.0
665113,2021-06-01,0.84
665113,2022-11-12,0.94
665113,2023-01-18,0.96
665113,2025-01-17,1.0
665117,2021-06-26,0.91
665117,2023-12-17,0.95
665117,2024-02-29,0.98
665117,2025-09-18,1.0
665209,2021-06-16,0.96
665209,2023-10-05,0.98
665209,2025-08-07,1.0
665266,2021-03-28,0.9
665266,2022-01-23,0.96
665266,2025-06-07,1.0
665272,2021-03-06,0.82
665272,2022-06-03,0.91
665272,2023-11-29,0.97
665272,2024-12-24,1.0
665488,2021-09-25,0.85
665488,2022-09-19,0.92
665488,2023-01-07,0.97
665488,2024-03-14,0.99
665488,2025-03-28,1.0
665553,2021-10-04,0.86
665553,2022-01-29,0.94
665553,2023-09-26,0.96
665553,2024-01-04,0.99
665553,2025-10-06,1.0
665587,2021-04-26,0.93
665587,2022-02-06,0.99
665587,2024-05-11,1.0
665658,2021-09-30,1.0
665687,2021-11-04,0.92
665687,2023-01-30,0.96
665687,2024-12-14,1.0
665716,2021-10-16,0.89
665716,2023-03-25,0.94
665716,2024-12-08,0.98
665716,2025-09-28,1.0
665834,2021-12-18,0.92
665834,2023-04-06,0.94
665834,2024-06-24,0.97
665834,2025-06-14,1.0
665854,2021-06-30,0.86
665854,2022-04-10,0.92
665854,2023-12-14,0.97
665854,2024-03-11,0.99
665854,2025-05-02,1.0
665907,2021-07-03,0.87
665907,2022-07-08,0.95
665907,2023-11-07,0.98
665907,2024-02-28,1.0
666127,2021-01-20,0.91
666127,2023-05-16,0.94
666127,2024-09-13,0.95
666127,2025-01-20,1.0
666615,2021-02-09,1.0
666763,2021-01-19,0.86
666763,2022-05-16,0.96
666763,2024-06-20,0.98
666763,2025-06-06,1.0
666792,2021-12-01,0.96
666792,2024-05-10,0.99
666792,2025-01-15,1.0
666921,2021-09-21,0.9
666921,2022-10-15,0.98
666921,2025-05-15,1.0
667014,2021-05-22,0.8
667014,2022-01-25,0.89
667014,2023-01-02,0.92
667014,2024-10-17,0.95
667014,2025-05-15,1.0
667095,2021-07-27,0.78
667095,2022-05-27,0.86
667095,2023-02-13,0.91
667095,2024-02-27,0.95
667095,2025-11-13,1.0
667161,2021-11-03,0.96
667161,2024-09-22,1.0
667250,2021-07-29,0.92
667250,2023-11-30,0.98
667250,2025-09-25,1.0
667320,2021-02-12,0.9
667320,2022-01-08,0.97
667320,2024-10-08,1.0
667341,2021-09-11,0.96
667341,2023-10-03,1.0
667447,2021-05-30,0.86
667447,2022-06-02,0.93
667447,2023-01-10,0.97
667447,2025-02-02,1.0
667538,2021-03-23,0.9
667538,2022-01-01,1.0
667694,2021-05-02,0.84
667694,2022-09-30,0.91
667694,2023-03-10,0.94
667694,2024-08-03,0.96
667694,2025-01-06,1.0
667708,2021-05-09,0.83
667708,2022-09-06,0.89
667708,2023-05-30,0.93
667708,2024-07-25,0.98
667708,2025-04-01,1.0
667972,2021-06-18,0.86
667972,2022-06-24,0.93
667972,2023-03-06,0.98
667972,2024-10-19,1.0
668029,2021-11-16,0.84
668029,2022-03-21,0.9
668029,2023-12-20,0.96
668029,2024-01-10,0.97
668029,2025-04-30,1.0
668076,2021-01-22,0.91
668076,2022-11-05,1.0
668207,2021-12-09,0.83
668207,2022-11-30,0.91
668207,2023-09-15,0.95
668207,2024-02-27,0.98
668207,2025-03-29,1.0
668328,2021-06-09,0.94
668328,2023-01-29,0.97
668328,2025-06-03,1.0
668456,2021-04-02,0.92
668456,2022-05-17,0.99
668456,2025-03-30,1.0
668497,2021-11-10,0.85
668497,2022-01-30,0.94
668497,2023-07-30,0.97
668497,2025-03-29,1.0
668520,2021-05-29,0.85
668520,2022-12-25,0.93
668520,2024-11-14,0.97
668520,2025-06-10,1.0
668667,2021-04-21,0.84
668667,2022-08-10,0.9
668667,2023-04-15,0.93
668667,2024-06-10,0.97
668667,2025-04-30,1.0
668686,2021-02-12,0.84
668686,2022-02-13,0.92
668686,2023-05-02,0.97
668686,2025-09-18,1.0
668832,2021-06-02,0.86
668832,2022-08-31,0.93
668832,2024-06-26,0.98
668832,2025-07-11,1.0
668959,2021-07-19,0.86
668959,2022-08-19,0.93
668959,2023-12-18,0.98
668959,2024-02-21,1.0
668971,2021-08-02,0.85
668971,2022-09-23,0.91
668971,2023-10-28,0.97
668971,2024-03-12,1.0
669115,2021-04-18,0.95
669115,2023-09-02,0.99
669115,2024-07-18,1.0
669229,2021-10-14,0.84
669229,2022-04-02,0.93
669229,2024-08-14,0.98
669229,2025-01-27,1.0
669249,2021-05-07,0.88
669249,2022-10-25,0.96
669249,2023-07-23,0.98
669249,2025-08-02,1.0
669343,2021-07-04,0.87
669343,2022-11-17,0.96
669343,2024-07-20,0.98
669343,2025-06-12,1.0
669499,2021-03-10,0.88
669499,2022-10-25,0.95
669499,2024-04-30,1.0
669594,2021-08-11,0.85
669594,2022-04-04,0.95
669594,2025-09-01,1.0
669705,2021-12-14,0.84
669705,2022-10-13,0.92
669705,2023-07-05,0.96
669705,2024-01-24,1.0
669938,2021-06-06,0.87
669938,2022-10-31,0.94
669938,2023-01-08,0.96
669938,2024-10-03,1.0
669997,2021-08-08,0.87
669997,2022-06-23,0.95
669997,2023-01-08,0.97
669997,2024-03-24,1.0
670012,2021-03-02,0.91
670012,2023-12-06,0.96
670012,2025-02-15,1.0
670026,2021-07-04,0.94
670026,2024-02-15,0.97
670026,2025-02-09,1.0
670039,2021-06-24,1.0
670045,2021-11-21,0.87
670045,2023-06-18,0.92
670045,2024-04-07,0.96
670045,2025-07-17,1.0
670561,2021-11-19,0.83
670561,2022-04-20,0.9
670561,2023-09-30,0.95
670561,2024-08-21,0.99
670561,2025-02-10,1.0
670618,2021-08-23,0.83
670618,2022-10-12,0.91
670618,2023-09-03,0.94
670618,2024-05-28,0.99
670618,2025-03-23,1.0
670770,2021-10-02,0.91
670770,2023-08-06,0.93
670770,2024-06-22,0.97
670770,2025-06-22,1.0
670933,2021-10-10,0.88
670933,2022-01-28,0.96
670933,2024-12-03,0.98
670933,2025-05-02,1.0
670960,2021-01-26,0.96
670960,2024-06-21,0.97
670960,2025-11-05,1.0
671071,2021-06-18,0.85
671071,2022-09-14,0.94
671071,2023-01-05,0.99
671071,2025-11-15,1.0
671236,2021-03-17,0.84
671236,2022-05-15,0.92
671236,2023-12-06,0.98
671236,2025-03-21,1.0
671262,2021-01-26,0.84
671262,2022-05-04,0.93
671262,2023-08-06,0.97
671262,2025-06-20,1.0
671299,2021-11-20,0.95
671299,2023-08-05,0.98
671299,2024-01-19,1.0
671349,2021-07-26,0.91
671349,2022-02-24,0.98
671349,2024-05-16,1.0
671448,2021-03-28,0.81
671448,2022-06-25,0.9
671448,2023-11-04,0.95
671448,2024-06-21,1.0
671811,2021-05-03,0.86
671811,2022-11-15,0.94
671811,2023-08-19,0.96
671811,2024-06-09,1.0
671944,2021-09-22,0.95
671944,2023-02-17,0.98
671944,2024-10-12,0.99
671944,2025-01-13,1.0
671993,2021-10-05,0.81
671993,2022-05-15,0.9
671993,2023-04-11,0.95
671993,2024-07-24,0.97
671993,2025-04-15,1.0
672086,2021-03-26,0.92
672086,2023-10-31,0.97
672086,2024-05-26,0.99
672086,2025-12-27,1.0
672194,2021-08-24,0.88
672194,2022-01-19,0.98
672194,2023-08-23,1.0
672228,2021-10-21,0.89
672228,2022-10-24,0.95
672228,2023-07-31,0.97
672228,2024-02-02,1.0
672407,2021-01-29,0.84
672407,2022-12-01,0.92
672407,2023-11-25,0.95
672407,2024-11-13,0.96
672407,2025-02-12,1.0
672442,2021-02-10,0.98
672442,2024-09-23,1.0
672595,2021-02-11,0.85
672595,2022-08-17,0.94
672595,2024-03-09,0.95
672595,2025-07-17,1.0
672727,2021-10-16,0.98
672727,2023-10-12,1.0
672931,2021-04-13,0.84
672931,2022-10-23,0.92
672931,2023-01-21,0.98
672931,2024-03-09,1.0
672997,2021-08-30,0.86
672997,2022-08-12,0.95
672997,2025-08-25,1.0
673145,2021-11-13,0.93
673145,2023-08-13,0.97
673145,2024-06-17,1.0
673204,2021-05-02,0.88
673204,2023-10-31,0.93
673204,2024-03-12,0.96
673204,2025-05-07,1.0
673338,2021-10-17,0.9
673338,2022-04-27,0.97
673338,2024-08-11,1.0
673412,2021-07-22,0.78
673412,2022-06-21,0.87
673412,2023-11-03,0.92
673412,2024-09-17,0.95
673412,2025-03-02,1.0
673565,2021-06-10,0.94
673565,2023-12-26,0.96
673565,2024-01-08,0.97
673565,2025-12-10,1.0
673894,2021-01-19,0.85
673894,2022-12-11,0.93
673894,2023-08-05,0.96
673894,2024-08-15,0.99
673894,2025-12-02,1.0
673921,2021-01-06,0.87
673921,2022-02-09,0.95
673921,2023-02-26,0.97
673921,2024-07-14,1.0
673940,2021-02-09,0.93
673940,2023-12-13,0.96
673940,2024-11-24,1.0
674067,2021-06-04,0.98
674067,2024-06-25,1.0
674080,2021-05-28,0.89
674080,2022-09-24,0.99
674080,2024-10-11,1.0
674294,2021-12-12,0.84
674294,2022-09-06,0.93
674294,2023-01-22,0.96
674294,2024-06-19,0.98
674294,2025-08-28,1.0
674328,2021-08-24,0.94
674328,2023-07-27,0.97
674328,2024-06-18,0.99
674328,2025-12-18,1.0
674413,2021-03-06,0.92
674413,2023-01-22,0.95
674413,2025-03-27,1.0
674426,2021-12-08,0.86
674426,2022-05-07,0.96
674426,2025-05-12,1.0
674596,2021-11-09,0.95
674596,2023-01-28,0.99
674596,2024-12-03,1.0
674686,2021-07-18,0.93
674686,2023-01-23,0.97
674686,2024-05-05,0.99
674686,2025-11-04,1.0
674715,2021-03-16,0.95
674715,2023-08-25,0.98
674715,2025-12-20,1.0
674805,2021-04-27,0.93
674805,2023-03-30,0.96
674805,2024-01-01,0.98
674805,2025-10-31,1.0
674828,2021-09-21,0.95
674828,2023-08-23,0.97
674828,2025-01-18,1.0
675102,2021-11-04,0.85
675102,2022-10-04,0.93
675102,2024-09-19,0.95
675102,2025-01-17,1.0
675107,2021-03-11,0.85
675107,2022-02-13,0.92
675107,2023-06-27,0.96
675107,2025-03-25,1.0
675286,2021-02-20,0.87
675286,2022-12-30,0.95
675286,2023-04-16,0.99
675286,2025-10-09,1.0
675427,2021-01-27,0.85
675427,2022-04-15,0.92
675427,2023-01-17,0.95
675427,2024-07-16,0.98
675427,2025-12-11,1.0
675433,2021-12-23,0.87
675433,2022-07-20,0.95
675433,2024-10-03,0.98
675433,2025-10-21,1.0
675462,2021-03-05,0.94
675462,2023-11-04,0.97
675462,2024-12-16,1.0
675465,2021-04-20,0.86
675465,2022-03-16,0.93
675465,2024-01-31,0.95
675465,2025-01-26,1.0
675635,2021-11-10,0.89
675635,2022-02-11,0.96
675635,2023-02-21,1.0
675736,2021-01-05,0.92
675736,2024-11-14,0.95
675736,2025-09-19,1.0
675765,2021-03-27,1.0
675772,2021-04-27,0.82
675772,2022-12-01,0.89
675772,2023-11-14,0.93
675772,2024-11-12,0.97
675772,2025-03-28,1.0
675808,2021-10-10,0.91
675808,2023-05-07,0.96
675808,2025-05-22,1.0
675902,2021-11-06,0.88
675902,2022-08-02,0.94
675902,2023-05-01,0.99
675902,2025-10-09,1.0
675941,2021-10-19,0.83
675941,2022-01-21,0.92
675941,2023-05-20,0.96
675941,2024-08-30,0.98
675941,2025-12-07,1.0
675997,2021-12-30,0.92
675997,2023-03-15,0.97
675997,2024-08-15,1.0
676186,2021-10-10,0.83
676186,2022-04-15,0.91
676186,2023-04-07,0.94
676186,2024-06-03,0.98
676186,2025-12-13,1.0
676258,2021-04-17,0.96
676258,2024-05-22,0.99
676258,2025-09-09,1.0
676276,2021-11-16,0.87
676276,2022-10-31,0.94
676276,2023-05-09,1.0
676287,2021-01-17,0.9
676287,2022-04-18,0.96
676287,2023-04-01,1.0
676337,2021-06-12,0.82
676337,2022-05-14,0.9
676337,2023-12-13,0.95
676337,2024-09-12,0.97
676337,2025-08-09,1.0
676379,2021-05-03,0.9
676379,2022-04-12,0.96
676379,2023-01-23,0.98
676379,2025-04-21,1.0
676529,2021-01-20,0.94
676529,2023-04-01,0.98
676529,2024-10-05,1.0
676535,2021-08-29,0.84
676535,2022-11-20,0.92
676535,2023-08-10,0.95
676535,2024-09-21,0.98
676535,2025-01-18,1.0
676926,2021-01-26,0.9
676926,2023-03-28,0.95
676926,2024-02-08,1.0
677039,2021-12-30,0.89
677039,2023-02-05,0.92
677039,2024-05-06,0.95
677039,2025-03-05,1.0
677044,2021-12-27,0.93
677044,2023-09-23,0.97
677044,2024-03-10,1.0
677338,2021-07-11,0.84
677338,2022-01-27,0.93
677338,2024-03-02,0.98
677338,2025-07-01,1.0
677477,2021-10-18,0.89
677477,2022-12-15,0.96
677477,2024-11-11,0.98
677477,2025-04-19,1.0
677535,2021-09-16,0.88
677535,2022-09-30,0.94
677535,2023-04-26,0.99
677535,2025-09-23,1.0
677624,2021-01-12,0.84
677624,2022-07-12,0.93
677624,2024-03-30,0.97
677624,2025-12-24,1.0
677721,2021-03-20,0.84
677721,2022-03-16,0.92
677721,2023-10-19,0.95
677721,2024-07-09,0.98
677721,2025-02-11,1.0
677808,2021-09-12,0.93
677808,2023-05-05,0.95
677808,2024-02-22,0.97
677808,2025-10-30,1.0
677885,2021-09-29,0.84
677885,2022-03-15,0.9
677885,2023-09-21,0.95
677885,2024-10-30,1.0
677979,2021-07-16,0.84
677979,2022-07-05,0.94
677979,2024-12-15,0.98
677979,2025-08-28,1.0
678511,2021-09-10,0.91
678511,2023-01-10,0.96
678511,2025-04-22,1.0
678560,2021-01-17,0.95
678560,2023-06-17,0.97
678560,2024-12-03,1.0
678627,2021-05-24,0.84
678627,2022-05-27,0.91
678627,2023-09-29,0.95
678627,2024-12-17,1.0
678953,2021-10-06,0.97
678953,2023-07-24,1.0
679015,2021-10-22,0.83
679015,2022-07-22,0.91
679015,2023-09-13,0.94
679015,2024-11-06,0.96
679015,2025-09-22,1.0
679192,2021-05-27,0.84
679192,2022-07-22,0.92
679192,2023-04-19,0.97
679192,2025-03-16,1.0
679203,2021-08-12,0.97
679203,2025-01-28,1.0
679205,2021-10-28,0.85
679205,2022-05-04,0.94
679205,2023-05-18,0.96
679205,2025-04-17,1.0
679295,2021-03-22,0.84
679295,2022-09-16,0.92
679295,2023-08-05,0.97
679295,2024-10-11,0.99
679295,2025-11-30,1.0
679436,2021-03-16,0.89
679436,2023-09-03,0.94
679436,2024-11-01,0.96
679436,2025-02-16,1.0
679614,2021-09-24,0.93
679614,2023-07-09,0.96
679614,2024-12-08,0.99
679614,2025-10-09,1.0
680099,2021-12-20,0.96
680099,2024-05-09,0.99
680099,2025-06-17,1.0
680252,2021-09-02,0.95
680252,2023-09-30,0.97
680252,2024-02-15,1.0
680485,2021-02-03,0.84
680485,2022-09-22,0.92
680485,2023-11-10,0.96
680485,2024-11-30,0.97
680485,2025-09-28,1.0
680615,2021-03-18,0.9
680615,2022-08-06,0.97
680615,2024-10-28,1.0
680635,2021-12-11,0.86
680635,2022-10-27,0.94
680635,2023-12-29,0.98
680635,2024-12-30,1.0
680708,2021-07-17,0.86
680708,2022-10-21,0.94
680708,2023-03-16,0.97
680708,2025-07-10,1.0
680827,2021-03-31,0.83
680827,2022-08-12,0.91
680827,2023-08-11,0.96
680827,2024-12-12,1.0
680854,2021-08-06,0.83
680854,2022-08-03,0.89
680854,2023-08-09,0.93
680854,2024-03-09,0.97
680854,2025-10-20,1.0
680868,2021-03-02,0.92
680868,2023-10-19,0.95
680868,2024-09-29,0.99
680868,2025-01-03,1.0
680953,2021-10-12,0.89
680953,2023-11-19,0.91
680953,2024-01-03,0.95
680953,2025-08-31,1.0
681217,2021-04-04,0.86
681217,2022-06-28,0.95
681217,2023-11-13,0.98
681217,2025-02-18,1.0
681547,2021-08-16,0.94
681547,2023-05-06,0.96
681547,2024-01-21,1.0
681611,2021-03-13,0.83
681611,2022-02-02,0.91
681611,2023-12-02,0.96
681611,2024-09-21,0.99
681611,2025-07-17,1.0
681930,2021-02-28,0.87
681930,2022-06-04,0.95
681930,2024-02-20,0.99
681930,2025-01-29,1.0
682028,2021-02-03,0.87
682028,2022-10-18,0.95
682028,2025-12-27,1.0
682197,2021-05-16,0.85
682197,2022-08-01,0.93
682197,2023-03-12,0.97
682197,2024-11-03,0.99
682197,2025-10-24,1.0
682209,2021-12-30,0.97
682209,2024-04-10,0.98
682209,2025-12-26,1.0
682407,2021-06-19,0.87
682407,2022-12-02,0.93
682407,2023-12-28,0.96
682407,2024-04-14,0.98
682407,2025-12-25,1.0
682413,2021-01-23,0.89
682413,2023-01-15,0.92
682413,2024-10-25,0.96
682413,2025-12-19,1.0
682493,2021-11-07,0.89
682493,2022-08-18,0.98
682493,2025-04-07,1.0
682899,2021-06-18,0.89
682899,2023-01-01,0.94
682899,2024-02-18,0.98
682899,2025-05-16,1.0
682902,2021-03-27,0.88
682902,2022-04-28,0.94
682902,2023-08-11,0.99
682902,2024-07-05,1.0
683090,2021-09-07,0.85
683090,2022-01-22,0.93
683090,2023-10-15,0.95
683090,2025-04-29,1.0
683099,2021-10-12,0.87
683099,2022-10-31,0.94
683099,2023-07-05,1.0
683120,2021-06-17,0.87
683120,2022-10-26,0.96
683120,2023-01-23,0.99
683120,2024-06-16,1.0
683134,2021-01-09,0.83
683134,2022-10-13,0.91
683134,2023-11-14,0.96
683134,2025-04-22,1.0
683144,2021-01-21,0.88
683144,2023-01-24,0.93
683144,2024-03-29,0.96
683144,2025-04-04,1.0
683236,2021-05-06,0.85
683236,2022-01-14,0.91
683236,2023-01-12,0.97
683236,2024-02-12,0.98
683236,2025-06-01,1.0
683244,2021-12-18,0.95
683244,2025-05-06,1.0
683257,2021-03-15,0.86
683257,2022-07-10,0.94
683257,2024-09-29,0.97
683257,2025-01-09,1.0
683280,2021-12-29,0.91
683280,2023-10-04,0.93
683280,2024-09-29,0.96
683280,2025-02-18,1.0
683412,2021-09-29,0.97
683412,2025-07-21,1.0
683558,2021-04-07,0.9
683558,2022-02-21,0.96
683558,2023-07-11,1.0
683605,2021-07-05,0.85
683605,2022-06-02,0.93
683605,2023-12-21,0.97
683605,2024-09-05,0.98
683605,2025-01-20,1.0
683618,2021-10-07,0.87
683618,2022-08-07,0.95
683618,2024-07-11,0.98
683618,2025-03-03,1.0
683623,2021-03-14,0.89
683623,2022-06-17,0.96
683623,2024-05-13,0.99
683623,2025-05-31,1.0
683675,2021-01-01,0.85
683675,2022-03-06,0.92
683675,2023-02-13,0.94
683675,2024-10-29,0.96
683675,2025-02-22,1.0
683755,2021-06-20,0.83
683755,2022-02-04,0.9
683755,2023-07-05,0.95
683755,2024-03-17,0.96
683755,2025-05-18,1.0
683757,2021-08-23,0.87
683757,2022-02-04,0.95
683757,2023-05-29,0.97
683757,2024-12-14,0.99
683757,2025-07-04,1.0
683787,2021-04-08,0.85
683787,2022-10-01,0.92
683787,2023-10-19,0.95
683787,2024-05-02,0.99
683787,2025-01-11,1.0
683823,2021-12-16,0.89
683823,2023-08-11,0.93
683823,2024-07-28,0.96
683823,2025-01-11,1.0
684013,2021-06-29,0.94
684013,2024-01-15,0.97
684013,2025-09-08,1.0
684243,2021-01-09,0.89
684243,2023-01-27,0.93
684243,2024-08-26,0.95
684243,2025-09-24,1.0
684481,2021-07-02,0.99
684481,2024-02-14,1.0
684534,2021-07-28,0.91
684534,2023-09-22,0.95
684534,2024-09-25,1.0
684858,2021-12-27,0.84
684858,2022-02-14,0.9
684858,2023-06-23,0.95
684858,2024-02-21,0.98
684858,2025-03-23,1.0
685118,2021-08-17,0.89
685118,2022-09-07,0.95
685118,2024-09-04,0.97
685118,2025-04-19,1.0
685297,2021-09-18,0.91
685297,2023-01-28,0.96
685297,2024-02-14,0.98
685297,2025-03-13,1.0
685309,2021-12-29,0.9
685309,2022-11-02,0.96
685309,2023-05-06,0.97
685309,2025-07-05,1.0
685385,2021-06-14,0.92
685385,2024-03-11,0.96
685385,2025-08-30,1.0
685539,2021-10-14,0.86
685539,2022-07-06,0.93
685539,2023-04-07,0.98
685539,2024-03-05,1.0
685726,2021-12-10,0.9
685726,2023-01-12,0.94
685726,2024-03-05,0.99
685726,2025-10-07,1.0
685772,2021-03-05,0.89
685772,2022-01-08,0.97
685772,2025-01-03,1.0
686392,2021-08-10,0.91
686392,2022-12-01,1.0
686410,2021-01-10,0.86
686410,2022-10-27,0.93
686410,2024-11-05,0.98
686410,2025-09-23,1.0
686536,2021-01-17,0.84
686536,2022-10-11,0.93
686536,2023-12-30,0.97
686536,2025-04-08,1.0
686541,2021-07-18,0.85
686541,2022-12-13,0.94
686541,2023-10-22,0.96
686541,2024-01-08,1.0
686661,2021-01-12,0.91
686661,2022-02-24,1.0
686679,2021-01-06,0.93
686679,2023-04-04,0.96
686679,2024-11-26,1.0
686739,2021-04-28,0.95
686739,2025-07-08,1.0
686802,2021-11-12,0.89
686802,2022-08-31,0.96
686802,2024-01-07,1.0
687105,2021-06-22,0.88
687105,2022-02-21,0.94
687105,2023-01-16,0.96
687105,2024-12-06,0.98
687105,2025-05-01,1.0
687132,2021-03-28,0.81
687132,2022-11-14,0.9
687132,2023-05-12,0.94
687132,2024-09-25,0.99
687132,2025-10-02,1.0
687436,2021-07-01,0.87
687436,2022-03-26,0.97
687436,2025-10-16,1.0
687496,2021-04-14,0.82
687496,2022-06-14,0.91
687496,2023-05-02,0.97
687496,2025-08-07,1.0
687497,2021-04-19,0.91
687497,2023-03-26,0.92
687497,2024-09-14,0.95
687497,2025-10-29,1.0
687892,2021-10-11,0.85
687892,2022-02-09,0.92
687892,2023-06-25,0.96
687892,2024-05-06,1.0
688058,2021-02-04,0.88
688058,2022-12-17,0.96
688058,2024-03-26,1.0
688168,2021-09-09,0.98
688168,2024-04-28,0.99
688168,2025-10-15,1.0
688407,2021-09-29,0.83
688407,2022-07-03,0.9
688407,2023-09-18,0.93
688407,2024-05-12,0.96
688407,2025-10-24,1.0
688461,2021-08-11,0.9
688461,2022-01-30,0.99
688461,2025-04-18,1.0
688489,2021-10-18,0.82
688489,2022-09-04,0.9
688489,2023-07-05,0.95
688489,2024-12-24,1.0
688640,2021-05-14,0.94
688640,2023-03-19,0.97
688640,2025-02-04,1.0
688646,2021-07-21,0.88
688646,2022-01-10,0.94
688646,2023-08-14,0.96
688646,2024-09-27,0.99
688646,2025-11-10,1.0
688764,2021-04-21,0.95
688764,2023-05-24,1.0
688866,2021-08-28,0.97
688866,2025-05-29,1.0
688907,2021-02-04,0.84
688907,2022-06-16,0.94
688907,2023-06-16,0.96
688907,2025-08-24,1.0
689060,2021-07-23,0.81
689060,2022-02-01,0.88
689060,2023-10-21,0.92
689060,2024-03-02,0.95
689060,2025-08-08,1.0
689090,2021-09-18,0.81
689090,2022-12-02,0.88
689090,2023-07-14,0.93
689090,2024-10-24,0.95
689090,2025-09-15,1.0
689197,2021-08-31,0.84
689197,2022-05-28,0.91
689197,2024-09-15,0.95
689197,2025-01-02,1.0
689260,2021-12-01,0.83
689260,2022-04-05,0.92
689260,2024-12-16,0.96
689260,2025-04-23,1.0
689296,2021-03-09,0.85
689296,2022-12-22,0.92
689296,2023-01-08,0.95
689296,2025-08-22,1.0
689311,2021-05-28,0.88
689311,2022-04-20,0.97
689311,2023-07-14,0.98
689311,2025-02-11,1.0
689377,2021-11-23,0.82
689377,2022-06-19,0.91
689377,2023-02-20,0.93
689377,2024-01-27,0.96
689377,2025-11-29,1.0
689389,2021-03-26,0.88
689389,2022-10-20,0.97
689389,2023-11-25,0.98
689389,2025-06-26,1.0
689404,2021-07-29,0.83
689404,2022-09-13,0.92
689404,2023-09-26,0.94
689404,2024-03-11,0.97
689404,2025-07-14,1.0
689531,2021-12-10,0.87
689531,2022-12-30,0.94
689531,2023-11-21,0.95
689531,2025-02-14,1.0
689731,2021-12-11,0.91
689731,2022-09-11,0.98
689731,2025-02-25,1.0
689860,2021-07-29,0.83
689860,2022-05-22,0.92
689860,2023-01-03,0.95
689860,2024-12-19,0.98
689860,2025-07-22,1.0
690035,2021-01-24,0.98
690035,2025-10-12,1.0
690144,2021-01-05,0.89
690144,2022-07-05,0.97
690144,2023-12-30,0.99
690144,2025-05-06,1.0
690150,2021-01-13,0.91
690150,2023-06-12,0.96
690150,2025-12-03,1.0
690413,2021-09-10,0.83
690413,2022-07-31,0.92
690413,2023-11-15,0.94
690413,2024-01-10,0.99
690413,2025-09-13,1.0
690462,2021-08-25,0.91
690462,2023-03-22,0.95
690462,2024-04-24,0.99
690462,2025-05-31,1.0
690526,2021-08-17,0.89
690526,2022-06-23,0.97
690526,2024-07-12,1.0
690740,2021-02-24,0.8
690740,2022-09-06,0.87
690740,2023-06-12,0.92
690740,2024-06-16,0.95
690740,2025-11-19,1.0
690742,2021-10-10,0.85
690742,2022-10-23,0.92
690742,2023-10-18,0.95
690742,2024-08-31,0.97
690742,2025-12-27,1.0
690862,2021-02-11,1.0
690975,2021-11-11,0.9
690975,2023-11-27,0.95
690975,2025-11-13,1.0
691087,2021-02-08,0.88
691087,2023-10-17,0.91
691087,2024-01-13,0.95
691087,2025-08-02,1.0
691257,2021-08-22,0.89
691257,2022-05-20,0.96
691257,2023-11-13,0.99
691257,2024-03-10,1.0
691419,2021-01-04,0.86
691419,2022-05-01,0.94
691419,2023-03-30,0.98
691419,2024-11-03,0.99
691419,2025-03-26,1.0
691464,2021-12-02,0.86
691464,2022-09-04,0.95
691464,2024-10-27,1.0
691482,2021-03-12,0.84
691482,2022-11-03,0.91
691482,2023-09-18,0.93
691482,2024-10-26,0.97
691482,2025-01-30,1.0
691550,2021-03-30,0.95
691550,2025-02-17,1.0
691748,2021-04-21,0.89
691748,2023-12-23,0.94
691748,2024-10-12,0.97
691748,2025-05-27,1.0
691915,2021-04-14,0.91
691915,2023-08-19,0.96
691915,2024-10-26,1.0
692038,2021-07-22,0.86
692038,2022-02-18,0.93
692038,2023-05-30,0.99
692038,2024-04-11,1.0
692039,2021-05-31,0.86
692039,2022-05-22,0.93
692039,2023-10-27,0.96
692039,2024-11-26,1.0
692212,2021-10-19,0.83
692212,2022-07-30,0.88
692212,2023-12-10,0.9
692212,2024-01-06,0.95
692212,2025-09-19,1.0
692257,2021-01-20,0.85
692257,2022-01-05,0.95
692257,2023-06-13,0.99
692257,2024-03-05,1.0
692597,2021-08-21,0.97
692597,2024-01-05,1.0
692853,2021-03-18,0.89
692853,2022-01-19,0.96
692853,2023-09-28,0.97
692853,2025-05-06,1.0
693151,2021-11-01,0.95
693151,2023-06-28,0.96
693151,2025-11-18,1.0
693271,2021-07-14,0.93
693271,2023-09-10,0.95
693271,2024-07-23,0.96
693271,2025-09-05,1.0
693285,2021-04-12,0.83
693285,2022-03-25,0.89
693285,2023-03-12,0.95
693285,2024-09-04,0.97
693285,2025-04-17,1.0
693316,2021-01-09,0.8
693316,2022-12-01,0.89
693316,2023-09-07,0.92
693316,2024-07-04,0.97
693316,2025-05-28,1.0
693743,2021-10-30,0.83
693743,2022-01-14,0.92
693743,2023-08-30,0.96
693743,2025-09-15,1.0
693811,2021-10-25,0.91
693811,2022-10-09,1.0
693873,2021-12-25,0.84
693873,2022-02-10,0.93
693873,2024-12-08,0.96
693873,2025-11-20,1.0
693946,2021-08-26,0.88
693946,2022-02-04,0.95
693946,2024-06-26,1.0
694013,2021-02-15,0.92
694013,2022-02-19,0.99
694013,2025-08-13,1.0
694023,2021-02-27,0.88
694023,2022-09-29,0.94
694023,2023-03-15,0.96
694023,2024-05-09,0.99
694023,2025-06-04,1.0
694342,2021-09-26,0.95
694342,2024-10-30,1.0
694390,2021-08-21,0.85
694390,2022-04-01,0.91
694390,2023-05-26,0.93
694390,2024-12-11,0.97
694390,2025-12-23,1.0
694399,2021-09-06,0.9
694399,2023-07-20,0.94
694399,2024-03-11,0.99
694399,2025-11-06,1.0
694411,2021-06-22,0.87
694411,2022-09-19,0.96
694411,2023-07-05,1.0
694421,2021-11-26,0.92
694421,2022-09-28,0.98
694421,2023-06-05,1.0
694496,2021-05-12,0.89
694496,2022-09-05,0.95
694496,2023-01-21,0.98
694496,2024-10-29,1.0
694551,2021-03-10,0.89
694551,2023-04-19,0.91
694551,2024-09-15,0.95
694551,2025-12-31,1.0
694552,2021-05-09,0.81
694552,2022-05-23,0.9
694552,2023-09-29,0.93
694552,2024-03-29,0.96
694552,2025-06-26,1.0
694695,2021-03-27,0.92
694695,2023-05-07,0.94
694695,2024-05-13,0.96
694695,2025-02-24,1.0
694801,2021-11-21,0.89
694801,2022-01-02,0.98
694801,2023-12-02,1.0
694887,2021-05-01,0.91
694887,2023-04-03,0.93
694887,2024-01-26,0.97
694887,2025-12-22,1.0
694941,2021-08-29,0.87
694941,2022-03-28,0.95
694941,2024-03-03,0.96
694941,2025-12-05,1.0
695024,2021-07-04,0.86
695024,2022-02-10,0.92
695024,2023-06-08,0.98
695024,2024-04-15,1.0
695060,2021-07-11,0.97
695060,2024-12-07,0.99
695060,2025-05-29,1.0
695114,2021-01-03,0.84
695114,2022-06-18,0.93
695114,2023-09-16,0.98
695114,2025-05-10,1.0
695301,2021-07-17,0.82
695301,2022-07-23,0.91
695301,2023-11-17,0.92
695301,2024-09-20,0.97
695301,2025-05-06,1.0
695349,2021-08-04,0.79
695349,2022-12-13,0.88
695349,2023-09-04,0.92
695349,2024-08-09,0.96
695349,2025-08-29,1.0
695418,2021-12-24,0.83
695418,2022-11-05,0.91
695418,2023-09-19,0.94
695418,2024-09-23,0.98
695418,2025-04-06,1.0
695426,2021-11-25,0.9
695426,2023-08-18,0.91
695426,2024-08-28,0.95
695426,2025-05-14,1.0
695541,2021-04-11,0.98
695541,2024-08-04,1.0
695542,2021-03-25,0.91
695542,2022-12-15,0.99
695542,2024-02-15,1.0
695929,2021-09-05,0.88
695929,2022-09-28,0.96
695929,2024-10-27,0.99
695929,2025-01-03,1.0
695988,2021-10-02,0.85
695988,2022-09-27,0.92
695988,2023-03-21,0.96
695988,2025-03-05,1.0
696146,2021-12-25,0.92
696146,2024-06-27,0.95
696146,2025-05-03,1.0
696318,2021-12-19,0.82
696318,2022-03-19,0.91
696318,2024-05-27,0.95
696318,2025-08-04,1.0
696438,2021-07-26,0.82
696438,2022-04-15,0.91
696438,2023-03-11,0.96
696438,2024-12-06,1.0
696558,2021-10-21,0.9
696558,2023-02-23,0.92
696558,2024-04-01,0.95
696558,2025-10-14,1.0
696971,2021-12-03,0.83
696971,2022-06-26,0.92
696971,2023-04-28,0.94
696971,2024-01-24,0.95
696971,2025-08-30,1.0
697252,2021-06-10,0.95
697252,2025-09-24,1.0
697389,2021-06-21,0.82
697389,2022-08-28,0.89
697389,2023-08-22,0.93
697389,2024-02-23,0.98
697389,2025-09-16,1.0
697610,2021-03-03,0.91
697610,2023-05-23,0.96
697610,2024-09-08,0.99
697610,2025-02-01,1.0
697652,2021-11-25,0.87
697652,2022-02-27,0.96
697652,2023-05-21,0.98
697652,2025-05-14,1.0
697690,2021-03-04,0.84
697690,2022-05-04,0.92
697690,2023-01-29,0.96
697690,2025-10-24,1.0
697923,2021-12-06,0.85
697923,2022-05-21,0.91
697923,2023-05-14,0.95
697923,2024-02-27,1.0
697990,2021-06-13,0.82
697990,2022-02-21,0.91
697990,2023-04-06,0.95
697990,2025-07-13,1.0
698237,2021-02-01,0.88
698237,2022-11-29,0.97
698237,2023-08-29,1.0
698254,2021-10-09,0.84
698254,2022-03-19,0.92
698254,2023-05-06,0.97
698254,2025-12-09,1.0
698311,2021-12-29,0.82
698311,2022-07-14,0.9
698311,2023-02-10,0.92
698311,2024-10-14,0.95
698311,2025-11-14,1.0
698330,2021-12-02,0.87
698330,2022-05-19,0.96
698330,2024-05-06,0.99
698330,2025-04-13,1.0
698503,2021-04-01,0.86
698503,2022-05-25,0.95
698503,2024-10-29,0.97
698503,2025-08-29,1.0
698862,2021-11-07,0.82
698862,2022-01-24,0.89
698862,2023-07-03,0.92
698862,2024-05-31,0.95
698862,2025-07-24,1.0
698911,2021-06-14,0.99
698911,2023-12-19,1.0
699011,2021-01-25,0.89
699011,2022-03-23,0.96
699011,2023-08-10,0.98
699011,2024-03-19,1.0
699059,2021-12-26,0.9
699059,2023-03-22,0.95
699059,2024-08-19,1.0
699084,2021-02-05,0.87
699084,2022-09-06,0.94
699084,2024-11-23,0.96
699084,2025-09-10,1.0
699142,2021-10-01,0.87
699142,2022-06-05,0.96
699142,2024-06-09,0.99
699142,2025-08-22,1.0
699144,2021-12-01,0.82
699144,2022-10-06,0.9
699144,2023-01-20,0.93
699144,2024-12-01,0.96
699144,2025-07-14,1.0
699300,2021-12-04,0.87
699300,2022-03-06,0.96
699300,2024-06-21,0.98
699300,2025-03-14,1.0
699537,2021-03-16,0.87
699537,2022-09-29,0.97
699537,2023-05-01,1.0
699628,2021-05-09,0.82
699628,2022-07-13,0.89
699628,2023-04-26,0.92
699628,2024-09-12,0.97
699628,2025-07-19,1.0
699647,2021-03-04,0.92
699647,2023-04-01,0.96
699647,2024-01-02,1.0
699859,2021-06-26,0.87
699859,2022-01-05,0.96
699859,2023-03-01,0.98
699859,2024-01-20,1.0
699893,2021-03-23,0.83
699893,2022-01-20,0.89
699893,2023-01-11,0.93
699893,2024-04-07,0.97
699893,2025-12-29,1.0
700041,2021-04-23,0.9
700041,2022-08-30,0.99
700041,2024-03-02,1.0
700245,2021-06-12,0.91
700245,2023-05-09,0.94
700245,2024-06-20,0.98
700245,2025-11-07,1.0
700308,2021-05-12,0.82
700308,2022-02-21,0.9
700308,2023-05-25,0.94
700308,2024-08-07,0.96
700308,2025-06-13,1.0
700373,2021-08-24,0.84
700373,2022-04-05,0.91
700373,2023-01-30,0.95
700373,2024-10-14,0.99
700373,2025-05-09,1.0
700387,2021-04-27,0.89
700387,2022-07-23,0.98
700387,2024-05-02,0.99
700387,2025-01-17,1.0
700480,2021-10-27,0.82
700480,2022-02-09,0.88
700480,2023-10-22,0.93
700480,2024-12-19,0.98
700480,2025-07-09,1.0
700517,2021-10-27,0.92
700517,2022-11-16,0.98
700517,2025-04-12,1.0
700560,2021-12-27,0.79
700560,2022-01-18,0.86
700560,2023-06-01,0.9
700560,2024-04-07,0.95
700560,2025-07-28,1.0
700596,2021-07-27,0.9
700596,2022-01-09,1.0
700639,2021-09-04,0.84
700639,2022-07-22,0.92
700639,2024-04-17,0.96
700639,2025-09-23,1.0
700713,2021-10-17,0.86
700713,2022-10-01,0.92
700713,2023-04-30,0.96
700713,2024-12-25,0.98
700713,2025-01-23,1.0
700729,2021-06-05,0.92
700729,2024-11-03,0.97
700729,2025-04-28,1.0
700736,2021-07-14,0.83
700736,2022-06-23,0.9
700736,2023-10-06,0.92
700736,2024-02-17,0.95
700736,2025-08-26,1.0
701029,2021-12-12,0.91
701029,2023-05-09,0.93
701029,2024-02-18,0.96
701029,2025-08-30,1.0
701225,2021-11-07,0.89
701225,2022-03-13,0.95
701225,2023-08-14,0.96
701225,2024-09-06,0.97
701225,2025-07-31,1.0
701252,2021-05-30,0.88
701252,2022-02-28,0.96
701252,2023-11-20,0.99
701252,2024-12-30,1.0
701316,2021-10-22,0.88
701316,2022-07-27,0.97
701316,2024-11-24,1.0
701411,2021-03-31,0.97
701411,2024-03-30,1.0
701453,2021-12-22,0.94
701453,2023-04-16,0.99
701453,2024-02-24,1.0
701500,2021-03-18,0.89
701500,2022-03-26,0.96
701500,2023-09-21,1.0
701549,2021-12-23,0.86
701549,2022-03-23,0.94
701549,2023-01-11,0.97
701549,2024-10-07,0.99
701549,2025-03-22,1.0
701737,2021-04-05,0.91
701737,2023-08-06,0.96
701737,2025-04-07,1.0
701876,2021-06-13,0.84
701876,2022-10-20,0.93
701876,2023-12-20,0.95
701876,2024-08-24,0.97
701876,2025-11-18,1.0
702002,2021-04-26,0.82
702002,2022-02-27,0.88
702002,2023-07-11,0.92
702002,2024-01-07,0.96
702002,2025-01-24,1.0
702209,2021-05-09,0.95
702209,2023-04-19,0.97
702209,2024-02-05,1.0
702245,2021-01-06,0.94
702245,2023-01-22,0.98
702245,2024-02-27,1.0
702510,2021-12-26,0.85
702510,2022-04-29,0.95
702510,2023-04-26,0.98
702510,2024-11-01,1.0
702632,2021-03-15,0.91
702632,2023-09-05,0.93
702632,2024-04-25,0.97
702632,2025-07-16,1.0
702713,2021-09-16,0.88
702713,2022-12-08,0.97
702713,2024-02-22,1.0
702964,2021-09-30,0.98
702964,2023-01-05,1.0
703003,2021-02-17,0.9
703003,2022-05-08,0.97
703003,2024-02-12,1.0
703261,2021-03-23,0.83
703261,2022-11-14,0.89
703261,2023-05-23,0.92
703261,2024-02-22,0.95
703261,2025-11-24,1.0
703320,2021-07-25,0.8
703320,2022-05-12,0.89
703320,2023-06-29,0.91
703320,2024-05-04,0.95
703320,2025-03-30,1.0
703335,2021-03-22,0.87
703335,2022-01-07,0.96
703335,2025-01-24,1.0
703360,2021-07-10,0.89
703360,2023-03-24,0.94
703360,2024-03-08,0.95
703360,2025-05-13,1.0
703432,2021-02-27,0.88
703432,2022-11-29,0.95
703432,2023-04-19,0.97
703432,2024-04-25,1.0
703535,2021-01-13,0.86
703535,2022-10-08,0.94
703535,2024-06-28,0.95
703535,2025-06-11,1.0
703589,2021-06-06,0.84
703589,2022-06-12,0.92
703589,2023-08-12,0.97
703589,2024-04-29,0.98
703589,2025-01-05,1.0
703617,2021-03-17,0.93
703617,2024-03-20,0.96
703617,2025-09-25,1.0
703689,2021-10-24,0.83
703689,2022-08-18,0.89
703689,2023-11-17,0.94
703689,2024-08-31,0.96
703689,2025-02-02,1.0
703992,2021-09-20,0.97
703992,2024-05-26,0.99
703992,2025-09-13,1.0
704029,2021-11-28,0.96
704029,2023-06-24,0.98
704029,2025-11-12,1.0
704045,2021-05-01,0.87
704045,2022-02-06,0.94
704045,2023-11-17,0.96
704045,2024-06-03,1.0
704077,2021-05-14,0.83
704077,2022-04-10,0.9
704077,2023-08-19,0.94
704077,2024-03-25,0.97
704077,2025-02-05,1.0
704170,2021-12-30,0.93
704170,2023-05-14,0.96
704170,2024-03-15,0.99
704170,2025-10-25,1.0
704518,2021-01-14,0.89
704518,2022-07-29,0.96
704518,2025-01-24,1.0
704526,2021-03-20,0.88
704526,2022-07-08,0.94
704526,2023-06-10,0.97
704526,2025-02-24,1.0
704691,2021-06-23,0.84
704691,2022-11-06,0.92
704691,2023-10-30,0.98
704691,2024-01-20,1.0
704702,2021-12-02,0.94
704702,2023-05-27,0.97
704702,2024-07-24,1.0
704729,2021-04-15,0.91
704729,2024-08-31,0.96
704729,2025-11-11,1.0
704824,2021-01-08,0.85
704824,2022-10-19,0.93
704824,2023-09-17,0.96
704824,2024-09-24,0.98
704824,2025-06-13,1.0
704842,2021-09-26,0.87
704842,2022-07-27,0.94
704842,2023-11-11,0.97
704842,2025-08-07,1.0
704854,2021-03-17,0.91
704854,2023-03-17,0.97
704854,2024-07-24,1.0
704903,2021-03-09,0.92
704903,2023-11-29,0.94
704903,2024-03-11,0.96
704903,2025-01-28,1.0
704981,2021-10-10,0.92
704981,2023-11-02,0.96
704981,2024-12-28,1.0
705020,2021-04-03,0.96
705020,2023-04-29,0.98
705020,2025-06-04,1.0
705047,2021-11-04,0.9
705047,2023-01-20,0.96
705047,2024-12-28,0.98
705047,2025-03-26,1.0
705080,2021-05-02,0.82
705080,2022-05-01,0.88
705080,2023-02-23,0.92
705080,2024-06-04,0.95
705080,2025-06-09,1.0
705123,2021-12-22,0.94
705123,2024-10-01,0.97
705123,2025-07-06,1.0
705288,2021-12-27,0.83
705288,2022-02-10,0.92
705288,2023-02-05,0.97
705288,2025-04-25,1.0
705495,2021-01-24,0.85
705495,2022-12-08,0.94
705495,2023-03-31,0.96
705495,2024-07-28,0.98
705495,2025-12-06,1.0
705506,2021-05-27,0.93
705506,2023-04-28,0.95
705506,2024-08-30,0.97
705506,2025-02-04,1.0
705535,2021-09-07,0.87
705535,2022-07-12,0.94
705535,2023-11-18,0.97
705535,2024-05-26,1.0
705614,2021-12-30,0.87
705614,2022-04-03,0.94
705614,2023-08-30,0.99
705614,2024-02-12,1.0
705683,2021-11-03,0.91
705683,2022-06-11,0.98
705683,2024-01-25,1.0
705724,2021-05-02,0.83
705724,2022-11-20,0.89
705724,2023-05-02,0.94
705724,2024-08-25,0.99
705724,2025-04-13,1.0
705911,2021-04-22,0.91
705911,2024-11-30,0.96
705911,2025-09-29,1.0
706051,2021-01-16,0.85
706051,2022-07-02,0.93
706051,2023-09-20,0.97
706051,2024-01-26,1.0
706161,2021-09-13,0.91
706161,2022-11-29,0.97
706161,2025-05-01,1.0
706337,2021-10-28,0.84
706337,2022-02-21,0.93
706337,2024-11-20,0.96
706337,2025-07-31,1.0
706490,2021-10-21,0.84
706490,2022-11-13,0.92
706490,2023-06-14,0.97
706490,2025-12-08,1.0
706517,2021-10-02,0.87
706517,2022-09-19,0.93
706517,2023-03-21,0.97
706517,2024-04-26,1.0
706624,2021-11-10,0.87
706624,2023-12-26,0.92
706624,2024-08-04,0.96
706624,2025-02-28,1.0
706690,2021-06-26,0.93
706690,2024-12-30,0.97
706690,2025-02-11,1.0
706721,2021-11-07,0.83
706721,2022-12-18,0.92
706721,2023-03-11,0.96
706721,2025-04-30,1.0
706824,2021-11-03,0.88
706824,2022-09-05,0.97
706824,2024-03-06,0.98
706824,2025-05-18,1.0
707135,2021-12-21,0.9
707135,2023-07-12,0.93
707135,2024-08-17,0.96
707135,2025-06-24,1.0
707184,2021-09-17,0.83
707184,2022-01-23,0.91
707184,2023-12-22,0.96
707184,2025-08-20,1.0
707207,2021-01-03,0.83
707207,2022-04-21,0.91
707207,2024-08-21,0.96
707207,2025-06-18,1.0
707340,2021-10-24,0.95
707340,2023-11-13,0.97
707340,2024-10-20,0.98
707340,2025-03-15,1.0
707354,2021-07-03,0.85
707354,2022-07-22,0.94
707354,2023-04-02,0.96
707354,2024-02-06,1.0
707389,2021-07-08,0.81
707389,2022-08-29,0.89
707389,2023-03-19,0.93
707389,2024-05-01,0.95
707389,2025-11-10,1.0
707403,2021-09-19,0.87
707403,2022-01-30,0.97
707403,2023-05-29,1.0
707406,2021-09-12,0.8
707406,2022-06-24,0.87
707406,2023-04-12,0.92
707406,2024-06-26,0.96
707406,2025-11-27,1.0
707473,2021-09-24,0.88
707473,2023-07-01,0.92
707473,2024-04-15,0.96
707473,2025-06-11,1.0
707483,2021-11-03,0.91
707483,2022-02-20,1.0
707618,2021-08-26,0.94
707618,2024-07-15,0.96
707618,2025-03-30,1.0
707680,2021-10-27,0.85
707680,2022-03-26,0.92
707680,2023-11-24,0.94
707680,2024-08-23,0.99
707680,2025-10-20,1.0
707754,2021-02-05,0.9
707754,2023-10-06,0.93
707754,2024-08-12,0.96
707754,2025-04-25,1.0
707804,2021-12-11,0.93
707804,2023-03-21,0.95
707804,2024-11-18,0.99
707804,2025-06-06,1.0
707913,2021-04-05,0.91
707913,2023-08-31,0.94
707913,2024-05-17,0.97
707913,2025-06-26,1.0
707921,2021-05-03,0.88
707921,2022-04-25,0.95
707921,2025-09-01,1.0
707933,2021-07-15,0.84
707933,2022-05-27,0.92
707933,2023-09-07,0.96
707933,2025-04-05,1.0
707957,2021-01-15,0.88
707957,2022-07-21,0.94
707957,2024-09-12,0.98
707957,2025-03-15,1.0
708181,2021-04-13,0.92
708181,2023-04-19,0.94
708181,2024-04-02,0.95
708181,2025-08-07,1.0
708207,2021-12-13,0.88
708207,2022-01-03,0.98
708207,2023-11-11,1.0
708330,2021-01-05,0.88
708330,2022-09-19,0.94
708330,2023-07-17,0.97
708330,2024-05-07,1.0
708446,2021-11-27,0.84
708446,2022-09-10,0.92
708446,2023-03-21,0.96
708446,2024-02-01,0.98
708446,2025-09-22,1.0
708540,2021-01-25,0.84
708540,2022-12-25,0.92
708540,2023-02-25,0.97
708540,2024-02-08,1.0
708589,2021-05-25,0.91
708589,2023-09-11,0.95
708589,2024-05-13,0.98
708589,2025-07-25,1.0
708791,2021-01-29,0.81
708791,2022-11-20,0.89
708791,2023-07-06,0.93
708791,2024-02-26,0.96
708791,2025-06-20,1.0
708889,2021-06-29,0.94
708889,2022-08-19,1.0
708905,2021-09-23,0.94
708905,2023-06-29,0.97
708905,2025-01-22,1.0
708927,2021-11-13,0.85
708927,2022-02-27,0.93
708927,2023-08-31,0.97
708927,2025-02-01,1.0
709095,2021-01-21,0.87
709095,2022-06-30,0.96
709095,2025-05-05,1.0
709119,2021-03-14,0.85
709119,2022-04-20,0.94
709119,2023-03-21,0.98
709119,2025-11-26,1.0
709120,2021-07-25,0.8
709120,2022-07-04,0.88
709120,2023-12-14,0.92
709120,2024-08-23,0.96
709120,2025-06-14,1.0
709236,2021-05-20,0.84
709236,2022-11-15,0.93
709236,2024-01-17,0.97
709236,2025-12-26,1.0
709254,2021-04-23,0.84
709254,2022-04-23,0.9
709254,2023-07-22,0.95
709254,2024-07-07,0.98
709254,2025-06-03,1.0
709321,2021-04-09,0.78
709321,2022-04-17,0.87
709321,2023-04-06,0.92
709321,2024-12-21,0.97
709321,2025-07-13,1.0
709342,2021-09-13,0.82
709342,2022-07-30,0.91
709342,2023-03-15,0.96
709342,2025-12-15,1.0
709436,2021-05-04,0.85
709436,2022-11-06,0.94
709436,2023-07-05,1.0
709490,2021-05-07,0.82
709490,2022-04-02,0.91
709490,2023-03-28,0.96
709490,2024-05-06,1.0
709514,2021-03-03,0.82
709514,2022-06-01,0.9
709514,2023-11-01,0.95
709514,2024-04-14,0.98
709514,2025-12-17,1.0
709524,2021-07-30,0.84
709524,2022-10-28,0.93
709524,2023-09-30,0.97
709524,2025-07-26,1.0
709642,2021-09-22,0.84
709642,2022-06-12,0.93
709642,2023-09-16,0.96
709642,2024-02-09,0.99
709642,2025-11-08,1.0
709702,2021-10-04,0.84
709702,2022-10-23,0.9
709702,2023-08-10,0.94
709702,2024-02-16,0.98
709702,2025-04-25,1.0
709980,2021-06-02,1.0
709988,2021-01-31,0.87
709988,2022-12-22,0.93
709988,2023-12-14,0.96
709988,2024-02-19,0.98
709988,2025-08-04,1.0
710060,2021-10-30,0.93
710060,2023-04-06,0.94
710060,2024-06-02,0.99
710060,2025-01-15,1.0
710107,2021-04-15,0.89
710107,2022-10-27,0.97
710107,2024-07-21,0.98
710107,2025-05-18,1.0
710151,2021-09-25,0.93
710151,2024-07-01,0.95
710151,2025-06-23,1.0
710186,2021-04-19,0.84
710186,2022-01-08,0.92
710186,2023-10-31,0.98
710186,2025-06-30,1.0
710244,2021-05-06,0.94
710244,2024-08-01,0.95
710244,2025-04-20,1.0
710254,2021-04-28,0.91
710254,2022-02-19,0.98
710254,2023-03-12,1.0
710375,2021-03-15,0.94
710375,2024-05-22,0.98
710375,2025-09-10,1.0
710404,2021-06-13,0.87
710404,2022-07-11,0.93
710404,2023-03-14,0.97
710404,2025-09-12,1.0
710524,2021-10-29,0.94
710524,2023-11-18,0.99
710524,2025-03-23,1.0
710632,2021-08-20,0.81
710632,2022-08-13,0.89
710632,2023-11-27,0.93
710632,2024-04-09,0.95
710632,2025-10-14,1.0
710742,2021-11-11,0.84
710742,2022-09-04,0.91
710742,2023-11-02,0.96
710742,2025-10-22,1.0
710753,2021-07-24,0.87
710753,2022-09-23,0.93
710753,2023-11-09,0.96
710753,2025-11-07,1.0
710836,2021-03-17,0.87
710836,2022-11-04,0.96
710836,2024-04-26,0.99
710836,2025-10-10,1.0
710847,2021-08-16,0.85
710847,2022-08-01,0.93
710847,2023-06-07,0.94
710847,2024-12-19,0.96
710847,2025-11-29,1.0
710863,2021-03-07,0.84
710863,2022-12-09,0.9
710863,2023-11-16,0.95
710863,2024-10-10,0.98
710863,2025-05-27,1.0
710976,2021-07-22,0.91
710976,2023-10-13,0.95
710976,2024-07-21,0.98
710976,2025-10-28,1.0
711022,2021-05-12,0.86
711022,2022-06-21,0.95
711022,2023-02-18,0.97
711022,2024-01-30,0.99
711022,2025-06-06,1.0
711035,2021-08-18,0.85
711035,2022-04-10,0.92
711035,2023-05-20,0.95
711035,2024-07-08,0.97
711035,2025-10-30,1.0
711050,2021-10-29,0.89
711050,2022-01-15,0.95
711050,2023-03-19,0.98
711050,2025-06-21,1.0
711211,2021-06-29,0.94
711211,2022-12-31,1.0
711493,2021-03-19,0.89
711493,2023-09-13,0.95
711493,2024-10-18,0.98
711493,2025-12-15,1.0
711502,2021-09-26,0.93
711502,2023-05-12,0.96
711502,2025-09-17,1.0
711733,2021-08-10,0.84
711733,2022-01-17,0.91
711733,2023-07-13,0.97
711733,2024-07-12,0.99
711733,2025-02-10,1.0
711738,2021-02-02,0.83
711738,2022-08-04,0.91
711738,2023-12-24,0.93
711738,2024-04-16,0.97
711738,2025-04-12,1.0
711768,2021-10-20,0.96
711768,2023-04-12,0.99
711768,2025-03-22,1.0
711795,2021-02-28,0.84
711795,2022-06-25,0.91
711795,2023-02-03,0.96
711795,2024-04-05,0.99
711795,2025-01-24,1.0
711908,2021-11-02,0.85
711908,2022-12-10,0.91
711908,2023-08-01,0.95
711908,2024-06-06,0.97
711908,2025-03-16,1.0
711985,2021-06-04,0.86
711985,2022-06-09,0.95
711985,2024-08-16,1.0
712028,2021-03-10,0.9
712028,2022-04-18,0.97
712028,2024-01-07,0.99
712028,2025-01-25,1.0
712029,2021-01-01,0.87
712029,2022-11-02,0.97
712029,2023-11-09,1.0
712068,2021-07-31,0.83
712068,2022-01-01,0.89
712068,2023-05-12,0.93
712068,2024-04-11,0.95
712068,2025-09-03,1.0
712138,2021-08-21,0.88
712138,2022-04-07,0.95
712138,2025-01-28,1.0
712188,2021-12-09,0.93
712188,2024-04-29,0.98
712188,2025-07-22,1.0
712267,2021-09-02,0.94
712267,2024-02-12,0.99
712267,2025-04-06,1.0
712541,2021-10-30,0.87
712541,2022-03-24,0.97
712541,2023-02-25,1.0
712591,2021-04-28,0.87
712591,2022-07-22,0.97
712591,2023-01-04,1.0
712696,2021-10-23,0.89
712696,2022-09-30,0.95
712696,2023-12-01,0.97
712696,2024-04-05,0.99
712696,2025-05-26,1.0
712921,2021-05-28,0.87
712921,2022-05-19,0.95
712921,2024-06-29,1.0
713275,2021-09-28,0.87
713275,2022-06-18,0.93
713275,2024-09-21,0.97
713275,2025-05-24,1.0
713309,2021-03-10,0.86
713309,2022-09-10,0.95
713309,2024-12-05,1.0
713471,2021-07-09,0.86
713471,2022-10-19,0.92
713471,2023-09-12,0.96
713471,2024-01-29,0.99
713471,2025-10-28,1.0
713518,2021-09-08,0.87
713518,2022-03-10,0.95
713518,2023-04-30,0.97
713518,2024-12-29,1.0
713583,2021-12-26,0.95
713583,2023-06-28,0.99
713583,2024-04-13,1.0
713584,2021-07-18,0.94
713584,2023-02-01,0.98
713584,2025-08-29,1.0
713616,2021-05-01,0.92
713616,2022-07-26,0.99
713616,2025-04-23,1.0
713908,2021-06-18,0.86
713908,2022-01-16,0.95
713908,2023-09-30,0.97
713908,2025-08-11,1.0
713989,2021-02-14,0.96
713989,2025-06-30,1.0
714136,2021-12-29,0.94
714136,2023-02-03,0.96
714136,2025-08-09,1.0
714163,2021-01-15,0.89
714163,2022-01-08,0.95
714163,2023-08-06,0.98
714163,2024-09-26,1.0
714492,2021-05-07,0.87
714492,2022-05-05,0.96
714492,2025-04-03,1.0
714560,2021-09-11,0.87
714560,2022-12-29,0.93
714560,2023-09-05,0.99
714560,2024-02-03,1.0
714633,2021-10-06,0.82
714633,2022-04-23,0.91
714633,2023-01-04,0.97
714633,2025-07-11,1.0
714646,2021-05-11,0.85
714646,2022-02-19,0.91
714646,2023-04-05,0.96
714646,2024-08-07,0.98
714646,2025-03-01,1.0
714648,2021-07-26,0.92
714648,2023-02-04,0.98
714648,2025-01-09,1.0
714746,2021-01-08,0.94
714746,2023-02-21,0.96
714746,2025-04-01,1.0
714803,2021-12-25,0.9
714803,2023-10-06,0.95
714803,2024-01-22,0.97
714803,2025-12-24,1.0
714891,2021-09-23,0.8
714891,2022-10-23,0.89
714891,2023-05-21,0.92
714891,2024-11-19,0.97
714891,2025-02-14,1.0
714960,2021-12-20,0.82
714960,2022-09-14,0.9
714960,2023-04-01,0.94
714960,2024-10-17,0.97
714960,2025-03-15,1.0
715117,2021-06-22,0.92
715117,2022-08-30,0.98
715117,2024-11-29,0.99
715117,2025-09-18,1.0
715219,2021-07-13,0.84
715219,2022-12-17,0.91
715219,2023-11-05,0.95
715219,2024-09-20,0.99
715219,2025-01-14,1.0
715256,2021-08-24,0.81
715256,2022-11-18,0.88
715256,2023-04-13,0.93
715256,2024-11-03,0.97
715256,2025-01-02,1.0
715467,2021-11-16,0.86
715467,2022-09-08,0.92
715467,2023-02-19,0.98
715467,2025-08-06,1.0
715605,2021-06-24,0.88
715605,2022-12-03,0.97
715605,2024-08-06,1.0
715851,2021-11-15,0.87
715851,2022-01-19,0.97
715851,2023-08-05,0.99
715851,2024-08-22,1.0
716012,2021-08-03,0.9
716012,2022-06-23,0.98
716012,2025-10-23,1.0
716099,2021-10-20,0.91
716099,2022-04-07,0.99
716099,2024-10-05,1.0
716127,2021-11-30,0.81
716127,2022-08-16,0.88
716127,2023-01-20,0.91
716127,2024-09-23,0.96
716127,2025-12-27,1.0
716140,2021-07-22,0.84
716140,2022-05-24,0.93
716140,2024-12-20,0.96
716140,2025-03-19,1.0
716146,2021-08-22,0.85
716146,2022-07-27,0.93
716146,2023-02-25,0.95
716146,2025-06-11,1.0
716182,2021-08-24,0.89
716182,2022-08-18,0.96
716182,2023-12-30,0.99
716182,2025-01-31,1.0
716227,2021-12-03,0.86
716227,2022-12-16,0.92
716227,2023-09-02,0.94
716227,2024-03-14,0.97
716227,2025-07-19,1.0
716307,2021-09-02,0.9
716307,2022-08-08,0.96
716307,2024-08-01,0.99
716307,2025-04-07,1.0
716372,2021-06-14,0.91
716372,2022-07-14,0.97
716372,2024-03-20,1.0
716414,2021-11-15,0.91
716414,2023-05-17,0.95
716414,2024-08-31,1.0
716947,2021-08-21,0.85
716947,2022-04-29,0.94
716947,2024-02-01,0.96
716947,2025-02-15,1.0
716985,2021-10-10,0.83
716985,2022-08-10,0.91
716985,2023-12-22,0.95
716985,2024-01-17,0.99
716985,2025-03-13,1.0
717016,2021-08-12,0.89
717016,2022-06-29,0.95
717016,2023-03-09,0.98
717016,2025-02-08,1.0
717382,2021-05-10,0.94
717382,2023-05-03,0.99
717382,2025-01-12,1.0
717384,2021-12-12,0.96
717384,2024-02-09,0.99
717384,2025-09-07,1.0
717416,2021-06-05,0.83
717416,2022-10-22,0.9
717416,2023-07-23,0.93
717416,2024-01-31,0.95
717416,2025-11-15,1.0
717502,2021-12-12,0.88
717502,2022-01-01,0.95
717502,2023-08-14,0.98
717502,2024-01-12,0.99
717502,2025-12-21,1.0
717567,2021-10-16,0.86
717567,2022-11-10,0.95
717567,2025-05-02,1.0
717580,2021-12-21,0.88
717580,2023-07-03,0.92
717580,2024-06-18,0.96
717580,2025-02-08,1.0
717670,2021-04-20,0.85
717670,2022-09-29,0.93
717670,2023-10-07,0.95
717670,2024-06-04,0.97
717670,2025-05-05,1.0
717689,2021-01-06,0.9
717689,2023-01-15,0.94
717689,2024-10-21,0.98
717689,2025-07-02,1.0
717743,2021-02-12,0.9
717743,2022-10-10,0.97
717743,2024-06-17,1.0
718020,2021-07-15,0.83
718020,2022-04-15,0.92
718020,2023-08-30,0.94
718020,2024-02-05,0.98
718020,2025-03-17,1.0
718199,2021-04-17,0.81
718199,2022-12-07,0.9
718199,2023-06-02,0.95
718199,2024-08-25,1.0
718325,2021-10-10,0.84
718325,2022-01-18,0.92
718325,2023-02-16,0.97
718325,2024-10-07,0.98
718325,2025-01-14,1.0
718433,2021-11-06,0.87
718433,2022-03-02,0.95
718433,2023-03-15,0.99
718433,2025-06-23,1.0
718494,2021-12-04,0.87
718494,2022-03-06,0.95
718494,2023-06-21,0.98
718494,2025-05-14,1.0
718518,2021-04-09,0.82
718518,2022-09-30,0.91
718518,2023-10-10,0.95
718518,2024-10-08,1.0
718536,2021-08-09,0.86
718536,2022-09-07,0.95
718536,2023-02-12,0.97
718536,2024-09-01,1.0
718678,2021-01-19,0.87
718678,2022-03-25,0.96
718678,2024-09-30,0.99
718678,2025-09-16,1.0
718884,2021-02-07,0.82
718884,2022-02-18,0.89
718884,2023-01-31,0.92
718884,2024-05-14,0.97
718884,2025-01-03,1.0
719124,2021-07-24,0.84
719124,2022-09-21,0.91
719124,2023-11-09,0.95
719124,2024-01-12,0.96
719124,2025-09-28,1.0
719187,2021-06-26,0.85
719187,2022-03-19,0.91
719187,2023-11-04,0.96
719187,2024-08-09,1.0
719233,2021-08-13,0.93
719233,2023-08-12,0.99
719233,2025-07-04,1.0
719267,2021-01-24,0.92
719267,2022-12-25,0.98
719267,2024-12-10,1.0
719399,2021-12-15,0.84
719399,2022-12-19,0.9
719399,2023-01-05,0.92
719399,2024-02-03,0.96
719399,2025-08-03,1.0
719474,2021-11-06,0.92
719474,2023-08-08,0.95
719474,2024-05-07,0.99
719474,2025-10-11,1.0
719678,2021-03-03,0.9
719678,2023-09-07,0.95
719678,2024-03-04,0.98
719678,2025-10-18,1.0
719829,2021-02-09,0.91
719829,2023-07-20,0.96
719829,2025-03-14,1.0
719904,2021-08-25,0.79
719904,2022-06-30,0.87
719904,2023-01-10,0.92
719904,2024-01-04,0.96
719904,2025-10-08,1.0
719934,2021-03-26,0.96
719934,2023-08-25,1.0
719979,2021-09-07,0.83
719979,2022-10-30,0.89
719979,2023-08-11,0.94
719979,2024-03-24,0.97
719979,2025-12-02,1.0
720153,2021-05-05,1.0
720154,2021-08-25,0.85
720154,2022-02-13,0.92
720154,2023-06-14,0.94
720154,2024-10-29,0.96
720154,2025-01-26,1.0
720197,2021-05-28,0.97
720197,2025-10-23,1.0
720232,2021-11-10,0.88
720232,2022-02-21,0.96
720232,2024-07-17,0.98
720232,2025-06-23,1.0
720258,2021-05-06,0.84
720258,2022-09-16,0.92
720258,2023-03-21,0.96
720258,2024-11-23,0.98
720258,2025-10-20,1.0
720520,2021-09-12,0.85
720520,2022-08-31,0.94
720520,2023-04-14,0.97
720520,2024-12-18,1.0
720630,2021-05-03,0.87
720630,2022-09-25,0.93
720630,2023-05-11,0.96
720630,2025-07-13,1.0
721210,2021-03-17,0.89
721210,2023-06-02,0.94
721210,2024-05-26,0.95
721210,2025-04-09,1.0
721237,2021-04-01,0.82
721237,2022-11-07,0.88
721237,2023-07-22,0.92
721237,2024-05-01,0.95
721237,2025-09-01,1.0
721347,2021-06-25,0.83
721347,2022-07-17,0.91
721347,2023-05-27,0.93
721347,2024-07-28,0.96
721347,2025-03-31,1.0
721433,2021-01-04,0.8
721433,2022-09-23,0.89
721433,2023-01-04,0.94
721433,2024-07-01,0.96
721433,2025-08-30,1.0
721478,2021-08-21,0.91
721478,2023-03-04,0.96
721478,2024-11-01,0.98
721478,2025-03-05,1.0
721575,2021-07-23,0.85
721575,2022-01-17,0.92
721575,2023-08-22,0.97
721575,2024-02-10,0.98
721575,2025-10-15,1.0
721587,2021-02-25,0.91
721587,2023-08-02,0.97
721587,2025-07-09,1.0
721627,2021-12-21,0.85
721627,2022-04-05,0.91
721627,2023-03-03,0.93
721627,2024-03-28,0.95
721627,2025-01-02,1.0
721743,2021-11-06,0.85
721743,2022-11-07,0.93
721743,2023-07-31,0.96
721743,2024-05-07,0.98
721743,2025-01-03,1.0
722073,2021-04-06,0.93
722073,2023-06-05,0.95
722073,2024-07-28,1.0
722667,2021-04-15,0.89
722667,2022-05-11,0.96
722667,2025-01-21,1.0
722693,2021-07-22,0.96
722693,2023-09-05,1.0
722739,2021-08-06,0.85
722739,2022-01-28,0.92
722739,2024-02-14,0.96
722739,2025-07-31,1.0
722921,2021-09-06,0.87
722921,2023-09-29,0.92
722921,2024-01-21,0.96
722921,2025-12-12,1.0
722942,2021-07-13,0.96
722942,2023-12-02,1.0
723094,2021-01-07,0.89
723094,2023-01-29,0.95
723094,2024-12-05,0.96
723094,2025-12-29,1.0
723272,2021-03-31,0.87
723272,2022-12-12,0.95
723272,2023-01-12,0.99
723272,2025-03-16,1.0
723291,2021-01-29,0.95
723291,2024-01-19,0.97
723291,2025-03-04,1.0
723560,2021-01-07,0.86
723560,2022-12-16,0.93
723560,2024-01-16,0.96
723560,2025-09-18,1.0
723569,2021-02-18,0.88
723569,2022-05-02,0.94
723569,2023-10-01,0.97
723569,2025-06-24,1.0
723696,2021-04-05,0.86
723696,2022-07-20,0.94
723696,2024-11-17,0.95
723696,2025-03-02,1.0
723706,2021-03-26,0.84
723706,2022-05-26,0.91
723706,2023-03-06,0.93
723706,2024-11-23,0.98
723706,2025-03-30,1.0
723808,2021-01-28,0.82
723808,2022-07-06,0.91
723808,2023-03-03,0.96
723808,2024-01-09,1.0
723872,2021-09-10,0.83
723872,2022-01-11,0.9
723872,2023-05-07,0.94
723872,2024-09-27,0.97
723872,2025-01-21,1.0
723937,2021-10-26,0.85
723937,2022-09-08,0.93
723937,2024-06-13,0.97
723937,2025-09-21,1.0
724115,2021-07-25,0.9
724115,2023-01-13,0.95
724115,2024-06-30,0.99
724115,2025-06-04,1.0
724223,2021-04-17,0.86
724223,2022-06-04,0.95
724223,2023-04-27,1.0
724253,2021-02-15,0.81
724253,2022-05-01,0.9
724253,2023-03-23,0.95
724253,2025-05-13,1.0
724486,2021-12-21,0.89
724486,2023-08-17,0.91
724486,2024-09-20,0.95
724486,2025-12-02,1.0
724740,2021-03-09,0.88
724740,2022-02-08,0.97
724740,2025-06-03,1.0
724797,2021-10-08,0.95
724797,2023-09-19,1.0
725080,2021-10-21,0.96
725080,2023-09-24,1.0
725084,2021-12-06,0.87
725084,2022-05-24,0.95
725084,2023-11-12,0.98
725084,2024-05-13,1.0
725161,2021-11-14,0.92
725161,2023-04-17,0.95
725161,2024-07-27,0.97
725161,2025-07-20,1.0
725296,2021-09-16,0.83
725296,2022-11-13,0.9
725296,2023-04-30,0.94
725296,2024-04-06,0.95
725296,2025-05-18,1.0
725368,2021-06-05,0.83
725368,2022-07-02,0.92
725368,2023-10-07,0.95
725368,2024-09-20,0.97
725368,2025-09-23,1.0
725667,2021-04-05,0.92
725667,2023-09-14,0.98
725667,2024-04-01,0.99
725667,2025-03-10,1.0
725747,2021-03-24,0.87
725747,2023-06-10,0.92
725747,2024-01-11,0.96
725747,2025-08-09,1.0
725903,2021-07-02,0.83
725903,2022-02-01,0.89
725903,2023-06-18,0.91
725903,2024-11-20,0.95
725903,2025-07-18,1.0
725957,2021-10-12,0.85
725957,2022-02-27,0.94
725957,2023-11-27,0.97
725957,2024-08-25,0.99
725957,2025-11-10,1.0
725972,2021-02-02,0.89
725972,2022-05-08,0.95
725972,2024-04-07,0.99
725972,2025-02-25,1.0
726082,2021-10-26,0.84
726082,2022-02-05,0.92
726082,2023-02-26,0.96
726082,2025-11-02,1.0
726112,2021-11-20,0.88
726112,2022-04-30,0.97
726112,2023-01-19,1.0
726376,2021-07-13,0.81
726376,2022-06-15,0.89
726376,2023-06-22,0.91
726376,2024-05-30,0.96
726376,2025-10-20,1.0
726428,2021-10-20,0.84
726428,2022-01-05,0.89
726428,2023-09-16,0.92
726428,2024-07-29,0.96
726428,2025-08-31,1.0
726502,2021-04-08,0.91
726502,2023-05-10,0.97
726502,2024-09-25,1.0
726508,2021-08-06,0.94
726508,2023-01-06,0.98
726508,2025-11-16,1.0
726645,2021-02-12,0.85
726645,2022-02-09,0.95
726645,2024-11-21,1.0
726739,2021-05-06,0.93
726739,2023-06-17,0.96
726739,2024-07-30,0.99
726739,2025-04-10,1.0
727145,2021-01-06,0.95
727145,2024-05-15,0.96
727145,2025-09-09,1.0
727450,2021-12-27,0.95
727450,2023-02-28,0.97
727450,2025-05-07,1.0
727507,2021-01-11,0.84
727507,2022-07-26,0.9
727507,2023-04-22,0.93
727507,2024-05-16,0.98
727507,2025-09-26,1.0
727575,2021-05-30,0.95
727575,2023-09-26,0.97
727575,2024-09-05,1.0
727658,2021-04-28,0.84
727658,2022-02-01,0.92
727658,2023-06-05,0.95
727658,2024-07-29,0.96
727658,2025-04-19,1.0
727668,2021-03-08,0.82
727668,2022-11-02,0.89
727668,2023-05-22,0.92
727668,2024-08-27,0.97
727668,2025-10-14,1.0
727777,2021-01-17,0.87
727777,2022-10-27,0.93
727777,2023-03-22,0.96
727777,2024-01-31,0.98
727777,2025-06-07,1.0
727964,2021-03-14,0.87
727964,2022-06-03,0.95
727964,2024-03-31,0.98
727964,2025-11-17,1.0
727990,2021-11-25,0.91
727990,2023-06-04,0.97
727990,2024-12-27,1.0
728057,2021-03-11,0.91
728057,2022-03-25,0.97
728057,2024-07-03,0.99
728057,2025-05-25,1.0
728229,2021-10-02,0.86
728229,2022-02-23,0.93
728229,2024-12-03,0.96
728229,2025-06-04,1.0
728269,2021-01-11,0.84
728269,2022-10-22,0.9
728269,2023-06-27,0.94
728269,2024-08-19,0.97
728269,2025-08-17,1.0
728385,2021-10-08,0.89
728385,2022-10-20,0.95
728385,2023-03-12,0.97
728385,2024-01-10,1.0
728424,2021-02-04,0.89
728424,2022-01-07,0.95
728424,2023-01-12,0.99
728424,2025-12-20,1.0
728536,2021-07-27,0.9
728536,2022-08-12,0.97
728536,2023-08-29,1.0
728554,2021-11-18,0.84
728554,2022-06-25,0.9
728554,2023-10-20,0.92
728554,2024-04-10,0.96
728554,2025-05-24,1.0
728886,2021-09-24,0.86
728886,2022-04-05,0.95
728886,2023-11-05,0.96
728886,2024-05-19,0.97
728886,2025-12-12,1.0
729380,2021-05-26,0.92
729380,2023-12-05,0.96
729380,2024-08-22,0.98
729380,2025-04-23,1.0
729451,2021-03-22,0.87
729451,2022-06-30,0.93
729451,2023-11-26,0.96
729451,2024-01-08,0.97
729451,2025-08-17,1.0
729465,2021-10-04,0.95
729465,2023-06-23,0.98
729465,2024-01-28,0.99
729465,2025-07-01,1.0
729496,2021-03-18,0.81
729496,2022-07-29,0.89
729496,2023-11-12,0.94
729496,2024-01-01,0.96
729496,2025-07-26,1.0
729607,2021-02-03,0.95
729607,2023-08-27,0.97
729607,2025-01-29,1.0
729828,2021-05-15,0.8
729828,2022-09-17,0.87
729828,2023-01-07,0.92
729828,2024-07-14,0.96
729828,2025-05-01,1.0
729963,2021-10-03,0.96
729963,2023-11-02,0.98
729963,2025-02-03,1.0
729979,2021-02-13,0.81
729979,2022-03-18,0.9
729979,2023-04-02,0.95
729979,2025-12-11,1.0
729995,2021-07-05,0.93
729995,2023-06-17,0.95
729995,2024-05-12,0.96
729995,2025-03-26,1.0
730072,2021-10-09,0.88
730072,2022-07-02,0.95
730072,2023-02-22,0.97
730072,2024-09-21,1.0
730182,2021-02-28,0.94
730182,2023-09-27,0.97
730182,2024-04-02,1.0
730252,2021-07-08,0.87
730252,2022-06-11,0.94
730252,2023-07-15,0.96
730252,2025-10-28,1.0
730283,2021-05-01,0.89
730283,2022-03-12,0.96
730283,2023-02-24,0.99
730283,2025-07-22,1.0
730375,2021-06-20,0.91
730375,2023-01-09,0.95
730375,2024-10-01,0.99
730375,2025-02-18,1.0
730383,2021-10-17,0.87
730383,2022-10-21,0.94
730383,2023-07-05,0.96
730383,2025-08-26,1.0
730459,2021-02-18,0.82
730459,2022-06-24,0.88
730459,2023-08-24,0.92
730459,2024-10-26,0.95
730459,2025-03-15,1.0
730509,2021-11-11,0.88
730509,2022-06-17,0.95
730509,2023-02-16,0.97
730509,2025-01-17,1.0
730725,2021-11-11,0.85
730725,2022-05-26,0.91
730725,2023-08-15,0.93
730725,2024-01-13,0.95
730725,2025-03-31,1.0
731409,2021-06-29,0.91
731409,2023-03-16,0.95
731409,2024-10-29,0.98
731409,2025-03-02,1.0
731411,2021-10-15,1.0
731594,2021-12-28,0.87
731594,2022-08-30,0.95
731594,2025-02-01,1.0
731656,2021-01-27,0.88
731656,2022-03-30,0.96
731656,2023-10-16,1.0
731702,2021-07-05,0.95
731702,2023-09-04,0.97
731702,2024-07-21,0.98
731702,2025-01-14,1.0
731840,2021-08-11,0.8
731840,2022-06-26,0.88
731840,2023-05-30,0.92
731840,2024-05-14,0.95
731840,2025-10-01,1.0
731843,2021-12-25,0.9
731843,2022-03-19,1.0
731865,2021-01-01,1.0
731956,2021-09-26,0.89
731956,2022-08-18,0.95
731956,2025-10-05,1.0
732095,2021-11-21,0.8
732095,2022-08-31,0.85
732095,2023-12-02,0.9
732095,2024-12-29,0.95
732095,2025-11-05,1.0
732162,2021-06-24,0.88
732162,2022-02-08,0.94
732162,2023-08-25,0.95
732162,2024-08-13,0.97
732162,2025-02-25,1.0
732164,2021-08-24,0.94
732164,2024-03-20,0.99
732164,2025-12-14,1.0
732171,2021-04-26,0.85
732171,2022-01-22,0.91
732171,2023-10-01,0.96
732171,2024-03-16,0.97
732171,2025-08-30,1.0
732224,2021-01-15,0.89
732224,2022-03-02,0.97
732224,2025-07-23,1.0
732233,2021-05-07,0.91
732233,2023-08-25,0.94
732233,2024-07-07,0.98
732233,2025-12-31,1.0
732259,2021-09-13,0.98
732259,2024-07-15,1.0
732382,2021-06-09,0.83
732382,2022-01-24,0.92
732382,2024-09-18,0.97
732382,2025-08-03,1.0
732437,2021-02-28,0.86
732437,2022-03-21,0.93
732437,2023-02-21,0.97
732437,2024-09-30,1.0
732466,2021-05-29,0.95
732466,2024-11-08,1.0
732502,2021-01-05,0.86
732502,2022-06-06,0.94
732502,2024-10-06,0.97
732502,2025-03-11,1.0
732793,2021-12-09,0.87
732793,2023-01-03,0.92
732793,2024-11-30,0.96
732793,2025-12-15,1.0
732868,2021-12-11,0.85
732868,2022-07-21,0.91
732868,2023-01-26,0.96
732868,2024-08-26,0.97
732868,2025-02-26,1.0
732963,2021-07-03,0.78
732963,2022-11-19,0.87
732963,2023-09-09,0.91
732963,2024-09-05,0.96
732963,2025-04-06,1.0
732973,2021-05-21,0.92
732973,2023-04-04,0.97
732973,2024-12-02,1.0
733038,2021-07-08,0.84
733038,2022-10-20,0.91
733038,2023-12-26,0.94
733038,2024-01-18,0.96
733038,2025-09-01,1.0
733061,2021-09-25,0.85
733061,2022-04-11,0.92
733061,2024-01-12,0.96
733061,2025-06-30,1.0
733098,2021-09-06,0.81
733098,2022-07-24,0.89
733098,2023-11-27,0.94
733098,2024-01-12,0.97
733098,2025-06-17,1.0
733128,2021-04-18,0.87
733128,2022-09-04,0.95
733128,2023-04-20,0.97
733128,2024-11-28,1.0
733190,2021-12-31,0.88
733190,2022-08-02,0.96
733190,2023-07-05,1.0
733223,2021-12-16,0.85
733223,2022-05-19,0.93
733223,2023-06-29,0.98
733223,2024-07-23,0.99
733223,2025-12-16,1.0
733233,2021-09-27,0.94
733233,2024-10-13,0.98
733233,2025-01-24,1.0
733235,2021-04-30,0.91
733235,2023-07-04,0.95
733235,2024-01-31,0.96
733235,2025-07-26,1.0
733349,2021-02-12,0.83
733349,2022-09-11,0.92
733349,2023-03-01,0.95
733349,2024-10-06,1.0
733395,2021-12-24,0.9
733395,2023-10-29,0.93
733395,2024-01-15,0.96
733395,2025-05-25,1.0
733627,2021-04-11,0.96
733627,2023-04-23,0.98
733627,2024-01-04,0.99
733627,2025-01-15,1.0
733643,2021-04-13,0.88
733643,2022-03-12,0.97
733643,2023-02-23,1.0
733706,2021-07-23,0.89
733706,2023-08-01,0.91
733706,2024-03-05,0.96
733706,2025-07-15,1.0
733753,2021-03-20,0.96
733753,2025-04-17,1.0
733771,2021-10-29,0.81
733771,2022-05-17,0.88
733771,2023-09-18,0.91
733771,2024-06-29,0.95
733771,2025-04-04,1.0
733816,2021-08-31,0.88
733816,2022-12-22,0.96
733816,2024-04-30,0.99
733816,2025-06-23,1.0
733824,2021-01-26,0.84
733824,2022-11-19,0.92
733824,2023-11-01,0.95
733824,2024-09-13,0.99
733824,2025-05-05,1.0
733873,2021-11-03,0.92
733873,2023-12-05,0.96
733873,2025-09-02,1.0
733939,2021-09-06,0.9
733939,2024-02-22,0.95
733939,2025-02-02,1.0
734046,2021-02-16,0.89
734046,2022-12-05,0.97
734046,2023-05-19,1.0
734120,2021-05-13,0.83
734120,2022-01-02,0.91
734120,2023-09-07,0.96
734120,2024-12-27,1.0
734200,2021-06-06,0.95
734200,2023-02-12,1.0
734376,2021-05-22,0.8
734376,2022-12-26,0.89
734376,2023-09-18,0.94
734376,2024-02-15,0.99
734376,2025-12-31,1.0
734577,2021-03-15,0.88
734577,2022-01-26,0.96
734577,2024-01-17,0.99
734577,2025-12-08,1.0
734679,2021-03-24,0.85
734679,2022-03-16,0.92
734679,2023-12-19,0.97
734679,2024-05-07,0.99
734679,2025-05-12,1.0
734724,2021-11-06,0.89
734724,2022-02-25,0.95
734724,2023-05-02,0.97
734724,2025-03-13,1.0
734845,2021-07-05,1.0
734976,2021-10-22,0.83
734976,2022-08-09,0.89
734976,2023-10-03,0.94
734976,2024-03-03,0.97
734976,2025-11-10,1.0
734999,2021-09-17,0.96
734999,2024-09-15,1.0
735017,2021-05-02,0.92
735017,2022-10-04,0.99
735017,2024-06-12,1.0
735023,2021-10-25,0.84
735023,2022-02-07,0.92
735023,2023-08-19,0.95
735023,2024-04-11,1.0
735054,2021-10-12,0.81
735054,2022-09-14,0.87
735054,2023-10-02,0.93
735054,2024-05-08,0.95
735054,2025-03-08,1.0
735063,2021-04-25,0.86
735063,2022-06-10,0.94
735063,2024-10-07,0.96
735063,2025-04-16,1.0
735072,2021-05-18,0.85
735072,2022-04-30,0.92
735072,2023-03-07,0.95
735072,2024-07-20,0.97
735072,2025-05-16,1.0
735192,2021-07-14,0.88
735192,2022-12-12,0.96
735192,2023-07-21,0.99
735192,2025-09-12,1.0
735226,2021-10-22,0.98
735226,2023-12-03,1.0
735259,2021-03-06,0.83
735259,2022-09-06,0.89
735259,2023-11-18,0.93
735259,2024-07-14,0.95
735259,2025-09-18,1.0
735486,2021-08-08,0.87
735486,2022-05-06,0.94
735486,2024-03-07,0.96
735486,2025-04-30,1.0
735590,2021-02-04,1.0
735778,2021-05-06,0.83
735778,2022-04-23,0.9
735778,2023-03-31,0.94
735778,2024-03-25,0.97
735778,2025-11-11,1.0
735855,2021-08-21,0.83
735855,2022-04-27,0.91
735855,2023-07-03,0.96
735855,2024-02-06,0.98
735855,2025-05-14,1.0
736100,2021-12-15,0.91
736100,2023-10-22,0.95
736100,2024-07-22,0.99
736100,2025-10-28,1.0
736126,2021-11-18,0.97
736126,2023-08-11,1.0
736139,2021-07-02,0.91
736139,2023-07-21,0.95
736139,2024-03-23,0.98
736139,2025-05-20,1.0
736163,2021-09-23,0.81
736163,2022-04-16,0.9
736163,2023-05-13,0.94
736163,2024-08-22,0.97
736163,2025-01-17,1.0
736227,2021-11-06,0.81
736227,2022-07-22,0.89
736227,2023-07-30,0.94
736227,2024-08-03,0.95
736227,2025-03-22,1.0
736283,2021-08-08,0.83
736283,2022-01-01,0.89
736283,2023-02-23,0.91
736283,2024-06-16,0.96
736283,2025-10-24,1.0
736351,2021-07-21,0.93
736351,2023-08-10,0.97
736351,2024-05-29,0.99
736351,2025-12-07,1.0
736410,2021-05-13,0.86
736410,2022-11-16,0.93
736410,2023-02-25,0.98
736410,2024-05-19,1.0
736437,2021-12-17,0.93
736437,2024-10-02,0.97
736437,2025-08-12,1.0
736467,2021-02-03,0.85
736467,2022-04-07,0.91
736467,2023-07-17,0.95
736467,2024-05-26,0.98
736467,2025-10-27,1.0
736528,2021-12-29,0.86
736528,2022-09-12,0.95
736528,2023-02-07,0.99
736528,2025-10-10,1.0
736856,2021-01-22,0.97
736856,2024-08-26,1.0
736861,2021-02-18,0.91
736861,2023-06-26,0.95
736861,2024-03-30,0.99
736861,2025-10-20,1.0
736865,2021-01-24,0.86
736865,2022-04-09,0.95
736865,2023-04-05,1.0
736883,2021-12-16,0.92
736883,2023-03-13,0.96
736883,2024-07-20,0.98
736883,2025-08-10,1.0
736910,2021-06-24,0.92
736910,2023-10-18,0.94
736910,2024-03-02,0.98
736910,2025-06-28,1.0
737141,2021-10-13,0.88
737141,2022-02-25,0.96
737141,2023-03-03,1.0
737228,2021-09-25,0.86
737228,2022-05-03,0.95
737228,2023-09-16,1.0
737420,2021-03-01,0.89
737420,2022-10-08,0.96
737420,2023-06-23,0.97
737420,2025-03-08,1.0
737463,2021-08-24,0.91
737463,2024-10-22,0.96
737463,2025-03-20,1.0
737476,2021-01-23,0.86
737476,2022-06-18,0.93
737476,2023-02-23,0.96
737476,2024-09-23,1.0
737508,2021-10-09,0.88
737508,2022-08-21,0.94
737508,2023-06-21,0.97
737508,2024-06-17,1.0
737738,2021-04-05,0.8
737738,2022-12-02,0.88
737738,2023-11-23,0.94
737738,2024-12-22,0.96
737738,2025-06-02,1.0
737835,2021-12-11,0.97
737835,2024-08-24,1.0
737888,2021-03-18,0.94
737888,2022-09-19,1.0
737895,2021-05-08,0.81
737895,2022-10-05,0.87
737895,2023-09-04,0.91
737895,2024-07-16,0.96
737895,2025-04-16,1.0
737924,2021-11-05,0.83
737924,2022-02-11,0.89
737924,2023-03-09,0.94
737924,2024-10-21,0.98
737924,2025-02-01,1.0
738039,2021-08-10,0.87
738039,2022-05-11,0.93
738039,2024-09-24,0.96
738039,2025-12-31,1.0
738324,2021-08-28,0.93
738324,2023-06-20,0.95
738324,2024-01-05,0.96
738324,2025-08-23,1.0
738479,2021-05-08,0.9
738479,2022-03-27,0.98
738479,2023-10-15,1.0
738582,2021-01-14,0.94
738582,2024-05-19,0.95
738582,2025-06-06,1.0
738649,2021-12-20,0.86
738649,2022-01-27,0.95
738649,2023-01-10,1.0
738718,2021-02-20,0.83
738718,2022-11-02,0.9
738718,2023-02-24,0.93
738718,2024-09-24,0.98
738718,2025-09-18,1.0
738763,2021-01-26,0.83
738763,2022-03-26,0.9
738763,2023-07-02,0.95
738763,2024-05-06,0.98
738763,2025-07-11,1.0
738766,2021-02-09,0.85
738766,2022-04-06,0.91
738766,2024-12-25,0.95
738766,2025-03-13,1.0
738925,2021-12-05,0.97
738925,2024-05-16,1.0
738966,2021-01-01,0.85
738966,2022-07-24,0.92
738966,2023-05-27,0.95
738966,2024-06-12,1.0
738998,2021-07-26,0.83
738998,2022-12-31,0.89
738998,2023-03-17,0.94
738998,2024-12-13,0.95
738998,2025-09-05,1.0
739008,2021-11-24,0.88
739008,2022-01-03,0.95
739008,2023-03-30,0.97
739008,2024-01-10,1.0
739037,2021-03-04,0.84
739037,2022-04-27,0.91
739037,2023-12-26,0.94
739037,2024-05-29,0.97
739037,2025-11-26,1.0
739474,2021-04-19,0.92
739474,2024-01-11,0.96
739474,2025-10-13,1.0
739533,2021-08-12,0.86
739533,2022-09-12,0.95
739533,2023-05-06,0.99
739533,2025-12-07,1.0
739555,2021-12-19,0.86
739555,2023-03-07,0.91
739555,2024-04-08,0.96
739555,2025-04-19,1.0
739588,2021-04-30,0.98
739588,2025-05-13,1.0
739593,2021-04-26,0.84
739593,2022-03-17,0.93
739593,2023-02-13,0.95
739593,2024-11-22,0.97
739593,2025-11-20,1.0
739673,2021-12-11,0.88
739673,2022-12-17,0.95
739673,2023-11-10,0.97
739673,2025-07-12,1.0
739789,2021-07-12,0.91
739789,2023-08-27,0.96
739789,2024-12-22,0.97
739789,2025-08-28,1.0
739847,2021-10-30,0.81
739847,2022-02-24,0.9
739847,2023-11-01,0.95
739847,2024-12-02,0.96
739847,2025-10-20,1.0
739942,2021-06-11,0.83
739942,2022-11-03,0.9
739942,2023-03-15,0.95
739942,2024-04-22,0.99
739942,2025-09-03,1.0
739987,2021-12-15,0.96
739987,2024-11-09,0.99
739987,2025-09-02,1.0
740000,2021-08-15,0.84
740000,2022-04-13,0.91
740000,2023-01-31,0.95
740000,2024-01-05,0.99
740000,2025-05-10,1.0
740002,2021-04-29,0.82
740002,2022-11-16,0.9
740002,2023-08-20,0.95
740002,2024-08-28,0.99
740002,2025-03-10,1.0
740061,2021-12-28,0.88
740061,2022-10-11,0.95
740061,2023-01-11,0.97
740061,2024-11-08,1.0
740179,2021-03-29,0.9
740179,2023-01-09,0.94
740179,2024-03-27,0.98
740179,2025-09-18,1.0
740271,2021-10-01,0.89
740271,2023-10-18,0.94
740271,2024-02-02,0.99
740271,2025-03-09,1.0
740528,2021-04-23,0.89
740528,2022-07-04,0.95
740528,2023-05-22,0.98
740528,2024-11-08,1.0
740546,2021-07-19,0.92
740546,2022-03-25,0.98
740546,2024-12-11,1.0
740665,2021-04-07,0.85
740665,2022-10-27,0.95
740665,2023-12-23,0.99
740665,2024-10-03,1.0
740865,2021-07-01,0.89
740865,2022-02-24,0.95
740865,2025-01-11,1.0
740876,2021-09-20,0.82
740876,2022-03-15,0.9
740876,2023-05-17,0.95
740876,2024-08-27,1.0
740897,2021-10-05,0.99
740897,2024-08-15,1.0
741038,2021-07-09,0.82
741038,2022-04-15,0.9
741038,2023-11-17,0.93
741038,2024-12-29,0.96
741038,2025-11-01,1.0
741045,2021-01-15,0.9
741045,2023-09-02,0.95
741045,2024-09-18,1.0
741097,2021-07-21,0.93
741097,2023-07-27,0.97
741097,2025-11-02,1.0
741135,2021-11-28,0.85
741135,2022-03-13,0.92
741135,2023-11-12,0.96
741135,2024-06-12,0.97
741135,2025-05-01,1.0
741260,2021-02-28,0.83
741260,2022-04-03,0.91
741260,2023-08-19,0.93
741260,2024-09-17,0.97
741260,2025-09-17,1.0
741288,2021-07-03,0.92
741288,2023-09-14,0.96
741288,2024-12-20,0.98
741288,2025-09-05,1.0
741644,2021-06-01,0.96
741644,2024-02-22,0.99
741644,2025-10-05,1.0
741929,2021-11-22,0.82
741929,2022-09-26,0.9
741929,2023-02-06,0.93
741929,2024-01-05,0.97
741929,2025-04-16,1.0
742112,2021-01-14,0.93
742112,2023-12-08,0.98
742112,2024-10-11,1.0
742224,2021-08-03,0.9
742224,2022-08-24,0.98
742224,2024-07-25,1.0
742325,2021-01-04,0.85
742325,2022-03-12,0.92
742325,2024-08-21,0.95
742325,2025-01-18,1.0
742428,2021-02-21,0.95
742428,2023-02-05,1.0
742488,2021-11-02,0.89
742488,2022-11-01,0.95
742488,2023-09-05,0.99
742488,2025-09-16,1.0
742498,2021-05-13,0.83
742498,2022-02-23,0.92
742498,2023-03-28,0.94
742498,2024-01-10,0.97
742498,2025-01-06,1.0
742624,2021-12-29,0.9
742624,2022-07-21,0.97
742624,2024-05-30,1.0
742755,2021-04-27,0.88
742755,2022-06-24,0.95
742755,2023-06-30,0.98
742755,2025-03-21,1.0
742869,2021-04-20,0.91
742869,2023-10-13,0.95
742869,2024-07-14,0.98
742869,2025-12-29,1.0
743006,2021-03-22,0.88
743006,2022-07-06,0.94
743006,2023-10-12,0.98
743006,2024-01-19,0.99
743006,2025-08-23,1.0
743034,2021-11-27,0.85
743034,2022-09-17,0.94
743034,2024-09-07,0.98
743034,2025-03-30,1.0
743073,2021-10-06,0.93
743073,2023-02-08,0.97
743073,2025-08-11,1.0
743130,2021-07-12,0.89
743130,2022-06-11,0.95
743130,2023-04-06,0.97
743130,2025-11-29,1.0
743216,2021-11-26,0.83
743216,2022-02-06,0.92
743216,2023-02-23,0.97
743216,2024-12-10,0.98
743216,2025-08-21,1.0
743248,2021-08-24,0.87
743248,2022-08-30,0.94
743248,2023-08-15,0.96
743248,2024-11-10,1.0
743845,2021-05-20,0.96
743845,2023-05-31,1.0
743851,2021-04-09,0.86
743851,2022-01-27,0.95
743851,2023-11-01,0.97
743851,2024-12-27,0.99
743851,2025-03-12,1.0
743991,2021-08-28,0.96
743991,2024-06-10,0.97
743991,2025-02-12,1.0
744122,2021-07-25,0.9
744122,2023-02-03,0.93
744122,2024-11-17,0.96
744122,2025-01-14,1.0
744165,2021-08-08,0.98
744165,2025-03-23,1.0
744207,2021-07-19,0.93
744207,2023-10-22,0.95
744207,2024-06-03,0.96
744207,2025-10-17,1.0
744375,2021-07-14,0.91
744375,2023-03-14,0.96
744375,2025-04-12,1.0
744419,2021-04-11,0.94
744419,2023-12-20,0.96
744419,2024-04-09,0.99
744419,2025-04-16,1.0
744548,2021-11-11,0.8
744548,2022-09-14,0.89
744548,2023-09-08,0.94
744548,2024-10-11,0.97
744548,2025-08-22,1.0
745024,2021-08-19,0.82
745024,2022-12-20,0.88
745024,2023-02-23,0.92
745024,2024-12-14,0.96
745024,2025-07-27,1.0
745185,2021-03-26,0.93
745185,2022-12-29,0.99
745185,2024-02-09,1.0
745215,2021-08-29,0.86
745215,2022-11-26,0.95
745215,2023-01-16,0.96
745215,2025-03-25,1.0
745416,2021-04-28,0.92
745416,2023-07-16,0.95
745416,2025-09-20,1.0
745431,2021-03-21,0.88
745431,2022-01-02,0.96
745431,2024-03-08,1.0
745463,2021-08-25,0.84
745463,2022-06-15,0.92
745463,2023-12-21,0.94
745463,2024-12-12,0.98
745463,2025-10-01,1.0
745475,2021-09-21,0.85
745475,2022-02-09,0.94
745475,2024-04-14,0.95
745475,2025-09-08,1.0
745578,2021-09-28,0.86
745578,2022-03-21,0.94
745578,2024-06-12,0.99
745578,2025-03-08,1.0
745642,2021-12-12,0.9
745642,2022-01-06,0.96
745642,2025-05-17,1.0
745840,2021-09-23,0.84
745840,2022-06-08,0.92
745840,2023-05-09,0.96
745840,2024-07-03,1.0
745894,2021-05-10,0.98
745894,2023-11-05,1.0
745919,2021-08-24,0.94
745919,2024-04-29,0.99
745919,2025-11-14,1.0
746245,2021-12-16,0.87
746245,2022-05-18,0.95
746245,2023-03-06,0.97
746245,2024-05-22,1.0
746286,2021-11-25,0.87
746286,2023-01-10,0.91
746286,2024-04-25,0.96
746286,2025-07-05,1.0
746673,2021-02-10,0.84
746673,2022-10-09,0.91
746673,2023-03-18,0.95
746673,2024-10-12,0.99
746673,2025-01-23,1.0
746710,2021-06-27,0.91
746710,2023-11-04,0.94
746710,2024-12-05,0.96
746710,2025-07-11,1.0
746744,2021-04-05,0.88
746744,2022-05-02,0.95
746744,2023-04-28,0.97
746744,2024-04-29,1.0
746774,2021-03-21,0.85
746774,2022-11-21,0.92
746774,2023-10-02,0.96
746774,2025-05-12,1.0
746799,2021-10-28,0.91
746799,2022-01-17,0.97
746799,2025-11-07,1.0
746865,2021-05-18,0.83
746865,2022-07-17,0.92
746865,2024-09-20,0.96
746865,2025-04-16,1.0
746959,2021-05-01,0.91
746959,2023-06-09,0.95
746959,2024-04-27,0.99
746959,2025-09-20,1.0
746964,2021-12-26,0.88
746964,2023-07-20,0.93
746964,2024-10-08,0.97
746964,2025-01-25,1.0
746998,2021-10-02,0.86
746998,2022-06-21,0.95
746998,2023-12-29,0.98
746998,2024-11-28,0.99
746998,2025-06-14,1.0
747099,2021-05-29,0.9
747099,2023-08-17,0.94
747099,2024-01-21,0.96
747099,2025-04-21,1.0
747139,2021-08-24,0.81
747139,2022-01-25,0.89
747139,2023-09-20,0.92
747139,2024-07-19,0.95
747139,2025-12-27,1.0
747148,2021-01-24,0.95
747148,2023-10-19,0.99
747148,2024-05-22,1.0
747197,2021-11-30,0.83
747197,2022-09-04,0.91
747197,2023-07-31,0.93
747197,2024-10-31,0.95
747197,2025-09-22,1.0
747201,2021-01-11,0.91
747201,2023-11-19,0.96
747201,2025-11-15,1.0
747318,2021-01-23,0.95
747318,2023-12-07,1.0
747427,2021-12-16,0.8
747427,2022-01-29,0.87
747427,2023-07-21,0.9
747427,2024-06-28,0.95
747427,2025-08-23,1.0
747660,2021-04-28,0.91
747660,2022-04-06,0.97
747660,2024-02-21,0.98
747660,2025-08-30,1.0
747732,2021-03-13,0.84
747732,2022-06-07,0.9
747732,2023-06-30,0.92
747732,2024-03-19,0.97
747732,2025-05-09,1.0
747910,2021-09-18,0.92
747910,2023-06-23,0.96
747910,2024-10-15,1.0
748047,2021-07-21,0.91
748047,2023-04-15,0.95
748047,2024-01-02,1.0
748071,2021-06-23,0.91
748071,2023-11-20,0.96
748071,2025-08-12,1.0
748156,2021-06-20,0.86
748156,2022-09-08,0.93
748156,2023-06-25,0.96
748156,2025-07-20,1.0
748656,2021-12-04,0.89
748656,2023-12-24,0.95
748656,2025-08-15,1.0
748681,2021-10-08,0.83
748681,2022-05-01,0.9
748681,2023-08-01,0.93
748681,2024-12-12,0.97
748681,2025-11-12,1.0
748846,2021-04-15,0.86
748846,2022-03-01,0.92
748846,2024-09-03,0.96
748846,2025-07-10,1.0
748956,2021-10-05,0.95
748956,2023-02-20,0.98
748956,2025-09-13,1.0
748984,2021-10-11,0.87
748984,2022-10-08,0.94
748984,2023-05-29,0.99
748984,2025-04-02,1.0
748991,2021-12-26,0.87
748991,2022-09-16,0.97
748991,2025-04-29,1.0
749261,2021-05-20,0.84
749261,2022-12-10,0.89
749261,2023-11-07,0.91
749261,2024-05-06,0.95
749261,2025-01-14,1.0
749268,2021-09-14,0.82
749268,2022-12-13,0.89
749268,2023-06-08,0.93
749268,2024-01-16,0.95
749268,2025-12-15,1.0
749418,2021-03-28,0.94
749418,2024-12-08,0.96
749418,2025-02-15,1.0
749425,2021-11-10,0.85
749425,2022-12-30,0.91
749425,2023-11-17,0.96
749425,2024-05-21,0.98
749425,2025-09-27,1.0
749573,2021-09-03,0.85
749573,2022-08-10,0.92
749573,2023-02-05,0.96
749573,2025-07-09,1.0
749964,2021-02-24,0.85
749964,2022-12-11,0.93
749964,2023-10-25,0.94
749964,2024-03-19,0.99
749964,2025-04-13,1.0
750098,2021-02-05,0.84
750098,2022-08-30,0.89
750098,2023-02-25,0.94
750098,2024-10-25,0.99
750098,2025-11-04,1.0
750206,2021-12-16,0.92
750206,2023-11-11,0.98
750206,2025-12-09,1.0
750286,2021-02-09,0.91
750286,2023-10-23,0.96
750286,2024-01-01,1.0
750291,2021-01-19,0.91
750291,2022-09-23,1.0
750358,2021-07-31,0.91
750358,2022-10-07,0.97
750358,2023-12-08,0.99
750358,2024-04-10,1.0
750390,2021-11-15,0.91
750390,2022-05-11,1.0
750514,2021-01-15,0.81
750514,2022-12-05,0.9
750514,2024-08-15,0.95
750514,2025-09-14,1.0
750517,2021-06-18,0.84
750517,2022-07-27,0.9
750517,2023-01-04,0.94
750517,2024-08-17,0.95
750517,2025-06-26,1.0
750542,2021-05-21,0.89
750542,2023-10-07,0.93
750542,2024-09-22,0.98
750542,2025-09-18,1.0
750594,2021-11-01,0.83
750594,2022-07-16,0.9
750594,2023-06-25,0.94
750594,2024-04-14,0.97
750594,2025-04-11,1.0
750677,2021-10-31,0.86
750677,2022-04-06,0.93
750677,2023-06-06,0.97
750677,2025-10-21,1.0
750865,2021-10-24,0.85
750865,2022-09-12,0.92
750865,2023-09-16,0.97
750865,2024-08-28,0.98
750865,2025-02-05,1.0
751230,2021-11-05,0.95
751230,2023-04-18,0.97
751230,2024-05-08,0.99
751230,2025-02-23,1.0
751246,2021-08-10,0.8
751246,2022-10-24,0.88
751246,2023-09-08,0.92
751246,2024-01-28,0.95
751246,2025-06-30,1.0
751272,2021-07-10,0.9
751272,2022-05-29,0.97
751272,2025-09-09,1.0
751661,2021-12-14,0.86
751661,2022-08-29,0.95
751661,2023-08-06,0.97
751661,2024-06-09,0.98
751661,2025-04-01,1.0
751761,2021-04-11,0.92
751761,2024-03-30,0.96
751761,2025-02-28,1.0
751814,2021-05-29,0.91
751814,2022-03-03,0.97
751814,2024-10-04,0.98
751814,2025-11-04,1.0
752066,2021-08-22,0.9
752066,2023-11-15,0.96
752066,2024-10-19,1.0
752289,2021-07-13,0.94
752289,2024-12-06,0.96
752289,2025-11-03,1.0
752421,2021-07-29,0.93
752421,2024-01-07,0.97
752421,2025-09-30,1.0
752512,2021-11-29,0.82
752512,2022-07-22,0.91
752512,2023-04-22,0.95
752512,2025-12-31,1.0
752698,2021-12-31,0.86
752698,2022-07-01,0.93
752698,2023-01-16,0.96
752698,2024-08-26,0.98
752698,2025-06-06,1.0
752766,2021-03-30,0.91
752766,2023-02-02,0.95
752766,2025-03-01,1.0
752769,2021-08-09,0.81
752769,2022-08-02,0.9
752769,2023-08-28,0.93
752769,2024-06-16,0.97
752769,2025-04-12,1.0
752941,2021-07-15,0.9
752941,2022-01-17,1.0
752976,2021-05-29,0.88
752976,2022-09-18,0.96
752976,2024-05-10,0.99
752976,2025-04-17,1.0
753075,2021-09-29,0.88
753075,2022-09-29,0.95
753075,2024-12-31,1.0
753155,2021-06-16,0.96
753155,2023-09-08,0.98
753155,2025-02-25,1.0
753293,2021-05-22,0.87
753293,2023-04-28,0.92
753293,2024-01-02,0.97
753293,2025-02-27,1.0
753326,2021-12-23,0.88
753326,2022-04-12,0.97
753326,2023-02-18,0.99
753326,2025-11-06,1.0
753363,2021-01-03,0.92
753363,2023-06-08,0.98
753363,2024-09-05,1.0
753418,2021-02-06,0.91
753418,2022-05-27,0.99
753418,2025-12-31,1.0
753422,2021-10-13,0.96
753422,2025-08-08,1.0
753543,2021-01-01,0.85
753543,2022-01-20,0.93
753543,2023-10-11,0.97
753543,2024-05-10,1.0
753574,2021-07-03,0.9
753574,2022-03-29,1.0
753616,2021-04-18,0.86
753616,2022-12-12,0.94
753616,2024-04-30,0.96
753616,2025-11-19,1.0
753769,2021-11-18,0.88
753769,2022-07-19,0.98
753769,2025-05-03,1.0
753790,2021-06-22,0.87
753790,2022-10-02,0.93
753790,2023-09-05,0.96
753790,2025-07-30,1.0
753795,2021-04-01,0.82
753795,2022-02-23,0.88
753795,2023-09-29,0.91
753795,2024-12-29,0.95
753795,2025-10-22,1.0
753816,2021-01-28,0.85
753816,2022-10-27,0.94
753816,2023-10-31,0.96
753816,2024-12-04,0.98
753816,2025-05-06,1.0
753884,2021-02-01,0.86
753884,2023-09-08,0.91
753884,2024-10-31,0.96
753884,2025-07-22,1.0
753944,2021-09-09,0.92
753944,2023-02-21,0.96
753944,2025-11-01,1.0
754059,2021-01-27,0.88
754059,2022-05-03,0.95
754059,2023-05-06,0.98
754059,2025-06-27,1.0
754165,2021-06-16,0.97
754165,2024-12-31,1.0
754196,2021-03-07,0.83
754196,2022-07-22,0.92
754196,2023-09-30,0.95
754196,2024-08-04,1.0
754331,2021-04-03,0.87
754331,2022-07-28,0.95
754331,2023-11-13,0.98
754331,2024-11-19,1.0
754479,2021-02-19,0.84
754479,2022-03-20,0.91
754479,2024-12-13,0.96
754479,2025-10-06,1.0
754505,2021-01-14,0.9
754505,2023-02-10,0.95
754505,2025-06-25,1.0
754519,2021-10-27,0.84
754519,2022-08-07,0.91
754519,2023-04-20,0.95
754519,2024-08-30,0.99
754519,2025-07-28,1.0
754560,2021-02-11,0.81
754560,2022-11-15,0.87
754560,2023-08-10,0.91
754560,2024-12-08,0.96
754560,2025-06-22,1.0
754739,2021-05-28,0.89
754739,2022-07-18,0.97
754739,2025-06-27,1.0
754957,2021-07-05,0.88
754957,2022-03-28,0.95
754957,2024-05-21,0.97
754957,2025-09-05,1.0
755210,2021-12-27,0.87
755210,2022-01-22,0.95
755210,2024-06-10,0.99
755210,2025-07-21,1.0
755211,2021-03-19,0.86
755211,2022-09-23,0.94
755211,2024-05-12,0.96
755211,2025-08-11,1.0
755488,2021-04-12,0.87
755488,2022-11-07,0.93
755488,2023-12-16,0.98
755488,2024-01-30,0.99
755488,2025-04-23,1.0
755516,2021-10-06,0.91
755516,2022-04-28,0.97
755516,2024-09-01,0.99
755516,2025-05-15,1.0
755539,2021-01-13,0.91
755539,2023-09-28,0.96
755539,2024-09-12,0.99
755539,2025-08-17,1.0
755680,2021-02-22,0.9
755680,2022-06-14,0.96
755680,2024-01-02,0.97
755680,2025-11-01,1.0
755686,2021-10-03,0.95
755686,2024-07-13,0.99
755686,2025-02-16,1.0
755750,2021-12-06,0.87
755750,2022-11-03,0.95
755750,2025-06-15,1.0
755817,2021-04-14,0.99
755817,2023-11-24,1.0
755838,2021-04-04,0.88
755838,2022-11-01,0.97
755838,2023-10-12,0.99
755838,2024-05-13,1.0
755988,2021-09-09,0.86
755988,2022-10-19,0.93
755988,2023-10-08,0.95
755988,2024-04-30,1.0
756166,2021-12-21,0.96
756166,2024-03-23,0.99
756166,2025-05-29,1.0
756319,2021-02-14,0.81
756319,2022-05-18,0.88
756319,2023-03-03,0.92
756319,2024-05-18,0.96
756319,2025-09-02,1.0
756382,2021-03-15,0.88
756382,2022-02-05,0.95
756382,2023-11-25,0.99
756382,2024-08-15,1.0
756640,2021-10-28,0.92
756640,2023-03-25,0.96
756640,2025-03-12,1.0
756680,2021-01-18,0.87
756680,2022-11-02,0.95
756680,2024-07-03,0.97
756680,2025-03-11,1.0
756721,2021-03-28,0.94
756721,2023-09-29,1.0
756792,2021-03-30,0.88
756792,2022-01-05,0.97
756792,2024-11-13,0.99
756792,2025-09-27,1.0
756807,2021-01-15,0.93
756807,2022-05-16,1.0
756838,2021-09-05,0.87
756838,2022-05-13,0.93
756838,2023-05-31,0.95
756838,2024-07-14,1.0
756893,2021-04-06,0.79
756893,2022-11-25,0.88
756893,2023-12-17,0.93
756893,2024-10-01,0.98
756893,2025-05-05,1.0
756998,2021-10-19,0.87
756998,2022-07-05,0.94
756998,2023-11-14,0.97
756998,2024-01-10,0.99
756998,2025-08-26,1.0
757023,2021-11-28,0.92
757023,2022-06-01,0.98
757023,2023-09-02,1.0
757056,2021-01-13,0.85
757056,2022-06-12,0.94
757056,2023-03-10,1.0
757064,2021-02-03,0.86
757064,2022-09-21,0.94
757064,2024-05-22,0.98
757064,2025-11-14,1.0
757118,2021-07-20,0.88
757118,2022-09-18,0.95
757118,2023-03-15,0.97
757118,2025-03-05,1.0
757135,2021-08-30,0.88
757135,2022-06-27,0.96
757135,2024-03-30,0.97
757135,2025-02-24,1.0
757181,2021-07-09,0.84
757181,2022-03-01,0.91
757181,2023-07-23,0.94
757181,2024-01-04,0.97
757181,2025-11-02,1.0
757359,2021-09-12,0.95
757359,2023-09-02,0.97
757359,2024-01-09,0.99
757359,2025-02-10,1.0
757368,2021-04-15,0.84
757368,2022-01-03,0.93
757368,2023-05-19,0.96
757368,2024-08-25,1.0
757376,2021-01-19,0.78
757376,2022-07-22,0.86
757376,2023-06-30,0.92
757376,2024-07-03,0.96
757376,2025-04-09,1.0
757535,2021-12-01,0.86
757535,2022-09-26,0.95
757535,2024-03-21,1.0
757796,2021-05-06,0.82
757796,2022-11-17,0.91
757796,2023-09-26,0.96
757796,2024-12-01,0.98
757796,2025-09-22,1.0
758007,2021-07-20,0.91
758007,2022-04-14,0.97
758007,2025-01-25,1.0
758038,2021-06-01,0.82
758038,2022-08-29,0.88
758038,2023-08-09,0.93
758038,2024-01-06,0.96
758038,2025-04-08,1.0
758050,2021-12-05,0.96
758050,2025-03-05,1.0
758076,2021-10-08,0.98
758076,2024-03-20,1.0
758641,2021-03-23,0.81
758641,2022-06-02,0.89
758641,2023-08-03,0.93
758641,2024-01-06,0.97
758641,2025-04-22,1.0
758819,2021-11-23,0.87
758819,2022-07-29,0.95
758819,2023-08-15,0.99
758819,2024-07-11,1.0
758969,2021-01-26,0.89
758969,2022-06-16,0.97
758969,2023-07-28,0.99
758969,2025-04-26,1.0
759067,2021-06-04,0.84
759067,2022-05-01,0.91
759067,2024-11-19,0.96
759067,2025-07-24,1.0
759283,2021-03-05,0.93
759283,2023-01-31,0.95
759283,2024-01-30,0.98
759283,2025-07-07,1.0
759415,2021-01-10,0.88
759415,2022-03-01,0.96
759415,2023-05-30,1.0
759467,2021-12-19,0.9
759467,2022-11-01,0.96
759467,2025-10-25,1.0
759522,2021-01-27,0.86
759522,2022-12-04,0.94
759522,2023-03-23,0.96
759522,2024-08-16,0.98
759522,2025-10-04,1.0
759609,2021-12-22,0.89
759609,2022-06-22,0.99
759609,2024-12-10,1.0
759731,2021-11-03,0.88
759731,2022-07-19,0.97
759731,2024-08-11,1.0
759895,2021-01-20,0.79
759895,2022-07-16,0.88
759895,2023-08-26,0.9
759895,2024-05-30,0.95
759895,2025-12-03,1.0
759922,2021-11-28,0.8
759922,2022-12-15,0.89
759922,2023-05-26,0.93
759922,2024-03-23,0.97
759922,2025-03-30,1.0
759939,2021-04-09,0.87
759939,2022-02-17,0.94
759939,2023-01-02,0.97
759939,2025-09-02,1.0
759945,2021-02-10,0.92
759945,2022-05-09,0.98
759945,2025-03-20,1.0
760135,2021-02-25,0.87
760135,2022-07-23,0.96
760135,2025-07-18,1.0
760142,2021-07-05,0.82
760142,2022-07-20,0.9
760142,2023-01-19,0.96
760142,2025-08-18,1.0
760177,2021-10-07,0.92
760177,2023-05-11,0.96
760177,2024-09-02,1.0
760196,2021-02-10,0.87
760196,2022-07-27,0.95
760196,2024-02-02,1.0
760432,2021-10-11,0.86
760432,2022-04-27,0.95
760432,2024-01-21,0.99
760432,2025-04-30,1.0
760542,2021-06-30,0.87
760542,2022-06-14,0.94
760542,2024-06-17,0.98
760542,2025-06-06,1.0
760734,2021-11-04,0.87
760734,2022-03-02,0.94
760734,2023-01-25,0.97
760734,2024-04-04,1.0
760820,2021-04-08,0.87
760820,2022-02-18,0.97
760820,2023-01-27,0.99
760820,2025-12-07,1.0
760983,2021-12-23,0.88
760983,2022-10-21,0.96
760983,2023-08-13,0.98
760983,2025-05-04,1.0
761059,2021-08-22,0.84
761059,2022-08-10,0.91
761059,2023-09-24,0.93
761059,2024-01-21,0.97
761059,2025-03-01,1.0
761122,2021-01-17,0.89
761122,2022-01-27,0.98
761122,2025-08-26,1.0
761455,2021-07-08,0.86
761455,2022-11-11,0.94
761455,2024-12-10,0.95
761455,2025-02-20,1.0
761469,2021-09-15,0.9
761469,2023-07-14,0.94
761469,2024-07-30,0.99
761469,2025-01-13,1.0
761501,2021-04-25,0.91
761501,2023-12-22,0.95
761501,2024-02-28,0.98
761501,2025-08-07,1.0
761627,2021-08-11,0.87
761627,2022-06-24,0.94
761627,2024-03-01,0.97
761627,2025-12-08,1.0
761789,2021-04-06,0.86
761789,2022-04-06,0.94
761789,2023-01-15,0.97
761789,2025-10-17,1.0
761977,2021-03-24,0.9
761977,2022-05-28,0.97
761977,2023-03-21,1.0
762004,2021-01-21,0.87
762004,2022-01-09,0.96
762004,2023-10-13,0.98
762004,2025-09-29,1.0
762145,2021-05-19,0.91
762145,2022-05-30,0.98
762145,2024-10-31,1.0
762185,2021-02-13,0.85
762185,2022-02-24,0.92
762185,2023-11-05,0.97
762185,2024-10-17,0.99
762185,2025-08-07,1.0
762190,2021-07-26,0.89
762190,2022-09-20,0.96
762190,2023-02-21,1.0
762244,2021-11-11,0.88
762244,2022-11-28,0.97
762244,2025-08-07,1.0
762328,2021-11-01,0.88
762328,2022-07-25,0.94
762328,2023-11-27,0.97
762328,2024-03-15,1.0
762429,2021-08-21,0.82
762429,2022-03-15,0.91
762429,2023-12-02,0.92
762429,2024-06-21,0.96
762429,2025-03-09,1.0
762757,2021-04-28,0.87
762757,2022-02-22,0.95
762757,2024-04-17,0.99
762757,2025-03-22,1.0
762762,2021-08-10,0.89
762762,2023-10-02,0.91
762762,2024-07-01,0.95
762762,2025-10-24,1.0
762763,2021-01-09,0.82
762763,2022-03-09,0.88
762763,2023-10-23,0.93
762763,2024-11-25,0.96
762763,2025-09-03,1.0
762876,2021-02-19,0.9
762876,2022-02-05,0.97
762876,2023-10-24,0.99
762876,2024-05-03,1.0
762943,2021-12-01,0.85
762943,2022-11-25,0.92
762943,2023-11-25,0.98
762943,2024-04-02,1.0
762947,2021-06-23,0.86
762947,2022-11-11,0.95
762947,2023-09-30,0.98
762947,2025-04-04,1.0
762959,2021-04-29,0.83
762959,2022-08-29,0.9
762959,2023-06-14,0.95
762959,2024-11-28,0.96
762959,2025-12-31,1.0
763026,2021-05-23,0.82
763026,2022-08-08,0.9
763026,2023-04-09,0.93
763026,2024-11-17,0.98
763026,2025-02-12,1.0
763255,2021-03-12,0.94
763255,2023-04-09,0.97
763255,2024-10-28,0.99
763255,2025-03-28,1.0
763335,2021-01-08,0.94
763335,2023-08-19,0.97
763335,2025-02-25,1.0
763457,2021-07-14,0.91
763457,2022-07-18,0.98
763457,2024-03-12,1.0
763550,2021-09-28,0.84
763550,2022-01-06,0.91
763550,2023-04-07,0.94
763550,2024-06-17,0.98
763550,2025-01-07,1.0
763817,2021-12-04,0.87
763817,2022-11-19,0.93
763817,2023-09-25,0.98
763817,2025-03-05,1.0
763936,2021-12-31,0.87
763936,2022-07-10,0.94
763936,2023-03-13,0.96
763936,2024-01-25,1.0
763949,2021-04-04,0.88
763949,2022-01-07,0.95
763949,2023-07-17,1.0
764080,2021-05-26,0.85
764080,2022-05-15,0.93
764080,2024-11-29,0.95
764080,2025-01-19,1.0
764149,2021-01-07,0.87
764149,2022-02-07,0.96
764149,2023-11-26,1.0
764256,2021-05-23,0.93
764256,2022-12-21,0.99
764256,2025-09-10,1.0
764370,2021-03-19,0.83
764370,2022-04-12,0.92
764370,2023-06-30,0.97
764370,2024-07-10,0.99
764370,2025-02-12,1.0
764457,2021-03-17,0.87
764457,2022-03-09,0.93
764457,2024-02-20,0.97
764457,2025-10-03,1.0
764509,2021-08-02,0.9
764509,2023-10-29,0.92
764509,2024-01-18,0.95
764509,2025-04-15,1.0
764544,2021-04-07,0.83
764544,2022-10-08,0.9
764544,2023-04-27,0.94
764544,2024-02-17,0.98
764544,2025-12-15,1.0
764825,2021-09-14,0.81
764825,2022-02-27,0.89
764825,2023-12-22,0.95
764825,2024-11-09,1.0
764860,2021-10-18,0.83
764860,2022-02-26,0.92
764860,2023-10-28,0.94
764860,2024-02-11,0.99
764860,2025-09-04,1.0
765027,2021-10-02,0.89
765027,2023-06-19,0.93
765027,2024-01-01,0.96
765027,2025-02-24,1.0
765177,2021-12-10,0.82
765177,2022-02-18,0.91
765177,2024-09-09,0.96
765177,2025-03-10,1.0
765194,2021-10-06,0.88
765194,2022-07-02,0.97
765194,2024-02-02,1.0
765443,2021-03-25,0.97
765443,2023-03-08,0.99
765443,2025-11-21,1.0
765464,2021-09-05,0.98
765464,2025-07-03,1.0
765465,2021-10-20,0.87
765465,2022-04-20,0.96
765465,2023-07-27,1.0
765523,2021-03-02,0.94
765523,2023-05-19,0.97
765523,2024-11-17,1.0
765524,2021-12-16,0.8
765524,2022-10-08,0.88
765524,2023-12-13,0.92
765524,2024-01-19,0.97
765524,2025-06-18,1.0
765545,2021-04-05,0.91
765545,2023-01-22,0.95
765545,2024-09-17,0.98
765545,2025-01-06,1.0
765546,2021-03-07,0.83
765546,2022-03-16,0.92
765546,2024-08-02,0.96
765546,2025-04-04,1.0
765621,2021-07-15,0.88
765621,2022-09-02,0.95
765621,2025-03-06,1.0
765635,2021-08-12,0.96
765635,2023-05-04,0.98
765635,2025-07-22,1.0
765804,2021-07-05,0.81
765804,2022-04-23,0.9
765804,2023-11-14,0.95
765804,2025-06-10,1.0
766013,2021-06-03,0.81
766013,2022-08-20,0.9
766013,2023-01-31,0.96
766013,2024-06-20,1.0
766316,2021-06-03,0.93
766316,2023-10-05,0.95
766316,2024-02-09,1.0
766427,2021-09-24,0.83
766427,2022-02-20,0.91
766427,2023-03-25,0.96
766427,2024-01-09,0.99
766427,2025-04-16,1.0
766490,2021-01-19,0.88
766490,2022-02-09,0.94
766490,2024-07-27,0.99
766490,2025-04-25,1.0
766505,2021-03-18,0.84
766505,2022-03-24,0.91
766505,2023-08-22,0.96
766505,2024-01-04,0.98
766505,2025-07-11,1.0
766525,2021-01-30,0.83
766525,2022-04-17,0.91
766525,2023-12-13,0.96
766525,2024-05-24,1.0
766662,2021-05-12,0.83
766662,2022-04-21,0.91
766662,2024-08-01,0.96
766662,2025-09-06,1.0
766697,2021-03-16,0.89
766697,2022-02-03,0.98
766697,2025-04-09,1.0
766812,2021-11-12,0.95
766812,2023-11-20,0.98
766812,2025-09-10,1.0
766855,2021-10-21,0.81
766855,2022-08-04,0.9
766855,2023-02-24,0.92
766855,2024-07-05,0.97
766855,2025-01-28,1.0
766878,2021-04-08,0.82
766878,2022-01-31,0.91
766878,2023-06-14,0.95
766878,2024-01-05,0.97
766878,2025-09-11,1.0
766904,2021-09-07,0.87
766904,2022-12-09,0.97
766904,2025-05-14,1.0
767110,2021-05-05,0.88
767110,2023-10-04,0.92
767110,2024-06-30,0.96
767110,2025-10-07,1.0
767146,2021-08-02,0.85
767146,2022-12-23,0.93
767146,2023-05-25,0.96
767146,2024-12-21,0.98
767146,2025-01-18,1.0
767179,2021-06-22,0.92
767179,2023-12-06,0.96
767179,2024-02-01,0.97
767179,2025-05-23,1.0
767446,2021-02-04,0.91
767446,2023-03-06,0.95
767446,2025-10-19,1.0
767495,2021-04-20,0.89
767495,2023-06-23,0.94
767495,2024-08-17,0.97
767495,2025-10-27,1.0
767564,2021-09-29,0.88
767564,2022-07-12,0.94
767564,2023-04-26,1.0
767672,2021-11-06,0.86
767672,2022-02-12,0.92
767672,2023-03-25,0.95
767672,2024-08-11,1.0
767694,2021-09-05,0.91
767694,2023-08-10,0.94
767694,2024-03-20,0.99
767694,2025-12-17,1.0
767783,2021-01-13,0.9
767783,2022-01-31,0.96
767783,2023-10-15,1.0
767802,2021-12-27,0.88
767802,2023-09-18,0.91
767802,2024-08-19,0.95
767802,2025-07-07,1.0
767916,2021-06-02,0.82
767916,2022-10-20,0.91
767916,2023-01-27,0.95
767916,2024-10-16,0.96
767916,2025-03-27,1.0
768073,2021-01-31,0.81
768073,2022-09-20,0.9
768073,2023-09-10,0.94
768073,2024-08-14,0.97
768073,2025-11-10,1.0
768118,2021-11-25,0.89
768118,2022-06-12,0.95
768118,2023-06-27,0.96
768118,2025-11-03,1.0
768128,2021-02-08,0.88
768128,2022-01-18,0.95
768128,2024-03-31,1.0
768182,2021-10-10,0.93
768182,2023-02-25,0.99
768182,2024-06-28,1.0
768457,2021-08-19,0.95
768457,2024-09-03,0.98
768457,2025-03-11,1.0
768510,2021-09-10,0.87
768510,2022-01-11,0.94
768510,2023-06-28,0.96
768510,2024-05-03,1.0
768838,2021-05-24,0.92
768838,2023-06-15,0.95
768838,2024-01-08,1.0
768971,2021-10-09,0.97
768971,2023-11-02,0.99
768971,2024-09-30,1.0
769006,2021-10-11,0.83
769006,2022-03-11,0.92
769006,2023-08-30,0.97
769006,2025-07-10,1.0
769204,2021-10-24,0.95
769204,2023-07-23,0.99
769204,2025-04-18,1.0
769349,2021-08-20,0.93
769349,2023-03-22,0.96
769349,2024-04-03,1.0
769456,2021-12-25,0.91
769456,2023-05-12,0.96
769456,2025-07-15,1.0
769682,2021-05-17,0.87
769682,2022-06-05,0.94
769682,2023-07-21,0.97
769682,2024-10-15,1.0
769707,2021-10-11,0.86
769707,2022-03-29,0.92
769707,2024-01-23,0.96
769707,2025-06-12,1.0
769795,2021-01-18,0.84
769795,2022-07-29,0.91
769795,2023-09-03,0.94
769795,2024-12-09,0.98
769795,2025-10-29,1.0
769910,2021-10-17,0.87
769910,2022-07-11,0.95
769910,2024-06-01,0.98
769910,2025-09-14,1.0
769926,2021-11-07,0.93
769926,2023-03-22,0.96
769926,2025-05-03,1.0
770263,2021-05-21,0.85
770263,2022-07-09,0.92
770263,2023-12-08,0.95
770263,2025-09-07,1.0
770333,2021-04-27,0.89
770333,2023-11-07,0.91
770333,2024-03-11,0.96
770333,2025-11-08,1.0
770513,2021-12-25,0.97
770513,2024-08-11,1.0
770808,2021-12-28,0.92
770808,2023-03-04,0.97
770808,2025-06-24,1.0
770986,2021-09-11,0.92
770986,2023-05-13,0.96
770986,2024-05-26,0.98
770986,2025-05-12,1.0
771060,2021-04-03,0.89
771060,2022-12-17,0.95
771060,2023-12-29,0.99
771060,2025-08-03,1.0
771090,2021-07-18,0.84
771090,2022-08-05,0.9
771090,2024-03-28,0.95
771090,2025-07-17,1.0
771203,2021-02-12,0.84
771203,2022-06-25,0.91
771203,2023-10-23,0.95
771203,2024-06-27,1.0
771216,2021-01-28,0.9
771216,2022-04-25,0.98
771216,2025-03-04,1.0
771319,2021-09-28,0.84
771319,2022-09-15,0.94
771319,2023-11-23,0.96
771319,2024-12-02,0.99
771319,2025-12-17,1.0
771381,2021-01-18,0.85
771381,2022-03-20,0.91
771381,2024-11-24,0.95
771381,2025-05-24,1.0
771479,2021-04-21,0.91
771479,2022-01-29,0.99
771479,2025-04-30,1.0
771503,2021-06-19,0.93
771503,2023-03-22,0.97
771503,2024-11-14,0.99
771503,2025-11-16,1.0
771590,2021-12-15,0.95
771590,2023-03-31,0.98
771590,2024-06-14,1.0
771662,2021-01-20,0.87
771662,2022-08-12,0.93
771662,2023-03-28,0.97
771662,2024-10-22,1.0
772355,2021-02-01,0.82
772355,2022-11-26,0.88
772355,2023-06-21,0.94
772355,2024-10-26,0.97
772355,2025-03-19,1.0
772547,2021-05-10,0.91
772547,2022-05-23,0.99
772547,2025-12-09,1.0
772674,2021-04-22,0.9
772674,2022-05-23,0.97
772674,2025-07-26,1.0
772793,2021-01-03,0.87
772793,2022-03-21,0.94
772793,2023-12-21,0.96
772793,2024-06-25,0.97
772793,2025-10-19,1.0
772934,2021-09-13,0.86
772934,2022-04-29,0.95
772934,2023-08-23,0.99
772934,2024-02-23,1.0
773164,2021-09-18,0.88
773164,2022-02-22,0.95
773164,2025-06-05,1.0
773356,2021-11-09,0.95
773356,2023-02-24,0.99
773356,2025-11-05,1.0
773363,2021-04-11,0.88
773363,2022-07-10,0.94
773363,2023-08-25,0.98
773363,2025-07-10,1.0
773402,2021-04-08,0.83
773402,2022-01-29,0.89
773402,2023-12-28,0.93
773402,2024-10-30,0.96
773402,2025-04-14,1.0
773404,2021-08-20,0.91
773404,2022-12-17,0.98
773404,2024-09-25,1.0
773439,2021-09-07,0.86
773439,2022-09-08,0.92
773439,2023-02-23,0.96
773439,2024-09-25,0.99
773439,2025-09-26,1.0
773458,2021-08-11,0.96
773458,2024-10-13,1.0
773924,2021-07-19,0.92
773924,2022-12-10,0.98
773924,2023-09-28,1.0
773937,2021-06-03,0.9
773937,2022-02-28,0.99
773937,2024-04-03,1.0
773982,2021-06-07,0.93
773982,2024-11-08,0.95
773982,2025-02-25,1.0
773983,2021-12-28,0.89
773983,2022-12-20,0.96
773983,2023-05-23,0.98
773983,2024-07-16,0.99
773983,2025-02-12,1.0
774041,2021-06-21,0.88
774041,2022-11-22,0.95
774041,2023-08-21,1.0
774070,2021-09-26,0.92
774070,2022-08-02,0.98
774070,2024-05-02,1.0
774094,2021-11-06,0.87
774094,2023-05-08,0.92
774094,2024-03-23,0.96
774094,2025-11-06,1.0
774123,2021-09-11,0.92
774123,2023-02-04,0.96
774123,2024-04-03,0.97
774123,2025-11-01,1.0
774133,2021-09-23,0.83
774133,2022-01-20,0.91
774133,2023-04-03,0.95
774133,2025-07-21,1.0
774175,2021-10-27,0.79
774175,2022-02-20,0.88
774175,2023-12-29,0.92
774175,2024-03-20,0.97
774175,2025-08-31,1.0
774210,2021-01-18,0.95
774210,2023-01-08,0.97
774210,2025-12-12,1.0
774274,2021-10-05,0.8
774274,2022-12-03,0.87
774274,2023-03-25,0.92
774274,2024-02-16,0.97
774274,2025-12-02,1.0
774297,2021-12-25,0.97
774297,2025-03-14,1.0
774298,2021-01-29,0.88
774298,2022-03-15,0.95
774298,2025-01-01,1.0
774394,2021-08-31,0.79
774394,2022-05-30,0.86
774394,2023-08-03,0.92
774394,2024-01-04,0.97
774394,2025-03-05,1.0
774481,2021-05-17,0.86
774481,2022-09-18,0.93
774481,2023-06-12,0.98
774481,2024-07-31,1.0
774493,2021-08-28,0.84
774493,2022-06-06,0.91
774493,2023-01-11,0.96
774493,2025-12-20,1.0
774604,2021-12-10,0.83
774604,2022-08-20,0.91
774604,2023-10-20,0.96
774604,2024-03-17,1.0
774672,2021-02-19,0.85
774672,2022-06-15,0.92
774672,2023-10-21,0.96
774672,2025-04-07,1.0
774679,2021-10-05,0.85
774679,2022-11-08,0.91
774679,2023-04-13,0.94
774679,2024-06-03,0.98
774679,2025-11-15,1.0
774993,2021-02-27,0.84
774993,2022-05-31,0.92
774993,2023-06-07,0.98
774993,2025-09-05,1.0
775165,2021-09-01,0.95
775165,2023-10-22,0.97
775165,2024-05-01,0.99
775165,2025-02-28,1.0
775204,2021-09-18,0.94
775204,2023-06-05,0.96
775204,2024-04-28,0.97
775204,2025-05-26,1.0
775243,2021-09-13,0.89
775243,2022-04-10,0.95
775243,2023-12-10,0.99
775243,2025-01-21,1.0
775296,2021-02-06,0.92
775296,2023-08-26,0.94
775296,2024-06-23,0.96
775296,2025-12-31,1.0
775328,2021-09-16,0.97
775328,2025-05-02,1.0
775356,2021-08-21,0.83
775356,2022-06-26,0.89
775356,2023-01-18,0.95
775356,2024-12-21,0.97
775356,2025-05-05,1.0
775364,2021-11-08,0.89
775364,2022-10-04,0.96
775364,2025-10-31,1.0
775516,2021-04-12,0.95
775516,2024-01-01,0.96
775516,2025-07-07,1.0
775603,2021-03-08,0.84
775603,2022-09-23,0.92
775603,2023-01-29,0.95
775603,2024-02-17,1.0
775837,2021-04-05,0.87
775837,2022-07-06,0.95
775837,2023-10-24,0.97
775837,2025-01-28,1.0
775844,2021-12-09,0.8
775844,2022-02-09,0.87
775844,2023-10-04,0.92
775844,2024-05-13,0.96
775844,2025-12-12,1.0
775939,2021-08-01,0.82
775939,2022-11-30,0.89
775939,2023-07-04,0.91
775939,2024-03-25,0.95
775939,2025-09-14,1.0
776006,2021-03-18,0.91
776006,2023-08-12,0.94
776006,2024-11-05,0.98
776006,2025-12-05,1.0
776128,2021-02-21,0.97
776128,2025-10-05,1.0
776453,2021-01-21,0.96
776453,2025-08-22,1.0
776532,2021-08-28,0.93
776532,2024-02-07,0.96
776532,2025-06-17,1.0
776775,2021-04-17,0.9
776775,2022-09-28,0.96
776775,2024-07-25,0.99
776775,2025-03-29,1.0
776928,2021-10-14,0.97
776928,2023-03-04,0.99
776928,2024-09-05,1.0
777070,2021-08-24,0.9
777070,2022-12-13,0.96
777070,2024-05-18,1.0
777075,2021-12-30,0.91
777075,2023-08-13,0.97
777075,2025-05-16,1.0
777078,2021-07-29,0.87
777078,2022-02-06,0.95
777078,2024-12-15,0.97
777078,2025-08-10,1.0
777233,2021-04-03,0.92
777233,2023-08-15,0.95
777233,2025-03-17,1.0
777235,2021-07-28,0.94
777235,2023-01-29,0.99
777235,2024-09-17,1.0
777241,2021-12-09,0.89
777241,2023-08-04,0.94
777241,2024-03-21,0.99
777241,2025-10-04,1.0
777244,2021-11-08,0.93
777244,2023-01-24,0.98
777244,2025-10-05,1.0
777336,2021-05-29,0.84
777336,2022-08-03,0.9
777336,2023-06-23,0.93
777336,2024-11-16,0.97
777336,2025-10-15,1.0
777366,2021-03-06,0.86
777366,2022-10-13,0.93
777366,2023-10-27,0.96
777366,2025-06-17,1.0
777470,2021-08-04,0.86
777470,2022-04-22,0.94
777470,2023-01-24,0.99
777470,2024-08-17,1.0
777727,2021-11-04,0.93
777727,2024-01-09,0.97
777727,2025-10-14,1.0
777781,2021-05-23,0.83
777781,2022-02-21,0.9
777781,2023-09-01,0.95
777781,2024-04-22,0.96
777781,2025-06-11,1.0
778132,2021-01-11,0.91
778132,2023-12-08,0.95
778132,2024-04-03,0.96
778132,2025-08-17,1.0
778207,2021-12-23,0.84
778207,2022-01-14,0.9
778207,2023-06-02,0.94
778207,2024-02-27,0.99
778207,2025-01-22,1.0
778374,2021-03-16,0.98
778374,2025-07-30,1.0
778493,2021-09-01,0.86
778493,2023-06-05,0.91
778493,2024-03-04,0.96
778493,2025-06-30,1.0
778747,2021-10-03,0.83
778747,2022-05-18,0.89
778747,2023-01-03,0.94
778747,2024-04-25,0.99
778747,2025-01-05,1.0
778758,2021-02-22,0.86
778758,2022-12-06,0.93
778758,2023-08-11,0.99
778758,2024-03-14,1.0
778765,2021-05-24,0.86
778765,2022-05-28,0.92
778765,2023-10-09,0.97
778765,2025-01-04,1.0
778807,2021-02-25,0.89
778807,2022-01-20,0.95
778807,2023-11-01,0.98
778807,2025-07-06,1.0
778889,2021-12-26,0.89
778889,2022-11-13,0.96
778889,2024-10-22,0.99
778889,2025-10-12,1.0
779073,2021-12-15,0.93
779073,2023-08-30,0.97
779073,2024-02-26,1.0
779190,2021-12-13,0.9
779190,2023-10-21,0.92
779190,2024-02-27,0.97
779190,2025-01-17,1.0
779219,2021-06-19,0.82
779219,2022-03-12,0.9
779219,2023-05-05,0.95
779219,2024-10-16,1.0
779235,2021-04-24,0.8
779235,2022-06-18,0.86
779235,2023-06-16,0.91
779235,2024-11-02,0.96
779235,2025-08-18,1.0
779414,2021-01-08,0.85
779414,2022-12-24,0.93
779414,2023-06-16,0.97
779414,2024-03-13,0.99
779414,2025-06-27,1.0
779639,2021-07-23,0.92
779639,2023-02-19,0.97
779639,2025-01-27,1.0
779654,2021-07-03,0.87
779654,2022-01-07,0.96
779654,2024-02-14,0.97
779654,2025-01-07,1.0
779741,2021-07-09,0.83
779741,2022-02-26,0.9
779741,2023-11-14,0.95
779741,2024-05-11,0.98
779741,2025-01-27,1.0
779837,2021-05-17,0.89
779837,2022-04-13,0.96
779837,2023-01-02,0.98
779837,2024-03-30,0.99
779837,2025-01-07,1.0
779841,2021-08-29,0.87
779841,2022-09-09,0.95
779841,2023-04-29,1.0
779867,2021-02-18,0.84
779867,2022-01-23,0.9
779867,2023-06-22,0.93
779867,2024-06-14,0.96
779867,2025-09-28,1.0
780001,2021-10-03,0.82
780001,2022-12-06,0.9
780001,2023-08-12,0.93
780001,2024-05-14,0.98
780001,2025-02-06,1.0
780006,2021-05-27,0.87
780006,2022-02-02,0.96
780006,2024-03-20,1.0
780158,2021-05-16,0.84
780158,2022-10-19,0.91
780158,2023-07-20,0.96
780158,2025-01-08,1.0
780255,2021-08-28,0.92
780255,2022-01-16,0.99
780255,2025-01-14,1.0
780887,2021-07-03,0.85
780887,2022-06-23,0.94
780887,2023-07-13,0.97
780887,2024-01-23,0.99
780887,2025-12-27,1.0
780898,2021-07-14,0.95
780898,2025-10-30,1.0
780917,2021-10-27,0.87
780917,2022-02-21,0.95
780917,2023-07-18,0.98
780917,2025-05-13,1.0
780942,2021-11-28,0.87
780942,2022-12-09,0.96
780942,2024-08-05,1.0
781002,2021-02-08,0.85
781002,2022-01-01,0.92
781002,2024-04-12,0.97
781002,2025-07-25,1.0
781317,2021-09-07,0.83
781317,2022-11-04,0.92
781317,2023-11-05,0.97
781317,2024-01-03,1.0
781641,2021-03-29,0.87
781641,2022-09-04,0.95
781641,2023-01-04,0.98
781641,2025-06-10,1.0
781768,2021-11-09,0.9
781768,2023-10-26,0.94
781768,2024-12-26,0.95
781768,2025-07-09,1.0
781933,2021-08-26,0.95
781933,2023-08-20,0.99
781933,2024-11-09,1.0
781943,2021-04-05,0.89
781943,2022-07-18,0.99
781943,2025-05-31,1.0
782361,2021-08-13,0.85
782361,2022-11-02,0.92
782361,2024-08-09,0.97
782361,2025-04-11,1.0
782441,2021-06-04,0.92
782441,2023-02-10,0.94
782441,2024-03-13,0.96
782441,2025-10-23,1.0
782467,2021-01-13,0.82
782467,2022-01-14,0.91
782467,2023-06-17,0.97
782467,2024-09-06,1.0
782681,2021-02-16,0.83
782681,2022-06-10,0.92
782681,2023-12-22,0.96
782681,2024-08-08,1.0
782848,2021-07-03,1.0
783074,2021-09-30,0.86
783074,2022-02-14,0.93
783074,2023-07-20,0.95
783074,2025-09-20,1.0
783204,2021-06-20,0.82
783204,2022-04-02,0.91
783204,2023-04-26,0.97
783204,2025-04-23,1.0
783310,2021-11-22,0.97
783310,2023-11-16,0.98
783310,2025-04-07,1.0
783358,2021-12-17,0.82
783358,2022-06-07,0.91
783358,2023-02-06,0.94
783358,2024-08-08,0.96
783358,2025-10-28,1.0
783877,2021-12-21,0.91
783877,2022-06-03,0.98
783877,2023-03-03,1.0
783898,2021-07-30,0.81
783898,2022-09-03,0.9
783898,2023-11-10,0.96
783898,2025-08-17,1.0
783909,2021-09-27,0.87
783909,2022-04-09,0.95
783909,2025-06-08,1.0
784002,2021-12-05,0.82
784002,2022-04-02,0.88
784002,2023-04-25,0.92
784002,2024-11-02,0.97
784002,2025-02-15,1.0
784010,2021-11-12,0.88
784010,2023-12-26,0.91
784010,2024-07-29,0.96
784010,2025-11-22,1.0
784047,2021-04-07,0.91
784047,2023-04-13,0.94
784047,2024-04-25,0.98
784047,2025-06-25,1.0
784293,2021-03-19,0.88
784293,2022-08-17,0.97
784293,2023-03-31,0.99
784293,2024-10-14,1.0
784438,2021-06-03,0.98
784438,2025-08-07,1.0
784919,2021-04-27,0.85
784919,2022-12-21,0.93
784919,2023-11-25,0.95
784919,2024-05-19,0.97
784919,2025-01-07,1.0
785323,2021-11-08,0.86
785323,2022-05-20,0.94
785323,2023-12-31,0.96
785323,2025-07-29,1.0
785403,2021-08-29,0.82
785403,2022-11-27,0.87
785403,2023-01-11,0.91
785403,2024-11-20,0.95
785403,2025-11-19,1.0
785467,2021-09-29,0.88
785467,2022-02-22,0.94
785467,2024-03-19,0.99
785467,2025-12-28,1.0
785476,2021-08-09,0.96
785476,2025-07-21,1.0
785531,2021-08-04,0.91
785531,2022-07-02,0.97
785531,2024-06-14,1.0
785564,2021-11-16,0.94
785564,2023-01-21,0.95
785564,2024-05-26,0.99
785564,2025-11-19,1.0
785598,2021-10-05,0.89
785598,2022-10-11,0.95
785598,2025-11-04,1.0
785602,2021-08-15,0.85
785602,2022-12-26,0.94
785602,2023-09-15,0.98
785602,2024-06-23,0.99
785602,2025-03-10,1.0
785716,2021-03-30,0.81
785716,2022-10-12,0.87
785716,2023-09-21,0.92
785716,2024-08-01,0.97
785716,2025-07-14,1.0
786087,2021-08-22,0.9
786087,2022-05-30,0.99
786087,2025-06-28,1.0
786217,2021-09-13,0.87
786217,2022-02-22,0.95
786217,2023-03-01,0.98
786217,2024-04-03,1.0
786306,2021-09-23,0.86
786306,2022-01-18,0.92
786306,2023-07-16,0.98
786306,2025-09-16,1.0
786363,2021-11-06,0.92
786363,2023-07-13,0.94
786363,2024-08-22,0.97
786363,2025-09-15,1.0
786542,2021-03-09,0.83
786542,2022-07-22,0.91
786542,2023-11-05,0.97
786542,2024-12-22,0.99
786542,2025-10-22,1.0
786655,2021-03-14,0.96
786655,2024-10-09,1.0
786788,2021-01-03,0.82
786788,2022-12-03,0.91
786788,2023-08-17,0.96
786788,2025-08-04,1.0
786792,2021-01-22,0.81
786792,2022-04-14,0.89
786792,2023-06-28,0.94
786792,2024-12-21,0.97
786792,2025-05-19,1.0
786900,2021-02-19,0.97
786900,2024-02-16,1.0
787036,2021-10-29,0.85
787036,2022-03-03,0.91
787036,2023-11-15,0.93
787036,2024-12-09,0.96
787036,2025-01-19,1.0
787200,2021-07-30,0.87
787200,2022-02-03,0.93
787200,2023-08-05,0.98
787200,2025-04-27,1.0
787322,2021-12-24,0.86
787322,2022-01-13,0.92
787322,2023-12-10,0.96
787322,2024-08-29,1.0
787429,2021-01-24,1.0
787516,2021-04-21,0.82
787516,2022-07-11,0.87
787516,2023-05-24,0.92
787516,2024-07-05,0.97
787516,2025-11-13,1.0
787665,2021-12-13,0.89
787665,2023-09-08,0.93
787665,2024-04-01,0.96
787665,2025-06-01,1.0
787682,2021-12-24,0.89
787682,2022-11-22,0.97
787682,2023-06-14,1.0
788128,2021-03-29,0.93
788128,2022-10-27,1.0
788183,2021-09-06,0.82
788183,2022-08-29,0.89
788183,2023-12-16,0.94
788183,2024-07-11,0.96
788183,2025-10-26,1.0
788277,2021-09-30,0.82
788277,2022-01-16,0.91
788277,2023-03-03,0.96
788277,2024-07-01,0.98
788277,2025-02-05,1.0
788295,2021-05-31,0.89
788295,2023-12-09,0.93
788295,2024-04-05,0.98
788295,2025-01-29,1.0
788447,2021-01-27,0.81
788447,2022-02-19,0.87
788447,2023-09-15,0.91
788447,2024-08-31,0.96
788447,2025-07-13,1.0
788507,2021-07-18,0.86
788507,2022-05-25,0.96
788507,2023-09-22,0.98
788507,2024-09-30,1.0
788521,2021-04-26,0.84
788521,2022-02-18,0.93
788521,2023-10-16,0.95
788521,2024-08-24,1.0
788587,2021-07-13,0.95
788587,2023-11-10,0.98
788587,2024-05-17,1.0
788595,2021-04-09,0.91
788595,2023-02-14,0.96
788595,2024-08-11,0.97
788595,2025-03-10,1.0
788641,2021-02-11,0.85
788641,2022-04-17,0.93
788641,2023-10-15,0.99
788641,2024-07-21,1.0
789228,2021-05-29,0.82
789228,2022-07-04,0.9
789228,2023-06-28,0.95
789228,2024-12-18,0.96
789228,2025-10-11,1.0
789266,2021-08-13,0.83
789266,2022-11-01,0.89
789266,2023-08-21,0.93
789266,2024-03-27,0.98
789266,2025-05-25,1.0
789464,2021-03-19,0.83
789464,2022-11-04,0.91
789464,2023-02-17,0.96
789464,2024-11-27,0.98
789464,2025-01-24,1.0
789602,2021-11-29,0.85
789602,2022-04-04,0.93
789602,2023-02-21,0.96
789602,2025-07-16,1.0
789804,2021-05-04,0.92
789804,2022-10-06,1.0
789917,2021-04-10,0.87
789917,2022-03-09,0.94
789917,2023-02-06,0.98
789917,2024-01-19,1.0
789931,2021-11-04,0.86
789931,2022-04-18,0.95
789931,2025-09-08,1.0
790111,2021-07-25,0.85
790111,2022-11-18,0.94
790111,2023-08-05,0.99
790111,2024-08-07,1.0
790148,2021-06-28,0.89
790148,2022-05-18,0.97
790148,2024-07-27,1.0
790243,2021-07-18,0.89
790243,2022-11-01,0.98
790243,2024-12-19,1.0
790288,2021-11-06,0.92
790288,2023-09-12,0.95
790288,2025-11-14,1.0
790317,2021-04-24,0.81
790317,2022-08-17,0.89
790317,2023-01-27,0.95
790317,2024-10-13,0.98
790317,2025-04-08,1.0
790320,2021-01-18,0.92
790320,2023-01-31,0.95
790320,2024-08-10,0.97
790320,2025-10-16,1.0
790452,2021-01-07,0.96
790452,2024-09-11,0.98
790452,2025-08-25,1.0
790531,2021-02-28,0.98
790531,2023-03-30,1.0
790534,2021-09-26,0.79
790534,2022-02-05,0.87
790534,2023-03-15,0.93
790534,2024-03-01,0.96
790534,2025-03-17,1.0
790554,2021-08-08,0.88
790554,2022-12-09,0.95
790554,2023-03-07,0.97
790554,2024-11-26,1.0
790649,2021-10-05,0.88
790649,2022-12-08,0.96
790649,2024-01-08,1.0
790875,2021-07-16,0.86
790875,2022-03-08,0.92
790875,2024-09-21,0.97
790875,2025-11-06,1.0
790876,2021-06-22,0.95
790876,2024-05-20,0.99
790876,2025-04-04,1.0
790929,2021-06-14,0.84
790929,2022-05-31,0.92
790929,2023-01-18,0.95
790929,2024-05-01,0.97
790929,2025-07-13,1.0
790944,2021-04-30,0.9
790944,2022-07-05,0.96
790944,2024-04-03,0.99
790944,2025-09-01,1.0
790987,2021-02-25,0.81
790987,2022-01-20,0.88
790987,2023-11-07,0.93
790987,2024-03-15,0.98
790987,2025-07-02,1.0
791008,2021-10-16,0.8
791008,2022-08-23,0.89
791008,2023-07-09,0.95
791008,2024-12-05,1.0
791049,2021-10-07,0.92
791049,2023-11-30,0.96
791049,2024-10-10,0.98
791049,2025-01-10,1.0
791077,2021-02-27,0.84
791077,2022-12-15,0.91
791077,2023-08-07,0.95
791077,2024-06-16,0.97
791077,2025-01-24,1.0
791180,2021-03-31,0.81
791180,2022-02-24,0.89
791180,2023-09-25,0.94
791180,2024-09-02,0.99
791180,2025-09-23,1.0
791251,2021-01-08,0.94
791251,2023-11-16,0.99
791251,2025-12-02,1.0
791323,2021-09-29,0.89
791323,2022-12-26,0.97
791323,2023-04-14,0.99
791323,2025-09-04,1.0
791366,2021-07-10,0.97
791366,2025-02-16,1.0
791380,2021-11-25,0.92
791380,2024-03-04,0.96
791380,2025-07-29,1.0
791551,2021-01-14,0.88
791551,2022-03-22,0.95
791551,2024-08-17,1.0
791731,2021-10-19,0.83
791731,2022-06-20,0.89
791731,2023-12-22,0.93
791731,2024-07-08,0.97
791731,2025-02-17,1.0
791859,2021-05-15,0.88
791859,2023-10-30,0.92
791859,2024-11-20,0.96
791859,2025-06-02,1.0
791923,2021-12-22,0.85
791923,2022-09-18,0.94
791923,2023-06-13,0.98
791923,2024-04-11,1.0
791926,2021-05-04,0.87
791926,2022-11-11,0.93
791926,2023-06-30,0.97
791926,2024-02-08,0.99
791926,2025-08-29,1.0
791949,2021-10-10,0.82
791949,2022-03-13,0.91
791949,2024-02-18,0.96
791949,2025-03-18,1.0
791994,2021-07-06,0.87
791994,2022-03-12,0.95
791994,2023-10-02,1.0
792137,2021-11-10,0.85
792137,2022-06-15,0.93
792137,2023-06-17,0.96
792137,2024-12-07,1.0
792193,2021-10-21,0.89
792193,2022-07-01,0.97
792193,2025-05-02,1.0
792217,2021-05-04,0.9
792217,2022-10-29,0.96
792217,2024-01-01,0.98
792217,2025-03-24,1.0
792264,2021-01-28,0.84
792264,2022-11-23,0.94
792264,2023-02-11,1.0
792281,2021-02-26,0.86
792281,2022-09-11,0.95
792281,2025-09-30,1.0
792344,2021-07-14,0.86
792344,2022-04-10,0.93
792344,2023-06-18,0.95
792344,2025-06-26,1.0
792363,2021-05-25,0.84
792363,2022-02-04,0.91
792363,2023-12-18,0.95
792363,2024-08-22,0.97
792363,2025-12-20,1.0
792470,2021-12-28,0.88
792470,2022-10-03,0.94
792470,2023-02-04,0.98
792470,2025-07-28,1.0
792472,2021-11-30,0.88
792472,2022-09-07,0.97
792472,2024-10-04,0.98
792472,2025-11-30,1.0
792525,2021-09-26,0.86
792525,2022-03-10,0.94
792525,2024-11-08,0.99
792525,2025-08-15,1.0
792633,2021-10-29,0.86
792633,2022-03-23,0.92
792633,2023-10-12,0.94
792633,2024-02-15,0.96
792633,2025-12-19,1.0
792673,2021-04-21,0.87
792673,2023-02-02,0.91
792673,2024-06-29,0.96
792673,2025-10-12,1.0
792895,2021-02-08,0.81
792895,2022-12-14,0.9
792895,2023-04-21,0.92
792895,2024-06-23,0.97
792895,2025-08-01,1.0
792912,2021-12-26,0.85
792912,2022-06-24,0.93
792912,2024-06-03,0.97
792912,2025-07-09,1.0
793018,2021-04-14,0.92
793018,2024-08-02,0.96
793018,2025-02-14,1.0
793250,2021-06-01,0.92
793250,2023-12-25,0.95
793250,2024-12-28,1.0
793563,2021-02-18,0.87
793563,2022-11-24,0.93
793563,2024-07-25,0.96
793563,2025-08-27,1.0
793629,2021-08-16,0.85
793629,2022-09-11,0.93
793629,2023-02-14,0.95
793629,2025-02-08,1.0
793675,2021-11-07,0.83
793675,2022-05-23,0.92
793675,2023-08-13,0.97
793675,2024-02-09,0.98
793675,2025-10-10,1.0
793802,2021-08-27,0.85
793802,2022-06-08,0.91
793802,2023-12-14,0.93
793802,2024-01-27,0.98
793802,2025-10-25,1.0
794008,2021-12-24,0.84
794008,2022-09-03,0.91
794008,2023-03-29,0.96
794008,2024-04-03,0.97
794008,2025-09-05,1.0
794080,2021-01-27,0.84
794080,2022-10-06,0.93
794080,2023-11-18,0.97
794080,2024-06-09,1.0
794134,2021-02-08,0.95
794134,2024-03-10,0.99
794134,2025-01-05,1.0
794182,2021-08-18,0.84
794182,2022-12-06,0.91
794182,2024-04-05,0.95
794182,2025-02-27,1.0
794209,2021-02-08,0.86
794209,2022-02-28,0.95
794209,2023-01-18,0.99
794209,2025-09-13,1.0
794270,2021-03-11,0.89
794270,2022-09-05,0.95
794270,2023-11-20,0.99
794270,2024-06-28,1.0
794452,2021-01-07,0.85
794452,2022-09-06,0.91
794452,2023-08-20,0.94
794452,2024-03-20,0.96
794452,2025-01-30,1.0
794490,2021-12-23,0.87
794490,2022-07-30,0.93
794490,2024-04-14,0.96
794490,2025-10-15,1.0
794528,2021-12-11,0.84
794528,2022-03-20,0.91
794528,2024-01-19,0.96
794528,2025-12-06,1.0
794553,2021-02-04,0.83
794553,2022-02-25,0.9
794553,2023-02-11,0.91
794553,2024-01-03,0.95
794553,2025-06-06,1.0
794688,2021-05-23,0.85
794688,2022-12-18,0.91
794688,2024-12-07,0.95
794688,2025-01-22,1.0
794744,2021-04-02,0.91
794744,2023-01-26,0.96
794744,2024-12-07,1.0
794800,2021-06-11,0.83
794800,2022-03-11,0.91
794800,2023-07-04,0.94
794800,2024-07-18,0.95
794800,2025-06-20,1.0
794830,2021-11-02,0.85
794830,2022-07-10,0.92
794830,2023-03-06,0.96
794830,2024-07-03,1.0
794859,2021-05-14,0.9
794859,2023-07-28,0.92
794859,2024-10-20,0.96
794859,2025-11-02,1.0
795090,2021-03-15,0.87
795090,2023-03-10,0.92
795090,2024-08-20,0.95
795090,2025-08-29,1.0
795132,2021-11-30,0.83
795132,2022-05-07,0.92
795132,2023-11-03,0.96
795132,2025-05-13,1.0
795277,2021-09-30,0.95
795277,2024-08-18,0.99
795277,2025-12-23,1.0
795343,2021-07-02,0.86
795343,2022-03-17,0.93
795343,2023-08-12,0.97
795343,2025-07-12,1.0
795466,2021-11-23,0.81
795466,2022-06-19,0.89
795466,2023-04-11,0.93
795466,2024-06-27,0.95
795466,2025-03-28,1.0
795758,2021-11-17,0.82
795758,2022-09-22,0.89
795758,2023-04-11,0.93
795758,2024-05-21,0.96
795758,2025-10-27,1.0
795770,2021-07-26,0.94
795770,2024-04-22,0.97
795770,2025-11-17,1.0
795827,2021-09-28,0.91
795827,2023-07-23,0.93
795827,2024-06-30,0.97
795827,2025-07-12,1.0
795967,2021-09-06,0.96
795967,2024-08-08,1.0
796083,2021-12-25,0.9
796083,2023-09-25,0.95
796083,2024-07-27,1.0
796293,2021-10-15,0.9
796293,2023-05-09,0.94
796293,2024-06-05,0.99
796293,2025-06-01,1.0
796410,2021-04-07,0.85
796410,2022-10-04,0.93
796410,2023-06-17,0.98
796410,2024-01-04,1.0
796429,2021-07-07,0.94
796429,2023-03-23,1.0
796603,2021-01-29,0.86
796603,2022-03-19,0.95
796603,2024-05-10,1.0
796629,2021-01-12,0.85
796629,2022-05-08,0.94
796629,2023-06-02,0.98
796629,2024-08-26,1.0
796688,2021-08-04,0.84
796688,2022-09-18,0.9
796688,2023-10-27,0.96
796688,2024-03-25,0.99
796688,2025-03-20,1.0
796827,2021-03-23,0.87
796827,2022-11-14,0.93
796827,2023-11-21,0.98
796827,2025-01-30,1.0
796834,2021-12-19,0.8
796834,2022-10-27,0.88
796834,2023-04-14,0.92
796834,2024-01-03,0.97
796834,2025-03-03,1.0
796869,2021-11-09,0.95
796869,2023-10-14,0.99
796869,2024-04-07,1.0
796958,2021-04-05,0.85
796958,2022-05-27,0.94
796958,2023-01-28,0.97
796958,2024-07-27,1.0
797036,2021-02-19,0.99
797036,2023-01-25,1.0
797046,2021-07-02,0.84
797046,2022-09-27,0.93
797046,2023-05-10,0.95
797046,2024-04-22,0.96
797046,2025-02-24,1.0
797320,2021-07-14,0.98
797320,2025-02-17,1.0
797347,2021-05-10,0.92
797347,2022-01-27,0.98
797347,2023-09-18,1.0
797349,2021-01-27,0.82
797349,2022-04-29,0.89
797349,2023-12-15,0.93
797349,2024-11-30,0.97
797349,2025-11-19,1.0
797522,2021-08-04,0.94
797522,2024-07-13,0.99
797522,2025-05-14,1.0
797562,2021-03-09,0.86
797562,2022-06-23,0.95
797562,2023-12-03,0.98
797562,2024-10-04,1.0
797578,2021-09-01,0.89
797578,2023-01-09,0.94
797578,2024-12-17,0.98
797578,2025-01-26,1.0
797769,2021-12-21,0.82
797769,2022-06-30,0.88
797769,2023-07-21,0.92
797769,2024-12-07,0.96
797769,2025-08-31,1.0
797815,2021-02-05,0.82
797815,2022-08-30,0.91
797815,2023-11-16,0.96
797815,2025-08-31,1.0
797898,2021-03-02,0.79
797898,2022-01-12,0.88
797898,2023-05-27,0.94
797898,2024-06-23,0.95
797898,2025-12-30,1.0
797958,2021-06-13,1.0
797994,2021-10-27,0.93
797994,2022-09-12,1.0
798118,2021-05-17,0.82
798118,2022-11-04,0.9
798118,2023-06-01,0.93
798118,2024-03-27,0.97
798118,2025-03-09,1.0
798437,2021-09-07,0.92
798437,2022-02-07,1.0
798555,2021-05-27,0.92
798555,2022-10-18,1.0
798895,2021-11-06,0.92
798895,2022-08-05,0.98
798895,2024-05-28,1.0
798947,2021-06-22,0.84
798947,2022-02-03,0.91
798947,2023-02-25,0.95
798947,2024-03-13,1.0
798972,2021-02-20,0.83
798972,2022-06-11,0.91
798972,2023-06-07,0.95
798972,2024-01-21,0.98
798972,2025-01-08,1.0
798987,2021-12-08,0.89
798987,2023-08-10,0.92
798987,2024-08-07,0.96
798987,2025-03-02,1.0
799380,2021-06-07,0.92
799380,2024-05-14,0.95
799380,2025-05-27,1.0
799502,2021-08-02,0.95
799502,2023-05-28,0.97
799502,2024-06-29,0.98
799502,2025-03-15,1.0
799669,2021-03-04,0.88
799669,2022-11-04,0.97
799669,2024-11-16,1.0
799787,2021-01-23,0.87
799787,2023-07-16,0.92
799787,2024-10-16,0.97
799787,2025-07-23,1.0
799822,2021-10-21,0.84
799822,2022-09-23,0.92
799822,2023-03-05,0.97
799822,2025-09-06,1.0
799943,2021-01-22,0.88
799943,2023-05-17,0.93
799943,2024-02-19,0.97
799943,2025-07-07,1.0
800059,2021-10-06,0.89
800059,2022-09-08,0.96
800059,2023-04-16,0.98
800059,2024-01-18,1.0
800118,2021-10-29,0.87
800118,2023-07-09,0.91
800118,2024-01-05,0.96
800118,2025-11-02,1.0
800142,2021-11-07,0.85
800142,2022-01-25,0.94
800142,2023-11-27,0.97
800142,2024-08-02,0.98
800142,2025-04-06,1.0
800163,2021-06-01,0.85
800163,2022-07-24,0.92
800163,2023-08-13,0.98
800163,2024-10-10,0.99
800163,2025-01-22,1.0
800693,2021-04-14,0.94
800693,2024-05-24,0.98
800693,2025-01-08,1.0
800714,2021-03-06,0.9
800714,2023-10-02,0.92
800714,2024-02-11,0.96
800714,2025-10-30,1.0
801036,2021-01-29,0.92
801036,2022-08-09,0.99
801036,2025-02-25,1.0
801166,2021-05-01,0.89
801166,2022-09-19,0.95
801166,2023-09-29,0.97
801166,2025-08-14,1.0
801219,2021-03-30,0.91
801219,2022-12-29,0.97
801219,2024-11-23,0.98
801219,2025-05-01,1.0
801342,2021-04-25,0.88
801342,2022-04-26,0.97
801342,2023-10-17,0.99
801342,2024-11-02,1.0
801416,2021-09-22,0.97
801416,2024-11-25,1.0
801509,2021-06-04,0.94
801509,2023-01-13,0.96
801509,2024-06-24,1.0
801543,2021-06-15,0.94
801543,2023-04-25,0.97
801543,2025-02-05,1.0
801548,2021-04-05,0.88
801548,2022-07-06,0.96
801548,2024-03-18,1.0
801753,2021-08-06,0.88
801753,2023-09-27,0.93
801753,2024-01-19,0.96
801753,2025-12-19,1.0
801914,2021-08-19,0.94
801914,2023-10-10,1.0
802103,2021-09-24,0.82
802103,2022-09-15,0.91
802103,2023-12-21,0.94
802103,2024-08-04,0.96
802103,2025-01-11,1.0
802372,2021-01-26,0.79
802372,2022-01-17,0.87
802372,2023-11-06,0.91
802372,2024-12-18,0.96
802372,2025-03-22,1.0
802589,2021-10-03,0.91
802589,2022-08-16,1.0
802792,2021-09-21,0.83
802792,2022-09-07,0.91
802792,2023-01-06,0.93
802792,2024-06-29,0.96
802792,2025-12-18,1.0
802826,2021-11-29,0.83
802826,2022-08-27,0.89
802826,2023-08-13,0.95
802826,2024-12-09,0.97
802826,2025-07-04,1.0
802978,2021-05-05,0.84
802978,2022-12-11,0.92
802978,2023-07-19,0.96
802978,2024-12-04,1.0
802983,2021-02-24,0.91
802983,2023-08-02,0.95
802983,2024-07-30,0.96
802983,2025-09-07,1.0
803204,2021-07-04,0.87
803204,2022-10-27,0.94
803204,2023-05-27,0.98
803204,2024-01-16,1.0
803310,2021-02-01,0.82
803310,2022-02-07,0.91
803310,2023-12-18,0.95
803310,2025-02-15,1.0
803319,2021-03-03,0.88
803319,2023-09-23,0.91
803319,2024-12-30,0.95
803319,2025-02-18,1.0
803465,2021-04-27,0.87
803465,2022-01-09,0.97
803465,2024-06-12,1.0
803490,2021-10-25,0.84
803490,2022-07-20,0.91
803490,2023-06-18,0.93
803490,2024-01-25,0.96
803490,2025-07-13,1.0
803645,2021-04-22,0.94
803645,2024-10-01,0.95
803645,2025-07-21,1.0
803982,2021-06-03,0.79
803982,2022-05-10,0.87
803982,2023-02-14,0.9
803982,2024-06-06,0.95
803982,2025-10-14,1.0
804184,2021-11-13,0.89
804184,2022-09-16,0.95
804184,2023-11-20,0.99
804184,2025-07-13,1.0
804250,2021-11-27,0.94
804250,2022-04-19,1.0
804357,2021-03-12,0.91
804357,2022-01-05,1.0
804520,2021-05-13,0.98
804520,2025-09-18,1.0
804611,2021-06-05,0.82
804611,2022-12-11,0.9
804611,2023-08-15,0.94
804611,2024-04-16,0.97
804611,2025-04-28,1.0
804679,2021-10-10,0.88
804679,2022-04-02,0.94
804679,2023-01-20,0.96
804679,2024-09-14,0.98
804679,2025-04-08,1.0
804776,2021-06-05,1.0
804851,2021-06-25,0.96
804851,2024-04-15,1.0
804947,2021-03-14,0.95
804947,2024-08-16,0.96
804947,2025-12-03,1.0
805014,2021-01-15,0.91
805014,2022-05-17,1.0
805423,2021-02-03,0.83
805423,2022-03-10,0.91
805423,2023-11-25,0.94
805423,2024-04-16,0.96
805423,2025-01-29,1.0
805432,2021-10-15,0.83
805432,2022-06-10,0.9
805432,2023-04-13,0.95
805432,2024-09-19,1.0
805451,2021-01-16,0.85
805451,2022-04-10,0.91
805451,2024-12-08,0.95
805451,2025-05-25,1.0
805516,2021-11-12,0.84
805516,2022-05-11,0.93
805516,2023-03-17,0.95
805516,2025-12-12,1.0
805713,2021-09-26,0.87
805713,2022-02-07,0.94
805713,2023-03-27,0.96
805713,2025-01-18,1.0
805924,2021-10-27,0.87
805924,2022-01-22,0.96
805924,2023-04-25,0.98
805924,2025-10-03,1.0
805981,2021-08-31,0.89
805981,2022-06-27,0.96
805981,2023-07-12,0.98
805981,2024-09-26,1.0
806073,2021-06-01,0.94
806073,2023-03-17,0.98
806073,2024-11-10,0.99
806073,2025-11-10,1.0
806139,2021-05-06,0.89
806139,2023-04-14,0.92
806139,2024-12-11,0.95
806139,2025-10-23,1.0
806249,2021-04-02,0.83
806249,2022-11-27,0.92
806249,2023-12-28,0.97
806249,2024-02-29,0.99
806249,2025-04-06,1.0
806344,2021-04-13,0.93
806344,2023-07-06,0.97
806344,2024-04-14,0.98
806344,2025-04-25,1.0
806385,2021-11-11,0.84
806385,2022-08-28,0.92
806385,2023-11-09,0.96
806385,2024-07-01,1.0
806493,2021-10-04,0.89
806493,2022-10-17,0.96
806493,2024-10-24,1.0
806494,2021-02-15,0.88
806494,2022-06-17,0.96
806494,2025-05-10,1.0
806501,2021-05-10,0.84
806501,2022-04-13,0.9
806501,2023-11-21,0.92
806501,2024-08-11,0.95
806501,2025-05-15,1.0
806681,2021-11-06,0.97
806681,2023-01-26,0.99
806681,2024-06-11,1.0
806770,2021-05-14,0.93
806770,2023-03-04,0.99
806770,2025-11-30,1.0
806812,2021-02-03,0.84
806812,2022-07-26,0.9
806812,2023-07-14,0.95
806812,2024-03-14,0.98
806812,2025-02-26,1.0
806830,2021-08-31,0.86
806830,2022-04-14,0.92
806830,2023-11-20,0.96
806830,2024-03-23,1.0
806869,2021-01-08,0.84
806869,2022-07-03,0.91
806869,2023-03-22,0.96
806869,2024-08-23,0.98
806869,2025-02-02,1.0
807013,2021-08-27,0.89
807013,2022-02-06,0.95
807013,2023-06-14,0.98
807013,2025-12-17,1.0
807691,2021-11-21,0.85
807691,2022-05-28,0.92
807691,2023-04-15,0.96
807691,2024-08-13,0.99
807691,2025-01-17,1.0
807810,2021-07-31,0.93
807810,2022-01-02,1.0
807881,2021-11-15,0.88
807881,2022-06-19,0.96
807881,2025-04-25,1.0
808229,2021-02-12,0.86
808229,2022-07-31,0.95
808229,2024-08-14,0.96
808229,2025-03-03,1.0
808309,2021-11-02,0.81
808309,2022-02-05,0.9
808309,2023-04-19,0.95
808309,2024-04-25,0.97
808309,2025-09-16,1.0
808386,2021-04-19,0.8
808386,2022-12-18,0.87
808386,2023-04-13,0.92
808386,2024-06-09,0.97
808386,2025-12-14,1.0
808400,2021-07-22,0.83
808400,2022-04-26,0.91
808400,2023-02-16,0.93
808400,2024-03-13,0.96
808400,2025-10-19,1.0
808409,2021-02-12,0.91
808409,2022-07-20,0.98
808409,2024-10-17,0.99
808409,2025-10-04,1.0
808529,2021-03-24,0.97
808529,2023-02-16,0.99
808529,2024-12-31,1.0
808551,2021-01-14,0.9
808551,2022-06-09,0.97
808551,2023-10-19,1.0
809166,2021-04-26,0.95
809166,2023-06-02,0.97
809166,2024-08-31,0.99
809166,2025-05-10,1.0
809182,2021-08-05,0.99
809182,2024-11-07,1.0
809184,2021-02-03,0.88
809184,2022-12-06,0.97
809184,2023-03-06,0.99
809184,2025-06-23,1.0
809303,2021-09-11,0.9
809303,2024-11-08,0.95
809303,2025-03-08,1.0
809358,2021-03-22,0.91
809358,2023-10-25,0.97
809358,2024-10-05,1.0
809450,2021-07-16,0.82
809450,2022-01-21,0.9
809450,2023-11-16,0.95
809450,2024-02-14,0.99
809450,2025-10-07,1.0
809521,2021-04-08,0.98
809521,2023-03-04,1.0
809588,2021-08-31,0.81
809588,2022-08-04,0.89
809588,2023-07-27,0.94
809588,2024-03-18,0.95
809588,2025-01-18,1.0
809720,2021-01-10,0.87
809720,2023-05-30,0.91
809720,2024-08-20,0.96
809720,2025-04-05,1.0
809975,2021-06-12,0.91
809975,2023-10-14,0.95
809975,2024-04-22,1.0
810018,2021-06-19,0.85
810018,2022-09-16,0.92
810018,2023-12-14,0.97
810018,2025-02-22,1.0
810055,2021-08-16,0.86
810055,2022-03-14,0.94
810055,2024-10-27,0.98
810055,2025-05-20,1.0
810101,2021-10-16,0.96
810101,2023-11-29,0.98
810101,2024-08-16,1.0
810394,2021-05-28,0.85
810394,2022-04-12,0.91
810394,2023-10-04,0.97
810394,2024-02-26,1.0
810518,2021-06-06,0.84
810518,2022-01-19,0.93
810518,2023-04-12,0.97
810518,2024-09-01,1.0
810571,2021-02-02,0.82
810571,2022-08-08,0.88
810571,2023-05-27,0.92
810571,2024-12-03,0.95
810571,2025-12-27,1.0
810829,2021-06-23,0.82
810829,2022-09-13,0.9
810829,2024-04-01,0.95
810829,2025-11-24,1.0
811020,2021-05-25,0.81
811020,2022-10-16,0.88
811020,2023-11-02,0.91
811020,2024-02-16,0.95
811020,2025-07-23,1.0
811095,2021-09-12,0.92
811095,2023-04-27,0.97
811095,2025-10-27,1.0
811120,2021-05-29,0.88
811120,2023-09-14,0.91
811120,2024-11-27,0.95
811120,2025-12-25,1.0
811181,2021-12-17,0.96
811181,2023-12-22,0.98
811181,2025-05-18,1.0
811182,2021-06-24,0.8
811182,2022-07-14,0.88
811182,2023-01-06,0.9
811182,2024-12-12,0.95
811182,2025-03-11,1.0
811350,2021-05-24,0.93
811350,2023-12-14,0.98
811350,2024-03-10,1.0
811387,2021-07-13,0.93
811387,2023-12-18,0.98
811387,2024-07-20,1.0
811421,2021-05-18,0.88
811421,2022-09-19,0.96
811421,2023-01-31,0.99
811421,2025-10-02,1.0
811464,2021-07-07,0.84
811464,2022-07-24,0.9
811464,2023-03-18,0.96
811464,2024-07-13,1.0
811472,2021-05-31,0.89
811472,2022-02-22,0.96
811472,2023-09-26,0.98
811472,2025-02-21,1.0
811617,2021-03-29,0.87
811617,2022-11-08,0.96
811617,2023-10-10,1.0
811685,2021-06-22,0.86
811685,2022-05-07,0.95
811685,2023-09-22,0.98
811685,2024-01-14,1.0
811750,2021-10-30,0.84
811750,2022-08-29,0.93
811750,2024-11-17,0.95
811750,2025-03-06,1.0
811810,2021-10-20,0.91
811810,2022-10-25,0.99
811810,2024-06-03,1.0
811815,2021-11-09,0.91
811815,2023-04-07,0.96
811815,2024-12-17,0.97
811815,2025-09-24,1.0
811855,2021-07-14,0.88
811855,2022-02-28,0.97
811855,2023-01-31,1.0
812100,2021-03-19,0.83
812100,2022-08-23,0.92
812100,2023-09-17,0.95
812100,2024-07-20,1.0
812183,2021-03-19,0.86
812183,2022-11-24,0.92
812183,2023-01-16,0.94
812183,2024-03-27,0.95
812183,2025-02-04,1.0
812346,2021-01-26,0.87
812346,2022-03-09,0.94
812346,2023-03-11,0.96
812346,2024-09-30,0.99
812346,2025-01-21,1.0
812583,2021-11-15,0.89
812583,2022-07-18,0.95
812583,2023-05-24,1.0
812757,2021-09-14,0.85
812757,2022-02-09,0.93
812757,2024-06-05,0.96
812757,2025-12-15,1.0
812793,2021-02-04,0.88
812793,2022-01-22,0.96
812793,2024-01-21,0.99
812793,2025-01-04,1.0
812797,2021-03-07,0.85
812797,2022-10-24,0.91
812797,2023-02-05,0.92
812797,2024-09-11,0.97
812797,2025-04-16,1.0
812985,2021-03-19,0.82
812985,2022-09-25,0.91
812985,2023-12-01,0.93
812985,2024-08-01,0.98
812985,2025-07-17,1.0
813065,2021-10-01,0.9
813065,2022-01-26,0.96
813065,2023-05-11,0.98
813065,2025-01-26,1.0
813263,2021-07-12,0.81
813263,2022-11-27,0.87
813263,2023-04-30,0.92
813263,2024-01-29,0.96
813263,2025-10-26,1.0
813306,2021-05-14,0.85
813306,2022-08-29,0.91
813306,2024-04-04,0.95
813306,2025-05-27,1.0
813401,2021-03-17,0.84
813401,2022-11-06,0.92
813401,2023-10-07,0.94
813401,2024-06-03,0.95
813401,2025-03-06,1.0
813402,2021-08-09,0.82
813402,2022-12-31,0.88
813402,2023-04-18,0.94
813402,2024-07-12,0.97
813402,2025-10-22,1.0
813430,2021-03-14,0.82
813430,2022-08-15,0.91
813430,2023-09-08,0.95
813430,2024-02-07,1.0
813603,2021-05-24,0.95
813603,2023-02-10,0.97
813603,2024-04-09,0.98
813603,2025-03-23,1.0
813681,2021-08-06,0.89
813681,2023-02-03,0.94
813681,2024-12-13,0.95
813681,2025-03-11,1.0
814005,2021-09-12,0.89
814005,2022-11-07,0.95
814005,2024-12-13,1.0
814060,2021-07-29,0.87
814060,2022-06-04,0.95
814060,2023-11-26,1.0
814171,2021-05-25,0.93
814171,2022-11-07,1.0
814221,2021-01-07,0.83
814221,2022-07-25,0.91
814221,2023-01-31,0.96
814221,2025-01-21,1.0
814223,2021-04-17,0.87
814223,2022-05-23,0.95
814223,2023-09-19,1.0
814292,2021-02-18,0.93
814292,2023-09-30,0.94
814292,2024-08-31,0.99
814292,2025-12-12,1.0
814318,2021-01-13,0.91
814318,2022-05-28,0.98
814318,2024-10-13,1.0
814357,2021-09-05,0.9
814357,2022-05-21,0.97
814357,2025-03-05,1.0
814375,2021-10-29,0.84
814375,2022-08-18,0.93
814375,2023-08-11,0.97
814375,2025-01-22,1.0
814410,2021-09-16,0.82
814410,2022-09-19,0.9
814410,2023-11-08,0.96
814410,2024-05-30,1.0
814483,2021-11-04,0.97
814483,2024-07-04,0.98
814483,2025-04-02,1.0
814583,2021-09-20,0.91
814583,2024-05-20,0.95
814583,2025-12-09,1.0
814602,2021-06-29,0.95
814602,2023-04-16,1.0
814686,2021-06-19,0.87
814686,2022-12-18,0.97
814686,2023-01-22,1.0
814866,2021-10-23,0.96
814866,2023-05-24,0.98
814866,2025-11-06,1.0
814904,2021-03-27,0.84
814904,2022-09-28,0.93
814904,2023-05-18,0.95
814904,2024-04-11,1.0
815020,2021-10-31,0.84
815020,2022-11-06,0.9
815020,2023-01-05,0.93
815020,2024-04-17,0.97
815020,2025-12-22,1.0
815042,2021-05-15,0.86
815042,2022-03-10,0.92
815042,2023-10-18,0.96
815042,2024-11-19,1.0
815057,2021-09-27,0.85
815057,2022-02-07,0.94
815057,2024-03-30,0.97
815057,2025-06-08,1.0
815066,2021-08-29,0.89
815066,2022-09-25,0.95
815066,2023-04-19,1.0
815120,2021-09-07,0.96
815120,2025-10-20,1.0
815227,2021-01-04,0.95
815227,2023-05-14,0.98
815227,2025-06-02,1.0
815251,2021-06-02,0.92
815251,2023-02-14,0.95
815251,2024-10-22,0.98
815251,2025-10-22,1.0
815286,2021-10-26,0.89
815286,2022-03-11,0.99
815286,2025-06-07,1.0
815391,2021-04-09,0.85
815391,2022-04-02,0.93
815391,2024-04-06,0.97
815391,2025-10-13,1.0
815571,2021-08-27,0.83
815571,2022-05-02,0.92
815571,2023-05-12,0.96
815571,2024-06-01,0.98
815571,2025-02-02,1.0
815684,2021-10-15,0.9
815684,2023-03-05,0.95
815684,2024-09-15,0.97
815684,2025-01-07,1.0
815725,2021-12-07,0.91
815725,2022-09-25,1.0
815873,2021-09-05,0.97
815873,2025-07-10,1.0
816016,2021-12-17,0.85
816016,2022-05-08,0.91
816016,2023-10-18,0.93
816016,2024-05-31,0.97
816016,2025-10-11,1.0
816225,2021-09-14,0.98
816225,2024-10-09,1.0
816227,2021-06-03,0.93
816227,2023-11-29,0.97
816227,2024-12-31,1.0
816538,2021-01-30,0.83
816538,2022-10-01,0.91
816538,2023-04-06,0.96
816538,2024-02-19,1.0
816645,2021-12-06,0.91
816645,2022-02-27,0.97
816645,2025-12-09,1.0
816710,2021-05-01,0.78
816710,2022-06-28,0.87
816710,2023-09-11,0.9
816710,2024-07-09,0.95
816710,2025-07-02,1.0
816898,2021-05-15,0.87
816898,2022-09-29,0.94
816898,2023-07-19,0.96
816898,2024-12-19,0.99
816898,2025-03-04,1.0
817152,2021-04-07,0.88
817152,2022-08-02,0.95
817152,2023-10-12,1.0
817232,2021-06-09,0.91
817232,2023-12-02,0.96
817232,2024-07-18,1.0
817264,2021-12-28,0.85
817264,2022-01-23,0.92
817264,2023-07-22,0.95
817264,2024-01-29,0.99
817264,2025-10-17,1.0
817609,2021-10-08,0.98
817609,2023-05-24,1.0
817676,2021-08-22,0.84
817676,2022-03-23,0.92
817676,2023-12-04,0.94
817676,2024-06-27,0.96
817676,2025-11-18,1.0
817902,2021-07-27,0.87
817902,2022-07-23,0.94
817902,2024-08-26,0.96
817902,2025-10-19,1.0
817959,2021-10-27,0.86
817959,2022-04-25,0.93
817959,2023-06-05,0.95
817959,2024-02-19,0.98
817959,2025-04-25,1.0
818038,2021-10-10,0.82
818038,2022-08-06,0.91
818038,2023-10-01,0.95
818038,2025-03-14,1.0
818067,2021-02-06,0.9
818067,2022-04-15,0.97
818067,2023-02-19,0.99
818067,2025-12-24,1.0
818079,2021-10-08,0.86
818079,2022-01-16,0.95
818079,2023-06-30,0.96
818079,2025-12-20,1.0
818094,2021-10-29,0.84
818094,2022-11-09,0.9
818094,2023-09-09,0.92
818094,2024-11-30,0.96
818094,2025-02-03,1.0
818191,2021-11-15,0.85
818191,2022-04-10,0.93
818191,2024-06-29,0.96
818191,2025-12-20,1.0
818236,2021-08-02,0.97
818236,2023-06-19,1.0
818270,2021-01-15,0.95
818270,2024-02-11,0.97
818270,2025-08-17,1.0
818284,2021-10-30,0.96
818284,2023-10-11,0.99
818284,2025-08-04,1.0
818360,2021-12-31,0.91
818360,2022-07-21,0.98
818360,2023-04-12,0.99
818360,2025-11-03,1.0
818596,2021-06-02,0.83
818596,2022-01-28,0.91
818596,2023-12-27,0.94
818596,2024-08-17,0.98
818596,2025-09-02,1.0
818853,2021-08-11,0.86
818853,2022-03-11,0.96
818853,2024-09-13,0.98
818853,2025-09-19,1.0
819171,2021-01-01,0.88
819171,2022-04-14,0.94
819171,2024-08-22,0.98
819171,2025-04-11,1.0
819221,2021-02-15,0.97
819221,2024-07-16,0.98
819221,2025-02-09,1.0
819243,2021-10-23,0.88
819243,2023-04-18,0.92
819243,2024-11-17,0.97
819243,2025-11-21,1.0
819310,2021-12-28,0.82
819310,2022-03-29,0.9
819310,2023-03-30,0.96
819310,2024-10-07,0.98
819310,2025-02-07,1.0
819407,2021-07-24,0.91
819407,2022-06-13,0.98
819407,2024-10-10,0.99
819407,2025-12-17,1.0
819472,2021-11-21,0.89
819472,2022-03-01,0.96
819472,2024-04-18,0.99
819472,2025-07-18,1.0
819626,2021-09-06,0.87
819626,2022-08-27,0.97
819626,2024-12-10,0.98
819626,2025-11-26,1.0
819763,2021-04-02,0.82
819763,2022-03-03,0.91
819763,2023-04-18,0.96
819763,2025-09-03,1.0
819807,2021-07-18,1.0
819921,2021-09-07,0.84
819921,2022-09-30,0.92
819921,2023-01-04,0.97
819921,2025-09-15,1.0
819992,2021-06-02,1.0
820076,2021-09-29,0.91
820076,2022-10-20,0.98
820076,2024-07-31,1.0
820113,2021-10-27,0.87
820113,2022-06-21,0.95
820113,2025-01-07,1.0
820135,2021-07-17,0.86
820135,2022-08-28,0.93
820135,2023-06-27,0.96
820135,2025-01-14,1.0
820408,2021-07-10,0.94
820408,2023-07-24,0.97
820408,2024-03-20,0.98
820408,2025-10-23,1.0
820791,2021-04-13,0.8
820791,2022-09-03,0.87
820791,2023-08-29,0.92
820791,2024-04-22,0.96
820791,2025-06-03,1.0
820799,2021-09-21,0.95
820799,2023-11-21,0.97
820799,2025-09-11,1.0
821000,2021-03-14,0.82
821000,2022-04-11,0.91
821000,2023-04-21,0.96
821000,2025-10-26,1.0
821173,2021-05-23,0.95
821173,2023-10-12,0.99
821173,2024-02-15,1.0
821271,2021-09-19,0.91
821271,2022-10-13,0.98
821271,2025-10-02,1.0
821612,2021-01-23,0.99
821612,2024-10-24,1.0
821621,2021-03-14,0.81
821621,2022-01-03,0.87
821621,2023-12-05,0.93
821621,2024-10-03,0.98
821621,2025-11-06,1.0
821623,2021-06-07,0.86
821623,2022-01-02,0.91
821623,2023-03-03,0.94
821623,2024-03-29,0.99
821623,2025-03-14,1.0
821705,2021-12-14,0.87
821705,2022-10-14,0.94
821705,2023-06-03,0.96
821705,2024-06-30,1.0
821707,2021-02-19,0.92
821707,2024-03-03,0.96
821707,2025-07-19,1.0
821801,2021-01-26,0.87
821801,2022-10-20,0.93
821801,2023-05-17,0.95
821801,2025-10-09,1.0
821810,2021-06-30,0.93
821810,2023-01-01,0.97
821810,2024-12-04,0.98
821810,2025-06-03,1.0
821861,2021-01-29,0.89
821861,2022-06-10,0.95
821861,2023-10-12,0.97
821861,2024-08-24,0.99
821861,2025-03-17,1.0
821967,2021-02-19,0.82
821967,2022-11-19,0.89
821967,2023-09-24,0.94
821967,2024-12-11,0.99
821967,2025-04-17,1.0
822303,2021-11-04,0.83
822303,2022-11-23,0.9
822303,2023-05-19,0.94
822303,2024-06-04,0.99
822303,2025-05-29,1.0
822432,2021-09-15,0.9
822432,2022-11-18,0.96
822432,2023-10-04,0.99
822432,2024-11-28,1.0
822618,2021-07-26,0.92
822618,2023-06-30,0.96
822618,2024-10-17,1.0
822620,2021-10-01,0.82
822620,2022-01-22,0.91
822620,2023-11-02,0.95
822620,2024-01-31,0.98
822620,2025-03-31,1.0
822624,2021-04-28,0.85
822624,2022-02-06,0.92
822624,2023-02-07,0.96
822624,2025-12-31,1.0
822762,2021-03-28,0.89
822762,2022-04-04,0.96
822762,2025-03-30,1.0
822848,2021-10-31,0.79
822848,2022-08-27,0.85
822848,2023-02-21,0.9
822848,2024-06-19,0.95
822848,2025-10-14,1.0
822937,2021-12-23,0.87
822937,2022-08-09,0.97
822937,2024-10-15,0.99
822937,2025-04-23,1.0
823000,2021-11-15,0.8
823000,2022-10-14,0.89
823000,2023-12-20,0.94
823000,2024-12-12,0.98
823000,2025-06-17,1.0
823030,2021-09-30,0.84
823030,2022-11-16,0.93
823030,2024-09-10,0.95
823030,2025-09-15,1.0
823288,2021-03-06,0.86
823288,2022-12-08,0.94
823288,2023-11-29,0.97
823288,2025-12-29,1.0
823596,2021-07-03,0.86
823596,2022-06-10,0.96
823596,2024-12-20,1.0
823666,2021-11-13,0.85
823666,2022-04-19,0.93
823666,2023-08-19,0.97
823666,2024-02-12,1.0
823838,2021-11-22,0.92
823838,2023-11-11,0.97
823838,2025-12-30,1.0
823845,2021-07-18,0.86
823845,2022-08-29,0.96
823845,2023-11-13,0.99
823845,2025-02-26,1.0
824087,2021-05-17,0.96
824087,2023-03-16,1.0
824152,2021-08-07,0.86
824152,2022-06-21,0.95
824152,2024-07-12,0.96
824152,2025-01-17,1.0
824158,2021-02-20,0.84
824158,2022-07-27,0.91
824158,2023-05-25,0.94
824158,2024-07-18,0.97
824158,2025-06-10,1.0
824193,2021-01-25,0.9
824193,2023-02-14,0.94
824193,2024-09-12,0.99
824193,2025-12-07,1.0
824604,2021-03-06,0.92
824604,2022-03-01,1.0
824700,2021-11-24,0.85
824700,2022-03-12,0.93
824700,2024-08-16,0.96
824700,2025-03-22,1.0
824772,2021-06-19,0.94
824772,2022-10-01,1.0
825062,2021-11-10,0.87
825062,2022-12-07,0.95
825062,2024-02-24,0.98
825062,2025-06-13,1.0
825099,2021-08-02,0.9
825099,2023-08-20,0.95
825099,2024-02-08,0.99
825099,2025-08-18,1.0
825113,2021-04-12,0.91
825113,2023-01-20,0.93
825113,2024-10-02,0.95
825113,2025-05-18,1.0
825330,2021-11-14,0.95
825330,2024-09-02,1.0
825483,2021-01-06,0.88
825483,2022-10-09,0.97
825483,2023-02-02,1.0
825489,2021-05-17,0.81
825489,2022-09-20,0.9
825489,2023-07-11,0.92
825489,2024-01-16,0.97
825489,2025-07-10,1.0
825558,2021-09-12,0.94
825558,2023-06-27,0.99
825558,2024-11-22,1.0
825827,2021-12-19,0.97
825827,2023-06-16,0.99
825827,2025-03-03,1.0
825835,2021-11-10,0.84
825835,2022-08-11,0.91
825835,2023-11-13,0.96
825835,2024-02-06,1.0
826052,2021-05-31,0.87
826052,2022-10-31,0.94
826052,2023-06-15,0.99
826052,2025-11-16,1.0
826124,2021-04-06,0.83
826124,2022-11-27,0.91
826124,2023-11-22,0.95
826124,2024-08-22,0.99
826124,2025-05-23,1.0
826199,2021-06-03,0.83
826199,2022-04-28,0.92
826199,2024-03-08,0.95
826199,2025-11-07,1.0
826232,2021-06-07,0.86
826232,2022-03-19,0.95
826232,2023-03-05,0.99
826232,2024-07-18,1.0
826235,2021-07-04,0.81
826235,2022-01-16,0.88
826235,2023-02-10,0.93
826235,2024-06-07,0.96
826235,2025-04-23,1.0
826290,2021-07-31,0.87
826290,2022-11-06,0.95
826290,2023-01-06,0.99
826290,2024-08-23,1.0
826309,2021-04-29,0.9
826309,2022-05-19,0.98
826309,2025-05-21,1.0
826481,2021-08-02,0.91
826481,2023-11-13,0.96
826481,2025-07-29,1.0
826517,2021-12-26,0.91
826517,2022-07-01,0.97
826517,2025-02-18,1.0
826660,2021-06-27,0.94
826660,2023-02-24,0.98
826660,2025-02-26,1.0
826691,2021-04-05,0.88
826691,2022-05-08,0.97
826691,2023-10-04,1.0
826710,2021-02-05,0.9
826710,2022-02-07,0.99
826710,2024-06-03,1.0
826875,2021-01-16,0.88
826875,2022-05-03,0.95
826875,2023-09-13,0.97
826875,2025-09-24,1.0
826891,2021-12-25,0.83
826891,2022-03-17,0.89
826891,2023-08-01,0.93
826891,2024-04-08,0.98
826891,2025-02-14,1.0
827027,2021-01-30,0.85
827027,2022-07-04,0.93
827027,2024-05-15,0.95
827027,2025-05-30,1.0
827129,2021-09-19,0.81
827129,2022-11-05,0.89
827129,2023-04-08,0.94
827129,2024-09-18,0.96
827129,2025-06-15,1.0
827158,2021-04-08,0.93
827158,2023-03-07,0.98
827158,2024-02-15,0.99
827158,2025-04-03,1.0
827208,2021-08-30,0.92
827208,2023-10-19,0.95
827208,2024-08-29,0.96
827208,2025-03-27,1.0
827288,2021-09-21,0.85
827288,2022-02-21,0.94
827288,2024-07-03,0.99
827288,2025-09-30,1.0
827301,2021-04-05,0.84
827301,2022-01-27,0.9
827301,2023-09-10,0.93
827301,2024-10-18,0.98
827301,2025-10-06,1.0
827538,2021-05-24,0.91
827538,2022-08-05,0.98
827538,2025-08-15,1.0
827589,2021-03-29,0.9
827589,2022-03-17,0.96
827589,2024-01-06,0.98
827589,2025-01-07,1.0
827682,2021-03-30,0.93
827682,2023-03-02,0.98
827682,2025-09-17,1.0
827878,2021-12-17,0.98
827878,2025-10-16,1.0
827989,2021-11-30,0.87
827989,2022-10-06,0.94
827989,2023-04-30,0.97
827989,2024-05-25,1.0
828132,2021-02-15,0.79
828132,2022-03-03,0.87
828132,2023-10-15,0.92
828132,2024-09-02,0.97
828132,2025-01-04,1.0
828178,2021-01-18,0.84
828178,2022-03-04,0.9
828178,2023-01-17,0.94
828178,2024-01-21,0.97
828178,2025-10-11,1.0
828293,2021-08-23,0.86
828293,2022-04-30,0.92
828293,2023-08-07,0.97
828293,2024-12-01,1.0
828689,2021-05-03,0.81
828689,2022-08-15,0.9
828689,2023-12-15,0.93
828689,2024-03-05,0.98
828689,2025-06-18,1.0
828788,2021-08-11,0.85
828788,2022-11-27,0.94
828788,2023-10-17,1.0
828822,2021-01-28,0.9
828822,2022-08-14,0.99
828822,2025-04-09,1.0
829011,2021-01-06,0.87
829011,2023-10-17,0.92
829011,2024-02-25,0.97
829011,2025-09-08,1.0
829182,2021-03-17,0.92
829182,2022-11-20,0.99
829182,2024-05-26,1.0
829201,2021-10-21,0.87
829201,2022-12-16,0.95
829201,2025-11-24,1.0
829274,2021-10-22,0.85
829274,2022-02-12,0.94
829274,2024-08-12,0.96
829274,2025-04-23,1.0
829277,2021-04-27,0.91
829277,2023-02-17,0.95
829277,2024-01-18,1.0
829321,2021-03-23,0.88
829321,2022-05-29,0.95
829321,2024-10-06,1.0
829544,2021-03-31,0.8
829544,2022-02-26,0.89
829544,2023-12-30,0.93
829544,2024-04-12,0.98
829544,2025-06-07,1.0
829604,2021-10-12,0.91
829604,2022-08-06,0.97
829604,2024-08-24,1.0
829653,2021-09-23,0.91
829653,2023-08-14,0.95
829653,2024-10-31,0.97
829653,2025-03-21,1.0
829738,2021-11-23,0.83
829738,2022-07-21,0.92
829738,2023-07-11,0.94
829738,2024-10-18,0.96
829738,2025-04-07,1.0
830021,2021-02-26,0.95
830021,2024-06-18,0.97
830021,2025-07-09,1.0
830123,2021-08-23,0.91
830123,2022-06-13,0.97
830123,2023-09-23,1.0
830918,2021-11-28,0.83
830918,2022-07-29,0.91
830918,2023-06-05,0.94
830918,2024-02-13,0.99
830918,2025-01-14,1.0
831018,2021-12-20,0.84
831018,2022-03-22,0.91
831018,2023-03-13,0.94
831018,2024-01-24,0.98
831018,2025-01-06,1.0
831128,2021-07-18,0.95
831128,2023-07-31,1.0
831143,2021-06-11,0.88
831143,2022-06-21,0.95
831143,2023-08-21,1.0
831214,2021-03-19,0.9
831214,2022-03-08,0.98
831214,2025-07-05,1.0
831270,2021-01-22,0.81
831270,2022-06-09,0.9
831270,2023-02-23,0.94
831270,2024-08-17,0.97
831270,2025-10-14,1.0
831466,2021-06-13,0.83
831466,2022-11-17,0.9
831466,2023-03-13,0.93
831466,2024-11-12,0.97
831466,2025-05-08,1.0
831498,2021-01-24,0.83
831498,2022-03-27,0.91
831498,2023-09-29,0.95
831498,2024-10-13,0.99
831498,2025-06-12,1.0
831552,2021-01-15,0.85
831552,2022-05-24,0.93
831552,2024-04-11,0.97
831552,2025-05-15,1.0
831783,2021-09-29,0.87
831783,2022-09-28,0.95
831783,2023-09-14,0.99
831783,2025-08-13,1.0
831821,2021-05-06,0.93
831821,2023-01-15,0.94
831821,2024-03-05,0.99
831821,2025-07-19,1.0
831844,2021-08-12,0.88
831844,2022-11-15,0.95
831844,2023-02-21,0.97
831844,2025-07-12,1.0
831916,2021-06-18,0.97
831916,2023-02-06,1.0
831936,2021-07-01,0.96
831936,2024-02-11,0.98
831936,2025-10-30,1.0
831941,2021-05-08,0.97
831941,2023-05-04,1.0
832580,2021-10-14,0.83
832580,2022-02-06,0.91
832580,2023-06-22,0.94
832580,2024-01-07,0.98
832580,2025-02-18,1.0
832776,2021-06-07,0.88
832776,2022-02-19,0.96
832776,2023-04-21,0.99
832776,2025-07-19,1.0
832956,2021-01-15,0.86
832956,2022-06-05,0.95
832956,2024-05-07,0.99
832956,2025-09-05,1.0
833108,2021-07-19,0.91
833108,2023-02-10,0.93
833108,2024-03-02,0.98
833108,2025-08-20,1.0
833151,2021-11-02,0.84
833151,2022-02-23,0.92
833151,2023-02-24,0.98
833151,2025-06-07,1.0
833253,2021-12-04,0.89
833253,2022-02-11,0.95
833253,2023-10-01,1.0
833462,2021-01-18,0.87
833462,2023-07-11,0.91
833462,2024-02-05,0.96
833462,2025-09-10,1.0
833797,2021-05-28,0.84
833797,2022-10-21,0.89
833797,2023-12-20,0.94
833797,2024-09-28,0.97
833797,2025-10-03,1.0
833867,2021-09-17,0.97
833867,2024-12-10,0.98
833867,2025-04-27,1.0
833987,2021-08-01,0.86
833987,2022-01-21,0.94
833987,2023-07-24,0.98
833987,2025-04-07,1.0
834168,2021-06-24,0.91
834168,2022-06-05,0.97
834168,2024-09-04,1.0
834594,2021-10-28,0.86
834594,2022-03-11,0.93
834594,2023-08-23,0.96
834594,2024-01-13,0.98
834594,2025-07-22,1.0
834620,2021-06-10,0.96
834620,2023-12-05,0.98
834620,2024-07-28,0.99
834620,2025-01-09,1.0
834706,2021-10-27,0.84
834706,2022-11-04,0.92
834706,2023-01-24,0.97
834706,2024-11-07,0.99
834706,2025-04-30,1.0
834713,2021-08-29,0.89
834713,2022-06-14,0.98
834713,2023-03-16,1.0
834942,2021-02-25,0.92
834942,2022-11-04,0.98
834942,2025-05-12,1.0
834988,2021-07-22,0.93
834988,2022-09-22,0.99
834988,2024-09-26,1.0
835056,2021-12-07,0.86
835056,2022-10-08,0.96
835056,2025-12-30,1.0
835476,2021-11-16,0.89
835476,2023-05-11,0.93
835476,2024-11-06,0.98
835476,2025-06-20,1.0
835485,2021-03-29,0.82
835485,2022-10-10,0.9
835485,2023-04-28,0.93
835485,2024-12-30,0.98
835485,2025-03-29,1.0
835718,2021-07-11,0.85
835718,2022-01-16,0.93
835718,2023-10-13,0.97
835718,2024-01-13,1.0
835880,2021-06-15,0.86
835880,2022-05-30,0.93
835880,2023-12-26,0.94
835880,2024-09-21,0.99
835880,2025-07-02,1.0
835927,2021-09-01,0.87
835927,2022-04-14,0.94
835927,2023-08-03,0.98
835927,2025-01-16,1.0
836005,2021-03-12,0.8
836005,2022-07-23,0.89
836005,2023-10-10,0.92
836005,2024-06-23,0.97
836005,2025-03-06,1.0
836033,2021-03-15,0.88
836033,2022-03-15,0.95
836033,2023-11-29,0.97
836033,2024-07-01,1.0
836106,2021-11-17,0.84
836106,2022-05-04,0.92
836106,2023-05-12,0.97
836106,2024-01-13,0.99
836106,2025-12-02,1.0
836533,2021-03-14,0.79
836533,2022-07-04,0.87
836533,2023-01-17,0.92
836533,2024-12-10,0.95
836533,2025-06-24,1.0
836602,2021-04-17,0.87
836602,2022-05-30,0.95
836602,2023-04-06,0.96
836602,2024-10-15,0.99
836602,2025-04-17,1.0
836891,2021-02-19,0.97
836891,2025-11-17,1.0
836919,2021-03-12,0.86
836919,2022-07-19,0.91
836919,2023-01-03,0.96
836919,2024-01-09,1.0
837107,2021-05-16,0.86
837107,2022-04-29,0.92
837107,2024-03-02,0.96
837107,2025-10-25,1.0
837169,2021-06-26,0.87
837169,2022-06-01,0.96
837169,2023-05-23,0.99
837169,2025-02-08,1.0
837380,2021-04-13,0.83
837380,2022-02-28,0.9
837380,2023-11-25,0.95
837380,2024-11-16,1.0
837392,2021-04-08,0.85
837392,2022-03-23,0.92
837392,2023-08-24,0.94
837392,2024-10-08,0.96
837392,2025-10-08,1.0
837756,2021-09-22,0.82
837756,2022-02-23,0.89
837756,2023-12-13,0.94
837756,2024-03-05,0.97
837756,2025-01-31,1.0
837767,2021-06-03,0.8
837767,2022-08-11,0.88
837767,2023-09-10,0.91
837767,2024-08-12,0.96
837767,2025-03-17,1.0
837962,2021-04-25,0.96
837962,2023-01-06,1.0
838022,2021-01-25,0.96
838022,2025-03-09,1.0
838114,2021-03-05,0.97
838114,2023-03-15,1.0
838226,2021-04-19,0.87
838226,2022-02-05,0.94
838226,2024-10-05,0.98
838226,2025-04-03,1.0
838264,2021-08-18,0.87
838264,2022-09-23,0.93
838264,2023-06-11,0.95
838264,2024-09-03,1.0
838282,2021-07-10,0.93
838282,2023-11-23,0.99
838282,2024-07-18,1.0
838363,2021-07-21,0.97
838363,2023-01-11,1.0
838487,2021-03-11,0.96
838487,2023-12-17,0.99
838487,2025-04-03,1.0
838946,2021-04-24,0.83
838946,2022-01-01,0.92
838946,2023-10-01,0.94
838946,2024-08-13,0.98
838946,2025-01-31,1.0
839082,2021-11-22,0.9
839082,2023-01-25,0.94
839082,2024-12-18,0.99
839082,2025-01-12,1.0
839211,2021-07-05,0.85
839211,2022-08-23,0.94
839211,2023-09-09,0.99
839211,2025-11-26,1.0
839255,2021-07-13,0.88
839255,2022-04-10,0.95
839255,2024-01-18,1.0
839309,2021-01-24,0.89
839309,2022-06-28,0.97
839309,2024-12-21,1.0
839616,2021-04-25,0.89
839616,2022-05-30,0.95
839616,2024-06-28,0.96
839616,2025-12-14,1.0
839706,2021-12-26,0.83
839706,2022-10-10,0.9
839706,2023-12-14,0.92
839706,2024-01-14,0.96
839706,2025-01-24,1.0
839783,2021-02-07,0.86
839783,2022-08-30,0.92
839783,2023-05-18,0.94
839783,2024-11-25,0.95
839783,2025-10-29,1.0
839807,2021-12-09,0.82
839807,2022-05-22,0.91
839807,2023-03-21,0.94
839807,2024-09-28,0.97
839807,2025-01-03,1.0
839896,2021-02-12,0.87
839896,2022-09-04,0.95
839896,2023-02-23,0.99
839896,2025-08-12,1.0
839930,2021-12-08,0.79
839930,2022-05-02,0.88
839930,2023-03-06,0.92
839930,2024-12-15,0.97
839930,2025-03-21,1.0
840066,2021-09-19,0.93
840066,2024-05-21,0.97
840066,2025-02-02,1.0
840126,2021-11-15,0.91
840126,2022-04-13,0.98
840126,2024-01-08,1.0
840168,2021-03-24,0.89
840168,2022-12-18,0.96
840168,2023-08-14,0.99
840168,2025-01-29,1.0
840284,2021-12-03,0.83
840284,2022-09-13,0.9
840284,2023-04-02,0.94
840284,2024-04-21,0.98
840284,2025-06-24,1.0
840379,2021-02-08,0.94
840379,2023-02-21,0.97
840379,2024-08-13,1.0
840764,2021-08-01,0.91
840764,2022-04-09,0.99
840764,2023-10-06,1.0
840860,2021-09-10,0.84
840860,2022-11-19,0.92
840860,2023-02-27,0.94
840860,2024-07-15,0.97
840860,2025-10-28,1.0
840987,2021-12-19,0.97
840987,2023-06-25,0.99
840987,2024-04-05,1.0
841070,2021-07-10,0.84
841070,2022-12-14,0.9
841070,2023-12-23,0.95
841070,2025-02-13,1.0
841384,2021-09-07,0.82
841384,2022-09-18,0.88
841384,2023-07-02,0.93
841384,2024-09-22,0.95
841384,2025-05-28,1.0
841431,2021-05-18,0.85
841431,2022-06-12,0.94
841431,2024-02-10,0.95
841431,2025-01-04,1.0
841511,2021-07-19,0.82
841511,2022-09-23,0.89
841511,2023-02-05,0.94
841511,2024-03-09,0.95
841511,2025-03-23,1.0
841760,2021-01-21,0.99
841760,2025-06-18,1.0
841816,2021-10-29,0.85
841816,2022-12-14,0.91
841816,2023-10-29,0.96
841816,2025-11-21,1.0
841819,2021-01-20,0.91
841819,2023-12-11,0.95
841819,2024-10-14,1.0
841859,2021-11-08,0.95
841859,2023-06-17,0.97
841859,2024-04-05,1.0
841885,2021-10-02,0.92
841885,2024-11-24,0.95
841885,2025-10-29,1.0
841992,2021-04-23,0.84
841992,2022-11-26,0.91
841992,2024-10-31,0.95
841992,2025-05-03,1.0
842032,2021-11-25,0.82
842032,2022-10-02,0.9
842032,2023-11-24,0.92
842032,2024-01-24,0.96
842032,2025-02-15,1.0
842165,2021-11-25,0.88
842165,2022-08-16,0.97
842165,2023-09-14,1.0
842417,2021-11-17,0.89
842417,2022-12-04,0.98
842417,2025-06-10,1.0
842491,2021-10-18,0.86
842491,2022-04-10,0.92
842491,2023-06-12,0.94
842491,2024-08-28,0.97
842491,2025-12-06,1.0
842498,2021-09-25,0.83
842498,2022-08-29,0.9
842498,2023-12-21,0.95
842498,2024-08-27,1.0
842597,2021-12-18,0.87
842597,2022-11-30,0.94
842597,2024-09-17,0.98
842597,2025-02-04,1.0
842748,2021-09-19,0.82
842748,2022-04-25,0.9
842748,2023-05-28,0.94
842748,2024-07-24,0.97
842748,2025-08-01,1.0
842760,2021-03-04,0.9
842760,2022-12-27,0.98
842760,2024-01-07,0.99
842760,2025-10-05,1.0
842890,2021-11-20,0.88
842890,2022-05-06,0.95
842890,2023-10-26,0.97
842890,2024-05-25,0.98
842890,2025-06-03,1.0
842952,2021-02-02,0.89
842952,2022-10-28,0.96
842952,2025-10-08,1.0
842970,2021-06-12,0.93
842970,2023-05-02,0.97
842970,2025-06-16,1.0
843116,2021-04-17,0.88
843116,2022-05-24,0.96
843116,2025-04-18,1.0
843131,2021-05-25,0.87
843131,2022-08-13,0.95
843131,2024-06-01,0.98
843131,2025-05-19,1.0
843134,2021-05-31,0.87
843134,2022-02-08,0.95
843134,2023-06-27,0.97
843134,2024-03-09,1.0
843209,2021-08-09,0.9
843209,2022-05-04,0.99
843209,2024-04-27,1.0
843298,2021-05-29,0.86
843298,2022-01-18,0.95
843298,2024-11-30,0.97
843298,2025-09-15,1.0
843548,2021-03-27,0.86
843548,2022-02-17,0.92
843548,2024-12-15,0.96
843548,2025-07-08,1.0
843593,2021-02-08,0.84
843593,2022-05-15,0.93
843593,2023-07-14,0.94
843593,2024-08-31,0.99
843593,2025-10-03,1.0
843917,2021-10-04,0.88
843917,2022-09-29,0.95
843917,2024-09-21,0.99
843917,2025-10-31,1.0
844425,2021-11-18,0.87
844425,2022-11-13,0.96
844425,2023-03-16,0.99
844425,2025-06-30,1.0
844810,2021-01-29,0.85
844810,2022-12-23,0.94
844810,2023-04-19,0.96
844810,2024-05-11,0.98
844810,2025-01-27,1.0
844887,2021-12-23,0.86
844887,2022-07-23,0.92
844887,2023-04-07,0.96
844887,2024-11-13,0.98
844887,2025-03-18,1.0
844902,2021-03-04,0.91
844902,2023-06-21,0.94
844902,2024-03-18,0.98
844902,2025-08-07,1.0
845473,2021-03-24,0.82
845473,2022-10-27,0.88
845473,2023-08-11,0.94
845473,2024-04-15,0.98
845473,2025-05-12,1.0
845618,2021-01-30,0.87
845618,2023-08-05,0.91
845618,2024-09-20,0.96
845618,2025-07-24,1.0
845679,2021-05-07,0.86
845679,2023-01-08,0.9
845679,2024-09-07,0.95
845679,2025-05-04,1.0
845834,2021-12-10,0.93
845834,2023-09-08,0.98
845834,2025-12-19,1.0
845917,2021-06-16,0.88
845917,2022-04-16,0.94
845917,2023-07-10,0.97
845917,2025-03-19,1.0
846170,2021-01-04,0.87
846170,2022-06-28,0.95
846170,2025-09-18,1.0
846378,2021-10-24,0.87
846378,2022-12-20,0.94
846378,2023-03-11,0.98
846378,2025-07-29,1.0
846550,2021-07-15,0.87
846550,2022-03-17,0.95
846550,2024-12-11,0.96
846550,2025-04-17,1.0
846708,2021-01-03,0.85
846708,2022-11-16,0.93
846708,2023-04-29,0.95
846708,2024-07-11,1.0
846732,2021-09-28,0.87
846732,2022-01-04,0.94
846732,2024-06-25,0.97
846732,2025-07-22,1.0
846802,2021-11-13,0.84
846802,2022-09-25,0.93
846802,2024-09-15,0.98
846802,2025-07-28,1.0
846973,2021-02-24,0.89
846973,2022-11-11,0.96
846973,2023-07-25,0.99
846973,2024-11-25,1.0
847045,2021-11-06,0.85
847045,2022-11-28,0.94
847045,2023-05-01,0.97
847045,2024-07-28,1.0
847176,2021-08-08,0.85
847176,2022-10-08,0.93
847176,2023-07-20,0.96
847176,2024-03-02,0.98
847176,2025-10-30,1.0
847254,2021-11-08,0.99
847254,2025-09-15,1.0
847280,2021-02-11,0.79
847280,2022-03-22,0.87
847280,2023-10-23,0.91
847280,2024-05-15,0.96
847280,2025-02-23,1.0
847443,2021-01-31,0.83
847443,2022-01-02,0.92
847443,2023-11-19,0.95
847443,2024-11-03,0.98
847443,2025-01-17,1.0
847466,2021-02-28,0.87
847466,2022-01-21,0.94
847466,2023-12-11,1.0
847501,2021-07-29,0.88
847501,2022-12-02,0.97
847501,2023-07-18,1.0
847679,2021-10-22,0.89
847679,2022-07-04,0.95
847679,2023-05-10,0.98
847679,2024-06-10,0.99
847679,2025-10-08,1.0
848108,2021-02-03,0.85
848108,2022-11-25,0.91
848108,2023-03-28,0.94
848108,2024-06-02,0.95
848108,2025-06-05,1.0
848143,2021-02-20,0.83
848143,2022-12-18,0.89
848143,2023-12-08,0.92
848143,2024-06-02,0.97
848143,2025-02-08,1.0
848261,2021-03-02,0.86
848261,2022-12-19,0.92
848261,2023-06-17,0.97
848261,2025-02-24,1.0
848355,2021-12-23,0.97
848355,2024-04-13,0.99
848355,2025-09-12,1.0
848378,2021-05-25,0.81
848378,2022-09-25,0.9
848378,2023-05-20,0.91
848378,2024-10-15,0.95
848378,2025-10-11,1.0
848705,2021-06-14,0.89
848705,2022-08-25,0.95
848705,2024-06-25,1.0
848768,2021-09-23,0.87
848768,2022-03-24,0.96
848768,2024-06-04,0.99
848768,2025-04-09,1.0
849047,2021-01-23,0.94
849047,2024-01-01,0.97
849047,2025-04-05,1.0
849149,2021-01-07,0.89
849149,2022-05-27,0.96
849149,2024-07-27,0.98
849149,2025-02-13,1.0
849189,2021-06-23,0.89
849189,2023-04-08,0.94
849189,2024-02-04,0.97
849189,2025-09-26,1.0
849234,2021-10-26,0.83
849234,2022-12-16,0.91
849234,2023-02-09,0.93
849234,2024-02-12,0.97
849234,2025-02-12,1.0
849284,2021-09-03,0.9
849284,2023-01-06,0.91
849284,2024-01-03,0.95
849284,2025-04-09,1.0
849353,2021-10-14,0.87
849353,2022-12-05,0.93
849353,2023-01-06,0.98
849353,2024-06-27,1.0
849469,2021-10-31,0.94
849469,2023-12-24,0.96
849469,2024-01-26,1.0
849530,2021-08-08,0.9
849530,2022-01-20,1.0
849638,2021-01-31,0.9
849638,2022-02-16,0.99
849638,2025-09-23,1.0
849819,2021-01-18,0.85
849819,2023-12-11,0.9
849819,2024-10-19,0.95
849819,2025-11-10,1.0
849879,2021-12-07,0.81
849879,2022-10-15,0.9
849879,2023-10-06,0.95
849879,2024-06-19,0.98
849879,2025-03-28,1.0
850077,2021-12-21,0.88
850077,2022-11-24,0.95
850077,2024-03-06,0.96
850077,2025-01-17,1.0
850166,2021-06-21,0.93
850166,2023-09-23,0.96
850166,2025-09-17,1.0
850189,2021-05-08,0.94
850189,2024-06-24,0.99
850189,2025-12-13,1.0
850230,2021-06-03,0.84
850230,2022-07-11,0.92
850230,2023-10-17,0.96
850230,2025-10-30,1.0
850266,2021-01-22,0.94
850266,2023-01-02,0.99
850266,2024-06-10,1.0
850614,2021-02-02,0.9
850614,2022-07-04,0.97
850614,2024-11-02,0.99
850614,2025-04-21,1.0
850653,2021-09-11,0.85
850653,2022-11-26,0.94
850653,2023-04-13,0.99
850653,2025-03-19,1.0
850767,2021-12-28,0.84
850767,2022-10-31,0.91
850767,2023-03-10,0.93
850767,2024-05-17,0.98
850767,2025-09-22,1.0
850960,2021-04-17,0.86
850960,2022-02-14,0.92
850960,2024-05-16,0.97
850960,2025-06-19,1.0
851079,2021-01-06,0.82
851079,2022-04-08,0.91
851079,2023-12-11,0.96
851079,2025-02-28,1.0
851098,2021-11-21,0.84
851098,2022-02-02,0.93
851098,2023-04-01,0.96
851098,2024-03-13,0.99
851098,2025-11-13,1.0
851123,2021-04-27,0.95
851123,2023-04-22,0.99
851123,2025-07-18,1.0
851251,2021-07-16,0.93
851251,2023-11-15,0.96
851251,2024-08-05,0.98
851251,2025-10-06,1.0
851267,2021-09-23,0.8
851267,2022-01-04,0.89
851267,2023-07-08,0.92
851267,2024-05-17,0.96
851267,2025-05-26,1.0
851420,2021-11-02,0.93
851420,2023-11-28,0.99
851420,2025-07-07,1.0
851421,2021-05-31,0.85
851421,2022-11-08,0.93
851421,2023-09-08,0.94
851421,2024-06-21,0.99
851421,2025-11-04,1.0
851452,2021-10-20,0.87
851452,2022-05-01,0.93
851452,2023-08-29,0.95
851452,2024-03-09,0.99
851452,2025-01-26,1.0
851590,2021-08-13,0.97
851590,2023-07-11,0.99
851590,2024-02-25,1.0
851625,2021-05-11,0.97
851625,2024-10-27,1.0
851867,2021-07-13,0.95
851867,2023-05-27,1.0
851922,2021-10-26,0.86
851922,2022-05-20,0.96
851922,2024-07-17,1.0
851955,2021-10-23,0.84
851955,2022-04-14,0.94
851955,2023-01-10,1.0
852020,2021-07-14,0.86
852020,2022-01-03,0.93
852020,2024-07-15,0.98
852020,2025-07-05,1.0
852101,2021-07-05,0.89
852101,2022-05-30,0.96
852101,2023-08-05,1.0
852599,2021-06-09,0.93
852599,2023-01-18,0.96
852599,2025-12-26,1.0
852723,2021-03-26,0.93
852723,2023-03-11,0.97
852723,2024-08-01,1.0
852730,2021-06-12,0.83
852730,2022-03-06,0.92
852730,2023-06-15,0.97
852730,2024-12-31,1.0
852868,2021-01-01,0.85
852868,2022-07-15,0.93
852868,2023-05-11,0.96
852868,2024-10-05,0.99
852868,2025-08-09,1.0
853142,2021-05-14,0.91
853142,2024-01-21,0.95
853142,2025-10-24,1.0
853184,2021-12-11,1.0
853212,2021-03-05,0.85
853212,2022-07-14,0.93
853212,2023-11-01,0.96
853212,2025-05-05,1.0
853262,2021-11-09,0.82
853262,2022-01-19,0.88
853262,2023-06-09,0.91
853262,2024-02-01,0.96
853262,2025-08-08,1.0
853263,2021-08-20,0.83
853263,2022-12-31,0.92
853263,2023-04-06,0.96
853263,2025-05-05,1.0
853468,2021-10-13,0.91
853468,2023-12-23,0.96
853468,2024-08-06,0.98
853468,2025-06-25,1.0
853773,2021-06-21,0.94
853773,2023-06-15,1.0
853795,2021-08-17,0.79
853795,2022-08-10,0.87
853795,2023-09-04,0.93
853795,2024-03-16,0.97
853795,2025-06-06,1.0
853815,2021-09-23,0.83
853815,2022-03-29,0.91
853815,2023-07-12,0.93
853815,2024-05-26,0.98
853815,2025-09-10,1.0
853816,2021-07-30,1.0
854242,2021-08-17,0.92
854242,2023-03-08,0.95
854242,2024-02-03,1.0
854294,2021-12-11,0.95
854294,2025-06-26,1.0
854338,2021-04-27,0.88
854338,2022-04-04,0.96
854338,2023-09-20,0.99
854338,2025-05-05,1.0
854345,2021-12-02,0.95
854345,2025-07-12,1.0
854539,2021-06-15,0.83
854539,2022-03-17,0.9
854539,2023-05-24,0.94
854539,2024-02-28,0.96
854539,2025-04-09,1.0
854595,2021-05-17,0.85
854595,2022-01-20,0.94
854595,2024-01-14,0.96
854595,2025-02-22,1.0
854642,2021-09-30,0.87
854642,2022-05-13,0.95
854642,2024-08-12,1.0
855002,2021-04-08,0.86
855002,2022-09-03,0.93
855002,2024-09-15,0.98
855002,2025-01-12,1.0
855017,2021-10-05,0.88
855017,2022-08-28,0.94
855017,2023-04-03,0.96
855017,2024-04-28,0.97
855017,2025-02-13,1.0
855073,2021-06-01,0.88
855073,2022-08-01,0.97
855073,2024-12-31,1.0
855137,2021-12-09,0.78
855137,2022-07-13,0.86
855137,2023-05-25,0.91
855137,2024-12-03,0.95
855137,2025-04-09,1.0
855417,2021-05-23,0.86
855417,2022-01-25,0.93
855417,2023-12-10,0.98
855417,2024-01-12,1.0
855452,2021-01-11,0.87
855452,2022-05-16,0.95
855452,2025-05-12,1.0
855674,2021-07-06,0.82
855674,2022-05-22,0.88
855674,2023-09-19,0.93
855674,2024-07-29,0.98
855674,2025-11-22,1.0
855730,2021-07-25,0.88
855730,2022-11-03,0.94
855730,2024-11-24,0.98
855730,2025-08-26,1.0
855789,2021-02-11,0.92
855789,2022-03-19,1.0
855846,2021-10-15,0.88
855846,2022-09-12,0.96
855846,2023-03-30,0.97
855846,2025-02-20,1.0
855884,2021-01-10,0.95
855884,2023-12-06,0.97
855884,2024-06-01,0.99
855884,2025-08-18,1.0
855955,2021-05-06,0.86
855955,2022-02-17,0.93
855955,2023-05-31,0.96
855955,2024-05-16,0.97
855955,2025-10-07,1.0
856035,2021-06-19,0.84
856035,2022-09-22,0.92
856035,2023-09-24,0.95
856035,2025-09-22,1.0
856214,2021-12-04,0.91
856214,2022-10-06,1.0
856251,2021-02-08,0.91
856251,2023-04-23,0.95
856251,2024-01-14,0.96
856251,2025-03-10,1.0
856515,2021-06-18,0.94
856515,2023-06-17,0.97
856515,2024-12-22,1.0
856559,2021-10-27,0.85
856559,2022-05-11,0.94
856559,2023-03-29,0.96
856559,2025-08-29,1.0
856593,2021-12-27,0.96
856593,2023-10-15,1.0
856594,2021-05-05,0.87
856594,2022-11-03,0.96
856594,2025-06-12,1.0
856596,2021-09-13,0.95
856596,2023-08-01,0.99
856596,2025-04-16,1.0
856653,2021-06-28,0.86
856653,2022-08-28,0.93
856653,2023-08-06,0.95
856653,2025-07-21,1.0
856802,2021-02-18,0.92
856802,2023-07-17,0.94
856802,2024-11-01,0.96
856802,2025-11-23,1.0
856839,2021-08-24,0.84
856839,2022-04-25,0.92
856839,2023-06-23,0.98
856839,2024-04-13,0.99
856839,2025-10-14,1.0
856883,2021-05-22,0.84
856883,2022-04-26,0.92
856883,2024-01-12,0.96
856883,2025-06-15,1.0
856892,2021-10-09,0.81
856892,2022-11-26,0.9
856892,2023-02-15,0.92
856892,2024-02-27,0.97
856892,2025-12-03,1.0
857159,2021-10-28,0.92
857159,2022-07-10,0.99
857159,2024-10-03,1.0
857407,2021-10-13,0.89
857407,2023-04-28,0.94
857407,2024-03-28,0.97
857407,2025-12-07,1.0
857566,2021-07-17,0.85
857566,2022-06-21,0.93
857566,2023-10-06,0.96
857566,2024-12-31,1.0
857590,2021-05-02,0.87
857590,2022-07-15,0.94
857590,2023-11-03,0.96
857590,2024-10-21,1.0
857639,2021-11-10,0.83
857639,2022-01-16,0.89
857639,2023-03-15,0.92
857639,2024-03-31,0.96
857639,2025-08-22,1.0
857777,2021-10-01,0.86
857777,2022-08-24,0.93
857777,2024-09-01,0.96
857777,2025-03-10,1.0
857955,2021-05-12,0.86
857955,2022-02-04,0.93
857955,2023-10-31,0.97
857955,2025-08-29,1.0
858103,2021-12-16,0.87
858103,2022-08-15,0.95
858103,2023-02-21,0.97
858103,2025-07-06,1.0
858137,2021-03-02,0.86
858137,2022-03-26,0.95
858137,2023-08-15,0.97
858137,2024-04-24,1.0
858146,2021-12-30,0.8
858146,2022-04-05,0.88
858146,2023-10-09,0.92
858146,2024-06-30,0.95
858146,2025-09-20,1.0
858453,2021-12-20,0.84
858453,2022-11-29,0.92
858453,2024-08-21,0.96
858453,2025-02-08,1.0
858465,2021-08-14,0.88
858465,2022-04-04,0.94
858465,2023-09-22,0.97
858465,2025-03-02,1.0
858535,2021-12-21,0.84
858535,2022-07-08,0.9
858535,2023-12-04,0.91
858535,2024-11-21,0.95
858535,2025-11-10,1.0
858873,2021-08-27,0.9
858873,2023-02-27,0.92
858873,2024-04-15,0.96
858873,2025-11-04,1.0
858956,2021-08-05,0.92
858956,2024-10-01,0.97
858956,2025-12-25,1.0
859139,2021-10-24,0.82
859139,2022-11-05,0.91
859139,2023-08-29,0.96
859139,2024-05-25,1.0
859173,2021-12-14,0.85
859173,2022-12-16,0.94
859173,2023-08-26,0.98
859173,2025-04-11,1.0
859186,2021-06-28,0.87
859186,2022-09-06,0.95
859186,2025-11-26,1.0
859268,2021-11-20,0.85
859268,2022-11-03,0.94
859268,2023-05-23,0.97
859268,2025-12-07,1.0
859295,2021-01-15,0.97
859295,2024-06-25,0.98
859295,2025-06-27,1.0
859329,2021-04-06,0.86
859329,2022-04-30,0.93
859329,2024-01-28,0.98
859329,2025-12-24,1.0
859454,2021-10-12,0.84
859454,2022-11-17,0.91
859454,2023-02-24,0.92
859454,2024-09-29,0.96
859454,2025-06-02,1.0
859466,2021-08-13,0.84
859466,2022-08-23,0.9
859466,2023-04-10,0.95
859466,2024-02-01,0.98
859466,2025-02-23,1.0
859543,2021-10-06,0.86
859543,2022-06-15,0.93
859543,2023-12-17,0.96
859543,2024-07-06,0.97
859543,2025-08-27,1.0
859688,2021-08-10,0.92
859688,2023-10-08,0.97
859688,2024-11-21,0.98
859688,2025-07-02,1.0
860366,2021-11-02,0.95
860366,2023-08-13,0.97
860366,2024-03-06,1.0
860376,2021-06-19,0.95
860376,2023-02-18,1.0
860418,2021-12-23,0.96
860418,2025-10-15,1.0
860452,2021-11-18,0.83
860452,2022-11-26,0.92
860452,2023-11-17,0.98
860452,2024-10-09,1.0
860585,2021-12-17,0.87
860585,2023-12-30,0.91
860585,2024-12-12,0.96
860585,2025-07-01,1.0
860718,2021-09-08,0.91
860718,2022-12-07,0.99
860718,2024-04-14,1.0
860738,2021-10-11,0.83
860738,2022-12-06,0.9
860738,2023-04-05,0.96
860738,2025-10-06,1.0
860856,2021-03-25,0.95
860856,2023-10-26,0.97
860856,2024-02-22,1.0
861233,2021-04-15,0.81
861233,2022-03-19,0.89
861233,2023-02-12,0.94
861233,2024-01-19,0.98
861233,2025-02-23,1.0
861237,2021-01-03,0.93
861237,2022-02-26,0.99
861237,2024-06-10,1.0
861344,2021-12-16,0.93
861344,2024-08-06,0.97
861344,2025-11-03,1.0
861352,2021-10-21,0.89
861352,2022-11-23,0.97
861352,2025-05-29,1.0
861553,2021-08-11,0.91
861553,2023-08-01,0.96
861553,2024-07-08,1.0
861603,2021-05-22,0.88
861603,2022-08-10,0.96
861603,2023-07-13,1.0
861650,2021-01-17,0.86
861650,2022-03-05,0.94
861650,2024-04-08,0.97
861650,2025-09-12,1.0
861812,2021-08-06,0.89
861812,2022-02-16,0.96
861812,2023-09-20,0.99
861812,2024-03-30,1.0
861866,2021-05-06,0.93
861866,2023-02-15,0.97
861866,2025-04-18,1.0
862056,2021-10-03,0.8
862056,2022-10-27,0.89
862056,2023-09-15,0.94
862056,2024-04-06,0.96
862056,2025-12-28,1.0
862085,2021-09-15,0.9
862085,2022-06-30,0.96
862085,2024-12-17,1.0
862195,2021-04-08,0.85
862195,2022-12-26,0.93
862195,2023-07-19,0.95
862195,2024-09-02,0.96
862195,2025-04-07,1.0
862301,2021-08-23,0.86
862301,2022-07-11,0.93
862301,2023-01-14,0.95
862301,2024-11-27,1.0
862338,2021-09-03,0.89
862338,2023-10-15,0.94
862338,2024-08-17,0.96
862338,2025-09-18,1.0
862372,2021-05-08,0.87
862372,2022-03-07,0.95
862372,2024-10-16,0.96
862372,2025-09-02,1.0
862474,2021-11-04,0.85
862474,2022-06-14,0.91
862474,2023-08-26,0.95
862474,2024-02-20,0.99
862474,2025-03-04,1.0
862501,2021-12-14,0.82
862501,2022-09-27,0.89
862501,2023-11-24,0.93
862501,2024-06-15,0.98
862501,2025-06-12,1.0
862502,2021-03-31,0.87
862502,2022-08-26,0.93
862502,2023-04-30,0.95
862502,2025-10-27,1.0
862593,2021-10-12,0.88
862593,2022-05-31,0.96
862593,2024-06-21,0.98
862593,2025-04-22,1.0
862607,2021-03-02,0.88
862607,2022-06-04,0.95
862607,2023-05-04,0.98
862607,2024-10-21,1.0
862669,2021-06-21,0.86
862669,2022-06-03,0.95
862669,2023-01-18,1.0
862734,2021-08-11,0.91
862734,2023-07-16,0.96
862734,2024-06-03,1.0
862813,2021-07-11,0.88
862813,2022-03-20,0.95
862813,2024-09-27,0.99
862813,2025-03-03,1.0
862818,2021-08-24,0.86
862818,2022-08-07,0.94
862818,2023-08-28,0.95
862818,2024-03-12,0.99
862818,2025-04-01,1.0
862895,2021-01-16,0.88
862895,2022-07-27,0.95
862895,2024-05-17,0.97
862895,2025-06-16,1.0
863047,2021-12-11,0.89
863047,2022-06-27,0.97
863047,2023-06-11,1.0
863055,2021-02-10,0.96
863055,2024-06-17,1.0
863135,2021-06-18,0.95
863135,2023-06-08,1.0
863319,2021-10-18,0.93
863319,2023-02-03,0.96
863319,2024-11-06,0.99
863319,2025-05-10,1.0
863348,2021-07-22,0.87
863348,2022-07-25,0.97
863348,2024-03-22,0.99
863348,2025-03-20,1.0
863413,2021-06-20,0.82
863413,2022-01-18,0.91
863413,2023-02-04,0.95
863413,2024-10-07,1.0
863431,2021-01-28,0.92
863431,2023-01-14,0.94
863431,2024-06-30,0.97
863431,2025-04-11,1.0
863532,2021-12-26,0.88
863532,2022-06-03,0.94
863532,2024-08-15,0.97
863532,2025-09-15,1.0
863542,2021-06-08,0.84
863542,2022-11-05,0.94
863542,2024-06-22,0.98
863542,2025-05-19,1.0
863577,2021-07-12,0.8
863577,2022-03-23,0.87
863577,2023-07-08,0.92
863577,2024-02-17,0.97
863577,2025-03-02,1.0
863668,2021-04-28,0.97
863668,2025-01-29,1.0
863714,2021-05-14,0.93
863714,2023-01-31,0.95
863714,2024-09-06,1.0
863839,2021-09-28,0.87
863839,2022-11-08,0.95
863839,2023-04-22,0.99
863839,2024-05-16,1.0
863874,2021-09-19,0.89
863874,2022-11-13,0.98
863874,2023-03-03,1.0
863903,2021-03-19,0.83
863903,2022-04-06,0.91
863903,2023-10-08,0.94
863903,2024-01-16,0.96
863903,2025-07-23,1.0
863934,2021-07-10,0.96
863934,2025-09-28,1.0
864375,2021-01-03,0.86
864375,2022-01-14,0.94
864375,2023-06-02,0.96
864375,2024-01-16,1.0
864435,2021-07-18,0.77
864435,2022-08-11,0.85
864435,2023-08-30,0.9
864435,2024-12-05,0.95
864435,2025-09-16,1.0
864565,2021-10-27,0.84
864565,2022-11-02,0.93
864565,2023-09-03,0.94
864565,2024-06-04,0.97
864565,2025-01-03,1.0
864596,2021-01-26,0.88
864596,2022-11-05,0.95
864596,2024-10-09,0.98
864596,2025-12-06,1.0
864834,2021-03-25,0.86
864834,2022-12-16,0.94
864834,2023-12-14,0.98
864834,2025-04-09,1.0
864855,2021-03-01,0.89
864855,2022-05-14,0.95
864855,2023-11-30,0.97
864855,2025-09-06,1.0
864879,2021-03-01,0.85
864879,2022-11-19,0.94
864879,2024-08-04,0.97
864879,2025-07-12,1.0
864915,2021-01-21,0.95
864915,2024-07-30,0.97
864915,2025-07-26,1.0
865018,2021-09-29,0.87
865018,2022-07-08,0.93
865018,2023-09-23,0.97
865018,2024-08-12,1.0
865048,2021-12-31,0.81
865048,2022-03-20,0.88
865048,2023-03-06,0.93
865048,2024-10-15,0.97
865048,2025-11-24,1.0
865052,2021-02-22,0.93
865052,2023-10-25,0.98
865052,2024-01-18,1.0
865224,2021-09-05,0.87
865224,2022-01-18,0.96
865224,2025-01-09,1.0
865281,2021-11-01,0.87
865281,2022-11-07,0.95
865281,2023-11-23,1.0
865317,2021-05-11,0.82
865317,2022-11-18,0.91
865317,2023-02-09,0.95
865317,2025-01-30,1.0
865451,2021-06-15,0.87
865451,2022-06-03,0.97
865451,2024-06-14,0.98
865451,2025-09-15,1.0
865470,2021-02-21,0.83
865470,2022-11-07,0.92
865470,2023-01-08,0.95
865470,2024-11-04,0.98
865470,2025-02-25,1.0
865571,2021-06-16,0.85
865571,2022-04-03,0.92
865571,2024-03-20,0.95
865571,2025-12-08,1.0
865840,2021-05-13,0.88
865840,2022-08-02,0.97
865840,2023-10-12,1.0
865964,2021-09-11,0.9
865964,2022-01-28,0.98
865964,2023-03-27,1.0
865976,2021-07-24,0.96
865976,2024-07-10,0.98
865976,2025-10-15,1.0
866013,2021-03-26,0.89
866013,2023-05-04,0.94
866013,2024-03-03,0.99
866013,2025-04-07,1.0
866053,2021-05-15,0.9
866053,2022-02-08,1.0
866239,2021-11-09,0.9
866239,2023-08-15,0.93
866239,2024-04-28,0.97
866239,2025-02-16,1.0
866340,2021-12-26,0.85
866340,2022-02-20,0.92
866340,2023-09-11,0.96
866340,2024-03-01,0.97
866340,2025-11-23,1.0
866489,2021-10-10,0.98
866489,2025-12-08,1.0
866522,2021-12-22,0.82
866522,2022-11-21,0.89
866522,2023-11-09,0.93
866522,2024-05-28,0.96
866522,2025-12-08,1.0
866661,2021-09-30,0.87
866661,2022-06-07,0.94
866661,2023-12-16,0.98
866661,2024-07-07,0.99
866661,2025-09-27,1.0
866758,2021-04-18,0.9
866758,2023-01-10,0.96
866758,2024-07-02,0.99
866758,2025-08-28,1.0
866891,2021-03-30,0.86
866891,2022-08-05,0.92
866891,2023-02-12,0.96
866891,2025-04-04,1.0
866927,2021-03-23,0.89
866927,2022-05-20,0.96
866927,2023-01-13,0.99
866927,2025-12-15,1.0
867357,2021-06-14,0.86
867357,2022-03-13,0.95
867357,2023-05-19,0.96
867357,2024-10-11,1.0
867549,2021-02-04,0.87
867549,2022-08-25,0.95
867549,2023-07-02,0.99
867549,2024-01-25,1.0
867654,2021-01-04,0.88
867654,2022-01-11,0.96
867654,2023-10-13,0.99
867654,2024-12-02,1.0
867770,2021-10-16,0.99
867770,2024-08-26,1.0
867772,2021-03-12,0.87
867772,2022-05-04,0.94
867772,2023-09-25,0.98
867772,2025-07-16,1.0
867836,2021-05-19,0.85
867836,2022-05-24,0.94
867836,2023-09-05,0.97
867836,2024-03-07,1.0
867967,2021-05-20,0.91
867967,2022-04-23,0.98
867967,2024-07-24,1.0
868010,2021-01-15,0.99
868010,2025-12-13,1.0
868024,2021-12-15,0.84
868024,2022-09-17,0.9
868024,2023-01-03,0.95
868024,2024-06-03,0.98
868024,2025-10-15,1.0
868131,2021-07-01,0.84
868131,2022-09-05,0.93
868131,2023-07-28,0.95
868131,2024-04-09,0.96
868131,2025-07-11,1.0
868139,2021-12-23,0.83
868139,2022-04-03,0.91
868139,2024-06-07,0.95
868139,2025-08-13,1.0
868183,2021-07-05,0.9
868183,2023-01-20,0.94
868183,2024-12-16,0.98
868183,2025-05-16,1.0
868266,2021-11-12,0.87
868266,2022-10-10,0.94
868266,2023-03-17,0.99
868266,2025-02-09,1.0
868316,2021-05-15,0.85
868316,2022-08-14,0.94
868316,2023-08-15,0.97
868316,2024-08-29,1.0
868487,2021-10-12,0.91
868487,2022-10-22,0.97
868487,2024-08-03,1.0
868619,2021-07-21,0.82
868619,2022-02-23,0.91
868619,2023-02-28,0.93
868619,2024-11-02,0.96
868619,2025-05-30,1.0
868638,2021-07-17,0.96
868638,2024-11-14,0.99
868638,2025-11-09,1.0
868780,2021-03-28,0.83
868780,2022-01-08,0.92
868780,2023-01-01,0.97
868780,2025-05-20,1.0
868814,2021-12-27,0.83
868814,2022-06-14,0.89
868814,2023-04-12,0.92
868814,2024-07-23,0.96
868814,2025-05-13,1.0
869027,2021-05-13,0.91
869027,2022-11-07,0.98
869027,2023-12-17,1.0
869036,2021-04-25,0.87
869036,2022-09-26,0.95
869036,2024-05-05,1.0
869057,2021-08-01,0.82
869057,2022-11-07,0.89
869057,2023-05-28,0.92
869057,2024-05-17,0.96
869057,2025-08-10,1.0
869119,2021-07-02,0.98
869119,2025-11-28,1.0
869231,2021-01-12,0.85
869231,2022-06-12,0.93
869231,2023-06-05,0.95
869231,2024-10-10,1.0
869275,2021-11-30,0.85
869275,2022-11-02,0.93
869275,2023-04-15,0.94
869275,2024-10-24,0.98
869275,2025-07-07,1.0
869368,2021-09-16,0.89
869368,2022-06-06,0.96
869368,2024-02-01,1.0
869406,2021-09-02,0.85
869406,2022-07-04,0.92
869406,2023-02-01,0.95
869406,2024-06-12,1.0
869438,2021-09-27,0.83
869438,2022-05-01,0.9
869438,2023-03-05,0.95
869438,2024-04-11,0.97
869438,2025-03-28,1.0
869545,2021-03-14,0.9
869545,2022-01-05,0.97
869545,2023-11-20,1.0
869646,2021-06-26,0.87
869646,2022-04-30,0.93
869646,2023-10-07,0.98
869646,2024-09-11,1.0
869793,2021-06-30,0.84
869793,2022-08-26,0.9
869793,2023-04-11,0.95
869793,2024-01-28,1.0
869916,2021-02-08,0.87
869916,2022-09-08,0.93
869916,2023-08-24,0.95
869916,2024-08-27,0.97
869916,2025-03-11,1.0
870109,2021-07-25,0.85
870109,2022-04-01,0.92
870109,2023-10-21,0.94
870109,2024-11-06,0.98
870109,2025-09-20,1.0
870190,2021-05-29,0.86
870190,2022-01-24,0.93
870190,2023-10-16,0.97
870190,2024-10-23,1.0
870234,2021-11-09,0.85
870234,2022-12-29,0.93
870234,2024-03-24,0.95
870234,2025-05-08,1.0
870243,2021-01-09,0.88
870243,2022-03-20,0.95
870243,2025-04-09,1.0
870311,2021-08-06,0.79
870311,2022-01-02,0.87
870311,2023-10-27,0.91
870311,2024-02-07,0.95
870311,2025-03-03,1.0
870414,2021-09-01,0.85
870414,2022-10-29,0.91
870414,2023-11-02,0.95
870414,2024-04-27,0.96
870414,2025-04-04,1.0
870506,2021-07-11,0.92
870506,2023-06-28,0.95
870506,2024-09-17,1.0
870534,2021-06-08,0.96
870534,2024-02-10,1.0
870545,2021-07-23,0.87
870545,2022-06-30,0.94
870545,2023-08-24,0.97
870545,2025-01-26,1.0
870643,2021-10-27,0.8
870643,2022-02-10,0.88
870643,2023-05-24,0.92
870643,2024-05-31,0.97
870643,2025-09-26,1.0
870688,2021-10-18,0.9
870688,2022-01-07,0.98
870688,2025-02-27,1.0
870746,2021-01-02,0.79
870746,2022-11-20,0.86
870746,2023-08-30,0.91
870746,2024-06-10,0.95
870746,2025-10-29,1.0
870753,2021-06-18,0.86
870753,2022-07-25,0.92
870753,2023-08-07,0.95
870753,2024-04-22,0.96
870753,2025-01-27,1.0
870806,2021-01-27,0.8
870806,2022-03-09,0.87
870806,2023-08-18,0.92
870806,2024-09-03,0.97
870806,2025-03-11,1.0
871008,2021-02-10,0.84
871008,2022-11-25,0.92
871008,2023-07-20,0.94
871008,2024-10-23,0.98
871008,2025-06-13,1.0
871096,2021-09-09,0.91
871096,2023-10-11,0.94
871096,2024-03-30,0.98
871096,2025-03-28,1.0
871133,2021-02-01,0.81
871133,2022-08-13,0.89
871133,2023-11-24,0.93
871133,2024-05-30,0.98
871133,2025-12-29,1.0
871515,2021-07-07,0.84
871515,2022-09-24,0.93
871515,2024-07-19,0.97
871515,2025-06-30,1.0
871534,2021-10-26,0.91
871534,2024-08-31,0.95
871534,2025-06-06,1.0
871568,2021-10-22,0.87
871568,2022-12-01,0.95
871568,2023-08-31,0.97
871568,2024-09-23,1.0
871610,2021-01-13,0.87
871610,2022-03-22,0.97
871610,2024-02-11,0.99
871610,2025-01-29,1.0
871710,2021-06-18,0.87
871710,2022-01-31,0.94
871710,2023-11-27,0.99
871710,2025-08-27,1.0
871754,2021-06-16,0.79
871754,2022-06-13,0.87
871754,2023-08-28,0.9
871754,2024-02-20,0.95
871754,2025-09-26,1.0
871806,2021-04-21,0.96
871806,2025-04-10,1.0
871846,2021-07-22,0.89
871846,2022-02-08,0.95
871846,2023-01-25,0.99
871846,2025-04-07,1.0
871906,2021-07-10,0.91
871906,2022-10-05,1.0
871963,2021-06-26,0.83
871963,2022-12-22,0.89
871963,2023-03-09,0.9
871963,2024-12-26,0.95
871963,2025-12-08,1.0
871973,2021-11-30,0.84
871973,2022-10-28,0.92
871973,2024-06-04,0.95
871973,2025-01-26,1.0
872135,2021-04-18,0.87
872135,2022-02-25,0.95
872135,2024-09-05,0.99
872135,2025-07-05,1.0
872168,2021-04-10,0.84
872168,2022-09-14,0.9
872168,2023-07-28,0.93
872168,2024-10-05,0.98
872168,2025-06-24,1.0
872286,2021-07-27,0.85
872286,2022-05-31,0.94
872286,2023-07-10,0.98
872286,2024-05-13,1.0
872423,2021-11-01,0.85
872423,2022-08-26,0.94
872423,2024-05-13,0.98
872423,2025-04-06,1.0
872484,2021-05-30,0.91
872484,2022-08-11,1.0
872557,2021-02-25,0.85
872557,2022-03-01,0.92
872557,2024-10-15,0.96
872557,2025-10-28,1.0
872662,2021-03-30,0.89
872662,2023-12-01,0.94
872662,2024-09-05,0.96
872662,2025-04-14,1.0
872721,2021-09-25,0.85
872721,2022-11-11,0.94
872721,2024-04-16,0.97
872721,2025-07-21,1.0
872847,2021-01-06,0.81
872847,2022-11-12,0.9
872847,2023-05-19,0.96
872847,2024-12-27,0.97
872847,2025-04-06,1.0
872865,2021-03-13,0.84
872865,2022-09-26,0.93
872865,2024-04-30,0.96
872865,2025-08-27,1.0
873054,2021-12-19,0.93
873054,2023-08-01,0.98
873054,2024-12-10,1.0
873088,2021-10-11,0.92
873088,2023-08-21,0.94
873088,2024-05-23,0.99
873088,2025-06-10,1.0
873104,2021-12-25,0.86
873104,2022-05-01,0.93
873104,2023-05-22,0.95
873104,2024-09-20,1.0
873214,2021-01-18,0.85
873214,2022-02-07,0.92
873214,2023-12-07,0.97
873214,2024-05-05,1.0
873287,2021-10-12,0.97
873287,2025-02-12,1.0
873320,2021-08-25,0.86
873320,2022-11-10,0.95
873320,2023-11-17,0.98
873320,2025-03-28,1.0
873501,2021-12-12,0.99
873501,2025-07-08,1.0
873753,2021-10-12,1.0
873786,2021-12-19,0.83
873786,2022-02-08,0.9
873786,2023-10-09,0.94
873786,2024-09-12,0.99
873786,2025-03-11,1.0
873961,2021-04-23,0.95
873961,2023-11-28,1.0
874501,2021-02-22,0.92
874501,2023-12-17,0.93
874501,2024-09-18,0.98
874501,2025-12-18,1.0
874522,2021-05-20,0.86
874522,2022-08-21,0.92
874522,2023-04-03,0.95
874522,2024-09-01,1.0
874650,2021-05-10,0.87
874650,2022-10-25,0.95
874650,2024-02-28,1.0
874695,2021-10-02,0.9
874695,2022-08-02,0.99
874695,2025-04-27,1.0
874803,2021-03-25,0.98
874803,2024-06-02,1.0
874882,2021-07-05,0.89
874882,2023-08-25,0.94
874882,2024-04-30,0.99
874882,2025-12-31,1.0
874897,2021-02-02,0.84
874897,2022-09-30,0.91
874897,2023-04-07,0.97
874897,2024-06-28,0.98
874897,2025-08-16,1.0
875003,2021-01-20,0.91
875003,2023-06-17,0.96
875003,2024-02-17,0.97
875003,2025-06-07,1.0
875134,2021-06-21,0.84
875134,2022-07-28,0.93
875134,2024-05-10,0.98
875134,2025-05-18,1.0
875232,2021-08-10,0.8
875232,2022-02-26,0.88
875232,2023-02-17,0.92
875232,2024-11-28,0.96
875232,2025-08-15,1.0
875319,2021-01-24,0.84
875319,2022-03-17,0.93
875319,2023-07-07,0.98
875319,2025-03-06,1.0
875581,2021-12-24,0.83
875581,2022-02-05,0.9
875581,2023-03-29,0.95
875581,2024-05-19,1.0
875662,2021-08-06,0.96
875662,2025-01-17,1.0
875679,2021-03-19,0.78
875679,2022-07-06,0.86
875679,2023-09-12,0.91
875679,2024-12-08,0.95
875679,2025-03-07,1.0
875789,2021-03-20,0.84
875789,2022-09-17,0.93
875789,2024-09-24,0.95
875789,2025-10-06,1.0
875894,2021-02-25,0.79
875894,2022-11-24,0.87
875894,2023-04-06,0.91
875894,2024-08-07,0.95
875894,2025-04-01,1.0
875964,2021-03-15,0.86
875964,2023-06-21,0.91
875964,2024-09-15,0.95
875964,2025-02-19,1.0
876171,2021-01-04,0.84
876171,2022-09-07,0.91
876171,2023-01-29,0.97
876171,2024-11-26,1.0
876260,2021-02-21,0.83
876260,2022-06-06,0.92
876260,2023-02-11,0.94
876260,2024-08-25,0.97
876260,2025-11-20,1.0
876283,2021-02-09,0.81
876283,2022-07-19,0.9
876283,2024-10-07,0.95
876283,2025-09-16,1.0
876534,2021-08-31,0.83
876534,2022-11-08,0.9
876534,2023-11-11,0.92
876534,2024-11-30,0.97
876534,2025-12-26,1.0
876657,2021-06-09,0.95
876657,2024-09-03,1.0
876688,2021-07-16,0.93
876688,2024-02-03,0.96
876688,2025-01-23,1.0
876744,2021-09-12,0.86
876744,2022-06-18,0.94
876744,2024-01-27,0.99
876744,2025-01-15,1.0
876800,2021-10-23,0.87
876800,2022-04-28,0.94
876800,2023-04-19,0.98
876800,2024-02-03,1.0
877004,2021-09-07,0.85
877004,2022-07-17,0.92
877004,2024-09-26,0.95
877004,2025-10-11,1.0
877218,2021-09-12,0.87
877218,2022-10-31,0.96
877218,2023-09-20,0.98
877218,2025-09-03,1.0
877277,2021-04-21,0.98
877277,2023-06-27,1.0
877306,2021-08-23,0.9
877306,2022-07-07,0.98
877306,2025-03-14,1.0
877403,2021-01-12,0.86
877403,2022-12-04,0.95
877403,2024-07-25,0.99
877403,2025-11-19,1.0
877454,2021-09-07,0.99
877454,2024-05-16,1.0
877457,2021-03-12,0.82
877457,2022-04-26,0.88
877457,2023-02-09,0.94
877457,2024-04-04,0.95
877457,2025-03-24,1.0
877755,2021-11-15,0.87
877755,2022-05-12,0.93
877755,2024-08-31,0.96
877755,2025-03-31,1.0
877808,2021-11-27,0.92
877808,2023-12-07,0.96
877808,2025-10-12,1.0
877916,2021-02-22,0.96
877916,2025-12-11,1.0
877965,2021-01-24,0.89
877965,2022-03-11,0.96
877965,2024-11-25,0.98
877965,2025-01-26,1.0
878096,2021-03-06,0.85
878096,2022-01-20,0.93
878096,2023-07-19,0.98
878096,2025-05-20,1.0
878117,2021-01-21,1.0
878392,2021-10-03,0.93
878392,2024-06-24,0.97
878392,2025-07-04,1.0
878427,2021-02-04,0.89
878427,2022-06-11,0.97
878427,2024-11-05,0.99
878427,2025-03-04,1.0
878440,2021-06-24,0.88
878440,2022-03-04,0.94
878440,2024-03-12,0.97
878440,2025-02-14,1.0
878696,2021-02-21,0.93
878696,2023-09-13,0.94
878696,2024-04-24,0.97
878696,2025-09-24,1.0
878715,2021-11-29,0.86
878715,2022-07-03,0.95
878715,2023-02-04,0.99
878715,2025-02-26,1.0
878721,2021-11-22,0.93
878721,2024-06-23,0.95
878721,2025-08-06,1.0
878741,2021-05-11,0.92
878741,2022-04-17,1.0
879183,2021-04-09,0.85
879183,2022-02-06,0.93
879183,2023-12-20,0.96
879183,2024-01-16,0.97
879183,2025-08-29,1.0
879192,2021-07-24,0.92
879192,2023-07-15,0.96
879192,2025-09-28,1.0
879297,2021-04-17,0.97
879297,2023-12-05,1.0
879483,2021-05-21,0.88
879483,2022-02-19,0.94
879483,2023-05-21,0.97
879483,2025-12-17,1.0
879522,2021-07-04,0.96
879522,2024-12-01,1.0
879675,2021-09-14,0.86
879675,2022-12-01,0.93
879675,2023-04-11,0.96
879675,2025-04-25,1.0
879688,2021-02-25,0.85
879688,2022-02-12,0.92
879688,2023-07-11,0.95
879688,2024-09-24,1.0
879990,2021-01-05,0.88
879990,2022-02-14,0.97
879990,2023-07-30,0.99
879990,2024-01-13,1.0
880150,2021-06-08,0.88
880150,2022-03-30,0.96
880150,2023-09-25,0.99
880150,2024-04-26,1.0
880188,2021-11-11,0.93
880188,2023-07-23,0.98
880188,2025-11-14,1.0
880247,2021-10-05,0.92
880247,2023-12-06,0.95
880247,2024-10-08,1.0
880270,2021-08-09,0.83
880270,2022-08-09,0.92
880270,2023-02-04,0.95
880270,2025-01-22,1.0
880432,2021-11-08,0.86
880432,2022-01-24,0.94
880432,2023-06-16,0.98
880432,2024-12-29,0.99
880432,2025-02-25,1.0
880622,2021-03-13,0.87
880622,2022-06-15,0.97
880622,2023-11-23,1.0
880651,2021-11-02,0.83
880651,2022-06-22,0.91
880651,2024-05-03,0.95
880651,2025-12-28,1.0
880682,2021-08-18,0.82
880682,2022-12-17,0.88
880682,2023-05-13,0.9
880682,2024-10-02,0.95
880682,2025-11-28,1.0
880760,2021-02-16,0.94
880760,2023-04-12,0.96
880760,2024-06-01,1.0
880970,2021-01-20,0.92
880970,2023-03-27,0.98
880970,2025-08-28,1.0
881080,2021-10-17,0.9
881080,2022-08-20,0.98
881080,2024-09-06,1.0
881097,2021-01-31,0.83
881097,2022-05-31,0.91
881097,2023-06-03,0.95
881097,2024-01-14,0.96
881097,2025-02-11,1.0
881098,2021-10-07,0.85
881098,2022-04-21,0.93
881098,2023-11-16,0.96
881098,2024-11-20,1.0
881172,2021-12-12,1.0
881227,2021-01-12,0.89
881227,2023-09-05,0.93
881227,2024-12-15,0.96
881227,2025-03-14,1.0
881389,2021-02-12,0.86
881389,2022-12-06,0.92
881389,2023-08-27,0.94
881389,2024-09-16,0.98
881389,2025-02-24,1.0
881649,2021-11-30,0.84
881649,2022-01-20,0.92
881649,2023-05-12,0.96
881649,2025-01-12,1.0
881816,2021-12-20,0.86
881816,2022-06-21,0.93
881816,2024-08-30,0.98
881816,2025-12-12,1.0
881833,2021-09-07,0.86
881833,2022-06-25,0.93
881833,2023-09-04,0.96
881833,2024-06-09,0.99
881833,2025-11-01,1.0
881878,2021-10-29,0.86
881878,2022-04-18,0.93
881878,2023-11-16,0.96
881878,2024-04-30,0.98
881878,2025-03-23,1.0
881891,2021-09-12,0.84
881891,2022-05-01,0.91
881891,2024-01-12,0.95
881891,2025-08-13,1.0
881901,2021-11-15,0.91
881901,2023-03-12,0.95
881901,2024-06-16,1.0
881999,2021-03-02,0.88
881999,2022-04-24,0.94
881999,2024-02-20,0.95
881999,2025-05-04,1.0
882170,2021-02-25,0.89
882170,2022-12-28,0.95
882170,2024-09-10,1.0
882342,2021-07-31,0.89
882342,2022-01-07,0.98
882342,2023-09-24,1.0
882405,2021-11-20,0.83
882405,2022-07-14,0.91
882405,2023-04-25,0.96
882405,2024-08-01,0.97
882405,2025-06-11,1.0
882476,2021-05-10,0.98
882476,2024-08-26,0.99
882476,2025-11-06,1.0
882555,2021-06-16,0.92
882555,2023-01-21,0.95
882555,2025-12-18,1.0
882669,2021-04-26,0.97
882669,2025-11-14,1.0
882850,2021-10-07,0.86
882850,2022-11-26,0.94
882850,2023-10-09,0.98
882850,2025-02-03,1.0
882886,2021-09-22,0.88
882886,2022-02-19,0.94
882886,2024-04-10,0.98
882886,2025-07-13,1.0
883002,2021-08-19,0.88
883002,2022-05-19,0.94
883002,2023-05-13,1.0
883046,2021-12-15,0.8
883046,2022-09-12,0.88
883046,2023-02-08,0.93
883046,2024-06-19,0.95
883046,2025-01-30,1.0
883214,2021-01-05,0.84
883214,2022-11-24,0.92
883214,2023-06-02,0.93
883214,2024-02-20,0.97
883214,2025-02-17,1.0
883223,2021-06-28,0.81
883223,2022-11-08,0.9
883223,2023-09-20,0.92
883223,2024-01-08,0.97
883223,2025-03-23,1.0
883338,2021-10-05,0.89
883338,2022-01-15,0.95
883338,2023-03-26,1.0
883383,2021-05-29,0.93
883383,2023-01-20,0.95
883383,2024-02-01,0.98
883383,2025-06-22,1.0
883387,2021-01-12,0.94
883387,2023-02-14,0.98
883387,2025-01-01,1.0
883435,2021-10-05,0.94
883435,2023-01-11,0.98
883435,2025-04-15,1.0
883439,2021-09-24,0.94
883439,2023-10-25,1.0
883554,2021-09-22,0.88
883554,2022-02-19,0.96
883554,2025-03-30,1.0
883559,2021-05-20,0.92
883559,2023-06-08,0.94
883559,2024-01-21,0.97
883559,2025-07-07,1.0
883784,2021-08-08,0.98
883784,2023-06-24,1.0
883815,2021-02-20,0.91
883815,2022-06-28,0.97
883815,2025-07-29,1.0
883920,2021-12-05,0.93
883920,2022-09-04,1.0
883923,2021-12-23,0.83
883923,2022-08-18,0.92
883923,2023-12-08,0.93
883923,2024-09-05,0.96
883923,2025-12-16,1.0
884180,2021-01-16,0.9
884180,2022-01-22,0.96
884180,2024-05-31,1.0
884231,2021-04-24,0.92
884231,2024-09-07,0.96
884231,2025-03-26,1.0
884277,2021-08-11,0.96
884277,2024-11-22,0.98
884277,2025-02-23,1.0
884295,2021-01-08,0.85
884295,2022-05-11,0.91
884295,2023-11-26,0.94
884295,2024-08-17,0.98
884295,2025-07-04,1.0
884384,2021-04-26,0.82
884384,2022-06-21,0.9
884384,2023-08-29,0.92
884384,2024-02-09,0.95
884384,2025-09-03,1.0
884634,2021-06-17,0.96
884634,2024-09-07,0.98
884634,2025-05-25,1.0
884757,2021-07-10,0.91
884757,2023-08-22,0.97
884757,2024-10-17,0.98
884757,2025-09-07,1.0
884953,2021-04-14,0.87
884953,2022-04-11,0.94
884953,2023-04-15,0.99
884953,2024-06-15,1.0
884969,2021-01-27,0.91
884969,2023-10-16,0.95
884969,2024-04-08,1.0
884980,2021-06-30,0.92
884980,2022-09-21,0.98
884980,2024-07-15,1.0
885014,2021-11-11,0.86
885014,2022-09-03,0.95
885014,2023-10-21,1.0
885099,2021-07-21,0.85
885099,2022-01-20,0.94
885099,2023-01-31,0.96
885099,2024-11-12,0.97
885099,2025-10-21,1.0
885250,2021-02-08,0.83
885250,2022-08-24,0.92
885250,2023-09-14,0.95
885250,2025-03-16,1.0
885268,2021-01-11,0.97
885268,2024-09-16,1.0
885404,2021-10-24,0.84
885404,2022-02-23,0.91
885404,2023-10-01,0.97
885404,2024-07-30,1.0
885468,2021-06-13,0.95
885468,2023-09-16,0.97
885468,2025-06-07,1.0
885490,2021-04-24,0.86
885490,2022-03-08,0.92
885490,2023-11-19,0.94
885490,2024-03-22,0.97
885490,2025-01-07,1.0
885491,2021-09-09,0.95
885491,2023-12-17,0.97
885491,2024-08-17,1.0
885503,2021-10-03,0.84
885503,2022-03-14,0.9
885503,2023-10-05,0.92
885503,2024-10-16,0.95
885503,2025-05-02,1.0
885668,2021-03-08,0.89
885668,2023-03-22,0.92
885668,2024-12-01,0.95
885668,2025-01-21,1.0
886172,2021-07-27,0.94
886172,2023-06-13,0.96
886172,2024-02-10,0.98
886172,2025-02-25,1.0
886183,2021-04-12,0.91
886183,2024-08-13,0.95
886183,2025-01-02,1.0
886334,2021-09-30,0.87
886334,2022-01-06,0.96
886334,2025-01-13,1.0
886353,2021-07-25,0.85
886353,2022-02-23,0.92
886353,2023-08-14,0.96
886353,2024-12-20,0.98
886353,2025-12-05,1.0
886802,2021-09-04,0.84
886802,2022-09-03,0.92
886802,2023-03-18,0.95
886802,2024-02-16,0.96
886802,2025-06-17,1.0
887178,2021-06-18,0.91
887178,2023-03-15,0.96
887178,2024-02-06,0.98
887178,2025-07-10,1.0
887197,2021-09-03,0.9
887197,2023-12-29,0.93
887197,2024-09-16,0.96
887197,2025-10-27,1.0
887352,2021-11-29,0.8
887352,2022-02-21,0.88
887352,2023-01-16,0.93
887352,2024-08-21,0.96
887352,2025-10-29,1.0
887357,2021-09-01,0.81
887357,2022-07-05,0.88
887357,2023-07-18,0.92
887357,2024-10-16,0.96
887357,2025-03-11,1.0
887411,2021-08-11,0.82
887411,2022-02-12,0.9
887411,2023-03-20,0.93
887411,2024-12-21,0.96
887411,2025-12-28,1.0
887418,2021-10-10,0.9
887418,2022-01-24,0.98
887418,2024-02-10,0.99
887418,2025-02-23,1.0
887489,2021-02-15,0.88
887489,2022-01-14,0.94
887489,2024-11-03,0.99
887489,2025-02-24,1.0
887547,2021-09-22,0.99
887547,2024-05-31,1.0
887605,2021-05-15,0.95
887605,2025-06-28,1.0
887748,2021-04-23,0.89
887748,2023-03-10,0.92
887748,2024-11-18,0.96
887748,2025-11-22,1.0
887991,2021-08-15,0.81
887991,2022-08-24,0.9
887991,2023-12-27,0.94
887991,2024-02-29,0.98
887991,2025-06-02,1.0
888007,2021-03-27,0.86
888007,2022-08-02,0.94
888007,2023-05-22,1.0
888146,2021-08-30,0.99
888146,2025-07-02,1.0
888205,2021-01-07,0.85
888205,2022-12-02,0.92
888205,2024-03-11,0.95
888205,2025-07-14,1.0
888335,2021-10-26,0.84
888335,2022-03-21,0.91
888335,2023-05-17,0.96
888335,2024-03-20,0.97
888335,2025-11-16,1.0
888348,2021-04-11,0.92
888348,2023-11-01,0.96
888348,2024-03-03,0.99
888348,2025-12-14,1.0
888477,2021-04-05,0.86
888477,2022-12-20,0.94
888477,2024-02-04,0.98
888477,2025-05-10,1.0
888587,2021-07-03,0.89
888587,2023-05-04,0.94
888587,2024-11-03,0.97
888587,2025-11-17,1.0
888681,2021-10-11,0.86
888681,2022-12-06,0.95
888681,2023-06-27,0.99
888681,2024-08-02,1.0
888854,2021-03-10,0.94
888854,2023-09-21,0.96
888854,2024-06-16,0.99
888854,2025-05-08,1.0
888896,2021-08-21,0.95
888896,2024-12-12,0.99
888896,2025-02-22,1.0
888950,2021-04-21,0.84
888950,2022-12-03,0.93
888950,2023-10-19,0.94
888950,2024-02-09,0.95
888950,2025-04-28,1.0
889166,2021-07-13,0.95
889166,2023-09-30,1.0
889180,2021-02-13,0.85
889180,2022-09-01,0.94
889180,2023-08-13,0.95
889180,2025-09-27,1.0
889258,2021-10-23,0.87
889258,2022-05-01,0.96
889258,2023-06-08,0.99
889258,2024-02-09,1.0
889263,2021-01-05,0.86
889263,2022-11-26,0.92
889263,2023-05-24,0.97
889263,2024-12-19,0.99
889263,2025-01-15,1.0
889271,2021-01-10,0.84
889271,2022-11-05,0.93
889271,2023-02-11,0.97
889271,2024-11-14,0.99
889271,2025-08-31,1.0
889308,2021-08-17,0.89
889308,2022-11-30,0.95
889308,2023-03-14,0.97
889308,2025-03-16,1.0
889484,2021-08-03,0.94
889484,2023-02-19,0.96
889484,2024-07-15,1.0
889514,2021-09-18,0.85
889514,2022-10-29,0.93
889514,2023-08-19,0.96
889514,2024-05-25,1.0
889594,2021-10-14,0.87
889594,2022-06-29,0.94
889594,2023-07-28,0.96
889594,2024-05-02,1.0
889638,2021-03-10,0.84
889638,2022-08-09,0.94
889638,2024-05-19,0.95
889638,2025-08-16,1.0
889740,2021-04-08,0.84
889740,2022-01-07,0.9
889740,2023-01-01,0.95
889740,2024-01-24,0.98
889740,2025-12-22,1.0
889825,2021-01-01,0.9
889825,2022-12-07,0.97
889825,2023-09-29,1.0
889984,2021-05-05,0.9
889984,2022-08-09,0.98
889984,2024-09-06,1.0
890000,2021-08-25,0.98
890000,2024-06-14,1.0
890002,2021-01-22,0.91
890002,2022-05-10,0.97
890002,2025-04-09,1.0
890327,2021-07-09,0.87
890327,2022-05-11,0.94
890327,2023-12-20,0.96
890327,2024-07-24,1.0
890555,2021-10-08,0.83
890555,2022-03-19,0.92
890555,2023-10-29,0.97
890555,2024-08-23,0.98
890555,2025-07-01,1.0
890688,2021-07-23,0.94
890688,2023-03-07,0.99
890688,2025-02-21,1.0
890777,2021-06-21,0.92
890777,2023-11-14,0.98
890777,2025-04-02,1.0
890893,2021-02-02,0.86
890893,2022-08-08,0.95
890893,2023-08-18,0.98
890893,2024-07-28,1.0
891016,2021-04-15,0.93
891016,2023-02-21,0.99
891016,2024-01-23,1.0
891430,2021-04-11,0.84
891430,2022-07-27,0.93
891430,2023-07-07,0.96
891430,2025-07-09,1.0
891697,2021-04-11,0.88
891697,2022-06-06,0.95
891697,2024-10-12,0.97
891697,2025-12-28,1.0
891711,2021-06-01,0.88
891711,2022-05-05,0.94
891711,2023-01-31,0.99
891711,2025-03-23,1.0
891901,2021-02-02,0.84
891901,2022-05-16,0.92
891901,2023-07-18,0.97
891901,2025-12-17,1.0
891969,2021-08-12,0.87
891969,2022-03-21,0.93
891969,2023-09-06,0.98
891969,2024-07-18,1.0
892108,2021-10-04,0.86
892108,2022-06-04,0.93
892108,2023-09-14,0.96
892108,2024-01-19,1.0
892160,2021-12-08,0.96
892160,2025-12-18,1.0
892204,2021-06-14,0.89
892204,2023-02-01,0.95
892204,2024-12-28,0.97
892204,2025-04-06,1.0
892224,2021-06-17,0.86
892224,2022-05-24,0.96
892224,2025-05-27,1.0
892264,2021-01-18,0.86
892264,2022-01-08,0.94
892264,2024-12-12,0.96
892264,2025-10-03,1.0
892291,2021-07-10,0.83
892291,2022-01-06,0.9
892291,2024-10-18,0.95
892291,2025-05-30,1.0
892400,2021-08-26,0.82
892400,2022-08-18,0.91
892400,2023-04-27,0.95
892400,2024-01-29,0.96
892400,2025-04-17,1.0
892455,2021-11-30,0.86
892455,2022-07-16,0.95
892455,2024-03-03,0.98
892455,2025-08-15,1.0
892602,2021-05-02,0.98
892602,2024-07-01,1.0
892800,2021-07-29,0.94
892800,2023-01-26,0.99
892800,2024-08-15,1.0
892874,2021-01-12,0.98
892874,2025-11-02,1.0
892886,2021-03-29,0.93
892886,2023-11-12,0.95
892886,2024-03-18,0.98
892886,2025-07-25,1.0
892937,2021-12-16,0.91
892937,2022-02-28,0.97
892937,2023-11-14,0.99
892937,2024-12-19,1.0
893123,2021-05-03,0.88
893123,2022-03-27,0.98
893123,2024-03-20,0.99
893123,2025-04-30,1.0
893167,2021-10-04,0.83
893167,2022-11-25,0.91
893167,2023-02-02,0.93
893167,2024-10-25,0.96
893167,2025-10-12,1.0
893499,2021-07-17,0.86
893499,2022-03-24,0.94
893499,2024-01-06,0.98
893499,2025-11-09,1.0
893802,2021-06-30,0.87
893802,2022-05-15,0.95
893802,2023-08-20,0.99
893802,2025-02-24,1.0
893842,2021-08-25,0.85
893842,2022-07-18,0.93
893842,2023-12-20,0.97
893842,2025-09-21,1.0
894138,2021-07-03,0.86
894138,2022-01-14,0.93
894138,2023-07-01,0.97
894138,2024-10-30,1.0
894338,2021-09-14,0.89
894338,2022-12-07,0.95
894338,2023-01-26,0.97
894338,2025-07-10,1.0
894343,2021-03-15,0.89
894343,2022-05-07,0.98
894343,2024-04-15,1.0
894405,2021-02-22,0.94
894405,2023-01-29,0.97
894405,2024-08-21,0.99
894405,2025-07-08,1.0
894741,2021-01-24,0.8
894741,2022-03-07,0.89
894741,2023-05-14,0.92
894741,2024-01-07,0.97
894741,2025-07-20,1.0
894833,2021-01-19,0.84
894833,2022-08-12,0.9
894833,2023-03-01,0.94
894833,2024-02-10,0.96
894833,2025-02-18,1.0
894908,2021-05-25,0.88
894908,2022-01-21,0.97
894908,2023-11-17,0.99
894908,2025-11-25,1.0
894919,2021-04-30,0.93
894919,2022-09-11,0.99
894919,2025-06-27,1.0
894983,2021-11-28,0.91
894983,2023-12-18,0.93
894983,2024-01-24,0.98
894983,2025-07-30,1.0
895061,2021-12-08,0.8
895061,2022-06-05,0.88
895061,2023-11-12,0.91
895061,2024-08-01,0.96
895061,2025-03-29,1.0
895130,2021-11-03,0.91
895130,2023-08-05,0.95
895130,2024-11-16,1.0
895185,2021-12-24,0.96
895185,2024-05-18,0.99
895185,2025-07-01,1.0
895216,2021-01-17,0.86
895216,2022-02-13,0.92
895216,2023-11-30,0.96
895216,2024-11-29,1.0
895382,2021-11-10,0.86
895382,2022-01-29,0.95
895382,2024-05-05,0.99
895382,2025-03-07,1.0
895496,2021-02-18,0.84
895496,2022-12-15,0.9
895496,2023-06-08,0.94
895496,2024-09-15,0.96
895496,2025-01-16,1.0
895522,2021-09-15,0.83
895522,2022-08-06,0.92
895522,2023-12-08,0.95
895522,2024-07-22,0.97
895522,2025-10-03,1.0
895655,2021-05-10,0.88
895655,2022-05-02,0.96
895655,2024-03-07,0.98
895655,2025-08-08,1.0
895712,2021-12-30,0.86
895712,2022-08-22,0.95
895712,2025-02-01,1.0
895893,2021-06-18,0.83
895893,2022-11-30,0.91
895893,2023-10-03,0.96
895893,2024-01-19,0.99
895893,2025-06-14,1.0
895895,2021-03-08,0.85
895895,2022-06-24,0.93
895895,2023-07-15,0.96
895895,2024-09-19,0.98
895895,2025-06-18,1.0
895936,2021-07-25,0.87
895936,2022-01-22,0.96
895936,2024-08-25,0.98
895936,2025-09-19,1.0
896207,2021-11-19,0.87
896207,2022-07-30,0.94
896207,2023-02-09,0.96
896207,2024-05-26,1.0
896272,2021-02-26,0.86
896272,2022-06-24,0.94
896272,2023-08-03,0.99
896272,2024-01-03,1.0
896313,2021-01-15,0.9
896313,2023-09-10,0.94
896313,2024-01-05,0.96
896313,2025-12-03,1.0
896378,2021-02-28,0.87
896378,2022-02-27,0.95
896378,2025-11-15,1.0
896401,2021-09-11,0.86
896401,2022-04-24,0.92
896401,2023-09-05,0.97
896401,2024-03-25,0.98
896401,2025-11-21,1.0
896405,2021-03-17,0.94
896405,2023-04-18,0.99
896405,2025-10-21,1.0
896452,2021-11-17,0.85
896452,2022-10-01,0.91
896452,2023-05-10,0.94
896452,2024-02-07,0.99
896452,2025-01-05,1.0
896592,2021-03-21,0.86
896592,2023-03-21,0.91
896592,2024-05-27,0.95
896592,2025-08-02,1.0
896771,2021-11-21,0.81
896771,2022-04-23,0.9
896771,2023-12-30,0.95
896771,2024-04-26,0.96
896771,2025-09-11,1.0
896794,2021-11-21,0.9
896794,2023-06-17,0.95
896794,2024-11-26,1.0
896836,2021-10-30,0.91
896836,2023-11-30,0.93
896836,2024-01-11,0.95
896836,2025-12-19,1.0
896942,2021-05-12,0.85
896942,2022-09-03,0.91
896942,2023-01-16,0.95
896942,2024-04-02,0.98
896942,2025-11-01,1.0
897141,2021-03-15,0.84
897141,2022-01-28,0.94
897141,2023-12-15,0.98
897141,2025-02-06,1.0
897152,2021-08-24,0.91
897152,2022-07-14,0.97
897152,2025-01-16,1.0
897232,2021-10-08,0.82
897232,2022-02-04,0.88
897232,2023-05-03,0.93
897232,2024-10-10,0.96
897232,2025-02-04,1.0
897416,2021-02-15,0.85
897416,2022-01-06,0.92
897416,2023-04-02,0.97
897416,2025-10-13,1.0
897525,2021-12-13,0.83
897525,2022-07-18,0.92
897525,2023-05-10,0.94
897525,2024-04-26,0.95
897525,2025-12-04,1.0
897576,2021-09-11,0.8
897576,2022-05-30,0.88
897576,2023-02-15,0.92
897576,2024-11-14,0.96
897576,2025-07-31,1.0
897744,2021-02-12,0.86
897744,2022-06-05,0.96
897744,2023-06-04,0.98
897744,2024-05-19,1.0
897807,2021-04-25,0.91
897807,2022-01-21,0.98
897807,2023-11-08,1.0
898079,2021-11-09,0.95
898079,2023-03-09,0.97
898079,2024-03-06,1.0
898224,2021-09-12,0.89
898224,2022-10-10,0.99
898224,2025-09-16,1.0
898280,2021-07-04,0.87
898280,2023-07-07,0.91
898280,2024-01-17,0.96
898280,2025-01-07,1.0
898310,2021-09-09,0.9
898310,2022-04-15,0.96
898310,2023-09-19,1.0
898377,2021-08-05,0.83
898377,2022-04-06,0.91
898377,2023-03-13,0.96
898377,2024-04-07,0.99
898377,2025-12-13,1.0
898422,2021-05-30,0.79
898422,2022-05-22,0.87
898422,2023-10-12,0.9
898422,2024-03-16,0.95
898422,2025-05-04,1.0
898446,2021-01-31,0.85
898446,2022-05-17,0.93
898446,2023-06-27,0.95
898446,2024-10-31,0.96
898446,2025-08-19,1.0
898539,2021-05-17,0.96
898539,2024-05-12,0.99
898539,2025-05-18,1.0
898545,2021-10-05,0.84
898545,2022-04-13,0.92
898545,2023-08-16,0.95
898545,2024-12-28,1.0
898631,2021-11-25,0.85
898631,2022-12-29,0.93
898631,2024-03-01,0.96
898631,2025-10-28,1.0
898645,2021-12-23,0.9
898645,2022-03-07,0.97
898645,2025-09-28,1.0
898788,2021-05-07,0.92
898788,2023-03-16,0.97
898788,2025-02-24,1.0
898831,2021-12-16,0.92
898831,2023-05-17,0.94
898831,2024-07-02,0.96
898831,2025-12-28,1.0
898959,2021-03-13,0.93
898959,2022-10-19,1.0
899000,2021-08-09,0.88
899000,2022-12-21,0.96
899000,2023-07-11,1.0
899097,2021-06-22,0.92
899097,2023-08-30,0.97
899097,2025-12-09,1.0
899212,2021-07-26,0.84
899212,2022-12-01,0.92
899212,2023-12-09,0.97
899212,2024-05-30,1.0
899374,2021-05-07,0.96
899374,2023-10-14,0.98
899374,2024-12-18,1.0
899436,2021-01-24,0.84
899436,2022-08-20,0.92
899436,2023-09-20,0.96
899436,2024-03-07,0.98
899436,2025-03-21,1.0
899550,2021-01-05,0.81
899550,2022-11-18,0.88
899550,2023-11-26,0.94
899550,2024-10-11,0.96
899550,2025-08-21,1.0
899575,2021-08-26,0.78
899575,2022-04-12,0.86
899575,2023-05-28,0.91
899575,2024-01-04,0.95
899575,2025-06-12,1.0
899663,2021-09-11,0.86
899663,2022-06-11,0.93
899663,2023-10-22,0.94
899663,2024-07-09,0.96
899663,2025-09-03,1.0
899797,2021-03-27,0.93
899797,2023-07-13,0.98
899797,2024-10-29,1.0
899809,2021-11-07,0.87
899809,2022-11-18,0.95
899809,2024-06-02,0.97
899809,2025-01-04,1.0
899865,2021-05-05,0.9
899865,2022-05-01,0.99
899865,2025-01-11,1.0
899897,2021-09-24,0.86
899897,2022-12-01,0.92
899897,2023-03-08,0.96
899897,2024-03-07,1.0
899931,2021-05-20,0.88
899931,2022-03-25,0.95
899931,2023-04-16,1.0
899988,2021-11-17,0.81
899988,2022-10-03,0.87
899988,2023-12-08,0.92
899988,2024-07-29,0.95
899988,2025-10-07,1.0
900121,2021-10-06,0.98
900121,2024-10-08,0.99
900121,2025-05-27,1.0
900211,2021-09-21,0.91
900211,2023-04-27,0.94
900211,2024-08-19,0.97
900211,2025-09-04,1.0
900217,2021-02-11,0.89
900217,2022-08-16,0.96
900217,2024-02-01,1.0
900253,2021-10-11,0.93
900253,2023-08-02,0.97
900253,2025-02-20,1.0
900396,2021-05-11,0.82
900396,2022-10-11,0.88
900396,2023-09-18,0.9
900396,2024-06-20,0.95
900396,2025-01-05,1.0
900487,2021-04-16,0.96
900487,2023-01-11,0.98
900487,2024-07-06,1.0
900628,2021-01-30,0.92
900628,2023-08-25,0.93
900628,2024-10-03,0.96
900628,2025-11-27,1.0
900653,2021-07-02,0.85
900653,2022-12-22,0.94
900653,2023-01-28,0.96
900653,2025-12-23,1.0
900736,2021-03-27,0.89
900736,2022-08-23,0.97
900736,2025-03-02,1.0
900802,2021-04-28,0.86
900802,2022-01-12,0.95
900802,2024-06-06,0.99
900802,2025-12-27,1.0
900850,2021-05-29,0.85
900850,2022-12-06,0.91
900850,2023-02-10,0.94
900850,2024-01-09,0.99
900850,2025-11-04,1.0
900851,2021-10-14,0.89
900851,2022-12-29,0.96
900851,2024-06-26,1.0
901181,2021-04-23,0.95
901181,2023-07-27,0.97
901181,2025-11-06,1.0
901266,2021-03-21,0.84
901266,2022-07-18,0.93
901266,2023-01-18,0.95
901266,2024-06-12,0.98
901266,2025-01-19,1.0
901409,2021-05-12,0.85
901409,2022-11-28,0.94
901409,2024-11-03,0.99
901409,2025-08-07,1.0
901480,2021-04-02,0.9
901480,2023-11-19,0.95
901480,2024-05-08,0.97
901480,2025-09-16,1.0
901526,2021-09-30,0.84
901526,2022-07-03,0.92
901526,2023-02-06,0.94
901526,2024-01-30,0.98
901526,2025-02-17,1.0
901675,2021-04-09,0.83
901675,2022-08-16,0.9
901675,2023-06-07,0.95
901675,2024-07-28,0.99
901675,2025-03-04,1.0
902123,2021-05-03,0.89
902123,2022-11-02,0.98
902123,2025-02-11,1.0
902255,2021-06-30,0.82
902255,2022-06-03,0.91
902255,2024-02-16,0.96
902255,2025-08-29,1.0
902375,2021-03-03,0.85
902375,2022-11-26,0.94
902375,2023-03-16,0.97
902375,2024-02-06,1.0
902528,2021-02-21,0.82
902528,2022-12-08,0.91
902528,2024-06-12,0.95
902528,2025-04-06,1.0
902563,2021-01-11,0.84
902563,2022-09-25,0.91
902563,2023-08-09,0.96
902563,2024-06-11,0.98
902563,2025-07-24,1.0
902790,2021-07-30,0.88
902790,2022-06-14,0.97
902790,2025-09-26,1.0
902825,2021-04-14,0.84
902825,2022-04-10,0.91
902825,2023-01-26,0.96
902825,2025-12-18,1.0
902826,2021-12-08,0.88
902826,2022-11-19,0.94
902826,2024-04-27,0.96
902826,2025-03-30,1.0
903103,2021-03-18,0.86
903103,2022-08-15,0.94
903103,2023-07-24,0.99
903103,2025-11-29,1.0
903259,2021-10-02,0.84
903259,2022-03-16,0.91
903259,2023-11-28,0.95
903259,2024-01-09,1.0
903779,2021-01-06,0.88
903779,2022-09-06,0.98
903779,2024-01-02,1.0
903903,2021-12-25,0.89
903903,2023-06-03,0.93
903903,2024-03-09,0.97
903903,2025-11-21,1.0
904062,2021-04-13,0.81
904062,2022-08-03,0.88
904062,2023-09-09,0.92
904062,2024-11-28,0.96
904062,2025-12-03,1.0
904108,2021-02-20,0.8
904108,2022-07-29,0.87
904108,2023-09-01,0.91
904108,2024-03-10,0.96
904108,2025-05-21,1.0
904133,2021-12-25,0.83
904133,2022-01-04,0.9
904133,2023-10-22,0.92
904133,2024-05-21,0.96
904133,2025-08-19,1.0
904264,2021-01-28,0.98
904264,2023-05-11,1.0
904272,2021-10-31,0.84
904272,2022-03-18,0.93
904272,2023-01-19,0.95
904272,2024-07-22,1.0
904419,2021-10-28,0.91
904419,2022-08-13,1.0
904533,2021-08-19,0.9
904533,2023-01-23,0.91
904533,2024-09-02,0.95
904533,2025-09-03,1.0
904569,2021-12-21,0.87
904569,2022-08-15,0.93
904569,2023-10-21,0.98
904569,2024-12-31,1.0
904572,2021-11-05,0.82
904572,2022-06-17,0.88
904572,2023-10-17,0.91
904572,2024-06-02,0.96
904572,2025-01-08,1.0
904736,2021-01-13,0.84
904736,2022-02-25,0.92
904736,2023-06-26,0.95
904736,2024-11-10,0.96
904736,2025-10-02,1.0
904905,2021-03-03,0.96
904905,2023-09-20,0.98
904905,2024-09-23,1.0
905072,2021-01-19,0.85
905072,2022-09-15,0.91
905072,2023-12-16,0.93
905072,2024-07-08,0.97
905072,2025-03-12,1.0
905126,2021-01-07,0.83
905126,2022-08-10,0.91
905126,2023-02-01,0.95
905126,2024-10-24,1.0
905206,2021-07-06,0.87
905206,2022-05-03,0.93
905206,2023-10-18,0.97
905206,2024-11-09,1.0
905258,2021-02-18,0.95
905258,2023-02-13,1.0
905399,2021-12-03,0.88
905399,2023-09-25,0.93
905399,2024-02-23,0.98
905399,2025-10-30,1.0
905410,2021-04-30,0.95
905410,2023-11-22,0.96
905410,2024-06-22,0.97
905410,2025-08-18,1.0
905437,2021-06-23,0.96
905437,2025-11-13,1.0
905616,2021-01-04,0.78
905616,2022-07-01,0.87
905616,2023-11-08,0.91
905616,2024-12-31,0.96
905616,2025-09-16,1.0
905716,2021-10-20,0.83
905716,2022-04-18,0.92
905716,2023-08-13,0.95
905716,2025-04-30,1.0
905733,2021-10-14,0.77
905733,2022-08-16,0.85
905733,2023-02-09,0.9
905733,2024-12-20,0.95
905733,2025-02-20,1.0
905752,2021-04-10,0.86
905752,2022-03-12,0.92
905752,2023-10-30,0.96
905752,2024-11-18,0.99
905752,2025-09-04,1.0
905803,2021-11-02,0.94
905803,2024-05-09,0.99
905803,2025-08-01,1.0
905981,2021-10-14,0.85
905981,2022-03-02,0.94
905981,2023-02-04,0.97
905981,2025-04-13,1.0
906038,2021-07-10,0.9
906038,2023-12-01,0.95
906038,2024-04-12,0.98
906038,2025-03-16,1.0
906084,2021-06-30,0.88
906084,2022-07-24,0.96
906084,2023-12-05,1.0
906224,2021-03-12,0.86
906224,2022-02-06,0.95
906224,2023-01-21,0.97
906224,2025-11-01,1.0
906262,2021-02-21,0.88
906262,2022-04-12,0.96
906262,2023-11-20,0.98
906262,2025-01-21,1.0
906524,2021-03-10,0.93
906524,2023-11-21,0.95
906524,2024-02-22,0.98
906524,2025-07-03,1.0
906537,2021-11-10,0.79
906537,2022-04-15,0.88
906537,2023-11-12,0.93
906537,2024-01-14,0.98
906537,2025-04-16,1.0
906607,2021-06-30,0.84
906607,2022-05-21,0.92
906607,2023-01-10,0.96
906607,2024-01-20,1.0
906700,2021-01-31,0.87
906700,2022-03-27,0.93
906700,2024-04-21,0.95
906700,2025-07-20,1.0
906936,2021-03-17,0.87
906936,2022-07-09,0.97
906936,2023-10-22,0.99
906936,2025-10-11,1.0
906957,2021-10-16,0.87
906957,2022-05-23,0.95
906957,2024-07-30,1.0
907054,2021-01-16,0.89
907054,2023-01-07,0.95
907054,2024-08-18,0.99
907054,2025-01-19,1.0
907214,2021-02-12,0.86
907214,2022-12-28,0.95
907214,2023-03-22,0.97
907214,2024-10-06,0.99
907214,2025-08-19,1.0
907256,2021-06-01,0.86
907256,2022-12-14,0.93
907256,2023-12-20,0.96
907256,2025-10-12,1.0
907257,2021-05-14,0.91
907257,2022-08-20,0.97
907257,2024-12-19,0.98
907257,2025-04-12,1.0
907374,2021-06-13,0.86
907374,2022-06-03,0.94
907374,2023-11-02,0.98
907374,2025-10-14,1.0
907393,2021-08-16,0.86
907393,2022-08-08,0.95
907393,2023-11-03,1.0
907441,2021-07-25,0.92
907441,2023-12-03,0.96
907441,2024-05-05,1.0
907527,2021-05-16,0.88
907527,2023-02-09,0.92
907527,2024-10-22,0.95
907527,2025-03-04,1.0
907691,2021-03-11,0.86
907691,2022-07-23,0.92
907691,2023-10-27,0.95
907691,2024-06-17,0.99
907691,2025-12-05,1.0
907716,2021-12-15,0.9
907716,2022-07-06,0.98
907716,2023-07-05,1.0
907819,2021-11-12,0.89
907819,2022-05-20,0.96
907819,2024-09-03,0.99
907819,2025-05-03,1.0
908129,2021-08-14,0.82
908129,2022-03-20,0.89
908129,2023-01-27,0.92
908129,2024-07-23,0.95
908129,2025-05-02,1.0
908131,2021-10-31,0.94
908131,2024-03-21,0.96
908131,2025-03-27,1.0
908135,2021-02-21,0.82
908135,2022-12-09,0.9
908135,2023-03-21,0.94
908135,2024-09-15,0.95
908135,2025-02-25,1.0
908136,2021-10-12,0.9
908136,2022-12-31,0.98
908136,2024-07-28,0.99
908136,2025-10-29,1.0
908249,2021-12-23,0.9
908249,2023-05-07,0.92
908249,2024-05-08,0.95
908249,2025-02-07,1.0
908303,2021-12-31,0.84
908303,2022-07-31,0.93
908303,2023-04-11,0.96
908303,2024-11-21,0.99
908303,2025-03-27,1.0
908364,2021-07-25,0.81
908364,2022-10-09,0.9
908364,2023-10-01,0.92
908364,2024-10-05,0.96
908364,2025-04-18,1.0
908379,2021-05-25,0.91
908379,2023-12-24,0.96
908379,2024-11-30,0.99
908379,2025-01-29,1.0
908527,2021-01-21,0.82
908527,2022-07-13,0.88
908527,2023-08-29,0.93
908527,2024-01-18,0.95
908527,2025-08-10,1.0
908584,2021-05-28,0.85
908584,2022-09-23,0.94
908584,2024-11-16,0.96
908584,2025-08-06,1.0
908671,2021-01-06,0.95
908671,2024-09-03,1.0
908689,2021-07-01,0.83
908689,2022-01-18,0.89
908689,2023-09-06,0.93
908689,2024-01-17,0.96
908689,2025-10-26,1.0
908728,2021-03-31,0.93
908728,2023-04-04,0.97
908728,2024-03-07,1.0
909071,2021-02-16,0.84
909071,2022-02-16,0.9
909071,2023-03-13,0.96
909071,2025-05-04,1.0
909195,2021-03-23,0.93
909195,2023-06-13,0.98
909195,2024-03-01,0.99
909195,2025-03-18,1.0
909247,2021-12-11,0.89
909247,2023-01-27,0.92
909247,2024-02-23,0.97
909247,2025-01-15,1.0
909295,2021-07-17,0.92
909295,2022-10-29,0.98
909295,2023-10-16,0.99
909295,2024-12-21,1.0
909448,2021-02-20,0.94
909448,2023-12-05,0.98
909448,2025-06-03,1.0
909616,2021-07-22,0.92
909616,2024-03-05,0.96
909616,2025-07-14,1.0
909716,2021-11-13,0.85
909716,2022-08-31,0.92
909716,2023-12-25,0.94
909716,2024-09-19,0.97
909716,2025-07-17,1.0
909737,2021-03-08,0.99
909737,2023-11-16,1.0
910181,2021-11-18,0.96
910181,2023-05-20,1.0
910202,2021-10-11,0.9
910202,2022-01-06,0.97
910202,2023-09-13,0.99
910202,2025-02-02,1.0
910204,2021-08-15,0.84
910204,2022-09-22,0.92
910204,2023-11-28,0.95
910204,2024-03-20,0.98
910204,2025-06-01,1.0
910269,2021-10-09,0.83
910269,2022-11-07,0.9
910269,2023-03-28,0.95
910269,2025-01-06,1.0
910280,2021-03-01,0.84
910280,2022-03-28,0.92
910280,2024-03-07,0.96
910280,2025-12-25,1.0
910469,2021-12-05,0.92
910469,2023-05-30,0.96
910469,2024-11-16,0.99
910469,2025-12-25,1.0
910625,2021-12-01,0.92
910625,2023-02-13,0.97
910625,2025-06-27,1.0
910659,2021-01-29,0.89
910659,2022-06-27,0.98
910659,2023-09-02,1.0
910687,2021-05-06,0.85
910687,2022-05-27,0.92
910687,2024-02-16,0.95
910687,2025-03-09,1.0
910703,2021-03-04,0.86
910703,2022-01-13,0.92
910703,2023-10-02,0.93
910703,2024-09-26,0.95
910703,2025-08-25,1.0
910805,2021-07-25,0.95
910805,2024-02-22,0.99
910805,2025-06-14,1.0
910914,2021-08-27,0.9
910914,2023-01-25,0.95
910914,2024-06-02,0.96
910914,2025-06-23,1.0
910955,2021-10-29,0.87
910955,2022-08-11,0.94
910955,2023-06-02,0.97
910955,2025-06-16,1.0
911428,2021-09-18,0.92
911428,2024-09-21,0.96
911428,2025-09-08,1.0
911710,2021-02-16,0.92
911710,2023-04-13,0.96
911710,2024-06-14,0.98
911710,2025-09-20,1.0
911773,2021-05-19,0.89
911773,2022-10-10,0.96
911773,2023-01-31,1.0
911900,2021-09-25,0.87
911900,2022-06-28,0.94
911900,2023-09-25,0.97
911900,2025-11-22,1.0
912003,2021-08-14,0.9
912003,2022-11-22,0.97
912003,2024-03-20,0.99
912003,2025-08-16,1.0
912006,2021-04-18,0.94
912006,2023-12-04,0.96
912006,2024-03-11,0.98
912006,2025-07-26,1.0
912035,2021-09-30,0.87
912035,2022-05-02,0.93
912035,2023-10-21,0.98
912035,2024-07-21,1.0
912227,2021-06-22,0.96
912227,2023-08-04,1.0
912446,2021-11-02,0.91
912446,2023-02-23,0.95
912446,2025-04-27,1.0
912472,2021-04-16,0.85
912472,2022-01-08,0.91
912472,2023-11-12,0.96
912472,2024-05-28,0.98
912472,2025-08-05,1.0
912588,2021-08-06,0.9
912588,2023-11-29,0.94
912588,2024-09-21,0.97
912588,2025-09-29,1.0
912622,2021-12-30,0.86
912622,2022-06-14,0.94
912622,2023-12-01,0.97
912622,2024-01-15,0.98
912622,2025-06-27,1.0
912705,2021-04-27,0.87
912705,2022-03-07,0.97
912705,2025-05-11,1.0
912739,2021-11-16,0.86
912739,2022-07-30,0.93
912739,2023-01-24,0.98
912739,2025-12-23,1.0
912929,2021-10-30,0.89
912929,2022-07-13,0.98
912929,2024-04-21,1.0
913124,2021-11-21,0.9
913124,2022-07-21,0.98
913124,2023-03-11,1.0
913169,2021-01-10,0.84
913169,2022-09-18,0.92
913169,2023-12-28,0.96
913169,2024-04-07,0.99
913169,2025-12-29,1.0
913186,2021-11-14,0.87
913186,2022-04-02,0.93
913186,2024-11-27,0.98
913186,2025-01-12,1.0
913223,2021-03-22,0.93
913223,2023-08-01,0.97
913223,2024-04-08,0.99
913223,2025-11-21,1.0
913226,2021-08-17,0.86
913226,2022-08-09,0.94
913226,2023-06-05,0.98
913226,2025-11-17,1.0
913322,2021-10-30,0.88
913322,2023-03-27,0.92
913322,2024-03-21,0.95
913322,2025-10-21,1.0
913397,2021-11-13,0.94
913397,2023-05-03,0.99
913397,2025-01-27,1.0
913841,2021-11-29,0.85
913841,2022-05-07,0.91
913841,2023-03-01,0.95
913841,2024-12-13,0.96
913841,2025-11-01,1.0
913863,2021-06-24,0.87
913863,2022-05-30,0.93
913863,2023-12-05,0.95
913863,2024-08-07,0.97
913863,2025-08-09,1.0
913908,2021-05-16,0.88
913908,2022-06-19,0.98
913908,2024-04-07,1.0
913916,2021-12-20,0.91
913916,2022-05-09,1.0
914122,2021-06-24,0.97
914122,2023-03-08,0.99
914122,2025-08-22,1.0
914145,2021-07-23,0.94
914145,2024-09-04,0.95
914145,2025-03-28,1.0
914166,2021-10-26,0.94
914166,2022-12-16,1.0
914348,2021-11-11,0.83
914348,2022-08-03,0.88
914348,2023-04-29,0.93
914348,2024-02-10,0.95
914348,2025-06-10,1.0
914399,2021-10-07,0.87
914399,2022-09-18,0.94
914399,2024-07-10,0.99
914399,2025-08-22,1.0
914839,2021-02-05,0.9
914839,2023-09-21,0.93
914839,2024-04-17,0.96
914839,2025-07-12,1.0
914892,2021-08-30,0.91
914892,2022-08-03,0.98
914892,2023-03-04,1.0
915023,2021-12-18,0.85
915023,2022-12-01,0.94
915023,2023-09-14,0.97
915023,2025-12-08,1.0
915134,2021-07-26,0.87
915134,2022-10-19,0.96
915134,2024-10-15,1.0
915488,2021-10-31,0.86
915488,2022-03-16,0.92
915488,2023-04-10,0.97
915488,2025-10-15,1.0
915507,2021-11-02,0.86
915507,2022-05-09,0.93
915507,2023-03-17,0.96
915507,2025-10-14,1.0
915701,2021-03-15,0.8
915701,2022-01-19,0.88
915701,2023-06-24,0.91
915701,2024-03-11,0.96
915701,2025-10-05,1.0
915752,2021-06-25,0.91
915752,2023-11-19,0.96
915752,2024-07-05,1.0
915922,2021-10-10,0.95
915922,2023-04-25,0.98
915922,2024-12-22,1.0
916208,2021-05-17,0.82
916208,2022-08-14,0.91
916208,2024-01-22,0.96
916208,2025-06-19,1.0
916258,2021-02-02,0.85
916258,2022-09-03,0.94
916258,2024-11-22,0.97
916258,2025-08-10,1.0
916320,2021-02-24,0.87
916320,2022-11-17,0.94
916320,2023-03-18,0.99
916320,2025-11-01,1.0
916351,2021-12-08,0.82
916351,2022-09-29,0.9
916351,2023-02-13,0.94
916351,2024-09-19,0.99
916351,2025-08-01,1.0
916387,2021-10-04,0.88
916387,2023-12-07,0.91
916387,2024-03-29,0.95
916387,2025-03-06,1.0
916926,2021-10-17,0.81
916926,2022-05-19,0.87
916926,2023-09-09,0.92
916926,2024-06-16,0.96
916926,2025-04-23,1.0
916969,2021-03-27,0.95
916969,2023-01-27,0.97
916969,2025-01-10,1.0
916981,2021-05-29,0.85
916981,2022-12-03,0.91
916981,2023-01-28,0.93
916981,2024-05-30,0.97
916981,2025-08-22,1.0
917139,2021-05-06,0.88
917139,2023-12-31,0.93
917139,2024-06-30,0.97
917139,2025-02-05,1.0
917182,2021-03-28,0.98
917182,2025-05-03,1.0
917260,2021-10-02,0.84
917260,2022-03-23,0.93
917260,2023-10-18,0.97
917260,2024-03-15,1.0
917293,2021-10-14,0.88
917293,2022-10-04,0.95
917293,2023-07-18,0.99
917293,2024-12-17,1.0
917498,2021-11-16,0.84
917498,2022-03-22,0.92
917498,2023-10-16,0.95
917498,2024-07-06,0.98
917498,2025-12-22,1.0
917613,2021-08-13,0.94
917613,2023-05-04,0.96
917613,2024-08-18,0.98
917613,2025-04-24,1.0
917683,2021-11-27,0.85
917683,2022-11-24,0.94
917683,2023-02-21,0.96
917683,2024-09-08,0.97
917683,2025-08-18,1.0
917746,2021-10-25,0.84
917746,2022-01-02,0.93
917746,2023-12-25,0.95
917746,2024-10-21,0.96
917746,2025-02-27,1.0
917777,2021-06-04,0.85
917777,2022-07-21,0.94
917777,2023-12-09,0.97
917777,2024-04-27,0.99
917777,2025-08-12,1.0
917855,2021-01-29,0.79
917855,2022-06-21,0.88
917855,2023-10-07,0.91
917855,2024-11-26,0.95
917855,2025-05-17,1.0
917991,2021-10-13,0.82
917991,2022-07-20,0.88
917991,2023-08-08,0.92
917991,2024-01-14,0.97
917991,2025-12-15,1.0
918183,2021-09-24,0.83
918183,2022-06-03,0.92
918183,2023-06-14,0.95
918183,2024-10-20,0.97
918183,2025-01-20,1.0
918263,2021-03-17,0.87
918263,2022-04-06,0.93
918263,2023-07-14,0.99
918263,2025-04-25,1.0
918448,2021-04-22,0.87
918448,2022-10-29,0.96
918448,2023-06-17,0.98
918448,2024-01-14,1.0
918484,2021-06-15,0.86
918484,2022-04-04,0.92
918484,2023-07-16,0.96
918484,2025-10-14,1.0
918501,2021-07-23,0.88
918501,2022-12-20,0.95
918501,2023-03-19,0.98
918501,2024-09-06,1.0
918503,2021-10-22,0.96
918503,2025-05-15,1.0
918726,2021-06-27,0.85
918726,2022-02-24,0.91
918726,2023-09-19,0.95
918726,2024-03-17,1.0
918967,2021-04-05,0.87
918967,2022-01-17,0.94
918967,2024-09-09,0.97
918967,2025-01-06,1.0
918999,2021-01-16,0.97
918999,2025-10-25,1.0
919169,2021-09-01,0.98
919169,2024-11-16,0.99
919169,2025-10-13,1.0
919213,2021-12-08,0.84
919213,2022-11-15,0.91
919213,2023-10-14,0.93
919213,2024-05-02,0.95
919213,2025-05-25,1.0
919270,2021-01-27,0.82
919270,2022-03-04,0.91
919270,2023-01-22,0.96
919270,2025-08-19,1.0
919295,2021-06-30,0.9
919295,2022-08-03,0.98
919295,2024-11-30,0.99
919295,2025-11-21,1.0
919559,2021-04-18,0.89
919559,2022-12-28,0.98
919559,2023-10-27,1.0
919790,2021-10-09,0.91
919790,2022-03-07,0.98
919790,2024-11-02,1.0
919863,2021-05-12,0.79
919863,2022-10-08,0.88
919863,2023-06-04,0.93
919863,2024-01-21,0.95
919863,2025-02-24,1.0
919975,2021-01-16,0.84
919975,2022-01-13,0.92
919975,2024-07-22,0.96
919975,2025-10-04,1.0
920029,2021-10-01,0.94
920029,2023-07-01,0.96
920029,2025-05-30,1.0
920104,2021-10-24,0.87
920104,2022-01-14,0.94
920104,2023-04-14,0.98
920104,2024-10-26,1.0
920130,2021-01-14,0.91
920130,2023-01-14,0.95
920130,2025-03-03,1.0
920283,2021-04-09,0.84
920283,2022-06-18,0.92
920283,2023-03-23,0.96
920283,2024-08-25,0.99
920283,2025-10-24,1.0
920559,2021-06-19,0.91
920559,2023-07-04,0.93
920559,2024-09-21,0.96
920559,2025-05-08,1.0
920653,2021-04-11,0.9
920653,2022-08-10,0.97
920653,2023-10-28,1.0
920663,2021-05-20,0.89
920663,2023-05-26,0.94
920663,2024-08-12,0.97
920663,2025-10-21,1.0
920665,2021-07-15,0.84
920665,2022-06-04,0.92
920665,2024-01-27,0.97
920665,2025-09-22,1.0
920951,2021-11-29,0.88
920951,2022-03-01,0.95
920951,2023-09-03,1.0
921056,2021-06-06,0.9
921056,2022-10-25,0.96
921056,2023-07-03,1.0
921072,2021-07-03,0.84
921072,2022-01-04,0.9
921072,2023-09-19,0.95
921072,2024-08-15,0.99
921072,2025-11-03,1.0
921302,2021-03-12,0.82
921302,2022-09-20,0.88
921302,2023-02-08,0.92
921302,2024-02-01,0.95
921302,2025-10-16,1.0
921414,2021-10-19,0.85
921414,2022-09-11,0.91
921414,2023-07-03,0.96
921414,2024-01-24,0.98
921414,2025-03-05,1.0
921470,2021-01-24,0.85
921470,2022-04-03,0.91
921470,2023-05-02,0.95
921470,2025-07-14,1.0
921533,2021-07-22,0.84
921533,2022-05-18,0.91
921533,2023-04-30,0.95
921533,2025-10-05,1.0
921675,2021-10-28,0.95
921675,2023-03-19,0.97
921675,2024-01-07,1.0
921754,2021-05-17,0.93
921754,2024-09-04,0.96
921754,2025-09-17,1.0
921787,2021-06-10,0.87
921787,2023-08-12,0.91
921787,2024-07-01,0.95
921787,2025-03-21,1.0
921972,2021-12-01,0.86
921972,2022-02-10,0.95
921972,2023-07-05,0.97
921972,2025-11-21,1.0
921999,2021-10-18,0.94
921999,2024-01-06,0.95
921999,2025-02-04,1.0
922004,2021-06-21,0.91
922004,2023-06-15,0.96
922004,2024-10-19,1.0
922166,2021-10-08,0.98
922166,2025-05-24,1.0
922241,2021-12-27,0.93
922241,2024-04-27,0.96
922241,2025-07-13,1.0
922292,2021-08-16,0.91
922292,2023-12-17,0.95
922292,2024-02-23,1.0
922435,2021-01-18,0.9
922435,2022-10-28,0.96
922435,2025-09-10,1.0
922463,2021-11-14,0.97
922463,2024-07-18,0.98
922463,2025-01-25,1.0
922630,2021-05-30,0.88
922630,2022-02-08,0.94
922630,2023-03-14,0.97
922630,2024-03-14,1.0
922840,2021-06-23,0.83
922840,2022-01-23,0.91
922840,2023-12-01,0.93
922840,2024-09-28,0.95
922840,2025-02-20,1.0
922927,2021-12-13,1.0
923160,2021-01-16,0.96
923160,2025-04-23,1.0
923256,2021-05-24,0.94
923256,2024-04-16,0.99
923256,2025-11-25,1.0
923361,2021-07-20,0.79
923361,2022-09-08,0.88
923361,2023-04-25,0.93
923361,2024-01-20,0.95
923361,2025-05-28,1.0
923365,2021-10-26,0.87
923365,2022-10-16,0.97
923365,2023-12-09,0.99
923365,2025-06-13,1.0
923466,2021-12-13,0.82
923466,2022-01-11,0.9
923466,2023-07-20,0.93
923466,2024-03-11,0.96
923466,2025-01-09,1.0
923471,2021-04-15,0.96
923471,2023-07-27,0.98
923471,2025-09-12,1.0
923558,2021-10-02,0.96
923558,2025-10-31,1.0
923743,2021-04-29,0.88
923743,2022-10-24,0.98
923743,2023-01-27,1.0
924274,2021-08-11,0.82
924274,2022-03-12,0.91
924274,2023-06-28,0.96
924274,2024-02-03,1.0
924485,2021-03-10,0.89
924485,2022-03-19,0.99
924485,2024-02-02,1.0
924714,2021-05-26,0.85
924714,2022-01-17,0.91
924714,2023-04-19,0.95
924714,2024-01-16,1.0
924730,2021-07-17,0.83
924730,2022-01-24,0.9
924730,2024-03-12,0.95
924730,2025-12-07,1.0
924757,2021-09-12,0.81
924757,2022-12-24,0.88
924757,2023-12-06,0.92
924757,2024-09-01,0.96
924757,2025-01-07,1.0
924846,2021-07-07,0.86
924846,2022-06-25,0.95
924846,2023-07-15,0.97
924846,2025-11-04,1.0
924938,2021-08-03,0.83
924938,2022-11-22,0.91
924938,2023-03-17,0.96
924938,2025-08-06,1.0
925172,2021-03-24,0.85
925172,2022-09-24,0.91
925172,2023-12-01,0.95
925172,2024-03-13,1.0
925183,2021-02-09,0.91
925183,2022-05-11,0.98
925183,2023-08-10,1.0
925279,2021-11-26,0.87
925279,2022-03-23,0.95
925279,2023-06-20,0.97
925279,2024-07-22,0.98
925279,2025-12-04,1.0
925805,2021-06-23,0.9
925805,2023-03-25,0.94
925805,2024-05-11,0.99
925805,2025-10-16,1.0
925867,2021-08-19,0.96
925867,2023-01-10,0.98
925867,2024-10-27,1.0
925901,2021-10-03,0.84
925901,2022-10-31,0.91
925901,2023-06-15,0.95
925901,2025-12-17,1.0
925925,2021-07-05,0.84
925925,2022-09-18,0.91
925925,2023-06-09,0.95
925925,2024-07-29,0.97
925925,2025-06-13,1.0
925965,2021-05-23,0.81
925965,2022-11-08,0.9
925965,2023-05-11,0.95
925965,2024-06-19,0.99
925965,2025-08-16,1.0
926112,2021-05-12,0.92
926112,2023-10-03,0.95
926112,2025-06-28,1.0
926252,2021-11-03,0.85
926252,2022-07-07,0.94
926252,2023-04-22,0.97
926252,2025-03-28,1.0
926269,2021-05-05,0.85
926269,2022-04-02,0.91
926269,2023-09-26,0.94
926269,2024-08-18,0.96
926269,2025-06-18,1.0
926549,2021-05-12,0.85
926549,2022-01-20,0.92
926549,2023-11-06,0.96
926549,2024-09-06,0.97
926549,2025-06-20,1.0
926564,2021-03-02,0.93
926564,2023-03-17,0.96
926564,2025-06-05,1.0
926641,2021-05-29,0.83
926641,2022-05-14,0.92
926641,2023-08-27,0.96
926641,2024-09-16,1.0
926768,2021-10-10,0.87
926768,2022-03-20,0.94
926768,2024-09-13,0.95
926768,2025-03-30,1.0
927028,2021-04-17,0.85
927028,2022-04-02,0.94
927028,2023-01-13,0.98
927028,2024-02-18,1.0
927031,2021-03-02,0.84
927031,2022-01-19,0.9
927031,2023-11-24,0.95
927031,2024-04-16,1.0
927132,2021-10-06,0.87
927132,2022-07-12,0.96
927132,2025-06-08,1.0
927212,2021-05-01,0.88
927212,2022-03-16,0.96
927212,2024-01-18,0.99
927212,2025-06-25,1.0
927324,2021-11-30,0.79
927324,2022-11-11,0.85
927324,2023-04-22,0.9
927324,2024-10-25,0.95
927324,2025-08-01,1.0
927328,2021-07-21,0.82
927328,2022-06-15,0.9
927328,2023-10-15,0.93
927328,2024-05-09,0.95
927328,2025-02-20,1.0
927498,2021-08-18,0.99
927498,2024-03-19,1.0
927733,2021-04-04,0.85
927733,2022-03-04,0.94
927733,2023-07-08,0.96
927733,2024-10-30,0.97
927733,2025-08-01,1.0
927766,2021-03-04,0.9
927766,2022-09-28,0.99
927766,2024-07-19,1.0
927892,2021-10-01,0.86
927892,2022-12-13,0.93
927892,2023-09-08,0.95
927892,2024-09-23,0.97
927892,2025-03-04,1.0
927913,2021-02-18,0.93
927913,2022-09-21,1.0
928048,2021-06-21,0.85
928048,2022-11-17,0.94
928048,2023-08-05,0.97
928048,2024-12-17,1.0
928114,2021-05-08,0.91
928114,2022-08-10,0.98
928114,2023-05-12,1.0
928164,2021-07-26,0.85
928164,2022-12-17,0.93
928164,2023-11-19,0.95
928164,2024-03-30,0.97
928164,2025-01-29,1.0
928337,2021-05-12,0.93
928337,2023-09-30,0.98
928337,2025-10-07,1.0
928474,2021-07-29,0.85
928474,2022-08-11,0.92
928474,2023-01-22,0.97
928474,2024-05-10,0.98
928474,2025-08-08,1.0
928496,2021-10-17,0.96
928496,2023-02-10,1.0
928608,2021-06-07,0.83
928608,2022-07-22,0.92
928608,2023-06-03,0.96
928608,2025-01-03,1.0
928650,2021-10-22,0.85
928650,2022-06-18,0.94
928650,2023-06-03,0.97
928650,2024-02-27,0.99
928650,2025-08-12,1.0
928808,2021-09-01,0.88
928808,2022-05-04,0.95
928808,2024-07-28,1.0
928941,2021-11-03,0.87
928941,2022-10-08,0.96
928941,2023-12-01,0.99
928941,2025-06-13,1.0
929098,2021-05-25,0.91
929098,2022-03-11,1.0
929117,2021-07-19,0.84
929117,2022-06-29,0.92
929117,2023-08-06,0.96
929117,2024-02-28,1.0
929472,2021-02-01,0.92
929472,2023-02-15,0.95
929472,2025-12-06,1.0
929574,2021-07-31,0.81
929574,2022-01-02,0.9
929574,2023-03-19,0.93
929574,2024-08-22,0.95
929574,2025-10-18,1.0
929634,2021-06-05,0.91
929634,2023-02-17,0.95
929634,2024-05-30,0.99
929634,2025-12-28,1.0
929795,2021-03-20,0.88
929795,2022-07-29,0.97
929795,2024-04-08,1.0
930081,2021-01-22,0.93
930081,2023-06-21,0.97
930081,2024-07-08,1.0
930200,2021-08-04,0.89
930200,2023-06-01,0.93
930200,2024-02-12,0.98
930200,2025-07-07,1.0
930287,2021-12-23,0.97
930287,2023-06-16,1.0
930542,2021-05-02,0.84
930542,2022-07-02,0.93
930542,2023-09-30,0.96
930542,2025-06-17,1.0
930637,2021-08-07,0.93
930637,2024-06-11,0.96
930637,2025-11-10,1.0
930737,2021-09-30,0.94
930737,2024-06-24,0.97
930737,2025-04-04,1.0
930770,2021-11-02,0.91
930770,2023-02-17,0.95
930770,2025-03-26,1.0
930776,2021-03-15,0.93
930776,2023-12-26,0.96
930776,2025-06-11,1.0
930832,2021-08-10,0.95
930832,2024-04-15,0.97
930832,2025-05-07,1.0
931001,2021-09-24,0.94
931001,2023-12-17,0.98
931001,2024-06-23,0.99
931001,2025-08-11,1.0
931154,2021-05-28,0.83
931154,2022-06-26,0.9
931154,2023-10-04,0.95
931154,2024-06-06,1.0
931631,2021-08-02,0.94
931631,2022-01-29,1.0
931772,2021-07-07,0.91
931772,2022-07-18,0.98
931772,2024-03-18,0.99
931772,2025-08-18,1.0
931802,2021-09-05,0.92
931802,2022-03-21,1.0
931830,2021-12-07,0.88
931830,2022-01-20,0.98
931830,2024-07-28,0.99
931830,2025-05-30,1.0
931855,2021-10-12,0.9
931855,2023-10-12,0.95
931855,2024-11-01,1.0
932056,2021-12-29,0.85
932056,2022-10-24,0.94
932056,2023-12-04,0.96
932056,2024-03-19,1.0
932463,2021-04-21,0.88
932463,2022-09-25,0.96
932463,2023-02-08,0.98
932463,2025-06-21,1.0
932716,2021-10-17,0.91
932716,2022-03-02,1.0
932881,2021-12-17,0.88
932881,2022-01-10,0.95
932881,2023-09-02,0.98
932881,2024-08-26,1.0
932903,2021-02-01,0.88
932903,2022-11-29,0.96
932903,2024-03-09,0.97
932903,2025-05-10,1.0
932991,2021-03-05,0.94
932991,2024-10-12,0.98
932991,2025-04-27,1.0
933061,2021-10-18,1.0
933265,2021-03-14,0.82
933265,2022-03-20,0.88
933265,2023-05-15,0.92
933265,2024-03-01,0.96
933265,2025-10-25,1.0
933382,2021-06-04,0.88
933382,2022-09-13,0.94
933382,2023-03-06,0.99
933382,2024-03-23,1.0
933426,2021-07-19,0.93
933426,2023-03-26,0.97
933426,2025-05-15,1.0
933455,2021-05-10,0.87
933455,2022-06-09,0.95
933455,2023-05-27,0.99
933455,2024-07-07,1.0
933521,2021-07-14,0.92
933521,2022-03-19,1.0
933776,2021-02-16,0.85
933776,2022-09-29,0.92
933776,2024-01-21,0.95
933776,2025-01-14,1.0
933827,2021-06-23,0.88
933827,2022-02-13,0.96
933827,2024-04-05,0.98
933827,2025-01-12,1.0
933893,2021-03-26,0.89
933893,2022-01-24,0.96
933893,2025-12-14,1.0
933897,2021-03-08,0.93
933897,2024-04-24,0.98
933897,2025-12-03,1.0
933999,2021-02-02,0.95
933999,2023-11-08,0.99
933999,2025-02-01,1.0
934049,2021-03-03,0.89
934049,2023-03-08,0.91
934049,2024-10-01,0.95
934049,2025-02-11,1.0
934137,2021-05-16,0.96
934137,2025-01-14,1.0
934282,2021-05-04,0.96
934282,2024-06-30,1.0
934319,2021-09-05,0.86
934319,2022-05-18,0.92
934319,2023-03-27,0.97
934319,2024-10-30,0.98
934319,2025-10-23,1.0
934455,2021-09-06,0.94
934455,2023-11-03,0.95
934455,2024-05-23,0.99
934455,2025-07-05,1.0
934521,2021-06-14,0.82
934521,2022-06-17,0.89
934521,2023-06-07,0.94
934521,2024-07-20,0.97
934521,2025-10-27,1.0
934651,2021-03-26,0.87
934651,2022-10-29,0.94
934651,2023-08-06,0.96
934651,2024-06-10,0.99
934651,2025-02-06,1.0
934695,2021-04-19,0.83
934695,2022-05-29,0.9
934695,2023-08-24,0.93
934695,2024-02-01,0.95
934695,2025-01-12,1.0
934858,2021-04-10,0.87
934858,2022-10-15,0.95
934858,2023-07-31,0.97
934858,2024-07-03,1.0
934891,2021-03-31,0.95
934891,2025-12-11,1.0
934916,2021-05-06,0.96
934916,2024-10-22,1.0
935113,2021-12-13,0.85
935113,2022-05-05,0.95
935113,2024-12-17,0.96
935113,2025-04-29,1.0
935216,2021-12-16,0.84
935216,2022-07-31,0.91
935216,2023-11-24,0.95
935216,2025-05-01,1.0
935283,2021-03-11,0.84
935283,2022-06-12,0.9
935283,2023-09-24,0.95
935283,2024-08-05,1.0
935346,2021-07-07,0.83
935346,2022-11-19,0.91
935346,2023-04-02,0.93
935346,2024-12-23,0.95
935346,2025-03-19,1.0
935376,2021-03-26,0.88
935376,2022-07-12,0.96
935376,2023-12-10,0.99
935376,2024-01-31,1.0
935384,2021-08-05,0.85
935384,2022-07-01,0.92
935384,2024-02-04,0.95
935384,2025-06-21,1.0
935554,2021-08-14,0.88
935554,2022-11-26,0.95
935554,2023-01-01,0.96
935554,2025-09-10,1.0
935581,2021-04-03,0.8
935581,2022-12-17,0.86
935581,2023-07-10,0.9
935581,2024-08-28,0.95
935581,2025-03-26,1.0
935734,2021-01-19,0.94
935734,2023-12-06,0.96
935734,2024-12-29,1.0
935789,2021-06-09,0.88
935789,2022-12-08,0.95
935789,2023-09-01,0.98
935789,2024-02-14,1.0
935791,2021-01-15,0.89
935791,2022-08-27,0.96
935791,2023-03-21,1.0
935802,2021-06-19,0.85
935802,2022-12-15,0.92
935802,2023-04-28,0.94
935802,2024-01-07,0.95
935802,2025-07-28,1.0
935830,2021-08-31,0.83
935830,2022-11-10,0.92
935830,2023-09-01,0.98
935830,2024-12-24,1.0
936051,2021-03-04,0.89
936051,2023-04-27,0.94
936051,2024-06-26,0.99
936051,2025-08-14,1.0
936104,2021-04-08,0.87
936104,2022-07-15,0.93
936104,2023-01-17,0.97
936104,2024-05-16,0.99
936104,2025-12-04,1.0
936189,2021-05-09,0.86
936189,2022-10-29,0.95
936189,2023-03-22,0.97
936189,2024-05-29,0.98
936189,2025-08-12,1.0
936246,2021-02-27,0.9
936246,2022-10-24,0.96
936246,2024-11-01,0.97
936246,2025-01-25,1.0
936268,2021-08-10,0.86
936268,2022-02-27,0.96
936268,2023-10-14,0.99
936268,2025-05-24,1.0
936494,2021-06-17,0.85
936494,2022-01-18,0.92
936494,2024-11-27,0.96
936494,2025-09-08,1.0
936606,2021-05-14,0.92
936606,2023-07-10,0.97
936606,2024-04-06,1.0
936627,2021-11-10,0.85
936627,2022-12-25,0.92
936627,2023-11-28,0.94
936627,2024-07-20,0.99
936627,2025-04-16,1.0
936786,2021-07-29,0.8
936786,2022-05-08,0.88
936786,2023-09-29,0.93
936786,2024-07-13,0.98
936786,2025-02-07,1.0
937059,2021-06-26,0.86
937059,2022-06-19,0.94
937059,2023-04-20,0.96
937059,2024-09-01,1.0
937112,2021-01-28,0.93
937112,2023-01-28,0.97
937112,2024-11-29,0.99
937112,2025-06-25,1.0
937181,2021-04-28,0.87
937181,2022-07-03,0.95
937181,2024-11-21,0.96
937181,2025-04-12,1.0
937255,2021-05-26,0.96
937255,2024-10-12,0.99
937255,2025-07-06,1.0
937271,2021-06-04,0.95
937271,2024-01-15,0.97
937271,2025-07-07,1.0
937375,2021-07-04,0.83
937375,2022-03-13,0.92
937375,2023-08-31,0.95
937375,2024-08-30,1.0
937418,2021-11-10,0.95
937418,2023-07-21,1.0
937445,2021-08-15,0.85
937445,2022-08-13,0.93
937445,2024-09-11,0.96
937445,2025-08-20,1.0
937473,2021-08-18,0.95
937473,2023-05-21,1.0
937593,2021-06-08,0.95
937593,2023-07-25,0.97
937593,2025-11-09,1.0
937703,2021-04-10,0.87
937703,2022-03-08,0.94
937703,2024-07-27,0.95
937703,2025-01-04,1.0
937823,2021-07-19,0.88
937823,2022-09-23,0.95
937823,2023-12-06,0.97
937823,2025-03-20,1.0
937842,2021-11-18,0.86
937842,2022-07-07,0.94
937842,2024-01-25,0.96
937842,2025-05-31,1.0
938103,2021-02-26,0.93
938103,2023-02-19,0.99
938103,2024-12-14,1.0
938129,2021-10-02,0.9
938129,2022-01-10,0.97
938129,2024-12-18,1.0
938228,2021-01-18,0.95
938228,2023-11-27,0.97
938228,2025-08-07,1.0
938259,2021-12-10,0.85
938259,2022-10-20,0.95
938259,2023-03-25,0.98
938259,2025-12-14,1.0
938312,2021-07-25,0.91
938312,2023-05-18,0.95
938312,2024-09-22,0.99
938312,2025-03-03,1.0
938325,2021-08-15,0.93
938325,2023-05-23,0.95
938325,2025-06-03,1.0
938699,2021-09-15,0.83
938699,2022-12-19,0.92
938699,2023-01-22,0.94
938699,2024-12-15,0.99
938699,2025-12-11,1.0
938808,2021-08-17,0.95
938808,2023-08-28,0.98
938808,2024-10-25,0.99
938808,2025-06-24,1.0
938836,2021-11-23,0.87
938836,2022-09-07,0.94
938836,2023-09-01,0.95
938836,2024-05-08,1.0
938982,2021-07-18,0.8
938982,2022-08-27,0.87
938982,2023-12-23,0.92
938982,2024-08-12,0.96
938982,2025-04-04,1.0
939161,2021-09-18,0.87
939161,2022-05-19,0.95
939161,2023-05-21,0.97
939161,2024-08-23,1.0
939172,2021-03-24,0.97
939172,2025-03-30,1.0
939651,2021-11-22,0.92
939651,2024-11-20,0.97
939651,2025-03-13,1.0
939939,2021-04-16,0.82
939939,2022-12-03,0.9
939939,2023-07-01,0.95
939939,2024-12-31,0.96
939939,2025-03-13,1.0
940065,2021-06-22,1.0
940114,2021-06-02,0.94
940114,2023-06-08,1.0
940271,2021-10-03,0.87
940271,2022-10-01,0.94
940271,2023-12-30,0.98
940271,2025-08-15,1.0
940275,2021-02-02,0.82
940275,2022-04-30,0.91
940275,2023-11-24,0.94
940275,2024-05-22,0.98
940275,2025-08-05,1.0
940305,2021-05-21,0.87
940305,2022-04-18,0.93
940305,2023-12-18,0.96
940305,2025-06-07,1.0
940324,2021-12-23,0.82
940324,2022-02-13,0.91
940324,2023-01-14,0.95
940324,2024-11-26,0.96
940324,2025-08-05,1.0
940713,2021-06-10,0.85
940713,2022-10-11,0.93
940713,2024-04-26,0.96
940713,2025-08-25,1.0
940818,2021-06-22,0.93
940818,2023-05-18,0.98
940818,2025-07-15,1.0
941048,2021-11-14,0.95
941048,2023-12-14,0.99
941048,2025-05-13,1.0
941077,2021-07-18,0.91
941077,2023-03-18,0.97
941077,2025-03-26,1.0
941226,2021-03-20,0.89
941226,2022-05-30,0.95
941226,2024-06-07,0.98
941226,2025-09-23,1.0
941316,2021-11-25,0.87
941316,2023-12-10,0.92
941316,2024-02-14,0.95
941316,2025-01-24,1.0
941344,2021-01-08,0.86
941344,2022-07-18,0.93
941344,2023-02-27,0.99
941344,2025-09-18,1.0
941631,2021-01-13,0.8
941631,2022-05-14,0.88
941631,2023-03-02,0.93
941631,2024-02-01,0.98
941631,2025-03-11,1.0
941886,2021-07-27,0.91
941886,2022-07-19,0.97
941886,2023-01-10,1.0
941898,2021-04-18,0.9
941898,2022-06-02,0.97
941898,2023-12-03,0.99
941898,2025-05-20,1.0
941934,2021-01-20,0.87
941934,2022-10-21,0.93
941934,2023-09-06,0.96
941934,2025-05-09,1.0
941937,2021-06-23,0.81
941937,2022-08-30,0.87
941937,2023-02-28,0.91
941937,2024-11-07,0.95
941937,2025-04-22,1.0
941976,2021-04-19,0.93
941976,2023-06-26,0.95
941976,2025-11-22,1.0
942067,2021-10-12,0.89
942067,2022-06-11,0.96
942067,2024-08-14,0.99
942067,2025-09-20,1.0
942117,2021-07-03,1.0
942140,2021-12-02,0.96
942140,2024-01-04,0.99
942140,2025-09-01,1.0
942209,2021-02-06,0.86
942209,2022-07-13,0.92
942209,2023-03-20,0.97
942209,2024-09-15,0.98
942209,2025-09-19,1.0
942272,2021-10-05,0.87
942272,2022-10-14,0.96
942272,2023-02-08,0.99
942272,2024-01-22,1.0
942367,2021-07-23,0.85
942367,2022-08-11,0.95
942367,2023-06-04,0.98
942367,2024-08-09,1.0
942703,2021-11-22,0.82
942703,2022-01-28,0.91
942703,2023-11-08,0.96
942703,2024-12-24,1.0
942719,2021-02-04,0.93
942719,2023-10-28,0.96
942719,2024-04-01,0.99
942719,2025-11-12,1.0
942840,2021-09-09,0.86
942840,2022-10-21,0.93
942840,2023-10-31,0.95
942840,2025-07-02,1.0
942903,2021-02-14,0.82
942903,2022-05-16,0.91
942903,2023-03-10,0.93
942903,2024-11-16,0.96
942903,2025-12-18,1.0
943099,2021-05-25,0.87
943099,2022-09-17,0.94
943099,2023-02-11,0.98
943099,2024-02-20,1.0
943235,2021-10-14,0.86
943235,2022-09-13,0.94
943235,2023-03-15,0.97
943235,2024-05-19,0.99
943235,2025-10-17,1.0
943387,2021-10-08,0.9
943387,2022-04-21,0.98
943387,2023-06-01,1.0
943873,2021-07-22,0.83
943873,2022-03-20,0.9
943873,2023-04-20,0.94
943873,2024-06-05,0.99
943873,2025-11-29,1.0
943890,2021-12-02,0.88
943890,2022-06-10,0.95
943890,2023-02-06,0.97
943890,2024-05-28,0.98
943890,2025-03-09,1.0
944084,2021-10-11,0.96
944084,2024-07-26,0.97
944084,2025-01-10,1.0
944385,2021-01-29,0.85
944385,2022-07-24,0.94
944385,2024-07-18,0.96
944385,2025-01-12,1.0
944503,2021-05-03,0.81
944503,2022-03-26,0.89
944503,2023-06-25,0.92
944503,2024-07-05,0.95
944503,2025-05-26,1.0
944583,2021-04-20,0.85
944583,2022-05-30,0.92
944583,2023-07-18,0.96
944583,2024-01-04,0.98
944583,2025-12-23,1.0
944838,2021-09-03,0.9
944838,2023-06-04,0.92
944838,2024-06-09,0.95
944838,2025-10-10,1.0
944854,2021-06-14,0.82
944854,2022-08-11,0.91
944854,2023-04-30,0.94
944854,2024-03-02,0.95
944854,2025-02-11,1.0
945206,2021-09-10,0.89
945206,2022-05-06,0.96
945206,2025-04-26,1.0
945284,2021-07-15,0.9
945284,2023-01-31,0.95
945284,2024-04-13,1.0
945354,2021-11-19,0.89
945354,2023-02-09,0.92
945354,2024-03-17,0.97
945354,2025-01-20,1.0
945357,2021-05-07,0.88
945357,2022-08-07,0.95
945357,2023-09-29,0.98
945357,2024-06-19,0.99
945357,2025-11-16,1.0
945558,2021-06-05,0.9
945558,2023-06-27,0.94
945558,2024-10-17,0.97
945558,2025-08-30,1.0
945780,2021-06-18,0.82
945780,2022-01-29,0.9
945780,2023-06-04,0.95
945780,2025-06-09,1.0
945942,2021-09-25,0.9
945942,2023-07-26,0.92
945942,2024-10-26,0.96
945942,2025-07-12,1.0
945955,2021-10-16,0.85
945955,2022-11-05,0.93
945955,2024-03-15,0.96
945955,2025-08-12,1.0
945977,2021-06-20,0.94
945977,2023-09-08,0.98
945977,2024-04-27,0.99
945977,2025-05-30,1.0
945987,2021-12-20,0.91
945987,2024-12-23,0.95
945987,2025-06-18,1.0
946013,2021-01-02,0.87
946013,2023-03-27,0.92
946013,2024-02-04,0.96
946013,2025-01-27,1.0
946035,2021-06-04,0.82
946035,2022-07-18,0.9
946035,2023-10-16,0.91
946035,2024-02-29,0.96
946035,2025-01-29,1.0
946055,2021-11-30,0.91
946055,2023-08-02,0.95
946055,2024-07-22,0.98
946055,2025-04-04,1.0
946076,2021-04-04,0.85
946076,2022-12-23,0.93
946076,2023-07-18,0.98
946076,2024-12-26,1.0
946085,2021-05-21,0.84
946085,2022-09-09,0.91
946085,2023-05-15,0.95
946085,2024-09-28,0.97
946085,2025-09-26,1.0
946103,2021-05-27,0.89
946103,2022-05-17,0.95
946103,2025-01-25,1.0
946114,2021-05-22,0.92
946114,2023-12-28,0.94
946114,2024-04-12,0.96
946114,2025-05-01,1.0
946468,2021-08-13,0.88
946468,2022-01-07,0.97
946468,2023-06-07,0.99
946468,2025-11-28,1.0
946691,2021-09-20,0.89
946691,2022-07-14,0.97
946691,2023-12-02,1.0
946696,2021-11-19,0.85
946696,2022-12-12,0.94
946696,2023-06-21,0.97
946696,2025-09-04,1.0
946818,2021-10-20,0.86
946818,2022-10-30,0.93
946818,2024-06-15,0.96
946818,2025-06-19,1.0
946906,2021-04-14,0.95
946906,2023-06-04,0.97
946906,2024-08-05,1.0
947015,2021-12-12,0.85
947015,2022-03-01,0.92
947015,2023-08-17,0.97
947015,2025-02-14,1.0
947152,2021-01-20,0.88
947152,2022-03-07,0.96
947152,2023-07-31,1.0
947347,2021-03-23,0.85
947347,2022-11-02,0.93
947347,2023-07-28,0.96
947347,2024-05-12,1.0
947552,2021-01-21,0.84
947552,2022-07-31,0.91
947552,2023-08-22,0.96
947552,2024-04-23,1.0
947771,2021-11-08,0.81
947771,2022-03-03,0.88
947771,2023-08-31,0.92
947771,2024-06-02,0.97
947771,2025-01-25,1.0
947851,2021-07-02,0.87
947851,2022-05-28,0.95
947851,2023-12-24,0.98
947851,2025-07-09,1.0
947864,2021-03-12,0.85
947864,2022-04-26,0.93
947864,2023-04-02,0.98
947864,2025-02-03,1.0
947888,2021-03-19,0.86
947888,2022-05-03,0.92
947888,2023-10-03,0.94
947888,2024-06-25,0.99
947888,2025-01-01,1.0
947910,2021-06-07,0.87
947910,2022-11-01,0.96
947910,2024-11-21,1.0
947944,2021-11-28,0.9
947944,2023-12-04,0.92
947944,2024-04-13,0.96
947944,2025-09-20,1.0
948002,2021-08-28,0.86
948002,2022-03-30,0.95
948002,2023-12-08,0.98
948002,2024-07-05,1.0
948080,2021-03-21,0.89
948080,2022-02-13,0.99
948080,2025-11-11,1.0
948321,2021-08-28,0.86
948321,2022-03-19,0.93
948321,2023-06-01,0.99
948321,2024-09-13,1.0
948578,2021-12-30,0.87
948578,2022-05-25,0.93
948578,2024-08-15,0.97
948578,2025-07-14,1.0
948695,2021-05-04,0.81
948695,2022-01-27,0.88
948695,2023-10-09,0.92
948695,2024-07-09,0.97
948695,2025-08-17,1.0
948824,2021-03-06,0.83
948824,2022-10-19,0.92
948824,2023-11-08,0.94
948824,2024-01-14,0.96
948824,2025-10-20,1.0
948835,2021-03-16,0.88
948835,2022-03-30,0.94
948835,2023-06-23,1.0
948931,2021-10-12,0.87
948931,2022-06-24,0.96
948931,2024-11-26,0.99
948931,2025-10-22,1.0
949031,2021-01-24,0.98
949031,2024-08-10,1.0
949290,2021-05-08,0.88
949290,2022-12-18,0.97
949290,2024-10-17,1.0
949434,2021-05-29,0.95
949434,2023-05-23,0.99
949434,2024-11-29,1.0
949739,2021-09-29,0.85
949739,2022-11-23,0.91
949739,2023-03-07,0.93
949739,2024-02-06,0.98
949739,2025-07-02,1.0
949997,2021-08-18,0.85
949997,2022-07-16,0.94
949997,2024-07-10,0.97
949997,2025-11-10,1.0
950091,2021-09-07,0.87
950091,2022-09-06,0.95
950091,2023-04-18,0.97
950091,2025-12-01,1.0
950180,2021-03-09,0.86
950180,2022-07-29,0.95
950180,2023-04-11,0.97
950180,2025-09-20,1.0
950317,2021-02-01,0.89
950317,2022-01-28,0.95
950317,2023-07-25,0.97
950317,2024-03-07,0.99
950317,2025-02-10,1.0
950583,2021-03-30,0.92
950583,2024-09-22,0.95
950583,2025-09-01,1.0
950654,2021-11-24,0.89
950654,2022-12-23,0.96
950654,2024-05-13,1.0
950811,2021-12-08,0.85
950811,2022-05-28,0.93
950811,2024-03-08,0.95
950811,2025-09-24,1.0
950837,2021-11-27,0.86
950837,2022-03-03,0.94
950837,2023-04-28,0.95
950837,2024-03-03,0.98
950837,2025-08-04,1.0
950853,2021-12-08,0.89
950853,2023-03-08,0.92
950853,2024-02-23,0.96
950853,2025-06-07,1.0
950926,2021-03-21,0.81
950926,2022-09-15,0.9
950926,2023-05-05,0.95
950926,2024-05-11,0.96
950926,2025-12-26,1.0
951041,2021-12-15,0.95
951041,2024-12-05,1.0
951054,2021-01-10,0.94
951054,2024-11-04,0.98
951054,2025-06-01,1.0
951176,2021-08-19,0.87
951176,2022-09-14,0.93
951176,2023-10-20,0.95
951176,2024-07-03,1.0
951285,2021-04-07,0.85
951285,2022-07-05,0.92
951285,2023-04-13,0.95
951285,2024-11-18,1.0
951358,2021-01-03,0.87
951358,2022-10-01,0.94
951358,2023-01-14,0.97
951358,2024-04-11,1.0
951514,2021-03-03,0.85
951514,2022-11-29,0.91
951514,2023-09-02,0.97
951514,2024-11-21,1.0
951853,2021-02-18,0.82
951853,2022-12-28,0.91
951853,2024-11-10,0.96
951853,2025-09-19,1.0
951879,2021-06-10,0.82
951879,2022-11-26,0.91
951879,2024-03-06,0.96
951879,2025-07-05,1.0
951903,2021-04-10,0.84
951903,2022-06-22,0.92
951903,2023-08-26,0.95
951903,2024-05-05,0.96
951903,2025-07-18,1.0
952029,2021-07-18,0.82
952029,2022-04-21,0.9
952029,2023-02-01,0.95
952029,2025-09-29,1.0
952054,2021-11-18,0.86
952054,2022-07-30,0.96
952054,2023-08-14,0.99
952054,2025-02-10,1.0
952083,2021-01-18,0.83
952083,2022-11-18,0.92
952083,2023-08-08,0.95
952083,2024-05-09,0.97
952083,2025-06-30,1.0
952198,2021-06-24,0.82
952198,2022-08-10,0.9
952198,2023-09-28,0.95
952198,2024-04-23,0.97
952198,2025-12-12,1.0
952211,2021-05-04,0.9
952211,2022-08-24,0.98
952211,2024-01-31,1.0
952216,2021-09-18,0.84
952216,2022-08-07,0.93
952216,2024-12-10,0.95
952216,2025-06-22,1.0
952227,2021-12-08,0.93
952227,2023-09-25,0.95
952227,2024-05-31,0.99
952227,2025-09-16,1.0
952232,2021-04-04,0.87
952232,2022-12-27,0.93
952232,2023-05-15,0.95
952232,2024-02-06,0.98
952232,2025-09-02,1.0
952233,2021-09-10,0.85
952233,2022-09-03,0.92
952233,2023-11-27,0.96
952233,2025-08-14,1.0
952313,2021-07-10,0.84
952313,2022-10-06,0.93
952313,2023-11-23,0.98
952313,2025-08-05,1.0
952335,2021-12-27,0.95
952335,2023-11-15,0.98
952335,2025-03-13,1.0
952361,2021-02-23,0.83
952361,2022-04-19,0.91
952361,2023-07-29,0.93
952361,2024-06-07,0.98
952361,2025-06-25,1.0
952408,2021-01-08,0.83
952408,2022-02-25,0.92
952408,2023-07-19,0.96
952408,2025-07-25,1.0
952531,2021-05-30,0.92
952531,2024-07-30,0.96
952531,2025-04-26,1.0
952579,2021-01-04,0.92
952579,2024-08-29,0.95
952579,2025-09-29,1.0
952692,2021-08-22,0.86
952692,2022-04-17,0.96
952692,2023-07-30,0.98
952692,2024-08-10,0.99
952692,2025-01-16,1.0
952856,2021-02-06,0.82
952856,2022-11-16,0.89
952856,2023-01-04,0.94
952856,2024-06-03,0.98
952856,2025-11-16,1.0
953072,2021-04-30,0.84
953072,2022-07-15,0.94
953072,2024-04-13,0.97
953072,2025-04-23,1.0
953094,2021-11-10,0.87
953094,2022-01-04,0.96
953094,2025-05-28,1.0
953107,2021-09-07,0.93
953107,2023-04-10,0.95
953107,2024-01-27,1.0
953176,2021-11-16,0.82
953176,2022-08-18,0.89
953176,2023-09-30,0.94
953176,2024-02-12,0.96
953176,2025-10-10,1.0
953213,2021-08-10,0.97
953213,2023-12-22,1.0
953217,2021-10-13,0.92
953217,2024-03-16,0.97
953217,2025-12-01,1.0
953279,2021-10-07,0.89
953279,2022-08-22,0.96
953279,2023-09-29,0.99
953279,2024-01-28,1.0
953280,2021-10-29,0.91
953280,2022-05-02,0.99
953280,2024-10-12,1.0
953489,2021-05-08,0.84
953489,2022-02-16,0.93
953489,2023-04-25,0.95
953489,2024-08-19,0.98
953489,2025-12-19,1.0
953495,2021-05-25,0.86
953495,2022-01-22,0.92
953495,2023-09-11,0.96
953495,2024-11-09,0.99
953495,2025-05-26,1.0
953633,2021-02-28,0.86
953633,2022-01-12,0.94
953633,2023-04-13,0.97
953633,2025-03-28,1.0
953645,2021-12-21,0.91
953645,2023-03-14,0.96
953645,2024-12-14,0.98
953645,2025-07-06,1.0
953851,2021-07-23,0.81
953851,2022-05-31,0.88
953851,2023-02-08,0.92
953851,2024-05-13,0.96
953851,2025-08-12,1.0
954280,2021-07-14,0.89
954280,2022-03-06,0.97
954280,2023-07-10,1.0
954320,2021-10-14,0.95
954320,2023-12-11,0.97
954320,2024-07-10,1.0
954496,2021-01-08,0.82
954496,2022-12-17,0.91
954496,2023-09-28,0.94
954496,2024-02-22,0.97
954496,2025-06-30,1.0
954590,2021-10-31,0.97
954590,2025-04-20,1.0
954616,2021-02-03,0.96
954616,2023-02-26,0.99
954616,2024-12-11,1.0
954661,2021-10-30,0.85
954661,2022-06-19,0.91
954661,2023-07-09,0.94
954661,2024-12-09,0.97
954661,2025-07-14,1.0
954913,2021-08-31,0.82
954913,2022-10-09,0.9
954913,2023-04-10,0.96
954913,2024-04-23,0.98
954913,2025-04-28,1.0
954958,2021-07-23,0.85
954958,2022-12-25,0.94
954958,2023-10-06,0.96
954958,2024-06-03,1.0
955035,2021-05-24,0.84
955035,2022-09-02,0.91
955035,2023-06-14,0.95
955035,2024-11-21,1.0
955183,2021-12-21,0.86
955183,2022-05-07,0.95
955183,2024-12-27,1.0
955196,2021-12-25,0.96
955196,2024-03-18,1.0
955208,2021-03-20,0.96
955208,2025-09-06,1.0
955217,2021-10-07,0.88
955217,2022-06-10,0.96
955217,2023-03-07,0.99
955217,2024-02-05,1.0
955257,2021-05-05,0.86
955257,2022-02-08,0.95
955257,2024-10-09,0.96
955257,2025-01-09,1.0
955265,2021-09-03,0.92
955265,2022-12-19,0.99
955265,2025-06-11,1.0
955282,2021-04-07,0.83
955282,2022-06-26,0.91
955282,2023-06-10,0.93
955282,2024-01-10,0.98
955282,2025-05-24,1.0
955312,2021-10-31,0.94
955312,2022-04-05,1.0
955319,2021-08-09,0.88
955319,2022-11-21,0.95
955319,2023-03-30,1.0
955329,2021-02-02,0.92
955329,2023-04-27,0.95
955329,2024-05-21,0.96
955329,2025-08-19,1.0
955413,2021-01-02,0.82
955413,2022-11-11,0.9
955413,2023-12-26,0.96
955413,2025-02-21,1.0
955419,2021-06-03,0.92
955419,2023-01-06,0.98
955419,2025-05-11,1.0
955870,2021-11-26,0.88
955870,2022-12-24,0.96
955870,2024-07-21,0.99
955870,2025-05-07,1.0
955872,2021-02-14,0.87
955872,2022-10-20,0.94
955872,2023-12-20,0.96
955872,2024-12-20,0.97
955872,2025-05-21,1.0
956015,2021-05-20,0.93
956015,2022-07-24,1.0
956048,2021-10-28,0.87
956048,2022-08-06,0.95
956048,2023-03-27,0.97
956048,2025-09-28,1.0
956108,2021-08-26,0.85
956108,2022-10-30,0.94
956108,2023-01-12,0.96
956108,2024-06-13,1.0
956181,2021-01-17,0.95
956181,2024-07-07,0.99
956181,2025-09-12,1.0
956222,2021-04-18,0.9
956222,2022-03-18,0.99
956222,2025-12-29,1.0
956287,2021-05-01,0.97
956287,2023-10-16,0.98
956287,2025-11-25,1.0
956338,2021-02-28,0.91
956338,2023-03-31,0.95
956338,2024-06-15,0.98
956338,2025-10-30,1.0
956431,2021-07-23,0.91
956431,2023-08-26,0.96
956431,2025-01-19,1.0
956580,2021-03-06,0.96
956580,2025-03-08,1.0
956756,2021-04-02,0.83
956756,2022-12-10,0.92
956756,2023-12-14,0.95
956756,2024-01-08,1.0
956782,2021-05-14,0.93
956782,2023-08-06,0.97
956782,2024-12-07,1.0
956814,2021-06-25,0.83
956814,2022-01-10,0.9
956814,2023-12-28,0.92
956814,2024-02-13,0.96
956814,2025-11-17,1.0
956901,2021-09-28,0.85
956901,2022-03-24,0.94
956901,2023-04-26,0.97
956901,2024-09-06,1.0
956989,2021-08-18,0.89
956989,2023-03-21,0.93
956989,2024-10-22,0.98
956989,2025-11-08,1.0
957032,2021-08-27,0.86
957032,2022-08-02,0.94
957032,2024-01-04,0.99
957032,2025-08-15,1.0
957435,2021-02-19,0.89
957435,2022-03-29,0.96
957435,2023-05-05,1.0
957579,2021-04-09,0.83
957579,2022-02-13,0.89
957579,2023-05-27,0.94
957579,2024-06-30,0.95
957579,2025-05-15,1.0
957680,2021-11-09,0.89
957680,2023-09-29,0.95
957680,2024-02-12,1.0
957718,2021-12-05,0.82
957718,2022-05-25,0.88
957718,2023-02-17,0.93
957718,2024-10-30,0.96
957718,2025-07-06,1.0
957765,2021-02-23,0.9
957765,2023-06-13,0.95
957765,2024-05-29,1.0
957979,2021-08-27,0.95
957979,2024-10-08,0.96
957979,2025-03-31,1.0
957983,2021-02-12,0.88
957983,2023-09-19,0.92
957983,2024-12-28,0.96
957983,2025-06-02,1.0
957984,2021-09-04,0.87
957984,2022-03-27,0.96
957984,2025-01-02,1.0
958067,2021-08-28,0.93
958067,2023-03-29,0.94
958067,2024-10-28,0.98
958067,2025-04-05,1.0
958117,2021-02-14,0.85
958117,2022-11-21,0.93
958117,2024-07-23,0.97
958117,2025-04-28,1.0
958432,2021-06-17,0.93
958432,2023-08-06,0.98
958432,2025-05-28,1.0
958618,2021-01-18,0.85
958618,2022-05-23,0.92
958618,2023-03-11,0.97
958618,2024-03-06,1.0
958647,2021-12-01,0.86
958647,2022-06-05,0.92
958647,2023-05-18,0.94
958647,2024-01-30,0.98
958647,2025-03-06,1.0
958777,2021-06-15,0.84
958777,2022-02-25,0.93
958777,2023-10-13,0.97
958777,2024-08-16,1.0
958990,2021-01-23,0.84
958990,2022-04-15,0.9
958990,2023-01-31,0.95
958990,2024-12-13,0.97
958990,2025-02-27,1.0
959045,2021-04-08,0.82
959045,2022-07-19,0.91
959045,2023-05-23,0.96
959045,2024-11-22,1.0
959149,2021-02-07,0.83
959149,2022-07-25,0.92
959149,2023-10-25,0.96
959149,2024-05-29,1.0
959217,2021-10-30,0.93
959217,2023-03-15,0.99
959217,2025-07-11,1.0
959320,2021-12-18,0.8
959320,2022-04-08,0.88
959320,2023-06-16,0.9
959320,2024-08-14,0.95
959320,2025-05-10,1.0
959586,2021-11-18,0.84
959586,2022-06-15,0.93
959586,2023-04-27,0.97
959586,2025-08-05,1.0
959777,2021-11-24,0.87
959777,2022-05-07,0.93
959777,2024-06-08,0.97
959777,2025-08-20,1.0
959842,2021-01-11,0.95
959842,2023-12-14,0.98
959842,2025-09-11,1.0
959856,2021-07-27,0.86
959856,2022-07-16,0.93
959856,2023-05-18,0.95
959856,2024-11-14,1.0
960303,2021-10-16,0.88
960303,2022-11-07,0.95
960303,2023-05-19,1.0
960330,2021-07-20,0.89
960330,2022-06-06,0.98
960330,2024-04-19,1.0
960369,2021-04-06,0.84
960369,2022-12-06,0.91
960369,2023-11-23,0.95
960369,2024-01-25,0.97
960369,2025-01-14,1.0
960371,2021-09-13,0.88
960371,2022-03-09,0.95
960371,2024-10-07,0.98
960371,2025-04-06,1.0
960547,2021-11-05,0.85
960547,2022-08-03,0.94
960547,2023-10-03,0.97
960547,2024-09-22,1.0
960567,2021-09-28,0.91
960567,2022-02-17,0.98
960567,2025-06-30,1.0
960759,2021-10-12,0.87
960759,2022-12-31,0.95
960759,2023-08-19,0.98
960759,2024-03-27,1.0
960797,2021-09-04,0.86
960797,2022-11-15,0.92
960797,2023-05-17,0.97
960797,2024-09-18,0.99
960797,2025-07-15,1.0
961036,2021-09-16,0.88
961036,2022-07-25,0.97
961036,2025-03-15,1.0
961091,2021-02-16,0.8
961091,2022-02-13,0.87
961091,2023-07-11,0.91
961091,2024-02-27,0.95
961091,2025-03-22,1.0
961101,2021-06-18,0.83
961101,2022-01-14,0.89
961101,2023-11-14,0.92
961101,2024-03-05,0.97
961101,2025-07-18,1.0
961172,2021-11-27,0.82
961172,2022-05-23,0.89
961172,2023-12-05,0.92
961172,2024-08-01,0.96
961172,2025-06-30,1.0
961421,2021-08-21,0.94
961421,2022-06-04,1.0
961728,2021-04-21,0.89
961728,2022-04-05,0.97
961728,2024-02-21,1.0
961862,2021-07-31,0.89
961862,2022-06-16,0.96
961862,2023-11-24,1.0
961934,2021-05-31,0.81
961934,2022-07-02,0.89
961934,2023-03-16,0.91
961934,2024-09-28,0.95
961934,2025-08-23,1.0
962087,2021-09-16,1.0
962256,2021-04-20,0.88
962256,2023-11-07,0.93
962256,2024-02-06,0.96
962256,2025-02-25,1.0
962312,2021-05-06,0.91
962312,2023-10-03,0.94
962312,2024-05-04,0.97
962312,2025-05-14,1.0
962400,2021-12-29,0.94
962400,2024-07-14,0.98
962400,2025-12-11,1.0
962411,2021-09-13,0.85
962411,2022-04-24,0.9
962411,2023-05-28,0.93
962411,2024-05-09,0.95
962411,2025-01-10,1.0
962439,2021-11-26,0.83
962439,2022-12-12,0.92
962439,2023-06-03,0.96
962439,2024-08-29,0.98
962439,2025-09-11,1.0
962450,2021-09-22,0.9
962450,2023-09-29,0.95
962450,2024-08-30,0.98
962450,2025-07-11,1.0
962603,2021-08-24,0.94
962603,2024-05-19,0.95
962603,2025-12-30,1.0
962605,2021-07-18,0.91
962605,2022-04-07,0.98
962605,2024-06-08,1.0
962612,2021-10-18,0.9
962612,2022-12-20,0.98
962612,2025-02-21,1.0
962739,2021-08-23,0.8
962739,2022-04-30,0.88
962739,2023-05-05,0.91
962739,2024-01-07,0.96
962739,2025-11-01,1.0
962779,2021-08-15,0.94
962779,2023-07-26,0.97
962779,2025-04-06,1.0
962865,2021-05-08,0.88
962865,2022-05-20,0.95
962865,2023-08-22,0.97
962865,2024-08-06,0.98
962865,2025-06-15,1.0
962922,2021-11-17,0.87
962922,2022-03-28,0.97
962922,2023-09-30,1.0
963117,2021-03-23,0.89
963117,2022-03-12,0.95
963117,2024-02-11,1.0
963149,2021-06-17,0.94
963149,2023-05-01,0.96
963149,2024-12-22,0.98
963149,2025-07-28,1.0
963191,2021-03-03,0.87
963191,2022-11-30,0.97
963191,2025-02-27,1.0
963240,2021-07-23,0.89
963240,2023-12-02,0.93
963240,2024-04-26,0.95
963240,2025-02-07,1.0
963392,2021-06-08,0.8
963392,2022-12-18,0.86
963392,2023-09-14,0.9
963392,2024-05-30,0.95
963392,2025-11-11,1.0
963536,2021-10-10,0.94
963536,2023-09-11,0.97
963536,2024-02-14,0.99
963536,2025-02-08,1.0
963724,2021-10-18,0.82
963724,2022-06-05,0.9
963724,2023-02-24,0.95
963724,2024-05-20,0.99
963724,2025-08-16,1.0
964071,2021-12-23,0.85
964071,2022-04-12,0.95
964071,2024-10-30,0.97
964071,2025-03-16,1.0
964118,2021-10-07,0.87
964118,2022-02-04,0.96
964118,2023-10-08,1.0
964170,2021-11-18,0.85
964170,2022-12-13,0.92
964170,2023-03-06,0.97
964170,2024-04-11,1.0
964218,2021-01-20,0.86
964218,2022-11-17,0.92
964218,2023-01-08,0.97
964218,2024-06-16,1.0
964278,2021-10-03,0.85
964278,2022-05-04,0.95
964278,2023-03-07,0.97
964278,2024-08-19,1.0
964391,2021-11-19,0.9
964391,2023-04-12,0.92
964391,2024-09-28,0.95
964391,2025-12-01,1.0
964397,2021-10-25,0.85
964397,2022-06-27,0.92
964397,2023-07-08,0.94
964397,2024-10-27,0.97
964397,2025-01-19,1.0
964483,2021-01-13,0.86
964483,2022-06-12,0.95
964483,2024-05-17,0.97
964483,2025-03-26,1.0
964489,2021-03-25,0.86
964489,2022-01-18,0.93
964489,2023-08-04,0.97
964489,2024-04-22,1.0
964548,2021-02-09,0.86
964548,2022-12-06,0.95
964548,2023-05-28,0.97
964548,2024-07-25,0.98
964548,2025-02-05,1.0
964570,2021-12-07,0.87
964570,2023-12-04,0.93
964570,2024-01-14,0.97
964570,2025-12-09,1.0
964710,2021-01-20,0.93
964710,2024-04-10,0.96
964710,2025-07-23,1.0
964802,2021-08-06,0.9
964802,2023-04-26,0.95
964802,2024-04-12,1.0
964826,2021-07-03,0.86
964826,2022-08-21,0.94
964826,2023-03-03,0.98
964826,2024-12-23,1.0
964916,2021-11-09,0.87
964916,2022-10-21,0.93
964916,2023-12-06,0.95
964916,2025-03-25,1.0
965045,2021-10-24,0.85
965045,2022-10-14,0.94
965045,2023-09-11,0.99
965045,2025-06-08,1.0
965123,2021-07-09,0.85
965123,2022-02-18,0.95
965123,2024-05-07,1.0
965134,2021-07-29,0.87
965134,2022-02-19,0.95
965134,2024-06-14,1.0
965176,2021-03-20,0.99
965176,2025-03-22,1.0
965237,2021-01-19,0.85
965237,2022-08-07,0.93
965237,2023-09-15,0.96
965237,2024-08-01,0.97
965237,2025-02-16,1.0
965471,2021-04-28,0.88
965471,2023-09-08,0.93
965471,2024-04-20,0.96
965471,2025-02-01,1.0
965510,2021-03-26,0.88
965510,2022-11-16,0.96
965510,2024-04-16,0.99
965510,2025-02-03,1.0
965717,2021-05-05,0.97
965717,2024-05-22,0.98
965717,2025-07-05,1.0
965756,2021-01-05,0.91
965756,2024-11-15,0.95
965756,2025-07-07,1.0
965773,2021-04-23,0.93
965773,2023-09-17,0.96
965773,2024-05-09,0.99
965773,2025-05-04,1.0
966119,2021-10-20,0.84
966119,2022-05-14,0.91
966119,2023-12-23,0.96
966119,2024-05-07,1.0
966163,2021-08-26,0.98
966163,2023-03-20,1.0
966274,2021-03-09,0.93
966274,2022-09-17,1.0
966288,2021-03-12,0.93
966288,2023-05-11,0.97
966288,2024-05-07,0.98
966288,2025-04-20,1.0
966393,2021-06-10,0.82
966393,2022-05-06,0.91
966393,2023-12-23,0.94
966393,2024-02-05,0.98
966393,2025-02-20,1.0
966937,2021-10-29,1.0
967053,2021-05-09,0.93
967053,2024-08-14,0.98
967053,2025-06-01,1.0
967189,2021-07-18,0.9
967189,2022-01-07,0.98
967189,2024-09-21,1.0
967336,2021-12-20,0.84
967336,2022-08-10,0.93
967336,2024-03-09,0.96
967336,2025-06-29,1.0
967351,2021-12-04,0.88
967351,2022-09-20,0.94
967351,2023-08-08,0.97
967351,2025-09-10,1.0
967495,2021-01-31,0.88
967495,2022-09-03,0.96
967495,2023-10-08,0.99
967495,2025-02-15,1.0
967510,2021-07-08,0.9
967510,2022-08-12,0.97
967510,2023-08-26,0.99
967510,2025-04-18,1.0
967568,2021-03-30,0.85
967568,2022-07-11,0.94
967568,2024-05-25,0.98
967568,2025-03-15,1.0
967704,2021-11-22,0.93
967704,2023-11-09,0.98
967704,2025-01-08,1.0
967750,2021-12-27,0.91
967750,2023-02-28,0.94
967750,2024-08-19,0.98
967750,2025-10-10,1.0
967911,2021-12-22,0.88
967911,2022-03-22,0.96
967911,2025-08-17,1.0
967977,2021-01-23,0.86
967977,2022-09-11,0.95
967977,2025-11-24,1.0
968120,2021-11-06,0.92
968120,2023-03-27,0.96
968120,2024-11-26,1.0
968361,2021-06-22,0.89
968361,2023-09-01,0.93
968361,2024-04-27,0.98
968361,2025-01-08,1.0
968580,2021-08-30,0.89
968580,2022-10-01,0.95
968580,2023-05-28,0.99
968580,2024-11-01,1.0
968599,2021-10-19,0.95
968599,2024-03-14,1.0
968803,2021-07-14,0.95
968803,2023-02-09,0.97
968803,2024-12-06,0.99
968803,2025-01-25,1.0
968815,2021-01-26,0.91
968815,2022-06-02,0.97
968815,2023-04-06,0.98
968815,2024-07-25,1.0
968922,2021-03-12,0.87
968922,2022-09-16,0.96
968922,2024-06-02,1.0
969005,2021-02-13,0.83
969005,2022-05-17,0.9
969005,2023-02-10,0.94
969005,2024-06-23,0.97
969005,2025-04-29,1.0
969016,2021-05-30,0.87
969016,2022-07-11,0.97
969016,2025-05-25,1.0
969218,2021-01-24,0.83
969218,2022-10-29,0.92
969218,2023-01-20,0.97
969218,2025-03-12,1.0
969501,2021-10-06,0.89
969501,2022-08-03,0.95
969501,2024-12-30,0.99
969501,2025-05-19,1.0
969648,2021-05-13,0.89
969648,2022-11-12,0.99
969648,2023-09-30,1.0
969700,2021-02-16,0.94
969700,2023-03-14,0.97
969700,2024-01-26,0.98
969700,2025-11-10,1.0
969740,2021-11-27,0.85
969740,2022-05-21,0.91
969740,2023-10-17,0.95
969740,2024-03-22,1.0
969950,2021-06-25,0.94
969950,2023-09-16,0.98
969950,2025-09-28,1.0
970155,2021-05-24,0.87
970155,2023-04-29,0.93
970155,2024-05-27,0.95
970155,2025-07-06,1.0
970297,2021-05-26,0.96
970297,2024-04-25,0.99
970297,2025-05-05,1.0
970542,2021-03-05,0.83
970542,2022-06-21,0.9
970542,2023-04-30,0.93
970542,2024-10-26,0.95
970542,2025-04-13,1.0
970580,2021-09-22,0.82
970580,2022-05-13,0.91
970580,2023-05-12,0.96
970580,2024-12-24,0.97
970580,2025-06-09,1.0
970618,2021-10-12,0.82
970618,2022-08-26,0.91
970618,2023-04-18,0.96
970618,2025-05-31,1.0
970666,2021-10-25,0.88
970666,2022-07-15,0.95
970666,2023-07-04,0.99
970666,2025-01-15,1.0
970912,2021-11-21,0.94
970912,2023-02-22,0.96
970912,2024-01-28,0.99
970912,2025-12-23,1.0
970949,2021-01-24,0.9
970949,2022-07-30,0.99
970949,2025-09-16,1.0
971137,2021-07-08,0.91
971137,2023-08-14,0.93
971137,2024-05-17,0.98
971137,2025-06-10,1.0
971138,2021-04-07,0.84
971138,2022-07-19,0.9
971138,2023-06-02,0.95
971138,2025-11-26,1.0
971366,2021-08-04,0.91
971366,2022-04-01,0.99
971366,2025-07-03,1.0
971544,2021-03-15,0.88
971544,2022-09-01,0.95
971544,2024-04-24,1.0
971942,2021-10-13,0.81
971942,2022-06-22,0.87
971942,2023-07-28,0.91
971942,2024-06-18,0.95
971942,2025-08-11,1.0
972065,2021-05-15,0.9
972065,2022-03-01,1.0
972101,2021-01-17,0.86
972101,2022-01-20,0.95
972101,2024-07-02,1.0
972138,2021-06-05,0.88
972138,2022-05-30,0.95
972138,2023-10-23,0.97
972138,2024-10-18,1.0
972245,2021-01-02,0.89
972245,2022-09-02,0.96
972245,2023-01-03,1.0
972419,2021-06-04,0.93
972419,2023-10-15,0.96
972419,2024-01-14,0.99
972419,2025-12-28,1.0
972424,2021-04-01,0.9
972424,2023-06-12,0.95
972424,2024-03-02,0.97
972424,2025-12-22,1.0
972492,2021-08-16,0.82
972492,2022-11-21,0.91
972492,2023-03-04,0.96
972492,2025-02-09,1.0
972509,2021-12-18,0.88
972509,2022-06-29,0.94
972509,2024-10-19,0.96
972509,2025-08-19,1.0
972556,2021-09-30,0.94
972556,2024-10-26,0.98
972556,2025-05-10,1.0
972664,2021-09-05,0.87
972664,2022-06-19,0.95
972664,2024-01-26,0.98
972664,2025-02-19,1.0
972760,2021-04-10,0.9
972760,2022-04-02,1.0
972769,2021-04-06,0.78
972769,2022-10-31,0.86
972769,2023-04-22,0.91
972769,2024-08-31,0.96
972769,2025-09-10,1.0
972782,2021-09-22,0.87
972782,2022-07-23,0.93
972782,2023-09-18,0.96
972782,2024-08-15,1.0
972853,2021-08-31,0.86
972853,2022-06-08,0.92
972853,2023-07-01,0.96
972853,2024-08-02,1.0
973084,2021-07-06,0.88
973084,2022-04-18,0.94
973084,2024-07-09,0.96
973084,2025-12-24,1.0
973392,2021-05-05,0.89
973392,2023-11-30,0.91
973392,2024-10-11,0.95
973392,2025-07-08,1.0
973424,2021-07-30,0.85
973424,2022-12-11,0.92
973424,2023-01-07,0.95
973424,2025-09-05,1.0
973519,2021-07-17,0.86
973519,2022-07-08,0.92
973519,2023-09-18,0.98
973519,2024-05-20,1.0
973632,2021-01-26,0.93
973632,2022-07-31,0.99
973632,2024-10-02,1.0
973647,2021-06-18,0.93
973647,2023-06-01,0.99
973647,2025-03-09,1.0
973718,2021-10-05,0.89
973718,2023-02-18,0.93
973718,2024-03-05,0.97
973718,2025-07-06,1.0
973744,2021-07-17,0.79
973744,2022-11-21,0.85
973744,2023-05-27,0.9
973744,2024-06-30,0.95
973744,2025-06-07,1.0
973840,2021-09-08,0.96
973840,2024-01-06,0.98
973840,2025-10-13,1.0
973858,2021-09-29,0.89
973858,2022-10-15,0.95
973858,2023-07-01,0.98
973858,2024-09-30,1.0
974065,2021-05-21,0.86
974065,2022-02-26,0.95
974065,2023-01-18,0.99
974065,2025-08-07,1.0
974133,2021-12-28,0.9
974133,2023-12-07,0.93
974133,2024-03-12,0.98
974133,2025-04-01,1.0
974254,2021-08-15,0.88
974254,2022-08-18,0.98
974254,2024-05-27,1.0
974259,2021-12-26,0.82
974259,2022-10-18,0.91
974259,2023-07-02,0.96
974259,2024-09-08,0.99
974259,2025-10-16,1.0
974410,2021-07-24,0.93
974410,2024-12-20,0.97
974410,2025-10-09,1.0
974478,2021-08-15,0.9
974478,2022-01-03,0.98
974478,2025-05-04,1.0
974603,2021-03-29,0.82
974603,2022-09-04,0.91
974603,2024-01-18,0.95
974603,2025-03-03,1.0
975130,2021-03-12,0.86
975130,2022-10-28,0.92
975130,2023-02-20,0.97
975130,2025-11-05,1.0
975226,2021-01-23,0.92
975226,2022-09-20,1.0
975326,2021-03-09,0.86
975326,2022-03-02,0.94
975326,2023-04-11,0.97
975326,2025-02-02,1.0
975379,2021-11-22,0.89
975379,2022-11-10,0.98
975379,2023-03-05,1.0
975572,2021-09-13,0.85
975572,2022-05-01,0.91
975572,2024-01-07,0.95
975572,2025-10-23,1.0
975757,2021-06-19,0.86
975757,2022-06-07,0.93
975757,2023-09-29,0.94
975757,2024-09-10,0.98
975757,2025-06-13,1.0
975827,2021-04-03,0.85
975827,2022-08-10,0.94
975827,2023-10-16,0.97
975827,2024-02-20,1.0
975919,2021-11-13,0.96
975919,2024-06-17,0.98
975919,2025-06-15,1.0
975992,2021-08-16,0.89
975992,2022-08-05,0.96
975992,2023-06-30,0.99
975992,2024-04-13,1.0
976009,2021-01-10,0.99
976009,2024-04-27,1.0
976012,2021-05-11,0.86
976012,2022-12-20,0.94
976012,2024-01-20,0.97
976012,2025-10-28,1.0
976101,2021-04-29,0.92
976101,2022-12-11,1.0
976175,2021-01-09,0.98
976175,2025-07-29,1.0
976346,2021-05-24,0.8
976346,2022-02-21,0.89
976346,2023-12-03,0.93
976346,2024-03-25,0.95
976346,2025-02-06,1.0
976407,2021-03-22,0.83
976407,2022-08-11,0.91
976407,2023-06-16,0.93
976407,2024-05-03,0.97
976407,2025-03-20,1.0
976473,2021-08-18,1.0
976513,2021-07-07,0.89
976513,2022-04-01,0.95
976513,2024-02-03,0.98
976513,2025-08-10,1.0
976599,2021-08-26,0.97
976599,2024-02-04,1.0
976619,2021-06-01,0.79
976619,2022-06-20,0.87
976619,2023-07-02,0.9
976619,2024-11-29,0.95
976619,2025-03-31,1.0
977004,2021-07-18,0.84
977004,2022-07-13,0.9
977004,2023-06-21,0.93
977004,2024-03-28,0.98
977004,2025-04-16,1.0
977050,2021-06-04,0.81
977050,2022-05-09,0.89
977050,2023-09-08,0.93
977050,2024-11-12,0.96
977050,2025-03-01,1.0
977133,2021-05-14,0.8
977133,2022-12-02,0.89
977133,2023-04-09,0.94
977133,2024-09-12,0.98
977133,2025-04-21,1.0
977167,2021-04-13,0.89
977167,2022-11-02,0.98
977167,2023-08-01,1.0
977206,2021-11-23,0.79
977206,2022-03-24,0.87
977206,2023-03-19,0.92
977206,2024-02-25,0.95
977206,2025-02-24,1.0
977339,2021-03-29,0.86
977339,2022-10-08,0.94
977339,2023-01-01,0.96
977339,2024-04-14,1.0
977605,2021-11-09,0.85
977605,2022-06-20,0.92
977605,2023-01-06,0.96
977605,2024-09-29,1.0
977676,2021-05-27,0.92
977676,2023-12-16,0.97
977676,2024-07-22,1.0
977756,2021-07-09,0.95
977756,2024-10-23,1.0
977759,2021-06-20,0.86
977759,2022-03-27,0.92
977759,2023-12-07,0.94
977759,2024-10-20,0.96
977759,2025-12-28,1.0
977766,2021-07-25,0.91
977766,2023-11-26,0.93
977766,2024-01-07,0.98
977766,2025-01-23,1.0
978083,2021-09-01,0.9
978083,2022-04-22,0.96
978083,2024-10-29,1.0
978200,2021-04-06,0.88
978200,2022-03-25,0.97
978200,2025-01-20,1.0
978234,2021-06-02,0.99
978234,2025-06-06,1.0
978420,2021-12-11,0.9
978420,2022-04-11,0.98
978420,2024-12-12,1.0
978458,2021-04-06,0.96
978458,2024-05-14,0.97
978458,2025-05-24,1.0
978501,2021-05-15,0.82
978501,2022-04-24,0.9
978501,2023-04-05,0.95
978501,2025-07-10,1.0
978726,2021-11-13,0.84
978726,2022-05-16,0.9
978726,2023-11-26,0.94
978726,2024-10-23,0.95
978726,2025-08-14,1.0
978890,2021-07-14,0.82
978890,2022-11-11,0.88
978890,2023-11-04,0.93
978890,2024-06-09,0.96
978890,2025-04-13,1.0
978893,2021-08-14,0.86
978893,2022-05-08,0.93
978893,2023-04-03,0.98
978893,2024-05-03,1.0
979045,2021-06-08,0.91
979045,2023-04-22,0.93
979045,2024-05-16,0.96
979045,2025-08-19,1.0
979111,2021-05-14,0.91
979111,2022-12-21,1.0
979223,2021-01-10,0.9
979223,2023-06-07,0.95
979223,2025-06-19,1.0
979257,2021-10-01,0.86
979257,2022-03-06,0.95
979257,2024-09-11,1.0
979383,2021-11-29,0.91
979383,2022-12-09,0.97
979383,2023-12-06,1.0
979539,2021-01-28,0.82
979539,2022-08-22,0.9
979539,2023-07-26,0.92
979539,2024-07-31,0.97
979539,2025-02-13,1.0
979632,2021-12-20,0.95
979632,2024-08-24,1.0
979734,2021-11-08,0.85
979734,2022-11-28,0.93
979734,2023-08-16,0.97
979734,2024-04-04,1.0
979937,2021-11-12,0.8
979937,2022-05-14,0.88
979937,2023-05-07,0.92
979937,2024-10-30,0.96
979937,2025-07-09,1.0
979980,2021-12-21,0.89
979980,2022-09-11,0.98
979980,2024-11-01,1.0
980057,2021-10-26,0.83
980057,2022-08-15,0.92
980057,2023-11-05,0.94
980057,2024-03-14,0.99
980057,2025-05-31,1.0
980097,2021-04-09,0.88
980097,2022-12-18,0.94
980097,2024-10-23,0.99
980097,2025-10-18,1.0
980276,2021-06-27,0.87
980276,2022-12-29,0.93
980276,2023-09-28,0.98
980276,2025-03-28,1.0
980409,2021-08-29,0.86
980409,2022-02-11,0.92
980409,2023-02-09,0.95
980409,2024-10-31,0.99
980409,2025-02-25,1.0
980510,2021-02-05,0.85
980510,2022-12-26,0.93
980510,2023-12-05,0.96
980510,2024-12-05,1.0
980562,2021-07-22,0.87
980562,2022-03-08,0.95
980562,2024-05-28,0.96
980562,2025-04-04,1.0
980630,2021-06-15,0.92
980630,2023-10-03,0.93
980630,2024-11-11,0.97
980630,2025-08-16,1.0
980653,2021-12-11,0.81
980653,2022-12-20,0.89
980653,2023-04-28,0.92
980653,2024-02-05,0.96
980653,2025-08-21,1.0
980666,2021-11-30,0.85
980666,2022-09-13,0.93
980666,2023-11-17,0.99
980666,2025-07-19,1.0
980717,2021-07-30,0.85
980717,2022-09-17,0.93
980717,2023-02-10,0.98
980717,2025-01-16,1.0
980829,2021-09-26,0.96
980829,2025-03-14,1.0
980844,2021-12-04,0.92
980844,2022-10-22,0.99
980844,2024-03-21,1.0
980853,2021-10-27,0.82
980853,2022-03-09,0.91
980853,2023-05-19,0.95
980853,2025-01-19,1.0
980920,2021-04-24,0.89
980920,2023-12-20,0.94
980920,2024-03-05,0.98
980920,2025-03-18,1.0
980931,2021-07-18,0.84
980931,2022-04-24,0.91
980931,2023-10-20,0.97
980931,2024-03-28,0.98
980931,2025-09-23,1.0
980963,2021-05-24,0.93
980963,2023-12-20,0.98
980963,2024-07-06,1.0
980973,2021-03-01,0.82
980973,2022-09-18,0.91
980973,2023-05-28,0.97
980973,2025-07-21,1.0
981100,2021-06-21,0.96
981100,2023-02-26,0.98
981100,2025-04-17,1.0
981126,2021-05-22,0.98
981126,2025-01-14,1.0
981176,2021-06-22,0.85
981176,2022-02-24,0.94
981176,2023-02-13,0.96
981176,2024-04-29,0.97
981176,2025-11-19,1.0
981185,2021-07-22,0.91
981185,2023-12-16,0.95
981185,2024-12-05,1.0
981404,2021-05-18,0.81
981404,2022-10-22,0.9
981404,2024-01-14,0.95
981404,2025-05-26,1.0
981449,2021-03-04,0.87
981449,2022-02-20,0.93
981449,2023-09-03,0.95
981449,2024-01-09,1.0
981701,2021-11-27,0.91
981701,2022-02-03,0.97
981701,2023-06-29,1.0
981838,2021-11-22,0.83
981838,2022-04-23,0.91
981838,2023-11-09,0.95
981838,2024-02-14,0.98
981838,2025-11-06,1.0
981982,2021-01-24,0.89
981982,2022-07-15,0.96
981982,2023-05-25,0.98
981982,2025-10-13,1.0
982243,2021-03-11,0.89
982243,2022-07-23,0.96
982243,2024-01-27,0.98
982243,2025-07-01,1.0
982270,2021-08-08,0.85
982270,2022-09-20,0.91
982270,2023-07-17,0.95
982270,2024-01-16,1.0
982673,2021-08-18,0.89
982673,2022-01-27,0.95
982673,2023-03-15,0.97
982673,2024-06-05,0.99
982673,2025-07-30,1.0
982695,2021-05-16,0.93
982695,2024-05-06,0.98
982695,2025-10-25,1.0
982765,2021-03-03,0.86
982765,2022-08-07,0.95
982765,2023-08-21,0.97
982765,2025-06-12,1.0
982958,2021-10-07,0.86
982958,2022-04-12,0.93
982958,2024-03-20,0.97
982958,2025-07-30,1.0
983072,2021-09-12,0.92
983072,2023-01-01,0.96
983072,2024-06-14,0.98
983072,2025-06-20,1.0
983162,2021-12-29,0.84
983162,2022-11-22,0.9
983162,2024-07-12,0.95
983162,2025-07-02,1.0
983203,2021-01-25,0.88
983203,2022-09-22,0.94
983203,2023-01-18,0.96
983203,2024-10-20,1.0
983504,2021-04-27,0.85
983504,2022-08-05,0.92
983504,2023-07-04,0.95
983504,2024-05-10,0.99
983504,2025-10-13,1.0
983707,2021-01-21,0.82
983707,2022-02-17,0.89
983707,2023-02-07,0.94
983707,2024-05-25,0.96
983707,2025-12-23,1.0
983854,2021-03-17,0.88
983854,2022-02-14,0.97
983854,2025-01-26,1.0
984061,2021-01-31,0.95
984061,2025-04-13,1.0
984284,2021-04-27,0.84
984284,2022-12-27,0.93
984284,2023-01-09,0.99
984284,2025-12-01,1.0
984402,2021-03-19,0.94
984402,2023-09-07,0.97
984402,2024-08-15,0.98
984402,2025-09-29,1.0
984457,2021-09-29,0.85
984457,2022-08-18,0.94
984457,2023-11-16,1.0
984461,2021-11-19,0.89
984461,2022-05-12,0.98
984461,2023-07-03,1.0
984479,2021-04-06,0.87
984479,2022-05-13,0.94
984479,2024-08-26,0.98
984479,2025-11-23,1.0
984557,2021-10-07,0.91
984557,2023-03-28,0.95
984557,2024-05-29,1.0
984977,2021-01-16,0.92
984977,2024-04-14,0.96
984977,2025-03-24,1.0
985082,2021-09-20,0.94
985082,2023-05-07,0.96
985082,2024-05-08,1.0
985116,2021-01-06,0.95
985116,2024-12-12,0.97
985116,2025-09-11,1.0
985178,2021-06-24,0.95
985178,2024-02-29,1.0
985738,2021-04-01,0.82
985738,2022-12-08,0.9
985738,2023-07-01,0.93
985738,2024-04-02,0.96
985738,2025-01-04,1.0
985753,2021-06-17,0.97
985753,2024-10-23,0.98
985753,2025-09-01,1.0
986044,2021-11-10,0.97
986044,2024-02-11,1.0
986090,2021-03-16,0.89
986090,2022-06-06,0.98
986090,2025-08-29,1.0
986323,2021-03-23,0.92
986323,2023-03-11,0.95
986323,2025-08-06,1.0
986341,2021-10-30,0.81
986341,2022-03-10,0.9
986341,2023-12-20,0.95
986341,2024-05-30,1.0
986629,2021-04-14,0.93
986629,2024-05-05,0.97
986629,2025-05-11,1.0
986642,2021-03-29,0.95
986642,2023-03-30,0.97
986642,2024-03-20,1.0
986687,2021-03-29,0.9
986687,2022-05-11,1.0
986821,2021-12-09,0.87
986821,2022-03-24,0.96
986821,2024-10-03,0.99
986821,2025-08-10,1.0
986850,2021-10-12,0.93
986850,2023-05-07,0.97
986850,2024-04-30,0.98
986850,2025-05-17,1.0
986888,2021-08-29,0.84
986888,2022-01-08,0.92
986888,2023-07-15,0.95
986888,2024-11-28,1.0
986927,2021-06-10,0.91
986927,2022-08-01,1.0
987019,2021-05-14,0.9
987019,2022-09-15,1.0
987091,2021-05-01,0.86
987091,2022-01-19,0.94
987091,2024-08-09,0.98
987091,2025-02-21,1.0
987173,2021-04-28,0.93
987173,2023-10-11,0.97
987173,2025-08-06,1.0
987275,2021-10-25,0.86
987275,2022-06-21,0.96
987275,2024-06-11,0.99
987275,2025-01-18,1.0
987338,2021-08-27,0.86
987338,2022-10-09,0.92
987338,2023-05-22,0.94
987338,2024-08-02,0.95
987338,2025-12-02,1.0
987350,2021-06-18,0.91
987350,2022-08-28,0.98
987350,2023-11-23,1.0
987479,2021-11-09,0.86
987479,2022-09-22,0.92
987479,2023-04-07,0.94
987479,2024-08-31,0.99
987479,2025-09-17,1.0
987778,2021-01-04,0.92
987778,2023-03-17,0.95
987778,2024-05-22,0.97
987778,2025-04-29,1.0
987843,2021-05-02,0.87
987843,2022-08-13,0.96
987843,2024-09-22,1.0
987995,2021-06-08,0.84
987995,2022-04-26,0.93
987995,2023-10-01,0.95
987995,2024-11-22,1.0
988128,2021-03-19,0.85
988128,2022-06-12,0.94
988128,2024-07-22,0.97
988128,2025-02-03,1.0
988195,2021-09-11,0.84
988195,2022-05-05,0.92
988195,2023-06-24,0.98
988195,2025-08-11,1.0
988242,2021-09-02,0.85
988242,2022-12-22,0.94
988242,2024-11-02,0.95
988242,2025-03-18,1.0
988328,2021-07-07,0.9
988328,2022-07-01,0.96
988328,2024-08-17,1.0
988533,2021-07-02,0.89
988533,2023-09-05,0.93
988533,2024-03-07,0.96
988533,2025-02-20,1.0
988592,2021-05-17,0.87
988592,2022-09-15,0.95
988592,2023-08-07,0.97
988592,2025-03-10,1.0
988598,2021-07-11,0.84
988598,2022-12-29,0.92
988598,2023-09-01,0.96
988598,2024-01-09,1.0
988639,2021-06-14,0.9
988639,2023-12-14,0.93
988639,2024-05-29,0.95
988639,2025-09-17,1.0
988724,2021-03-01,0.87
988724,2022-08-16,0.94
988724,2023-06-03,0.98
988724,2025-02-24,1.0
988744,2021-04-06,0.83
988744,2022-11-24,0.91
988744,2023-03-18,0.96
988744,2025-01-25,1.0
988922,2021-05-09,0.82
988922,2022-06-08,0.89
988922,2023-08-21,0.94
988922,2024-05-01,0.96
988922,2025-04-19,1.0
988983,2021-12-04,0.89
988983,2022-09-18,0.96
988983,2023-04-26,0.99
988983,2024-10-26,1.0
989021,2021-01-25,0.84
989021,2022-07-06,0.91
989021,2023-02-19,0.97
989021,2024-11-19,0.99
989021,2025-07-03,1.0
989100,2021-02-15,0.84
989100,2022-02-03,0.92
989100,2024-04-02,0.95
989100,2025-05-07,1.0
989198,2021-12-11,0.88
989198,2022-06-24,0.95
989198,2023-09-27,1.0
989350,2021-01-29,0.92
989350,2022-01-05,1.0
989438,2021-08-31,0.81
989438,2022-01-17,0.9
989438,2023-07-26,0.93
989438,2024-02-09,0.96
989438,2025-06-13,1.0
989556,2021-12-25,0.8
989556,2022-11-06,0.89
989556,2023-09-22,0.91
989556,2024-03-31,0.95
989556,2025-10-02,1.0
989638,2021-09-16,0.88
989638,2022-10-09,0.97
989638,2025-07-19,1.0
989845,2021-12-15,0.86
989845,2022-01-12,0.95
989845,2025-04-23,1.0
989864,2021-03-09,0.86
989864,2022-05-01,0.95
989864,2023-08-03,1.0
989979,2021-12-14,0.94
989979,2022-12-18,1.0
989980,2021-02-09,0.87
989980,2022-04-06,0.93
989980,2023-10-13,0.98
989980,2025-12-11,1.0
990122,2021-10-20,0.9
990122,2023-01-13,0.95
990122,2025-11-25,1.0
990123,2021-06-02,0.81
990123,2022-04-24,0.89
990123,2023-12-13,0.94
990123,2024-06-19,0.98
990123,2025-05-27,1.0
990138,2021-02-01,0.92
990138,2022-06-28,0.98
990138,2023-07-21,1.0
990190,2021-03-27,0.85
990190,2022-05-21,0.93
990190,2024-06-23,0.97
990190,2025-12-05,1.0
990264,2021-06-23,0.86
990264,2022-03-08,0.95
990264,2023-09-19,1.0
990303,2021-03-14,0.87
990303,2022-09-22,0.95
990303,2024-06-01,0.98
990303,2025-07-27,1.0
990369,2021-04-02,0.97
990369,2024-02-20,0.99
990369,2025-03-22,1.0
990464,2021-02-09,0.95
990464,2023-04-04,0.97
990464,2024-06-07,0.99
990464,2025-09-05,1.0
990488,2021-01-11,0.94
990488,2024-06-23,0.96
990488,2025-02-11,1.0
990539,2021-06-23,0.9
990539,2023-07-20,0.93
990539,2024-03-15,0.97
990539,2025-05-03,1.0
990726,2021-11-07,0.87
990726,2022-11-14,0.96
990726,2024-06-23,0.98
990726,2025-09-10,1.0
990938,2021-12-04,0.86
990938,2022-01-31,0.94
990938,2024-07-03,0.97
990938,2025-08-29,1.0
991211,2021-04-17,0.92
991211,2023-05-26,0.98
991211,2025-05-27,1.0
991248,2021-11-26,0.83
991248,2022-03-31,0.92
991248,2024-09-19,0.97
991248,2025-03-24,1.0
991279,2021-10-26,0.94
991279,2023-09-22,0.96
991279,2024-09-14,0.97
991279,2025-03-25,1.0
991341,2021-12-28,0.88
991341,2022-02-14,0.97
991341,2023-05-16,0.99
991341,2024-08-05,1.0
991408,2021-05-13,0.82
991408,2022-09-08,0.91
991408,2023-07-18,0.93
991408,2024-10-27,0.95
991408,2025-09-14,1.0
991446,2021-10-05,0.93
991446,2023-04-13,0.96
991446,2024-02-08,0.97
991446,2025-08-22,1.0
991573,2021-07-04,0.91
991573,2024-09-05,0.96
991573,2025-03-04,1.0
991603,2021-04-02,0.86
991603,2022-01-26,0.92
991603,2023-04-29,0.97
991603,2025-10-31,1.0
991865,2021-04-15,0.86
991865,2022-03-16,0.93
991865,2023-03-02,0.99
991865,2025-09-16,1.0
991866,2021-12-15,0.82
991866,2022-01-17,0.91
991866,2023-03-17,0.96
991866,2025-09-15,1.0
992128,2021-11-24,0.86
992128,2022-01-19,0.95
992128,2023-02-01,0.98
992128,2025-09-30,1.0
992133,2021-01-01,0.89
992133,2023-12-05,0.93
992133,2024-12-30,0.96
992133,2025-06-05,1.0
992177,2021-06-28,0.94
992177,2023-04-24,0.99
992177,2025-04-20,1.0
992261,2021-11-22,0.83
992261,2022-09-20,0.89
992261,2023-04-07,0.94
992261,2024-09-28,0.99
992261,2025-01-19,1.0
992333,2021-07-13,0.87
992333,2022-03-14,0.93
992333,2024-09-09,0.95
992333,2025-09-23,1.0
992600,2021-10-10,0.88
992600,2022-05-22,0.97
992600,2025-07-09,1.0
992980,2021-05-13,0.94
992980,2023-05-25,0.96
992980,2024-02-15,1.0
993197,2021-05-14,0.86
993197,2022-06-03,0.92
993197,2023-06-21,0.96
993197,2024-02-22,1.0
993315,2021-10-17,0.88
993315,2023-02-15,0.92
993315,2024-12-29,0.95
993315,2025-02-24,1.0
993323,2021-05-10,0.86
993323,2022-02-12,0.93
993323,2023-11-16,0.96
993323,2024-08-20,0.98
993323,2025-02-25,1.0
993524,2021-03-19,0.88
993524,2022-07-03,0.94
993524,2023-11-08,0.95
993524,2024-01-04,0.99
993524,2025-09-28,1.0
993619,2021-03-12,0.88
993619,2022-02-12,0.97
993619,2023-11-23,1.0
993759,2021-03-23,0.89
993759,2022-05-07,0.98
993759,2024-08-18,1.0
993828,2021-12-22,0.97
993828,2023-04-08,0.99
993828,2024-01-09,1.0
994112,2021-01-13,0.82
994112,2022-08-15,0.88
994112,2023-10-07,0.93
994112,2024-03-06,0.97
994112,2025-03-18,1.0
994310,2021-10-12,0.82
994310,2022-11-06,0.91
994310,2023-07-30,0.95
994310,2024-05-21,0.99
994310,2025-01-14,1.0
994341,2021-09-25,0.81
994341,2022-09-11,0.89
994341,2023-09-07,0.93
994341,2024-06-05,0.96
994341,2025-02-16,1.0
994383,2021-03-16,0.85
994383,2022-08-12,0.92
994383,2023-03-01,0.97
994383,2024-09-29,1.0
994389,2021-05-29,0.86
994389,2022-03-07,0.95
994389,2023-10-08,0.97
994389,2024-01-08,1.0
994415,2021-02-11,1.0
994520,2021-09-14,0.84
994520,2022-05-03,0.93
994520,2023-12-29,0.95
994520,2024-10-29,0.98
994520,2025-11-25,1.0
994699,2021-02-19,0.84
994699,2022-07-17,0.94
994699,2023-05-23,0.98
994699,2024-08-30,1.0
994714,2021-09-12,0.79
994714,2022-02-24,0.86
994714,2023-11-12,0.91
994714,2024-12-23,0.96
994714,2025-12-15,1.0
994811,2021-10-20,0.86
994811,2022-11-03,0.94
994811,2023-03-18,1.0
995007,2021-04-25,0.86
995007,2022-10-30,0.92
995007,2023-04-25,0.96
995007,2024-04-01,0.97
995007,2025-03-02,1.0
995157,2021-10-24,0.89
995157,2022-04-14,0.96
995157,2024-12-14,0.98
995157,2025-10-19,1.0
995200,2021-06-18,0.92
995200,2023-02-12,0.94
995200,2024-02-02,0.97
995200,2025-05-06,1.0
995274,2021-11-10,0.91
995274,2022-02-18,0.97
995274,2023-09-23,1.0
995297,2021-10-11,0.89
995297,2023-02-06,0.94
995297,2024-11-08,0.95
995297,2025-06-11,1.0
995606,2021-09-21,0.83
995606,2022-09-29,0.89
995606,2023-08-02,0.92
995606,2024-01-26,0.97
995606,2025-03-06,1.0
995683,2021-05-21,0.87
995683,2022-10-29,0.93
995683,2024-05-06,0.95
995683,2025-09-28,1.0
995698,2021-04-03,0.89
995698,2022-03-21,0.97
995698,2025-09-22,1.0
995743,2021-01-14,0.81
995743,2022-07-01,0.89
995743,2023-05-01,0.92
995743,2024-09-04,0.97
995743,2025-03-23,1.0
996248,2021-06-23,0.99
996248,2024-01-12,1.0
996264,2021-05-08,0.85
996264,2022-04-29,0.93
996264,2024-01-21,0.97
996264,2025-06-18,1.0
996352,2021-01-15,0.85
996352,2022-07-21,0.92
996352,2023-04-30,0.95
996352,2024-05-20,0.99
996352,2025-05-09,1.0
996641,2021-04-19,0.91
996641,2022-10-07,1.0
996661,2021-08-14,0.81
996661,2022-10-01,0.9
996661,2023-10-11,0.95
996661,2024-05-31,0.96
996661,2025-07-22,1.0
996715,2021-12-19,0.87
996715,2022-11-18,0.95
996715,2025-01-07,1.0
996746,2021-11-26,0.9
996746,2022-05-20,0.97
996746,2024-02-08,1.0
996783,2021-02-17,0.83
996783,2022-04-17,0.88
996783,2023-12-27,0.93
996783,2024-05-13,0.98
996783,2025-10-01,1.0
996810,2021-10-07,0.87
996810,2022-08-05,0.93
996810,2023-02-02,0.96
996810,2024-03-17,0.97
996810,2025-03-27,1.0
996902,2021-11-08,0.86
996902,2022-06-17,0.94
996902,2023-03-08,0.98
996902,2024-12-24,1.0
996971,2021-03-25,0.86
996971,2022-05-15,0.95
996971,2023-08-15,0.97
996971,2024-01-20,1.0
996976,2021-02-18,0.83
996976,2022-06-04,0.91
996976,2024-02-29,0.95
996976,2025-10-12,1.0
997005,2021-01-29,0.81
997005,2022-01-12,0.9
997005,2023-02-03,0.96
997005,2024-08-20,0.98
997005,2025-10-20,1.0
997064,2021-12-15,0.93
997064,2023-12-27,0.97
997064,2025-04-28,1.0
997085,2021-03-22,0.91
997085,2023-05-13,0.94
997085,2024-06-22,0.95
997085,2025-09-09,1.0
997153,2021-05-24,0.89
997153,2022-11-13,0.95
997153,2024-08-05,1.0
997256,2021-05-03,0.93
997256,2023-03-24,0.94
997256,2024-02-03,0.97
997256,2025-09-02,1.0
997435,2021-08-02,0.92
997435,2022-08-16,1.0
997448,2021-02-22,0.86
997448,2022-06-23,0.94
997448,2023-04-23,0.97
997448,2024-12-21,0.99
997448,2025-10-02,1.0
997507,2021-01-21,0.85
997507,2022-11-07,0.92
997507,2023-07-13,0.95
997507,2024-11-15,0.99
997507,2025-03-13,1.0
997519,2021-11-07,0.81
997519,2022-03-11,0.88
997519,2023-07-13,0.92
997519,2024-11-15,0.96
997519,2025-07-04,1.0
997553,2021-06-04,0.87
997553,2022-12-19,0.96
997553,2023-12-18,0.99
997553,2024-10-05,1.0
997577,2021-04-25,0.88
997577,2022-05-13,0.97
997577,2024-03-20,1.0
997742,2021-11-11,0.87
997742,2022-03-23,0.96
997742,2024-10-31,0.97
997742,2025-08-31,1.0
997917,2021-01-01,0.94
997917,2024-12-14,0.95
997917,2025-10-31,1.0
997942,2021-11-19,0.86
997942,2022-02-19,0.93
997942,2023-03-18,0.96
997942,2024-02-21,1.0
998029,2021-01-15,0.91
998029,2023-02-03,0.94
998029,2024-03-03,0.98
998029,2025-05-07,1.0
998110,2021-06-07,0.87
998110,2022-12-15,0.94
998110,2023-06-13,0.97
998110,2024-11-28,0.99
998110,2025-09-13,1.0
998201,2021-11-13,0.87
998201,2022-01-21,0.95
998201,2023-12-13,0.99
998201,2024-04-05,1.0
998253,2021-08-14,0.87
998253,2022-04-01,0.97
998253,2025-07-22,1.0
998362,2021-03-09,0.85
998362,2022-04-16,0.91
998362,2023-01-15,0.96
998362,2025-01-10,1.0
998597,2021-03-10,0.83
998597,2022-09-07,0.9
998597,2023-08-08,0.92
998597,2024-08-12,0.95
998597,2025-11-02,1.0
998639,2021-02-04,0.87
998639,2022-01-18,0.94
998639,2023-10-08,0.97
998639,2024-09-19,1.0
998679,2021-05-06,0.81
998679,2022-02-07,0.9
998679,2023-06-29,0.94
998679,2024-09-07,0.95
998679,2025-01-12,1.0
999032,2021-08-18,0.83
999032,2022-02-25,0.9
999032,2023-10-05,0.95
999032,2024-06-01,0.99
999032,2025-02-13,1.0
999155,2021-07-16,0.92
999155,2023-07-13,0.94
999155,2024-08-10,0.97
999155,2025-03-27,1.0
999172,2021-07-03,0.87
999172,2022-11-07,0.93
999172,2023-10-04,0.96
999172,2024-09-25,0.98
999172,2025-12-19,1.0
999268,2021-03-16,0.83
999268,2022-06-12,0.91
999268,2023-11-06,0.94
999268,2024-02-14,0.95
999268,2025-02-05,1.0
999426,2021-04-25,0.85
999426,2022-10-17,0.94
999426,2023-10-14,0.98
999426,2024-11-04,0.99
999426,2025-03-17,1.0
999709,2021-01-16,0.85
999709,2022-01-08,0.92
999709,2023-04-07,0.97
999709,2025-07-03,1.0
999865,2021-08-24,0.87
999865,2022-08-03,0.95
999865,2023-10-27,0.97
999865,2024-03-30,0.98
999865,2025-03-15,1.0
1000173,2021-03-31,0.81
1000173,2022-09-24,0.89
1000173,2023-01-25,0.93
1000173,2024-12-13,0.98
1000173,2025-01-14,1.0
1000203,2021-09-17,0.83
1000203,2022-02-20,0.89
1000203,2023-12-10,0.92
1000203,2024-07-24,0.96
1000203,2025-01-09,1.0
1000305,2021-06-17,0.83
1000305,2022-07-31,0.91
1000305,2024-05-04,0.95
1000305,2025-09-10,1.0
1000350,2021-07-21,0.89
1000350,2022-12-21,0.96
1000350,2024-04-07,1.0
1000525,2021-12-06,0.85
1000525,2022-11-12,0.91
1000525,2023-08-15,0.94
1000525,2024-12-01,0.98
1000525,2025-01-27,1.0
1000706,2021-11-22,0.8
1000706,2022-06-10,0.86
1000706,2023-08-09,0.91
1000706,2024-07-06,0.95
1000706,2025-08-15,1.0
1000709,2021-03-02,0.91
1000709,2023-01-13,0.96
1000709,2025-02-21,1.0
1000711,2021-08-27,0.94
1000711,2023-02-24,0.96
1000711,2024-11-25,0.99
1000711,2025-08-19,1.0
1000863,2021-01-09,0.93
1000863,2023-09-28,0.98
1000863,2024-06-02,1.0
1001102,2021-04-16,0.83
1001102,2022-03-17,0.92
1001102,2023-07-15,0.97
1001102,2024-08-07,0.99
1001102,2025-02-05,1.0
1001177,2021-12-03,0.89
1001177,2022-09-17,0.96
1001177,2023-05-12,0.98
1001177,2024-04-02,1.0
1001210,2021-04-20,0.89
1001210,2023-10-07,0.94
1001210,2024-02-05,0.99
1001210,2025-02-15,1.0
1001246,2021-06-10,0.94
1001246,2024-03-27,0.95
1001246,2025-09-13,1.0
1001641,2021-09-30,0.84
1001641,2022-12-26,0.92
1001641,2023-12-07,0.98
1001641,2025-08-22,1.0
1001695,2021-09-07,0.9
1001695,2022-11-16,0.96
1001695,2023-11-09,0.98
1001695,2025-04-19,1.0
1001701,2021-07-05,0.89
1001701,2022-04-26,0.95
1001701,2024-09-22,0.97
1001701,2025-12-20,1.0
1001877,2021-06-10,0.94
1001877,2023-01-02,0.96
1001877,2025-03-18,1.0
1001899,2021-08-15,0.85
1001899,2022-03-20,0.91
1001899,2023-03-19,0.95
1001899,2025-07-12,1.0
1002029,2021-03-01,0.84
1002029,2022-10-06,0.92
1002029,2023-07-12,0.93
1002029,2024-03-29,0.96
1002029,2025-08-06,1.0
1002042,2021-07-25,0.86
1002042,2022-07-08,0.93
1002042,2023-11-30,0.96
1002042,2024-03-17,1.0
1002064,2021-11-22,0.81
1002064,2022-05-13,0.89
1002064,2023-01-13,0.93
1002064,2024-10-27,0.97
1002064,2025-03-30,1.0
1002548,2021-01-31,0.83
1002548,2022-03-06,0.92
1002548,2023-09-14,0.94
1002548,2024-04-14,0.95
1002548,2025-11-13,1.0
1002616,2021-05-05,0.86
1002616,2022-07-31,0.95
1002616,2023-05-15,0.99
1002616,2024-05-09,1.0
1002789,2021-03-04,0.84
1002789,2022-08-04,0.92
1002789,2024-05-16,0.95
1002789,2025-01-02,1.0
1002843,2021-03-29,0.86
1002843,2022-06-12,0.95
1002843,2024-04-08,1.0
1002870,2021-03-27,0.92
1002870,2023-05-15,0.94
1002870,2024-05-14,0.95
1002870,2025-05-03,1.0
1003045,2021-04-06,0.88
1003045,2022-03-03,0.95
1003045,2023-10-02,0.97
1003045,2024-06-18,0.98
1003045,2025-10-15,1.0
1003060,2021-02-20,0.9
1003060,2022-08-04,0.97
1003060,2025-04-16,1.0
1003069,2021-09-06,0.89
1003069,2022-12-19,0.95
1003069,2023-01-22,1.0
1003085,2021-09-05,0.94
1003085,2023-10-29,0.99
1003085,2025-06-06,1.0
1003153,2021-06-24,0.97
1003153,2024-08-19,1.0
1003185,2021-09-30,0.81
1003185,2022-02-05,0.89
1003185,2023-07-25,0.91
1003185,2024-06-10,0.96
1003185,2025-03-22,1.0
1003204,2021-09-27,0.87
1003204,2022-05-18,0.94
1003204,2023-07-19,0.98
1003204,2024-05-21,0.99
1003204,2025-06-13,1.0
1003384,2021-01-12,0.83
1003384,2022-12-24,0.89
1003384,2023-09-24,0.95
1003384,2024-01-21,0.98
1003384,2025-01-28,1.0
1003415,2021-12-28,0.97
1003415,2025-12-19,1.0
1003635,2021-08-29,0.94
1003635,2023-10-10,0.99
1003635,2024-12-23,1.0
1003737,2021-04-18,0.89
1003737,2022-12-03,0.98
1003737,2024-06-16,1.0
1003744,2021-07-16,0.94
1003744,2024-07-28,0.96
1003744,2025-12-07,1.0
1003981,2021-05-30,0.92
1003981,2023-02-07,0.95
1003981,2024-09-16,0.99
1003981,2025-07-25,1.0
1004166,2021-04-18,0.93
1004166,2023-07-11,0.96
1004166,2025-06-10,1.0
1004215,2021-01-22,0.86
1004215,2022-07-22,0.93
1004215,2023-03-19,0.96
1004215,2024-06-13,0.99
1004215,2025-10-14,1.0
1004380,2021-02-03,0.96
1004380,2025-10-20,1.0
1004420,2021-02-15,0.9
1004420,2022-07-12,0.96
1004420,2023-06-27,1.0
1004829,2021-08-08,0.88
1004829,2022-10-21,0.95
1004829,2024-03-14,0.99
1004829,2025-08-18,1.0
1005061,2021-10-05,0.88
1005061,2022-02-15,0.96
1005061,2023-11-01,0.98
1005061,2024-09-27,1.0
1005108,2021-12-06,0.82
1005108,2022-09-27,0.91
1005108,2023-03-10,0.92
1005108,2024-03-23,0.96
1005108,2025-03-21,1.0
1005373,2021-07-18,0.81
1005373,2022-07-02,0.89
1005373,2023-05-10,0.9
1005373,2024-07-07,0.95
1005373,2025-10-02,1.0
1005563,2021-02-07,0.86
1005563,2022-10-04,0.94
1005563,2023-10-30,0.99
1005563,2024-06-01,1.0
1005835,2021-03-08,0.81
1005835,2022-07-07,0.88
1005835,2023-05-06,0.91
1005835,2024-02-15,0.95
1005835,2025-02-01,1.0
1005848,2021-02-27,0.93
1005848,2024-09-11,0.97
1005848,2025-01-08,1.0
1005913,2021-05-19,0.88
1005913,2022-10-21,0.97
1005913,2025-10-07,1.0
1006010,2021-04-10,0.94
1006010,2024-05-28,0.97
1006010,2025-01-16,1.0
1006177,2021-08-18,0.79
1006177,2022-04-30,0.88
1006177,2023-03-28,0.92
1006177,2024-02-25,0.96
1006177,2025-05-28,1.0
1006230,2021-06-16,0.82
1006230,2022-03-04,0.9
1006230,2023-03-21,0.93
1006230,2024-06-05,0.98
1006230,2025-09-01,1.0
1006261,2021-09-19,0.94
1006261,2024-01-14,0.97
1006261,2025-11-15,1.0
1006368,2021-03-07,0.87
1006368,2022-02-14,0.96
1006368,2025-05-09,1.0
1006442,2021-02-12,0.84
1006442,2022-11-22,0.9
1006442,2023-05-28,0.92
1006442,2024-07-28,0.95
1006442,2025-06-11,1.0
1006646,2021-05-22,0.82
1006646,2022-06-09,0.9
1006646,2023-03-16,0.96
1006646,2024-08-17,1.0
1006654,2021-03-13,0.93
1006654,2023-05-15,0.98
1006654,2024-04-14,0.99
1006654,2025-03-15,1.0
1006718,2021-12-22,0.86
1006718,2022-02-09,0.92
1006718,2023-03-09,0.93
1006718,2024-02-20,0.98
1006718,2025-12-05,1.0
1006980,2021-07-02,0.85
1006980,2022-01-10,0.94
1006980,2023-10-29,0.99
1006980,2025-03-09,1.0
1007034,2021-01-02,0.94
1007034,2022-11-10,1.0
1007100,2021-08-31,0.94
1007100,2023-09-02,0.95
1007100,2024-02-10,0.96
1007100,2025-02-24,1.0
1007347,2021-02-11,0.9
1007347,2023-12-27,0.96
1007347,2024-01-09,0.98
1007347,2025-04-26,1.0
1007425,2021-07-04,0.86
1007425,2022-10-02,0.94
1007425,2024-11-07,0.98
1007425,2025-03-17,1.0
1007577,2021-05-11,0.85
1007577,2022-08-30,0.91
1007577,2023-07-31,0.94
1007577,2024-09-28,0.98
1007577,2025-03-25,1.0
1007689,2021-11-22,0.83
1007689,2022-06-10,0.9
1007689,2023-03-10,0.94
1007689,2024-01-24,0.99
1007689,2025-10-04,1.0
1007728,2021-01-15,0.87
1007728,2022-04-22,0.96
1007728,2023-02-24,0.99
1007728,2024-08-28,1.0
1007799,2021-06-24,0.89
1007799,2022-10-30,0.96
1007799,2023-08-04,1.0
1007979,2021-11-22,0.98
1007979,2023-02-12,1.0
1008054,2021-07-13,0.87
1008054,2022-01-18,0.96
1008054,2024-06-10,1.0
1008085,2021-08-11,0.81
1008085,2022-09-15,0.9
1008085,2023-05-16,0.96
1008085,2024-07-22,0.98
1008085,2025-10-29,1.0
1008162,2021-01-18,0.88
1008162,2022-04-19,0.97
1008162,2025-01-13,1.0
1008214,2021-07-14,0.89
1008214,2022-12-31,0.96
1008214,2023-10-09,1.0
1008325,2021-01-05,0.92
1008325,2022-12-31,0.98
1008325,2023-02-15,0.99
1008325,2025-02-21,1.0
1008327,2021-12-26,0.87
1008327,2022-03-15,0.93
1008327,2024-11-16,0.97
1008327,2025-07-29,1.0
1008685,2021-07-08,0.91
1008685,2023-02-20,0.96
1008685,2024-05-08,1.0
1008867,2021-01-15,0.83
1008867,2022-03-22,0.92
1008867,2023-11-10,0.95
1008867,2024-10-17,0.98
1008867,2025-10-01,1.0
1008924,2021-03-15,0.87
1008924,2022-04-25,0.95
1008924,2023-04-18,0.99
1008924,2025-08-07,1.0
1009164,2021-04-16,0.86
1009164,2023-03-29,0.91
1009164,2024-09-29,0.96
1009164,2025-03-09,1.0
1009261,2021-04-21,0.96
1009261,2024-06-06,1.0
1009325,2021-06-11,0.85
1009325,2022-04-15,0.91
1009325,2023-03-03,0.97
1009325,2024-10-23,1.0
1009379,2021-05-07,0.92
1009379,2024-06-28,0.97
1009379,2025-06-13,1.0
1009505,2021-03-22,0.9
1009505,2023-04-25,0.92
1009505,2024-07-18,0.95
1009505,2025-02-28,1.0
1009531,2021-01-27,0.82
1009531,2022-02-27,0.88
1009531,2023-10-15,0.94
1009531,2024-12-06,0.96
1009531,2025-03-15,1.0
1009663,2021-11-05,0.87
1009663,2022-08-22,0.95
1009663,2023-05-08,1.0
1009761,2021-04-23,0.88
1009761,2022-10-04,0.94
1009761,2023-02-17,0.96
1009761,2024-09-11,1.0
1009819,2021-06-29,0.86
1009819,2022-11-13,0.94
1009819,2023-08-03,0.99
1009819,2025-04-10,1.0
1009841,2021-02-07,0.84
1009841,2022-12-02,0.92
1009841,2023-07-18,0.98
1009841,2024-01-15,0.99
1009841,2025-05-04,1.0
1009845,2021-09-09,0.9
1009845,2023-02-18,0.94
1009845,2024-01-08,0.98
1009845,2025-05-15,1.0
1009928,2021-09-07,0.79
1009928,2022-01-06,0.87
1009928,2023-07-08,0.92
1009928,2024-04-22,0.95
1009928,2025-02-09,1.0
1009988,2021-06-20,0.95
1009988,2025-02-13,1.0
1010359,2021-01-29,0.95
1010359,2023-04-08,1.0
1010457,2021-07-11,0.93
1010457,2024-04-14,0.95
1010457,2025-03-19,1.0
1010815,2021-11-22,0.88
1010815,2022-03-17,0.96
1010815,2024-11-03,1.0
1011082,2021-07-01,0.84
1011082,2022-11-28,0.91
1011082,2023-10-24,0.94
1011082,2024-06-02,0.98
1011082,2025-08-31,1.0
1011132,2021-03-20,0.85
1011132,2022-09-18,0.94
1011132,2023-04-27,0.99
1011132,2025-10-17,1.0
1011290,2021-12-02,0.92
1011290,2023-04-02,0.96
1011290,2024-03-02,0.99
1011290,2025-06-27,1.0
1011346,2021-01-07,0.86
1011346,2022-04-24,0.94
1011346,2023-12-29,0.97
1011346,2024-10-13,1.0
1011365,2021-07-10,0.91
1011365,2022-10-15,0.99
1011365,2024-12-27,1.0
1011386,2021-01-08,0.87
1011386,2022-09-15,0.96
1011386,2025-11-14,1.0
1011425,2021-01-13,0.85
1011425,2022-02-12,0.93
1011425,2023-05-12,0.97
1011425,2025-09-26,1.0
1011717,2021-01-04,0.89
1011717,2022-06-30,0.96
1011717,2025-03-16,1.0
1012177,2021-07-05,0.91
1012177,2022-01-08,1.0
1012203,2021-04-03,0.84
1012203,2022-07-29,0.92
1012203,2023-07-27,0.97
1012203,2025-08-03,1.0
1012231,2021-10-23,0.86
1012231,2022-01-30,0.94
1012231,2024-03-06,0.96
1012231,2025-11-16,1.0
1012283,2021-09-16,0.87
1012283,2022-10-13,0.95
1012283,2024-09-12,0.97
1012283,2025-04-30,1.0
1012487,2021-09-05,0.82
1012487,2022-03-14,0.89
1012487,2023-01-10,0.91
1012487,2024-08-13,0.96
1012487,2025-05-03,1.0
1012521,2021-09-16,0.92
1012521,2022-12-31,0.99
1012521,2025-05-06,1.0
1012563,2021-10-05,0.89
1012563,2022-05-16,0.98
1012563,2025-07-27,1.0
1012635,2021-05-04,0.83
1012635,2022-10-28,0.91
1012635,2023-05-31,0.95
1012635,2025-04-17,1.0
1012699,2021-12-26,0.84
1012699,2022-01-21,0.93
1012699,2023-10-26,0.95
1012699,2025-01-28,1.0
1012729,2021-04-30,0.82
1012729,2022-08-14,0.89
1012729,2023-06-24,0.94
1012729,2024-02-13,0.98
1012729,2025-02-14,1.0
1012736,2021-10-22,0.86
1012736,2022-11-11,0.93
1012736,2023-08-23,0.95
1012736,2024-06-26,0.98
1012736,2025-01-17,1.0
1012749,2021-01-25,0.96
1012749,2024-11-25,0.98
1012749,2025-04-08,1.0
1012924,2021-03-17,0.81
1012924,2022-11-25,0.86
1012924,2023-03-16,0.91
1012924,2024-07-31,0.96
1012924,2025-08-26,1.0
1013046,2021-06-03,0.84
1013046,2022-09-09,0.9
1013046,2023-08-18,0.92
1013046,2024-05-25,0.95
1013046,2025-05-09,1.0
1013047,2021-10-09,0.84
1013047,2022-09-28,0.91
1013047,2023-08-20,0.96
1013047,2024-07-07,1.0
1013180,2021-06-30,0.88
1013180,2022-08-16,0.96
1013180,2024-05-26,1.0
1013191,2021-12-18,0.82
1013191,2022-03-07,0.9
1013191,2023-10-28,0.92
1013191,2024-12-13,0.96
1013191,2025-08-24,1.0
1013251,2021-04-23,0.88
1013251,2022-02-22,0.97
1013251,2023-12-20,1.0
1013532,2021-03-02,0.83
1013532,2022-10-22,0.9
1013532,2023-02-10,0.95
1013532,2025-08-31,1.0
1013651,2021-06-08,0.86
1013651,2022-04-14,0.93
1013651,2023-04-24,0.96
1013651,2024-05-28,1.0
1013653,2021-12-27,0.95
1013653,2024-05-24,1.0
1013707,2021-08-19,0.92
1013707,2022-03-23,0.99
1013707,2024-12-03,1.0
1013908,2021-11-24,0.8
1013908,2022-02-23,0.89
1013908,2023-07-31,0.93
1013908,2024-08-17,0.97
1013908,2025-08-14,1.0
1014362,2021-12-22,0.84
1014362,2022-08-12,0.92
1014362,2023-09-15,0.96
1014362,2024-10-13,1.0
1014588,2021-01-11,0.82
1014588,2022-02-16,0.9
1014588,2023-04-22,0.92
1014588,2024-06-19,0.97
1014588,2025-12-04,1.0
1014612,2021-05-12,0.87
1014612,2022-08-12,0.96
1014612,2023-06-29,0.99
1014612,2025-03-09,1.0
1014713,2021-01-29,0.96
1014713,2023-02-06,0.99
1014713,2025-06-24,1.0
1014899,2021-01-16,0.87
1014899,2022-08-10,0.95
1014899,2024-11-04,0.97
1014899,2025-03-29,1.0
1014900,2021-10-19,0.83
1014900,2022-05-13,0.91
1014900,2023-06-05,0.95
1014900,2025-01-16,1.0
1014918,2021-05-12,0.91
1014918,2022-01-25,0.97
1014918,2023-03-02,0.99
1014918,2025-05-22,1.0
1014945,2021-12-11,0.94
1014945,2023-04-02,0.97
1014945,2024-03-22,0.99
1014945,2025-01-24,1.0
1015039,2021-09-03,0.93
1015039,2024-08-19,0.96
1015039,2025-10-18,1.0
1015129,2021-01-20,0.93
1015129,2023-11-10,0.96
1015129,2024-10-31,0.99
1015129,2025-10-25,1.0
1015285,2021-02-15,0.94
1015285,2024-12-19,0.99
1015285,2025-12-28,1.0
1015408,2021-05-24,0.89
1015408,2022-08-01,0.95
1015408,2025-03-05,1.0
1015433,2021-08-03,0.8
1015433,2022-07-11,0.88
1015433,2023-09-04,0.94
1015433,2024-11-08,0.99
1015433,2025-06-28,1.0
1015438,2021-08-07,0.87
1015438,2022-01-05,0.94
1015438,2024-04-30,0.96
1015438,2025-04-30,1.0
1015487,2021-08-13,0.89
1015487,2022-11-27,0.98
1015487,2023-08-31,0.99
1015487,2025-10-04,1.0
1015776,2021-02-07,0.88
1015776,2022-04-27,0.94
1015776,2024-08-28,0.98
1015776,2025-07-01,1.0
1015847,2021-10-31,0.88
1015847,2022-10-13,0.96
1015847,2024-08-19,0.99
1015847,2025-12-08,1.0
1015952,2021-03-03,0.88
1015952,2022-12-03,0.95
1015952,2023-10-24,0.98
1015952,2024-07-23,0.99
1015952,2025-09-26,1.0
1016077,2021-10-05,0.86
1016077,2022-07-18,0.93
1016077,2023-06-27,0.95
1016077,2024-02-13,0.97
1016077,2025-10-05,1.0
1016095,2021-06-01,0.86
1016095,2022-09-24,0.94
1016095,2023-03-11,0.98
1016095,2024-06-04,0.99
1016095,2025-01-03,1.0
1016201,2021-05-28,0.97
1016201,2024-07-12,1.0
1016209,2021-06-13,0.84
1016209,2022-06-24,0.91
1016209,2023-12-28,0.94
1016209,2024-10-06,0.97
1016209,2025-11-17,1.0
1016225,2021-03-03,0.81
1016225,2022-12-31,0.88
1016225,2023-08-10,0.92
1016225,2024-07-17,0.96
1016225,2025-02-03,1.0
1016578,2021-03-31,0.9
1016578,2022-11-21,1.0
1016607,2021-12-14,0.93
1016607,2023-01-17,0.96
1016607,2024-12-31,0.98
1016607,2025-06-05,1.0
1016609,2021-05-02,0.84
1016609,2022-10-31,0.9
1016609,2023-06-09,0.94
1016609,2024-05-21,0.96
1016609,2025-01-31,1.0
1016629,2021-11-20,0.9
1016629,2023-05-25,0.94
1016629,2024-09-24,0.96
1016629,2025-01-05,1.0
1017174,2021-09-26,0.97
1017174,2023-04-10,1.0
1017179,2021-03-30,0.81
1017179,2022-04-03,0.9
1017179,2023-03-16,0.93
1017179,2024-12-25,0.98
1017179,2025-06-02,1.0
1017187,2021-06-09,0.85
1017187,2022-03-13,0.94
1017187,2023-09-30,1.0
1017219,2021-11-11,0.8
1017219,2022-02-03,0.88
1017219,2023-09-11,0.94
1017219,2024-04-25,0.96
1017219,2025-10-13,1.0
1017335,2021-12-07,0.92
1017335,2023-02-21,0.93
1017335,2024-09-05,0.95
1017335,2025-02-05,1.0
1017448,2021-04-05,0.85
1017448,2022-01-09,0.93
1017448,2024-05-30,0.97
1017448,2025-05-06,1.0
1017740,2021-06-27,0.93
1017740,2024-01-23,0.95
1017740,2025-02-17,1.0
1017783,2021-08-04,0.98
1017783,2023-06-24,0.99
1017783,2025-12-06,1.0
1017792,2021-06-01,0.91
1017792,2022-01-20,0.98
1017792,2023-10-13,1.0
1017814,2021-06-15,0.81
1017814,2022-12-29,0.89
1017814,2023-09-02,0.94
1017814,2024-03-14,0.96
1017814,2025-01-10,1.0
1017933,2021-05-27,0.82
1017933,2022-09-07,0.9
1017933,2023-05-01,0.95
1017933,2024-10-19,0.99
1017933,2025-03-29,1.0
1017959,2021-10-24,0.86
1017959,2022-06-02,0.92
1017959,2023-06-11,0.97
1017959,2025-12-07,1.0
1018541,2021-12-14,0.95
1018541,2023-09-10,0.97
1018541,2024-01-18,0.99
1018541,2025-03-25,1.0
1018629,2021-05-06,0.92
1018629,2023-03-05,0.96
1018629,2024-12-30,1.0
1018748,2021-11-22,0.85
1018748,2022-01-31,0.93
1018748,2023-07-22,0.96
1018748,2025-11-30,1.0
1019014,2021-04-07,0.93
1019014,2023-08-21,0.97
1019014,2024-08-17,1.0
1019083,2021-10-19,0.85
1019083,2022-05-23,0.94
1019083,2023-01-04,0.97
1019083,2025-09-18,1.0
1019094,2021-11-20,0.9
1019094,2022-11-03,0.99
1019094,2025-07-20,1.0
1019307,2021-04-14,0.8
1019307,2022-07-30,0.88
1019307,2023-07-09,0.92
1019307,2024-08-10,0.97
1019307,2025-11-19,1.0
1019353,2021-04-01,0.92
1019353,2023-05-17,0.97
1019353,2025-04-18,1.0
1019675,2021-07-09,0.87
1019675,2022-04-11,0.95
1019675,2025-11-08,1.0
1020238,2021-08-29,0.86
1020238,2022-06-25,0.92
1020238,2023-08-01,0.96
1020238,2025-06-03,1.0
1020284,2021-08-06,0.95
1020284,2023-08-18,0.99
1020284,2025-12-18,1.0
1020360,2021-07-05,0.83
1020360,2022-10-16,0.92
1020360,2023-05-21,0.96
1020360,2025-08-24,1.0
1020370,2021-02-16,0.83
1020370,2022-11-15,0.92
1020370,2023-04-12,0.95
1020370,2025-02-26,1.0
1020414,2021-12-05,0.88
1020414,2022-12-26,0.95
1020414,2023-12-26,0.97
1020414,2025-11-17,1.0
1020462,2021-11-29,0.94
1020462,2024-05-23,0.95
1020462,2025-09-29,1.0
1020571,2021-04-26,0.86
1020571,2022-12-17,0.93
1020571,2024-06-27,0.98
1020571,2025-01-21,1.0
1020590,2021-07-03,0.94
1020590,2023-07-10,0.99
1020590,2024-02-02,1.0
1020679,2021-06-27,0.93
1020679,2023-03-03,0.97
1020679,2025-12-27,1.0
1020746,2021-12-03,0.91
1020746,2023-08-21,0.96
1020746,2024-07-26,1.0
1020784,2021-09-14,0.86
1020784,2022-01-30,0.92
1020784,2023-01-22,0.95
1020784,2025-08-29,1.0
1020832,2021-12-03,0.95
1020832,2024-01-09,1.0
1020870,2021-03-10,0.85
1020870,2022-01-09,0.91
1020870,2023-12-07,0.97
1020870,2024-01-23,1.0
1020900,2021-12-16,0.8
1020900,2022-05-19,0.89
1020900,2023-02-14,0.93
1020900,2024-11-14,0.98
1020900,2025-03-28,1.0
1021442,2021-02-04,0.96
1021442,2025-07-09,1.0
1021555,2021-06-12,0.92
1021555,2023-09-18,0.97
1021555,2025-08-30,1.0
1021593,2021-12-29,0.82
1021593,2022-03-19,0.88
1021593,2023-06-12,0.93
1021593,2024-12-24,0.98
1021593,2025-01-25,1.0
1021604,2021-10-02,0.91
1021604,2022-08-23,0.99
1021604,2025-02-19,1.0
1021717,2021-11-25,0.83
1021717,2022-10-05,0.89
1021717,2023-10-30,0.92
1021717,2024-04-11,0.97
1021717,2025-01-19,1.0
1021768,2021-04-29,0.93
1021768,2023-06-29,0.99
1021768,2024-04-18,1.0
1021927,2021-05-21,0.89
1021927,2022-10-03,0.97
1021927,2024-08-10,1.0
1022044,2021-04-24,0.96
1022044,2025-12-11,1.0
1022228,2021-03-07,0.84
1022228,2022-10-31,0.93
1022228,2023-10-02,0.99
1022228,2025-04-20,1.0
1022253,2021-05-17,0.92
1022253,2022-01-31,1.0
1022302,2021-03-21,0.84
1022302,2022-04-27,0.94
1022302,2023-04-02,0.96
1022302,2025-03-01,1.0
1022534,2021-08-30,0.81
1022534,2022-01-05,0.9
1022534,2023-12-23,0.95
1022534,2024-04-06,0.99
1022534,2025-08-21,1.0
1022644,2021-11-01,0.88
1022644,2022-01-06,0.95
1022644,2024-08-15,0.98
1022644,2025-04-24,1.0
1022645,2021-02-22,0.9
1022645,2023-12-07,0.94
1022645,2024-01-15,0.99
1022645,2025-02-22,1.0
1022689,2021-10-26,0.8
1022689,2022-10-30,0.89
1022689,2023-04-22,0.93
1022689,2024-10-19,0.97
1022689,2025-11-24,1.0
1022754,2021-04-18,0.87
1022754,2022-04-18,0.95
1022754,2023-01-13,0.98
1022754,2025-11-01,1.0
1022817,2021-06-13,0.89
1022817,2023-10-30,0.94
1022817,2024-06-24,0.95
1022817,2025-01-27,1.0
1022987,2021-10-22,0.86
1022987,2022-01-08,0.92
1022987,2023-06-18,0.96
1022987,2025-06-14,1.0
1023014,2021-12-23,0.98
1023014,2023-11-10,1.0
1023100,2021-08-04,0.81
1023100,2022-08-26,0.87
1023100,2023-05-09,0.93
1023100,2024-03-28,0.98
1023100,2025-08-16,1.0
1023125,2021-01-03,0.85
1023125,2022-08-18,0.91
1023125,2023-04-07,0.95
1023125,2025-07-11,1.0
1023207,2021-09-21,0.84
1023207,2022-01-06,0.91
1023207,2023-01-08,0.96
1023207,2025-11-14,1.0
1023220,2021-06-30,0.9
1023220,2022-05-20,0.96
1023220,2025-06-28,1.0
1023304,2021-07-29,0.88
1023304,2022-01-28,0.96
1023304,2023-06-27,0.98
1023304,2024-05-07,1.0
1023314,2021-11-23,0.87
1023314,2022-08-09,0.96
1023314,2023-10-27,0.98
1023314,2025-04-12,1.0
1023755,2021-04-30,0.85
1023755,2022-03-20,0.93
1023755,2024-10-28,0.96
1023755,2025-05-17,1.0
1023847,2021-12-16,0.91
1023847,2022-09-06,0.98
1023847,2024-08-21,1.0
1023911,2021-09-15,0.97
1023911,2023-08-25,1.0
1024061,2021-04-18,0.91
1024061,2023-11-12,0.97
1024061,2024-09-25,0.99
1024061,2025-03-20,1.0
1024183,2021-06-29,0.92
1024183,2022-01-09,0.99
1024183,2023-03-20,1.0
1024273,2021-10-19,0.94
1024273,2023-12-01,0.96
1024273,2024-10-21,1.0
1024303,2021-08-23,0.81
1024303,2022-10-01,0.88
1024303,2023-03-28,0.93
1024303,2024-07-10,0.98
1024303,2025-11-17,1.0
1024773,2021-12-24,0.86
1024773,2022-03-10,0.94
1024773,2023-02-13,1.0
1024828,2021-10-01,0.89
1024828,2022-08-27,0.98
1024828,2024-05-31,1.0
1024888,2021-04-17,0.95
1024888,2023-02-05,0.98
1024888,2025-06-10,1.0
1025695,2021-12-08,0.85
1025695,2022-10-19,0.93
1025695,2023-07-26,0.95
1025695,2024-08-20,1.0
1025702,2021-09-29,0.9
1025702,2022-02-27,0.96
1025702,2023-12-21,0.98
1025702,2024-07-10,1.0
1025714,2021-04-15,0.88
1025714,2023-01-17,0.91
1025714,2024-01-26,0.95
1025714,2025-12-16,1.0
1025955,2021-06-07,0.95
1025955,2025-08-21,1.0
1025993,2021-05-21,0.92
1025993,2023-12-14,0.96
1025993,2024-03-10,0.97
1025993,2025-08-23,1.0
1026142,2021-03-14,0.93
1026142,2023-02-01,0.98
1026142,2024-09-02,1.0
1026232,2021-02-16,0.89
1026232,2022-08-31,0.95
1026232,2024-01-08,1.0
1026269,2021-03-25,0.91
1026269,2022-10-30,0.97
1026269,2023-12-16,0.99
1026269,2024-03-18,1.0
1026280,2021-12-16,0.89
1026280,2022-07-25,0.95
1026280,2025-12-15,1.0
1026316,2021-06-03,0.85
1026316,2022-09-09,0.93
1026316,2023-01-11,0.96
1026316,2024-09-04,1.0
1026427,2021-08-08,0.92
1026427,2023-06-15,0.95
1026427,2024-01-16,0.96
1026427,2025-08-13,1.0
1026647,2021-02-19,0.82
1026647,2022-12-06,0.9
1026647,2023-07-26,0.92
1026647,2024-02-07,0.97
1026647,2025-07-20,1.0
1026660,2021-03-25,0.85
1026660,2022-01-09,0.91
1026660,2023-09-13,0.96
1026660,2024-01-01,1.0
1026662,2021-12-29,0.89
1026662,2022-10-20,0.96
1026662,2023-06-12,1.0
1026743,2021-11-14,0.92
1026743,2023-09-24,0.96
1026743,2025-05-09,1.0
1026751,2021-10-22,0.91
1026751,2023-02-20,0.96
1026751,2024-11-22,1.0
1026800,2021-08-02,0.84
1026800,2022-07-19,0.92
1026800,2024-09-19,0.96
1026800,2025-06-12,1.0
1026875,2021-11-29,0.85
1026875,2022-10-19,0.94
1026875,2024-10-29,0.96
1026875,2025-05-29,1.0
1027055,2021-01-25,0.82
1027055,2022-06-13,0.89
1027055,2023-09-19,0.93
1027055,2024-06-03,0.96
1027055,2025-11-16,1.0
1027063,2021-11-17,0.86
1027063,2022-03-18,0.94
1027063,2023-01-19,0.96
1027063,2024-01-03,1.0
1027112,2021-03-28,0.86
1027112,2022-03-29,0.96
1027112,2023-01-18,1.0
1027128,2021-09-15,0.89
1027128,2022-10-04,0.98
1027128,2025-10-12,1.0
1027211,2021-05-25,0.97
1027211,2025-11-18,1.0
1027242,2021-01-27,0.87
1027242,2022-04-28,0.94
1027242,2023-08-16,0.97
1027242,2024-07-31,0.98
1027242,2025-11-04,1.0
1027323,2021-09-24,0.82
1027323,2022-07-04,0.91
1027323,2023-10-11,0.96
1027323,2024-12-29,0.98
1027323,2025-02-25,1.0
1027338,2021-08-01,0.9
1027338,2022-09-17,0.98
1027338,2023-01-04,1.0
1027381,2021-01-07,0.94
1027381,2024-09-07,0.98
1027381,2025-05-19,1.0
1027444,2021-01-29,0.85
1027444,2022-05-08,0.92
1027444,2023-02-11,0.96
1027444,2024-01-24,1.0
1027460,2021-07-13,0.81
1027460,2022-05-02,0.9
1027460,2023-10-29,0.95
1027460,2024-05-31,1.0
1027493,2021-05-23,0.97
1027493,2023-04-29,0.99
1027493,2025-11-05,1.0
1027672,2021-12-08,0.9
1027672,2023-02-07,0.95
1027672,2025-12-23,1.0
1027720,2021-03-30,0.81
1027720,2022-08-09,0.89
1027720,2023-09-29,0.92
1027720,2024-11-03,0.95
1027720,2025-05-26,1.0
1027840,2021-02-20,0.93
1027840,2023-08-13,0.99
1027840,2025-08-25,1.0
1027864,2021-11-17,0.96
1027864,2023-11-30,0.98
1027864,2025-08-02,1.0
1027866,2021-06-22,0.81
1027866,2022-08-26,0.89
1027866,2023-10-15,0.94
1027866,2024-02-16,0.97
1027866,2025-03-13,1.0
1027884,2021-10-07,0.89
1027884,2022-12-13,0.95
1027884,2023-09-22,0.99
1027884,2025-07-23,1.0
1028008,2021-05-09,0.91
1028008,2022-09-26,0.99
1028008,2024-06-29,1.0
1028233,2021-12-04,0.87
1028233,2022-03-29,0.96
1028233,2025-09-28,1.0
1028451,2021-08-30,0.85
1028451,2022-11-10,0.93
1028451,2023-11-28,0.95
1028451,2024-12-19,1.0
1028513,2021-02-17,0.8
1028513,2022-12-08,0.88
1028513,2023-06-15,0.91
1028513,2024-08-19,0.96
1028513,2025-06-30,1.0
1028566,2021-10-19,0.87
1028566,2022-08-09,0.93
1028566,2023-05-16,0.97
1028566,2025-05-14,1.0
1028571,2021-11-01,0.91
1028571,2023-12-15,0.92
1028571,2024-04-17,0.96
1028571,2025-05-01,1.0
1028830,2021-07-06,0.83
1028830,2022-09-16,0.9
1028830,2023-05-18,0.95
1028830,2024-08-21,0.96
1028830,2025-08-19,1.0
1029183,2021-01-10,0.89
1029183,2023-10-26,0.93
1029183,2024-06-10,0.95
1029183,2025-11-30,1.0
1029193,2021-07-02,0.91
1029193,2024-09-02,0.95
1029193,2025-02-11,1.0
1029320,2021-06-15,0.83
1029320,2022-09-16,0.92
1029320,2023-08-27,0.95
1029320,2025-02-16,1.0
1029338,2021-07-31,0.87
1029338,2022-05-07,0.94
1029338,2023-11-14,0.95
1029338,2024-08-13,1.0
1029382,2021-10-25,0.93
1029382,2022-04-08,1.0
1029600,2021-06-05,0.84
1029600,2022-09-30,0.93
1029600,2023-08-15,0.95
1029600,2024-11-17,1.0
1029731,2021-05-26,0.82
1029731,2022-05-13,0.9
1029731,2023-11-18,0.93
1029731,2024-01-27,0.97
1029731,2025-10-11,1.0
1029928,2021-02-13,0.91
1029928,2022-08-22,0.98
1029928,2024-08-28,0.99
1029928,2025-08-04,1.0
1029990,2021-07-16,0.94
1029990,2024-10-13,0.96
1029990,2025-02-21,1.0
1030236,2021-12-09,0.94
1030236,2023-12-18,0.97
1030236,2025-06-25,1.0
1030263,2021-03-19,0.9
1030263,2022-02-28,0.96
1030263,2023-08-23,0.99
1030263,2024-10-24,1.0
1030521,2021-10-08,0.87
1030521,2023-05-01,0.91
1030521,2024-10-13,0.96
1030521,2025-08-15,1.0
1030690,2021-09-20,0.82
1030690,2022-05-23,0.89
1030690,2023-08-16,0.91
1030690,2024-01-23,0.95
1030690,2025-01-25,1.0
1030733,2021-09-03,0.91
1030733,2023-12-27,0.96
1030733,2024-09-16,0.99
1030733,2025-12-27,1.0
1030748,2021-02-01,0.88
1030748,2022-07-21,0.96
1030748,2023-09-25,0.98
1030748,2024-05-15,1.0
1030753,2021-08-04,0.88
1030753,2022-01-27,0.95
1030753,2023-04-07,1.0
1030756,2021-11-28,0.86
1030756,2022-04-07,0.94
1030756,2023-02-12,0.99
1030756,2025-07-09,1.0
1030766,2021-02-04,0.88
1030766,2022-01-10,0.96
1030766,2023-04-02,1.0
1030815,2021-08-22,0.88
1030815,2022-06-25,0.97
1030815,2025-01-19,1.0
1030875,2021-11-07,0.87
1030875,2022-02-13,0.94
1030875,2023-07-16,0.96
1030875,2024-04-19,0.98
1030875,2025-12-14,1.0
1030879,2021-01-18,0.93
1030879,2023-11-15,0.95
1030879,2024-11-09,0.98
1030879,2025-06-08,1.0
1030930,2021-03-25,0.86
1030930,2022-10-28,0.93
1030930,2023-10-15,0.96
1030930,2024-10-02,1.0
1030949,2021-06-22,0.9
1030949,2022-12-31,0.99
1030949,2024-05-27,1.0
1031098,2021-04-01,0.95
1031098,2024-11-20,0.97
1031098,2025-04-04,1.0
1031138,2021-03-24,0.94
1031138,2023-08-17,0.97
1031138,2025-10-16,1.0
1031170,2021-09-14,0.88
1031170,2022-05-25,0.95
1031170,2024-08-07,0.98
1031170,2025-01-17,1.0
1031227,2021-07-11,0.87
1031227,2023-10-27,0.91
1031227,2024-01-07,0.95
1031227,2025-04-20,1.0
1031233,2021-06-10,0.88
1031233,2022-08-23,0.97
1031233,2023-01-20,1.0
1031387,2021-09-20,0.82
1031387,2022-09-09,0.89
1031387,2023-01-16,0.94
1031387,2024-10-04,0.99
1031387,2025-12-02,1.0
1031420,2021-05-03,0.87
1031420,2022-06-29,0.95
1031420,2024-11-27,1.0
1031546,2021-01-18,0.85
1031546,2022-07-20,0.94
1031546,2023-03-22,0.96
1031546,2024-02-07,0.98
1031546,2025-08-31,1.0
1031658,2021-08-11,0.89
1031658,2023-09-28,0.93
1031658,2024-02-28,0.98
1031658,2025-03-28,1.0
1031808,2021-01-16,0.91
1031808,2023-06-10,0.95
1031808,2024-07-07,1.0
1031898,2021-11-19,0.9
1031898,2023-09-10,0.91
1031898,2024-03-04,0.95
1031898,2025-06-05,1.0
1031905,2021-12-24,0.81
1031905,2022-06-08,0.88
1031905,2023-09-22,0.92
1031905,2024-11-13,0.95
1031905,2025-05-30,1.0
1032130,2021-01-07,0.83
1032130,2022-01-22,0.91
1032130,2023-02-21,0.95
1032130,2025-09-28,1.0
1032143,2021-09-07,0.77
1032143,2022-11-12,0.86
1032143,2023-02-15,0.91
1032143,2024-04-05,0.96
1032143,2025-02-11,1.0
1032154,2021-07-22,0.86
1032154,2022-11-23,0.92
1032154,2023-03-06,0.97
1032154,2024-06-01,1.0
1032156,2021-05-26,0.83
1032156,2022-09-03,0.91
1032156,2023-10-04,0.92
1032156,2024-11-18,0.96
1032156,2025-07-30,1.0
1032201,2021-12-24,0.81
1032201,2022-05-29,0.9
1032201,2023-11-02,0.94
1032201,2024-05-07,0.99
1032201,2025-10-11,1.0
1032317,2021-08-24,0.87
1032317,2022-09-20,0.96
1032317,2023-05-28,0.98
1032317,2025-12-02,1.0
1032369,2021-11-02,0.92
1032369,2022-03-28,1.0
1032391,2021-08-31,0.81
1032391,2022-04-28,0.89
1032391,2023-02-02,0.94
1032391,2024-09-27,0.96
1032391,2025-08-06,1.0
1032553,2021-11-21,0.84
1032553,2022-08-07,0.9
1032553,2023-11-29,0.95
1032553,2025-05-16,1.0
1032557,2021-12-31,0.9
1032557,2023-01-21,0.95
1032557,2024-04-18,0.96
1032557,2025-12-28,1.0
1032568,2021-06-06,0.86
1032568,2022-11-14,0.92
1032568,2024-06-21,0.95
1032568,2025-05-12,1.0
1032666,2021-10-15,0.98
1032666,2024-03-23,1.0
1032760,2021-09-07,0.86
1032760,2023-09-03,0.91
1032760,2024-04-15,0.96
1032760,2025-02-25,1.0
1033012,2021-11-17,0.87
1033012,2022-06-27,0.95
1033012,2023-05-10,0.99
1033012,2025-02-16,1.0
1033144,2021-05-08,0.83
1033144,2022-05-03,0.9
1033144,2023-03-19,0.94
1033144,2024-02-24,0.98
1033144,2025-12-06,1.0
1033165,2021-01-25,0.9
1033165,2023-01-19,0.96
1033165,2024-05-13,0.98
1033165,2025-08-10,1.0
1033237,2021-12-22,0.88
1033237,2022-12-18,0.94
1033237,2024-06-28,0.96
1033237,2025-04-09,1.0
1033287,2021-10-08,0.8
1033287,2022-08-22,0.89
1033287,2023-11-25,0.93
1033287,2024-04-08,0.98
1033287,2025-01-31,1.0
1033338,2021-12-25,0.84
1033338,2022-11-07,0.92
1033338,2023-04-15,0.95
1033338,2024-06-23,1.0
1033591,2021-03-11,0.9
1033591,2022-12-04,1.0
1033601,2021-10-31,0.85
1033601,2022-11-24,0.94
1033601,2023-07-09,0.97
1033601,2025-02-25,1.0
1033766,2021-04-11,0.88
1033766,2023-10-29,0.9
1033766,2024-05-12,0.95
1033766,2025-09-29,1.0
1033851,2021-12-22,0.92
1033851,2023-04-29,0.97
1033851,2025-04-07,1.0
1033890,2021-12-10,0.87
1033890,2022-04-21,0.95
1033890,2025-03-09,1.0
1033922,2021-03-28,0.84
1033922,2022-08-09,0.91
1033922,2023-05-18,0.93
1033922,2024-11-26,0.97
1033922,2025-08-19,1.0
1033986,2021-02-28,0.91
1033986,2023-02-18,0.93
1033986,2024-01-27,0.96
1033986,2025-06-01,1.0
1034004,2021-01-30,0.88
1034004,2022-02-08,0.94
1034004,2023-01-13,0.97
1034004,2024-10-26,1.0
1034152,2021-04-16,0.82
1034152,2022-03-25,0.91
1034152,2023-05-24,0.93
1034152,2024-07-10,0.95
1034152,2025-04-09,1.0
1034204,2021-09-24,0.91
1034204,2022-03-22,0.97
1034204,2023-05-19,0.99
1034204,2024-04-26,1.0
1034210,2021-07-22,0.9
1034210,2023-02-14,0.93
1034210,2024-11-17,0.96
1034210,2025-03-08,1.0
1034217,2021-02-26,0.89
1034217,2023-09-24,0.93
1034217,2024-08-20,0.98
1034217,2025-10-20,1.0
1034242,2021-04-01,0.9
1034242,2023-03-18,0.94
1034242,2024-10-01,0.96
1034242,2025-10-06,1.0
1034312,2021-12-27,0.83
1034312,2022-07-01,0.9
1034312,2024-06-09,0.95
1034312,2025-11-24,1.0
1034353,2021-05-14,0.87
1034353,2022-05-02,0.96
1034353,2024-10-19,1.0
1034380,2021-04-10,0.88
1034380,2022-12-23,0.94
1034380,2023-05-02,1.0
1034492,2021-04-13,0.9
1034492,2022-12-20,0.97
1034492,2025-11-12,1.0
1034519,2021-05-24,0.95
1034519,2023-06-05,0.98
1034519,2024-12-03,0.99
1034519,2025-07-16,1.0
1034541,2021-04-02,0.95
1034541,2024-08-24,0.96
1034541,2025-11-20,1.0
1034572,2021-03-24,0.83
1034572,2022-02-20,0.91
1034572,2023-12-28,0.95
1034572,2024-07-13,1.0
1034591,2021-09-25,0.82
1034591,2022-01-16,0.91
1034591,2023-05-14,0.95
1034591,2024-04-22,0.96
1034591,2025-01-24,1.0
1034618,2021-05-04,0.87
1034618,2022-11-11,0.93
1034618,2024-03-11,0.96
1034618,2025-08-02,1.0
1034694,2021-01-04,0.88
1034694,2022-09-20,0.94
1034694,2024-10-23,0.96
1034694,2025-02-21,1.0
1035074,2021-12-21,0.92
1035074,2023-03-08,0.97
1035074,2025-03-21,1.0
1035236,2021-01-22,0.85
1035236,2022-03-20,0.94
1035236,2023-03-17,0.97
1035236,2024-06-01,0.98
1035236,2025-04-11,1.0
1035246,2021-06-11,0.95
1035246,2023-12-28,0.96
1035246,2024-08-15,1.0
1035251,2021-06-05,0.91
1035251,2022-06-25,0.97
1035251,2023-12-24,1.0
1035318,2021-05-22,0.92
1035318,2023-10-30,0.95
1035318,2025-05-01,1.0
1035411,2021-12-27,0.97
1035411,2023-01-17,1.0
1035462,2021-09-12,0.89
1035462,2022-03-27,0.95
1035462,2023-03-27,0.98
1035462,2025-10-31,1.0
1035596,2021-10-10,0.86
1035596,2022-10-17,0.92
1035596,2023-03-16,0.94
1035596,2024-08-04,0.98
1035596,2025-04-16,1.0
1035659,2021-03-07,0.87
1035659,2022-06-11,0.95
1035659,2025-09-21,1.0
1035784,2021-01-23,0.85
1035784,2022-05-21,0.93
1035784,2024-01-03,0.96
1035784,2025-07-22,1.0
1036137,2021-03-28,0.9
1036137,2023-07-08,0.94
1036137,2024-06-12,0.99
1036137,2025-10-28,1.0
1036189,2021-07-15,0.86
1036189,2022-01-31,0.93
1036189,2023-07-10,0.98
1036189,2024-04-26,1.0
1036374,2021-01-15,0.89
1036374,2023-07-12,0.95
1036374,2024-09-13,0.97
1036374,2025-03-13,1.0
1036383,2021-04-14,0.87
1036383,2022-06-23,0.94
1036383,2024-03-04,0.98
1036383,2025-11-24,1.0
1036546,2021-07-13,0.84
1036546,2022-12-15,0.9
1036546,2023-11-09,0.95
1036546,2025-10-06,1.0
1036615,2021-12-13,0.84
1036615,2022-12-19,0.93
1036615,2023-07-06,0.97
1036615,2024-02-29,1.0
1037003,2021-03-07,0.81
1037003,2022-03-09,0.9
1037003,2023-07-30,0.95
1037003,2024-01-16,0.99
1037003,2025-09-16,1.0
1037065,2021-02-27,0.82
1037065,2022-12-22,0.88
1037065,2023-12-06,0.91
1037065,2024-03-08,0.95
1037065,2025-11-20,1.0
1037311,2021-06-14,0.83
1037311,2022-07-01,0.92
1037311,2023-12-15,0.97
1037311,2024-01-11,0.99
1037311,2025-07-04,1.0
1037313,2021-06-07,0.87
1037313,2022-01-01,0.97
1037313,2024-05-09,1.0
1037319,2021-09-12,0.83
1037319,2022-03-07,0.92
1037319,2023-05-30,0.97
1037319,2025-09-29,1.0
1037376,2021-06-23,0.86
1037376,2022-12-15,0.95
1037376,2024-09-08,1.0
1037498,2021-03-23,0.85
1037498,2022-11-09,0.94
1037498,2024-11-25,0.98
1037498,2025-04-29,1.0
1037558,2021-09-12,0.85
1037558,2022-11-15,0.93
1037558,2023-10-02,0.97
1037558,2024-01-17,0.99
1037558,2025-01-20,1.0
1037564,2021-09-18,0.81
1037564,2022-11-21,0.9
1037564,2023-11-22,0.94
1037564,2024-06-14,0.99
1037564,2025-01-14,1.0
1037695,2021-01-03,0.95
1037695,2024-11-03,1.0
1037720,2021-11-13,0.85
1037720,2022-11-19,0.93
1037720,2023-09-13,0.96
1037720,2024-10-06,0.99
1037720,2025-07-11,1.0
1037728,2021-02-27,0.86
1037728,2022-01-11,0.93
1037728,2024-07-13,0.97
1037728,2025-06-05,1.0
1037731,2021-07-08,0.89
1037731,2023-01-25,0.95
1037731,2024-05-11,0.99
1037731,2025-06-09,1.0
1037905,2021-10-19,0.87
1037905,2022-12-04,0.94
1037905,2023-08-24,0.96
1037905,2024-12-24,1.0
1038108,2021-03-17,0.9
1038108,2023-04-22,0.95
1038108,2024-04-22,1.0
1038190,2021-08-01,0.84
1038190,2022-05-12,0.9
1038190,2023-11-21,0.95
1038190,2024-07-15,1.0
1038285,2021-09-21,0.78
1038285,2022-11-12,0.85
1038285,2023-06-24,0.9
1038285,2024-09-18,0.95
1038285,2025-05-19,1.0
1038311,2021-11-12,0.84
1038311,2022-06-12,0.91
1038311,2023-02-28,0.96
1038311,2025-05-01,1.0
1038348,2021-08-08,0.92
1038348,2023-04-23,0.97
1038348,2024-02-19,1.0
1038352,2021-09-18,0.86
1038352,2022-09-26,0.93
1038352,2023-02-20,0.98
1038352,2024-04-24,1.0
1038425,2021-08-11,0.91
1038425,2023-04-26,0.94
1038425,2024-06-12,0.95
1038425,2025-10-31,1.0
1038439,2021-10-02,0.85
1038439,2022-01-19,0.93
1038439,2023-07-28,0.96
1038439,2024-08-06,1.0
1038510,2021-08-06,0.88
1038510,2022-12-15,0.96
1038510,2023-08-16,1.0
1038604,2021-01-05,0.84
1038604,2022-12-16,0.91
1038604,2023-12-30,0.96
1038604,2024-03-19,0.98
1038604,2025-01-02,1.0
1038667,2021-09-19,0.82
1038667,2022-08-27,0.88
1038667,2023-10-28,0.94
1038667,2024-04-25,0.97
1038667,2025-01-08,1.0
1038797,2021-01-13,0.9
1038797,2022-04-10,0.96
1038797,2024-02-18,0.97
1038797,2025-04-15,1.0
1038941,2021-04-16,0.88
1038941,2023-05-06,0.93
1038941,2024-10-11,0.98
1038941,2025-06-05,1.0
1038979,2021-07-18,0.86
1038979,2022-10-19,0.92
1038979,2024-11-29,0.97
1038979,2025-08-17,1.0
1039262,2021-02-09,0.85
1039262,2022-03-08,0.94
1039262,2023-12-01,0.98
1039262,2025-07-21,1.0
1039322,2021-10-24,0.88
1039322,2023-04-29,0.93
1039322,2024-10-13,0.98
1039322,2025-09-23,1.0
1039394,2021-06-11,0.87
1039394,2022-08-26,0.93
1039394,2024-03-12,0.97
1039394,2025-08-20,1.0
1039451,2021-02-12,0.81
1039451,2022-11-22,0.88
1039451,2023-03-13,0.93
1039451,2024-07-27,0.96
1039451,2025-09-16,1.0
1039499,2021-01-03,0.87
1039499,2022-05-04,0.95
1039499,2023-05-01,1.0
1039510,2021-02-06,0.9
1039510,2023-09-22,0.94
1039510,2024-02-13,0.96
1039510,2025-11-09,1.0
1039528,2021-09-25,0.92
1039528,2023-05-24,0.94
1039528,2024-03-22,0.98
1039528,2025-06-24,1.0
1039610,2021-06-01,0.88
1039610,2022-06-18,0.95
1039610,2024-05-25,0.96
1039610,2025-01-10,1.0
1039658,2021-02-03,0.93
1039658,2022-04-16,0.99
1039658,2025-08-06,1.0
1039830,2021-11-14,0.86
1039830,2022-02-17,0.95
1039830,2023-08-06,1.0
1039997,2021-04-14,0.87
1039997,2022-01-03,0.95
1039997,2023-08-04,0.99
1039997,2025-05-16,1.0
1040015,2021-10-03,0.86
1040015,2022-07-08,0.96
1040015,2024-03-07,1.0
1040043,2021-11-18,0.89
1040043,2023-05-23,0.94
1040043,2024-10-07,0.96
1040043,2025-06-27,1.0
1040224,2021-07-23,0.92
1040224,2023-05-02,0.96
1040224,2024-11-19,1.0
1040315,2021-05-06,0.96
1040315,2023-01-28,1.0
1040726,2021-12-25,0.88
1040726,2022-12-12,0.94
1040726,2024-02-06,0.96
1040726,2025-02-17,1.0
1040785,2021-01-31,0.94
1040785,2023-05-31,0.95
1040785,2025-09-21,1.0
1040854,2021-08-03,0.87
1040854,2022-06-29,0.96
1040854,2024-04-17,1.0
1040890,2021-02-22,0.81
1040890,2022-11-24,0.89
1040890,2023-04-02,0.94
1040890,2024-12-30,0.98
1040890,2025-01-06,1.0
1041023,2021-05-09,0.85
1041023,2022-06-30,0.94
1041023,2023-08-23,0.99
1041023,2025-12-24,1.0
1041199,2021-07-22,0.83
1041199,2022-10-25,0.89
1041199,2023-10-11,0.92
1041199,2024-11-26,0.97
1041199,2025-12-21,1.0
1041493,2021-01-16,0.86
1041493,2022-09-26,0.92
1041493,2023-08-14,0.98
1041493,2024-09-20,1.0
1041497,2021-05-18,0.89
1041497,2022-07-11,0.97
1041497,2023-01-02,1.0
1041528,2021-06-08,1.0
1041593,2021-12-01,0.89
1041593,2022-07-05,0.96
1041593,2023-01-30,0.98
1041593,2024-06-10,1.0
1041617,2021-09-02,0.97
1041617,2023-11-05,1.0
1041730,2021-05-10,0.84
1041730,2022-09-29,0.93
1041730,2024-11-16,0.98
1041730,2025-09-04,1.0
1041734,2021-03-09,0.94
1041734,2024-10-09,0.97
1041734,2025-02-24,1.0
1041868,2021-05-14,0.96
1041868,2023-05-05,0.98
1041868,2024-05-19,0.99
1041868,2025-12-17,1.0
1041929,2021-09-01,0.81
1041929,2022-12-01,0.89
1041929,2023-12-17,0.92
1041929,2024-06-19,0.96
1041929,2025-06-07,1.0
1042025,2021-04-30,0.87
1042025,2022-04-26,0.94
1042025,2024-08-02,0.99
1042025,2025-02-19,1.0
1042068,2021-12-28,0.86
1042068,2022-11-06,0.93
1042068,2023-05-13,0.97
1042068,2025-07-06,1.0
1042099,2021-12-03,0.86
1042099,2022-02-06,0.93
1042099,2024-04-15,0.96
1042099,2025-05-16,1.0
1042237,2021-07-23,0.91
1042237,2023-11-26,0.95
1042237,2025-10-03,1.0
1042248,2021-11-10,0.96
1042248,2023-01-31,1.0
1042268,2021-04-16,0.85
1042268,2022-02-22,0.94
1042268,2023-03-12,0.98
1042268,2024-12-03,1.0
1042306,2021-12-02,0.79
1042306,2022-09-22,0.88
1042306,2023-10-01,0.93
1042306,2024-01-31,0.97
1042306,2025-06-05,1.0
1042359,2021-08-31,0.88
1042359,2022-01-12,0.94
1042359,2023-08-30,0.96
1042359,2024-06-30,0.97
1042359,2025-05-14,1.0
1042381,2021-09-17,0.81
1042381,2022-03-15,0.89
1042381,2023-06-04,0.92
1042381,2024-08-08,0.95
1042381,2025-01-24,1.0
1042409,2021-06-13,0.9
1042409,2022-05-03,0.99
1042409,2025-07-31,1.0
1042796,2021-09-24,0.89
1042796,2022-01-06,0.95
1042796,2024-02-06,1.0
1042922,2021-04-08,0.91
1042922,2022-03-20,1.0
1043082,2021-08-26,0.86
1043082,2022-01-14,0.92
1043082,2024-08-11,0.96
1043082,2025-06-01,1.0
1043130,2021-12-06,0.95
1043130,2023-11-27,0.97
1043130,2024-12-09,0.99
1043130,2025-09-30,1.0
1043229,2021-06-19,0.82
1043229,2022-12-11,0.9
1043229,2023-04-13,0.95
1043229,2025-06-26,1.0
1043232,2021-12-04,0.94
1043232,2023-03-13,0.97
1043232,2024-07-26,1.0
1043533,2021-09-08,0.91
1043533,2023-04-13,0.96
1043533,2024-06-18,0.99
1043533,2025-05-20,1.0
1043556,2021-07-07,0.98
1043556,2023-08-09,1.0
1043725,2021-10-19,0.89
1043725,2023-04-23,0.95
1043725,2024-02-18,0.99
1043725,2025-09-03,1.0
1043835,2021-04-07,0.94
1043835,2024-02-03,0.97
1043835,2025-04-25,1.0
1043928,2021-07-31,0.85
1043928,2022-09-18,0.91
1043928,2023-07-08,0.94
1043928,2024-12-26,0.96
1043928,2025-02-06,1.0
1043950,2021-01-10,0.87
1043950,2023-07-03,0.91
1043950,2024-10-08,0.95
1043950,2025-06-13,1.0
1044061,2021-09-21,0.89
1044061,2022-07-04,0.95
1044061,2023-02-08,0.99
1044061,2024-04-21,1.0
1044140,2021-10-24,0.89
1044140,2022-04-01,0.97
1044140,2025-11-22,1.0
1044150,2021-01-24,0.9
1044150,2022-04-07,0.96
1044150,2024-04-22,1.0
1044456,2021-05-30,0.84
1044456,2022-12-01,0.9
1044456,2023-09-21,0.95
1044456,2024-07-11,0.97
1044456,2025-04-29,1.0
1044709,2021-04-14,0.97
1044709,2024-07-07,1.0
1044981,2021-09-20,0.89
1044981,2023-04-16,0.93
1044981,2024-09-02,0.96
1044981,2025-07-10,1.0
1045086,2021-02-24,0.81
1045086,2022-07-12,0.88
1045086,2023-12-06,0.93
1045086,2024-06-18,0.95
1045086,2025-07-16,1.0
1045464,2021-09-16,0.82
1045464,2022-04-12,0.89
1045464,2023-10-23,0.91
1045464,2024-07-19,0.96
1045464,2025-04-28,1.0
1045565,2021-08-25,0.98
1045565,2023-10-23,1.0
1045724,2021-05-17,0.86
1045724,2023-06-18,0.9
1045724,2024-08-28,0.95
1045724,2025-04-20,1.0
1045730,2021-10-30,0.85
1045730,2022-10-29,0.9
1045730,2023-06-23,0.95
1045730,2024-09-14,0.97
1045730,2025-10-28,1.0
1045807,2021-11-03,0.9
1045807,2023-08-20,0.92
1045807,2024-02-20,0.96
1045807,2025-02-21,1.0
1045887,2021-07-05,0.86
1045887,2022-04-22,0.93
1045887,2023-02-19,0.96
1045887,2024-06-07,1.0
1045889,2021-04-15,0.88
1045889,2022-09-28,0.96
1045889,2025-02-09,1.0
1045964,2021-10-18,0.87
1045964,2022-09-01,0.95
1045964,2023-07-09,0.98
1045964,2024-06-16,1.0
1046047,2021-06-03,0.95
1046047,2023-09-10,0.97
1046047,2024-02-28,0.98
1046047,2025-07-27,1.0
1046104,2021-12-04,0.84
1046104,2022-11-09,0.93
1046104,2023-11-30,0.97
1046104,2024-02-24,1.0
1046177,2021-01-09,0.84
1046177,2022-07-10,0.91
1046177,2023-11-26,0.95
1046177,2024-08-15,0.98
1046177,2025-08-21,1.0
1046575,2021-10-09,0.86
1046575,2022-02-17,0.93
1046575,2023-09-13,0.96
1046575,2024-01-23,1.0
1046586,2021-07-14,0.81
1046586,2022-12-30,0.88
1046586,2023-11-25,0.92
1046586,2024-04-14,0.97
1046586,2025-12-18,1.0
1046635,2021-01-28,0.93
1046635,2024-10-07,0.96
1046635,2025-11-30,1.0
1046849,2021-07-31,0.96
1046849,2024-12-10,0.98
1046849,2025-02-14,1.0
1046902,2021-02-13,0.83
1046902,2022-07-23,0.92
1046902,2023-05-04,0.98
1046902,2024-07-10,1.0
1047006,2021-09-17,0.93
1047006,2022-05-02,0.99
1047006,2025-07-06,1.0
1047054,2021-10-05,0.93
1047054,2023-05-27,0.99
1047054,2024-09-02,1.0
1047412,2021-07-23,0.87
1047412,2022-06-17,0.94
1047412,2023-01-09,0.96
1047412,2024-04-12,1.0
1047509,2021-01-24,0.85
1047509,2022-08-18,0.94
1047509,2023-08-30,0.98
1047509,2024-09-12,0.99
1047509,2025-02-24,1.0
1047526,2021-01-09,0.95
1047526,2023-07-10,0.98
1047526,2024-08-28,1.0
1047586,2021-07-30,0.82
1047586,2022-07-04,0.9
1047586,2023-09-20,0.92
1047586,2024-11-06,0.97
1047586,2025-07-06,1.0
1047644,2021-03-08,0.93
1047644,2023-05-29,0.99
1047644,2024-07-17,1.0
1047703,2021-07-09,0.86
1047703,2022-08-14,0.95
1047703,2024-12-25,0.96
1047703,2025-11-02,1.0
1047718,2021-11-27,0.96
1047718,2024-11-25,0.97
1047718,2025-02-05,1.0
1047741,2021-01-16,0.83
1047741,2022-02-24,0.91
1047741,2023-08-21,0.97
1047741,2024-03-29,0.99
1047741,2025-12-13,1.0
1048055,2021-12-19,0.9
1048055,2022-04-20,0.99
1048055,2025-08-17,1.0
1048177,2021-05-26,0.84
1048177,2022-10-29,0.91
1048177,2023-07-01,0.96
1048177,2024-12-06,1.0
1048205,2021-03-29,0.9
1048205,2022-10-03,0.98
1048205,2025-01-11,1.0
1048239,2021-02-20,0.86
1048239,2022-10-09,0.92
1048239,2024-07-03,0.97
1048239,2025-06-18,1.0
1048318,2021-01-28,0.83
1048318,2022-07-19,0.89
1048318,2023-04-13,0.93
1048318,2024-01-15,0.96
1048318,2025-04-20,1.0
1048412,2021-01-20,0.85
1048412,2022-09-15,0.93
1048412,2023-06-20,0.95
1048412,2024-03-25,0.97
1048412,2025-03-05,1.0
1048466,2021-06-08,1.0
1048532,2021-12-09,0.91
1048532,2023-04-19,0.93
1048532,2024-07-10,0.97
1048532,2025-06-26,1.0
1048698,2021-11-23,0.98
1048698,2023-02-03,1.0
1048761,2021-06-20,0.91
1048761,2023-06-21,0.95
1048761,2024-01-03,1.0
1048919,2021-01-02,0.95
1048919,2023-08-19,1.0
1048967,2021-07-11,0.83
1048967,2022-04-14,0.91
1048967,2023-08-03,0.95
1048967,2025-08-10,1.0
1049109,2021-01-08,0.87
1049109,2022-06-06,0.94
1049109,2024-05-21,0.95
1049109,2025-10-06,1.0
1049141,2021-03-06,0.86
1049141,2022-09-22,0.95
1049141,2023-04-23,0.98
1049141,2025-08-05,1.0
1049287,2021-06-02,0.85
1049287,2022-12-27,0.94
1049287,2024-05-13,0.98
1049287,2025-12-28,1.0
1049432,2021-03-08,0.9
1049432,2022-07-16,0.97
1049432,2024-02-13,0.98
1049432,2025-05-09,1.0
1049524,2021-08-13,0.82
1049524,2022-11-24,0.91
1049524,2023-12-18,0.93
1049524,2024-09-03,0.96
1049524,2025-01-10,1.0
1049548,2021-07-01,0.86
1049548,2022-01-24,0.95
1049548,2023-04-03,0.96
1049548,2024-02-08,0.98
1049548,2025-02-24,1.0
1049554,2021-08-27,0.79
1049554,2022-08-24,0.87
1049554,2023-05-25,0.9
1049554,2024-12-15,0.95
1049554,2025-01-19,1.0
1049615,2021-04-21,0.82
1049615,2022-01-24,0.89
1049615,2023-06-26,0.92
1049615,2024-07-10,0.97
1049615,2025-08-18,1.0
1049698,2021-01-28,0.83
1049698,2022-05-25,0.92
1049698,2023-01-13,0.95
1049698,2024-10-31,1.0
1049795,2021-12-17,0.84
1049795,2022-05-21,0.92
1049795,2023-09-30,0.95
1049795,2024-10-05,0.98
1049795,2025-02-15,1.0
1049823,2021-07-04,0.92
1049823,2022-02-19,0.99
1049823,2025-12-01,1.0
1049883,2021-01-18,0.83
1049883,2022-10-06,0.89
1049883,2023-11-14,0.92
1049883,2024-11-06,0.97
1049883,2025-12-25,1.0
1049885,2021-04-02,0.82
1049885,2022-10-06,0.91
1049885,2023-12-29,0.96
1049885,2024-05-18,1.0
1050092,2021-05-20,0.87
1050092,2022-03-01,0.96
1050092,2024-07-19,1.0
1050267,2021-08-28,0.86
1050267,2022-06-05,0.95
1050267,2024-04-06,0.97
1050267,2025-01-31,1.0
1050288,2021-07-11,0.84
1050288,2022-07-10,0.92
1050288,2024-12-07,0.95
1050288,2025-04-07,1.0
1050293,2021-11-18,0.87
1050293,2022-03-22,0.94
1050293,2023-07-06,0.97
1050293,2024-08-06,1.0
1050376,2021-06-20,0.94
1050376,2023-03-11,0.96
1050376,2024-08-14,0.99
1050376,2025-06-07,1.0
1050451,2021-05-15,0.88
1050451,2022-06-18,0.95
1050451,2024-08-21,1.0
1050516,2021-11-28,0.86
1050516,2022-12-11,0.93
1050516,2024-07-02,0.97
1050516,2025-01-30,1.0
1050614,2021-05-26,0.85
1050614,2022-01-04,0.91
1050614,2023-07-23,0.96
1050614,2025-05-31,1.0
1050803,2021-08-27,0.91
1050803,2022-09-06,0.97
1050803,2024-11-08,0.98
1050803,2025-01-10,1.0
1051019,2021-04-09,0.97
1051019,2024-08-05,0.99
1051019,2025-02-18,1.0
1051286,2021-01-25,0.9
1051286,2023-05-24,0.95
1051286,2024-05-26,0.97
1051286,2025-12-22,1.0
1051310,2021-09-14,0.84
1051310,2022-11-16,0.93
1051310,2023-07-07,0.95
1051310,2024-02-09,0.97
1051310,2025-10-09,1.0
1051368,2021-12-02,0.84
1051368,2022-06-26,0.9
1051368,2023-02-04,0.95
1051368,2025-10-26,1.0
1051411,2021-09-22,0.91
1051411,2023-03-27,0.96
1051411,2025-10-20,1.0
1051599,2021-01-18,0.89
1051599,2023-09-02,0.94
1051599,2024-04-06,0.98
1051599,2025-09-29,1.0
1051725,2021-12-05,0.87
1051725,2023-12-15,0.91
1051725,2024-03-05,0.96
1051725,2025-12-22,1.0
1051776,2021-03-02,0.83
1051776,2022-04-11,0.92
1051776,2024-07-29,0.95
1051776,2025-11-20,1.0
1052028,2021-05-30,0.87
1052028,2022-01-30,0.93
1052028,2023-01-09,0.98
1052028,2024-08-22,1.0
1052116,2021-03-16,0.83
1052116,2022-07-30,0.91
1052116,2023-03-29,0.96
1052116,2024-04-30,0.98
1052116,2025-01-14,1.0
1052149,2021-09-23,0.85
1052149,2022-02-14,0.92
1052149,2023-05-26,0.95
1052149,2024-04-03,0.97
1052149,2025-01-10,1.0
1052177,2021-01-07,0.98
1052177,2023-09-16,1.0
1052228,2021-04-09,0.92
1052228,2023-03-25,0.96
1052228,2024-12-14,1.0
1052232,2021-12-07,0.8
1052232,2022-05-05,0.89
1052232,2023-06-17,0.94
1052232,2024-02-03,0.97
1052232,2025-04-02,1.0
1052252,2021-09-19,0.89
1052252,2022-08-04,0.97
1052252,2024-04-02,0.98
1052252,2025-07-21,1.0
1052294,2021-08-10,0.9
1052294,2022-07-21,0.99
1052294,2024-09-15,1.0
1052483,2021-10-05,0.89
1052483,2022-04-12,0.96
1052483,2024-10-27,1.0
1052493,2021-01-15,0.82
1052493,2022-02-22,0.9
1052493,2023-04-23,0.94
1052493,2024-02-03,0.98
1052493,2025-03-20,1.0
1052586,2021-06-03,0.94
1052586,2023-03-08,0.97
1052586,2025-08-31,1.0
1052701,2021-07-09,0.96
1052701,2024-02-29,0.98
1052701,2025-02-18,1.0
1052724,2021-03-12,0.89
1052724,2023-02-11,0.93
1052724,2024-09-19,0.96
1052724,2025-11-04,1.0
1052923,2021-09-07,0.89
1052923,2022-04-09,0.96
1052923,2024-12-20,1.0
1053261,2021-07-27,0.9
1053261,2022-01-27,0.97
1053261,2024-08-31,0.99
1053261,2025-01-29,1.0
1053292,2021-05-28,0.85
1053292,2022-10-03,0.93
1053292,2023-03-14,0.95
1053292,2024-03-10,0.98
1053292,2025-11-30,1.0
1053352,2021-01-17,0.9
1053352,2023-02-14,0.93
1053352,2024-03-01,0.95
1053352,2025-11-15,1.0
1053425,2021-11-13,0.92
1053425,2022-08-15,0.99
1053425,2025-02-06,1.0
1053553,2021-05-06,0.82
1053553,2022-09-09,0.9
1053553,2023-08-08,0.91
1053553,2024-09-08,0.95
1053553,2025-09-17,1.0
1053950,2021-07-21,0.89
1053950,2022-12-03,0.98
1053950,2025-07-05,1.0
1054222,2021-07-29,0.97
1054222,2024-03-28,0.98
1054222,2025-09-25,1.0
1054289,2021-11-01,0.81
1054289,2022-08-22,0.88
1054289,2023-11-24,0.93
1054289,2024-10-16,0.98
1054289,2025-05-04,1.0
1054332,2021-10-11,0.81
1054332,2022-04-05,0.89
1054332,2023-01-04,0.95
1054332,2025-01-02,1.0
1054412,2021-04-24,0.96
1054412,2023-06-12,0.97
1054412,2024-10-14,1.0
1054481,2021-08-13,0.86
1054481,2022-01-12,0.92
1054481,2023-12-08,0.96
1054481,2024-08-22,1.0
1054508,2021-04-27,0.84
1054508,2022-04-11,0.91
1054508,2024-09-28,0.96
1054508,2025-07-13,1.0
1054522,2021-11-06,0.83
1054522,2022-02-09,0.89
1054522,2023-08-03,0.95
1054522,2024-05-13,1.0
1054586,2021-11-01,0.9
1054586,2022-04-03,0.98
1054586,2025-12-31,1.0
1054595,2021-05-03,0.84
1054595,2022-02-24,0.93
1054595,2023-06-15,0.97
1054595,2024-02-25,0.99
1054595,2025-05-29,1.0
1054648,2021-12-05,0.95
1054648,2023-05-14,0.97
1054648,2025-06-26,1.0
1054672,2021-11-10,0.87
1054672,2022-07-05,0.94
1054672,2024-05-14,0.98
1054672,2025-12-27,1.0
1054698,2021-05-25,0.9
1054698,2022-06-16,0.97
1054698,2023-06-11,0.99
1054698,2025-03-14,1.0
1054822,2021-07-08,0.93
1054822,2023-03-06,0.96
1054822,2024-01-19,0.98
1054822,2025-05-23,1.0
1054919,2021-10-30,0.82
1054919,2022-08-20,0.9
1054919,2023-10-08,0.93
1054919,2024-11-29,0.98
1054919,2025-10-05,1.0
1054987,2021-08-18,0.81
1054987,2022-11-18,0.9
1054987,2023-06-30,0.95
1054987,2024-06-29,0.98
1054987,2025-02-08,1.0
1055005,2021-11-10,0.83
1055005,2022-09-05,0.9
1055005,2023-11-02,0.93
1055005,2024-10-21,0.98
1055005,2025-05-07,1.0
1055049,2021-05-22,0.9
1055049,2023-01-11,0.95
1055049,2024-05-23,1.0
1055084,2021-07-26,0.84
1055084,2022-12-03,0.91
1055084,2023-09-16,0.96
1055084,2024-12-24,0.99
1055084,2025-08-22,1.0
1055117,2021-09-08,0.82
1055117,2022-02-28,0.88
1055117,2023-01-12,0.92
1055117,2024-04-07,0.95
1055117,2025-09-06,1.0
1055295,2021-07-29,0.83
1055295,2022-10-21,0.89
1055295,2023-06-05,0.94
1055295,2024-04-22,0.97
1055295,2025-09-27,1.0
1055300,2021-04-19,0.87
1055300,2022-07-17,0.93
1055300,2023-01-27,0.95
1055300,2024-02-26,0.96
1055300,2025-12-22,1.0
1055334,2021-02-06,0.88
1055334,2022-06-11,0.94
1055334,2023-06-10,1.0
1055531,2021-09-03,0.9
1055531,2024-03-12,0.95
1055531,2025-07-17,1.0
1055537,2021-12-07,0.84
1055537,2022-08-17,0.91
1055537,2023-01-10,0.95
1055537,2024-02-23,0.97
1055537,2025-02-03,1.0
1055742,2021-09-15,0.89
1055742,2022-04-03,0.95
1055742,2025-11-01,1.0
1055768,2021-11-16,0.87
1055768,2022-10-03,0.93
1055768,2023-03-14,0.97
1055768,2024-07-12,1.0
1056116,2021-08-13,0.9
1056116,2022-11-20,1.0
1056205,2021-09-24,0.87
1056205,2022-12-22,0.96
1056205,2023-12-21,0.98
1056205,2025-06-11,1.0
1056213,2021-08-31,0.96
1056213,2024-12-29,0.97
1056213,2025-04-12,1.0
1056503,2021-12-27,0.84
1056503,2022-07-12,0.91
1056503,2023-06-28,0.94
1056503,2024-08-27,0.98
1056503,2025-03-23,1.0
1056670,2021-04-16,0.79
1056670,2022-09-02,0.87
1056670,2023-06-30,0.91
1056670,2024-03-14,0.96
1056670,2025-06-20,1.0
1056678,2021-05-12,0.85
1056678,2022-03-01,0.94
1056678,2023-03-12,0.96
1056678,2025-10-06,1.0
1056720,2021-11-28,0.87
1056720,2022-02-07,0.95
1056720,2023-08-25,0.97
1056720,2024-03-11,1.0
1056948,2021-05-15,0.89
1056948,2022-02-19,0.96
1056948,2024-11-20,0.97
1056948,2025-01-18,1.0
1057193,2021-11-19,0.81
1057193,2022-01-12,0.86
1057193,2023-08-29,0.92
1057193,2024-10-06,0.97
1057193,2025-04-02,1.0
1057703,2021-03-25,0.85
1057703,2022-11-22,0.92
1057703,2023-06-05,0.94
1057703,2024-10-05,0.99
1057703,2025-11-09,1.0
1057886,2021-09-04,0.85
1057886,2022-08-11,0.92
1057886,2024-11-12,0.96
1057886,2025-06-30,1.0
1057915,2021-06-03,0.84
1057915,2022-03-04,0.89
1057915,2023-10-08,0.92
1057915,2024-05-13,0.97
1057915,2025-11-01,1.0
1058078,2021-07-03,0.95
1058078,2023-11-06,0.98
1058078,2025-02-02,1.0
1058203,2021-01-17,0.87
1058203,2022-01-31,0.94
1058203,2024-07-24,0.97
1058203,2025-01-11,1.0
1058257,2021-04-25,0.84
1058257,2022-03-07,0.91
1058257,2023-09-02,0.95
1058257,2024-03-09,1.0
1058447,2021-08-28,0.9
1058447,2022-04-25,0.97
1058447,2024-04-03,1.0
1058464,2021-11-29,0.88
1058464,2022-11-14,0.95
1058464,2024-07-19,0.99
1058464,2025-12-14,1.0
1058486,2021-10-22,0.8
1058486,2022-09-03,0.85
1058486,2023-12-16,0.9
1058486,2024-04-21,0.95
1058486,2025-08-18,1.0
1058561,2021-06-07,0.92
1058561,2023-06-24,0.96
1058561,2025-05-21,1.0
1058662,2021-01-16,0.83
1058662,2022-08-08,0.9
1058662,2023-03-15,0.92
1058662,2024-05-31,0.95
1058662,2025-10-24,1.0
1058705,2021-11-25,0.82
1058705,2022-05-21,0.88
1058705,2023-11-06,0.92
1058705,2024-05-03,0.95
1058705,2025-01-21,1.0
1058804,2021-04-23,0.86
1058804,2022-03-26,0.95
1058804,2023-02-02,0.96
1058804,2025-06-21,1.0
1059285,2021-05-04,0.84
1059285,2022-03-26,0.92
1059285,2023-11-15,0.96
1059285,2024-04-11,0.97
1059285,2025-02-20,1.0
1059344,2021-10-07,0.82
1059344,2022-08-03,0.89
1059344,2023-10-05,0.94
1059344,2024-01-30,0.95
1059344,2025-10-06,1.0
1059413,2021-06-30,0.8
1059413,2022-01-17,0.88
1059413,2023-09-03,0.9
1059413,2024-10-16,0.95
1059413,2025-10-23,1.0
1059430,2021-08-18,0.87
1059430,2022-02-11,0.95
1059430,2023-02-23,0.97
1059430,2025-06-06,1.0
1059446,2021-01-16,0.83
1059446,2022-07-08,0.91
1059446,2023-02-03,0.94
1059446,2024-07-11,0.97
1059446,2025-05-21,1.0
1059481,2021-04-28,0.85
1059481,2022-05-03,0.95
1059481,2023-07-30,0.97
1059481,2025-09-10,1.0
1059559,2021-12-24,0.91
1059559,2023-02-15,0.97
1059559,2025-03-05,1.0
1059638,2021-08-30,0.84
1059638,2022-12-21,0.91
1059638,2024-06-16,0.95
1059638,2025-07-02,1.0
1059773,2021-10-27,0.83
1059773,2022-06-29,0.9
1059773,2023-05-29,0.93
1059773,2024-10-18,0.96
1059773,2025-08-18,1.0
1059875,2021-06-04,0.92
1059875,2022-11-10,0.98
1059875,2024-04-15,1.0
1059995,2021-01-03,0.86
1059995,2022-07-31,0.93
1059995,2023-12-03,0.95
1059995,2024-04-14,0.97
1059995,2025-03-19,1.0
1060044,2021-03-15,0.96
1060044,2023-05-29,0.98
1060044,2024-05-10,1.0
1060104,2021-08-16,0.86
1060104,2022-07-13,0.93
1060104,2023-03-22,0.96
1060104,2024-10-28,0.99
1060104,2025-08-25,1.0
1060129,2021-05-25,0.9
1060129,2024-10-13,0.95
1060129,2025-05-20,1.0
1060152,2021-10-21,0.84
1060152,2022-01-24,0.93
1060152,2023-02-01,0.95
1060152,2024-06-08,0.96
1060152,2025-09-02,1.0
1060309,2021-04-13,0.78
1060309,2022-08-30,0.85
1060309,2023-02-13,0.9
1060309,2024-09-20,0.95
1060309,2025-12-17,1.0
1060329,2021-01-07,0.85
1060329,2022-02-15,0.91
1060329,2023-02-21,0.97
1060329,2024-07-26,1.0
1060457,2021-04-02,0.84
1060457,2022-04-09,0.93
1060457,2023-09-29,0.97
1060457,2025-05-16,1.0
1060491,2021-12-31,0.84
1060491,2022-07-26,0.91
1060491,2023-02-23,0.96
1060491,2024-08-14,0.97
1060491,2025-06-30,1.0
1060608,2021-03-06,0.89
1060608,2023-10-15,0.95
1060608,2024-12-27,0.99
1060608,2025-05-11,1.0
1060735,2021-01-01,0.89
1060735,2022-03-20,0.98
1060735,2024-09-02,1.0
1060898,2021-11-28,0.81
1060898,2022-01-22,0.9
1060898,2023-10-09,0.93
1060898,2024-01-09,0.98
1060898,2025-08-23,1.0
1061073,2021-04-30,0.86
1061073,2022-01-08,0.93
1061073,2023-04-12,0.98
1061073,2024-12-25,1.0
1061110,2021-08-13,0.91
1061110,2022-03-23,0.97
1061110,2023-07-04,0.99
1061110,2024-07-06,1.0
1061144,2021-01-29,0.97
1061144,2023-09-29,0.99
1061144,2025-01-23,1.0
1061221,2021-03-14,0.83
1061221,2022-08-16,0.9
1061221,2023-12-10,0.95
1061221,2025-10-14,1.0
1061313,2021-08-10,0.89
1061313,2023-03-31,0.93
1061313,2024-08-02,0.97
1061313,2025-10-10,1.0
1061370,2021-11-28,0.89
1061370,2022-09-04,0.95
1061370,2023-07-09,0.97
1061370,2025-09-27,1.0
1061559,2021-02-08,0.87
1061559,2022-05-30,0.94
1061559,2023-07-10,0.99
1061559,2025-06-05,1.0
1061583,2021-03-24,0.89
1061583,2022-12-03,0.95
1061583,2023-10-30,0.99
1061583,2024-07-11,1.0
1061717,2021-07-22,0.86
1061717,2022-02-22,0.92
1061717,2023-11-28,0.96
1061717,2025-01-23,1.0
1061726,2021-02-10,0.96
1061726,2024-10-10,1.0
1061804,2021-07-11,0.84
1061804,2022-08-02,0.93
1061804,2023-04-08,0.97
1061804,2024-12-14,1.0
1061814,2021-05-08,0.84
1061814,2022-02-19,0.92
1061814,2024-01-31,0.97
1061814,2025-03-03,1.0
1061846,2021-05-25,0.89
1061846,2022-06-16,0.97
1061846,2024-01-13,0.99
1061846,2025-01-19,1.0
1062052,2021-08-09,0.88
1062052,2022-10-26,0.95
1062052,2023-04-11,0.97
1062052,2024-03-28,0.98
1062052,2025-02-16,1.0
1062082,2021-11-27,0.86
1062082,2023-09-04,0.91
1062082,2024-08-02,0.95
1062082,2025-06-07,1.0
1062086,2021-11-24,0.94
1062086,2023-09-26,0.99
1062086,2025-01-31,1.0
1062207,2021-12-19,0.84
1062207,2022-04-06,0.93
1062207,2024-06-09,0.97
1062207,2025-07-10,1.0
1062393,2021-01-06,0.87
1062393,2022-06-05,0.96
1062393,2025-07-17,1.0
1062396,2021-08-14,0.81
1062396,2022-12-02,0.88
1062396,2023-07-05,0.94
1062396,2024-09-18,0.97
1062396,2025-04-29,1.0
1062406,2021-10-13,0.96
1062406,2024-04-27,1.0
1062410,2021-05-13,0.91
1062410,2022-10-06,1.0
1062627,2021-01-22,0.81
1062627,2022-07-10,0.89
1062627,2023-07-27,0.92
1062627,2024-12-03,0.97
1062627,2025-09-26,1.0
1062661,2021-03-06,0.88
1062661,2022-04-24,0.95
1062661,2024-03-06,0.98
1062661,2025-12-02,1.0
1062713,2021-08-06,0.82
1062713,2022-07-13,0.88
1062713,2023-08-13,0.93
1062713,2024-11-24,0.98
1062713,2025-03-01,1.0
1062722,2021-10-23,0.86
1062722,2022-07-23,0.94
1062722,2023-02-23,0.99
1062722,2024-08-29,1.0
1062852,2021-12-10,0.77
1062852,2022-03-18,0.85
1062852,2023-12-31,0.9
1062852,2024-09-17,0.95
1062852,2025-05-23,1.0
1062931,2021-12-20,0.88
1062931,2022-02-02,0.96
1062931,2023-04-06,1.0
1063016,2021-02-14,0.81
1063016,2022-09-27,0.86
1063016,2023-10-30,0.91
1063016,2024-06-15,0.96
1063016,2025-07-25,1.0
1063200,2021-08-27,0.87
1063200,2022-02-27,0.93
1063200,2023-02-06,0.97
1063200,2024-11-04,0.99
1063200,2025-08-21,1.0
1063284,2021-06-30,0.84
1063284,2022-03-14,0.93
1063284,2024-06-25,0.95
1063284,2025-01-13,1.0
1063292,2021-04-17,0.89
1063292,2022-06-29,0.95
1063292,2025-05-12,1.0
1063296,2021-08-07,0.84
1063296,2022-03-20,0.9
1063296,2023-06-30,0.92
1063296,2024-07-01,0.95
1063296,2025-09-30,1.0
1063417,2021-01-18,0.82
1063417,2022-12-07,0.91
1063417,2023-06-03,0.95
1063417,2025-06-26,1.0
1063496,2021-05-19,0.91
1063496,2023-03-19,0.95
1063496,2024-02-27,1.0
1063499,2021-03-21,0.87
1063499,2022-02-10,0.96
1063499,2025-12-29,1.0
1063608,2021-08-06,0.83
1063608,2022-02-18,0.9
1063608,2024-09-09,0.95
1063608,2025-12-10,1.0
1063623,2021-05-22,0.84
1063623,2022-06-13,0.92
1063623,2023-09-20,0.96
1063623,2025-10-20,1.0
1063848,2021-04-15,0.82
1063848,2022-05-05,0.91
1063848,2024-11-14,0.96
1063848,2025-05-02,1.0
1064106,2021-06-12,0.85
1064106,2022-03-25,0.94
1064106,2023-12-04,0.96
1064106,2025-12-21,1.0
1064255,2021-02-17,0.9
1064255,2023-12-06,0.93
1064255,2024-05-18,0.97
1064255,2025-04-22,1.0
1064290,2021-07-22,0.86
1064290,2022-05-17,0.94
1064290,2023-12-06,0.97
1064290,2025-09-13,1.0
1064677,2021-05-23,0.84
1064677,2022-08-30,0.93
1064677,2024-11-10,0.98
1064677,2025-09-11,1.0
1064705,2021-02-22,0.88
1064705,2023-07-01,0.92
1064705,2024-09-27,0.96
1064705,2025-06-21,1.0
1064786,2021-03-20,0.9
1064786,2023-04-13,0.96
1064786,2024-07-16,1.0
1064807,2021-11-19,0.95
1064807,2024-03-15,0.99
1064807,2025-07-26,1.0
1064893,2021-05-27,0.96
1064893,2023-06-13,0.98
1064893,2025-09-01,1.0
1064940,2021-01-02,0.87
1064940,2022-02-13,0.95
1064940,2023-12-10,0.97
1064940,2025-10-28,1.0
1064957,2021-06-13,0.9
1064957,2022-11-24,0.98
1064957,2024-06-24,0.99
1064957,2025-10-15,1.0
1064987,2021-03-03,0.91
1064987,2023-04-05,0.95
1064987,2025-09-01,1.0
1065009,2021-02-20,0.83
1065009,2022-09-18,0.89
1065009,2023-11-23,0.93
1065009,2024-08-17,0.95
1065009,2025-11-15,1.0
1065045,2021-08-23,0.88
1065045,2022-02-20,0.97
1065045,2023-09-26,1.0
1065129,2021-01-25,0.98
1065129,2025-12-24,1.0
1065380,2021-08-02,0.94
1065380,2024-05-15,0.98
1065380,2025-05-11,1.0
1065394,2021-06-17,0.96
1065394,2023-10-23,1.0
1065472,2021-01-10,0.9
1065472,2022-09-19,0.97
1065472,2024-12-23,1.0
1065722,2021-12-31,0.83
1065722,2022-07-27,0.9
1065722,2023-12-29,0.94
1065722,2024-04-06,0.98
1065722,2025-12-23,1.0
1066137,2021-05-16,0.85
1066137,2022-08-27,0.93
1066137,2024-11-27,0.97
1066137,2025-04-09,1.0
1066189,2021-11-21,0.85
1066189,2022-04-09,0.92
1066189,2023-06-22,0.98
1066189,2024-08-29,1.0
1066202,2021-08-27,0.91
1066202,2022-02-26,0.98
1066202,2023-04-17,1.0
1066447,2021-08-25,0.93
1066447,2023-01-17,0.98
1066447,2024-02-06,1.0
1066470,2021-03-01,0.96
1066470,2024-10-10,1.0
1066523,2021-12-07,0.92
1066523,2023-04-03,0.96
1066523,2024-04-15,0.98
1066523,2025-04-11,1.0
1066632,2021-08-27,0.93
1066632,2023-09-09,0.97
1066632,2024-04-18,1.0
1066887,2021-02-03,0.9
1066887,2022-09-30,0.98
1066887,2023-01-23,1.0
1066967,2021-09-26,0.89
1066967,2023-02-09,0.94
1066967,2024-04-15,0.98
1066967,2025-02-18,1.0
1067140,2021-08-18,0.94
1067140,2024-07-10,0.98
1067140,2025-01-28,1.0
1067312,2021-11-26,0.83
1067312,2022-01-31,0.92
1067312,2023-10-20,0.98
1067312,2024-02-25,1.0
1067356,2021-10-18,0.83
1067356,2022-01-11,0.92
1067356,2023-03-13,0.98
1067356,2024-08-01,0.99
1067356,2025-10-20,1.0
1067407,2021-08-08,0.83
1067407,2022-07-23,0.92
1067407,2023-06-28,0.96
1067407,2025-03-11,1.0
1067536,2021-05-14,0.96
1067536,2023-12-26,0.99
1067536,2024-09-12,1.0
1067609,2021-03-09,0.81
1067609,2022-07-11,0.89
1067609,2023-07-20,0.94
1067609,2024-08-22,0.98
1067609,2025-02-16,1.0
1067630,2021-06-20,0.91
1067630,2023-10-22,0.96
1067630,2025-09-08,1.0
1067806,2021-11-04,0.89
1067806,2022-07-27,0.96
1067806,2024-10-10,1.0
1067846,2021-12-23,0.93
1067846,2024-02-26,0.95
1067846,2025-07-09,1.0
1067959,2021-09-01,0.94
1067959,2023-06-04,0.98
1067959,2025-11-23,1.0
1067986,2021-04-28,0.9
1067986,2023-05-26,0.93
1067986,2024-09-06,0.96
1067986,2025-12-05,1.0
1068066,2021-01-17,0.94
1068066,2023-10-19,0.96
1068066,2024-04-17,0.98
1068066,2025-02-12,1.0
1068077,2021-01-18,0.91
1068077,2023-08-05,0.93
1068077,2024-01-28,0.98
1068077,2025-11-11,1.0
1068225,2021-07-22,0.88
1068225,2023-03-31,0.93
1068225,2024-08-03,0.98
1068225,2025-08-21,1.0
1068499,2021-05-29,0.82
1068499,2022-07-19,0.91
1068499,2023-07-30,0.96
1068499,2025-08-21,1.0
1068547,2021-05-02,0.83
1068547,2022-04-06,0.91
1068547,2023-06-05,0.96
1068547,2024-03-01,0.99
1068547,2025-01-23,1.0
1068676,2021-01-04,0.87
1068676,2022-11-30,0.93
1068676,2024-06-07,0.97
1068676,2025-06-03,1.0
1068696,2021-12-22,0.89
1068696,2022-12-12,0.95
1068696,2023-03-16,0.99
1068696,2025-01-12,1.0
1068762,2021-07-08,0.88
1068762,2023-05-16,0.93
1068762,2024-10-22,0.98
1068762,2025-07-26,1.0
1068831,2021-01-02,0.8
1068831,2022-04-15,0.88
1068831,2023-02-13,0.92
1068831,2024-09-21,0.96
1068831,2025-06-27,1.0
1068883,2021-04-12,0.96
1068883,2023-05-02,1.0
1068933,2021-06-28,0.95
1068933,2023-08-16,0.97
1068933,2024-03-07,0.98
1068933,2025-05-12,1.0
1068958,2021-04-08,0.86
1068958,2022-01-21,0.92
1068958,2023-03-09,0.94
1068958,2024-01-29,0.96
1068958,2025-01-11,1.0
1069040,2021-10-23,0.89
1069040,2022-07-19,0.97
1069040,2023-12-20,0.99
1069040,2025-05-26,1.0
1069060,2021-06-11,0.99
1069060,2025-12-27,1.0
1069091,2021-09-17,0.94
1069091,2024-05-28,0.95
1069091,2025-08-20,1.0
1069133,2021-09-26,0.97
1069133,2023-05-24,1.0
1069234,2021-12-03,0.84
1069234,2022-06-04,0.93
1069234,2024-11-10,0.97
1069234,2025-07-14,1.0
1069707,2021-03-08,0.9
1069707,2022-06-19,0.97
1069707,2024-08-26,1.0
1069744,2021-08-15,0.86
1069744,2022-05-19,0.93
1069744,2023-10-03,0.95
1069744,2024-11-28,1.0
1069918,2021-12-24,0.91
1069918,2023-02-19,0.96
1069918,2024-11-05,1.0
1069975,2021-06-01,0.83
1069975,2022-09-26,0.92
1069975,2023-05-10,0.96
1069975,2024-06-27,1.0
1070004,2021-02-07,0.91
1070004,2023-06-01,0.96
1070004,2024-08-04,1.0
1070131,2021-12-15,0.86
1070131,2022-03-16,0.92
1070131,2023-02-21,0.97
1070131,2024-02-01,1.0
1070259,2021-12-29,0.92
1070259,2023-05-22,0.95
1070259,2024-05-26,0.97
1070259,2025-05-05,1.0
1070275,2021-07-18,0.8
1070275,2022-10-04,0.87
1070275,2023-10-16,0.92
1070275,2024-07-18,0.95
1070275,2025-10-11,1.0
1070324,2021-04-08,0.86
1070324,2022-07-06,0.92
1070324,2023-09-26,0.94
1070324,2024-08-06,0.99
1070324,2025-01-31,1.0
1070489,2021-12-17,0.87
1070489,2022-07-03,0.93
1070489,2023-08-28,0.96
1070489,2025-01-11,1.0
1070552,2021-12-30,0.86
1070552,2022-11-15,0.93
1070552,2023-04-12,0.95
1070552,2024-06-19,0.98
1070552,2025-09-20,1.0
1070755,2021-11-21,0.88
1070755,2022-03-01,0.94
1070755,2023-01-26,0.97
1070755,2024-06-20,1.0
1071423,2021-04-13,0.85
1071423,2022-02-03,0.91
1071423,2023-04-10,0.95
1071423,2025-09-10,1.0
1071501,2021-03-25,0.86
1071501,2023-03-08,0.9
1071501,2024-09-10,0.95
1071501,2025-11-18,1.0
1071585,2021-03-06,0.85
1071585,2022-09-27,0.94
1071585,2024-08-03,0.98
1071585,2025-05-10,1.0
1071660,2021-04-28,0.93
1071660,2022-05-21,1.0
1071828,2021-08-20,0.87
1071828,2022-09-29,0.96
1071828,2025-11-05,1.0
1071916,2021-08-13,0.92
1071916,2023-01-22,0.94
1071916,2024-08-22,0.96
1071916,2025-06-05,1.0
1072232,2021-02-16,0.83
1072232,2022-03-21,0.91
1072232,2023-06-15,0.94
1072232,2024-09-17,0.97
1072232,2025-05-25,1.0
1072364,2021-01-14,0.82
1072364,2022-06-24,0.91
1072364,2023-08-18,0.96
1072364,2025-01-30,1.0
1072482,2021-01-08,0.87
1072482,2022-09-11,0.95
1072482,2023-09-21,0.98
1072482,2024-03-13,1.0
1072494,2021-02-01,0.83
1072494,2022-10-28,0.92
1072494,2023-10-27,0.95
1072494,2024-10-13,0.96
1072494,2025-08-12,1.0
1072555,2021-05-23,0.88
1072555,2022-01-05,0.94
1072555,2024-05-13,0.96
1072555,2025-08-05,1.0
1072765,2021-05-07,0.9
1072765,2022-05-14,0.97
1072765,2023-06-21,1.0
1072850,2021-01-06,0.9
1072850,2022-02-08,0.99
1072850,2025-12-21,1.0
1072993,2021-06-17,0.88
1072993,2022-07-21,0.94
1072993,2023-04-10,0.96
1072993,2024-09-03,0.98
1072993,2025-09-12,1.0
1073100,2021-02-24,0.85
1073100,2022-07-21,0.91
1073100,2023-08-05,0.96
1073100,2025-07-13,1.0
1073154,2021-04-20,0.95
1073154,2025-05-23,1.0
1073459,2021-03-24,0.92
1073459,2024-04-01,0.95
1073459,2025-03-27,1.0
1073655,2021-04-25,0.82
1073655,2022-09-23,0.89
1073655,2023-11-16,0.93
1073655,2024-09-04,0.95
1073655,2025-05-11,1.0
1073657,2021-10-09,0.98
1073657,2024-05-25,1.0
1073750,2021-04-09,0.86
1073750,2022-08-02,0.92
1073750,2023-01-19,0.96
1073750,2024-09-13,1.0
1073930,2021-08-19,0.85
1073930,2022-12-04,0.92
1073930,2023-10-09,0.96
1073930,2025-01-01,1.0
1074079,2021-02-18,0.83
1074079,2022-11-18,0.9
1074079,2023-03-22,0.95
1074079,2024-06-10,0.96
1074079,2025-01-12,1.0
1074138,2021-02-07,0.82
1074138,2022-05-19,0.9
1074138,2023-03-31,0.94
1074138,2024-05-03,0.96
1074138,2025-04-05,1.0
1074186,2021-05-14,0.84
1074186,2022-04-10,0.92
1074186,2023-07-21,0.96
1074186,2024-04-30,1.0
1074293,2021-06-22,0.91
1074293,2022-10-09,0.98
1074293,2023-07-19,1.0
1074425,2021-06-12,0.95
1074425,2023-04-19,0.98
1074425,2025-04-22,1.0
1074632,2021-05-01,0.88
1074632,2022-02-20,0.95
1074632,2023-12-14,0.98
1074632,2024-12-25,1.0
1074641,2021-01-01,0.82
1074641,2022-11-30,0.9
1074641,2023-11-13,0.94
1074641,2024-07-17,0.96
1074641,2025-01-15,1.0
1074679,2021-01-15,0.79
1074679,2022-05-15,0.87
1074679,2023-10-12,0.92
1074679,2024-01-09,0.95
1074679,2025-06-18,1.0
1074756,2021-07-05,0.85
1074756,2022-05-03,0.91
1074756,2023-02-20,0.94
1074756,2024-06-30,0.97
1074756,2025-08-09,1.0
1074919,2021-08-03,0.84
1074919,2022-02-24,0.93
1074919,2024-03-19,0.98
1074919,2025-01-04,1.0
1074988,2021-03-25,0.84
1074988,2022-12-29,0.93
1074988,2024-09-10,0.95
1074988,2025-02-04,1.0
1075088,2021-10-08,0.8
1075088,2022-11-06,0.87
1075088,2023-01-01,0.91
1075088,2024-10-04,0.96
1075088,2025-04-01,1.0
1075459,2021-07-04,0.88
1075459,2022-01-19,0.96
1075459,2024-11-10,0.99
1075459,2025-07-27,1.0
1075617,2021-07-02,0.92
1075617,2023-06-20,0.95
1075617,2024-05-05,1.0
1075627,2021-11-18,0.85
1075627,2022-12-19,0.91
1075627,2023-11-07,0.97
1075627,2024-08-09,0.99
1075627,2025-11-20,1.0
1075654,2021-08-13,0.94
1075654,2023-07-01,0.96
1075654,2024-05-11,0.97
1075654,2025-08-22,1.0
1075688,2021-05-30,0.88
1075688,2022-09-07,0.95
1075688,2023-07-22,1.0
1075803,2021-01-26,0.82
1075803,2022-11-06,0.89
1075803,2023-06-07,0.93
1075803,2024-12-23,0.98
1075803,2025-07-16,1.0
1076303,2021-05-24,0.81
1076303,2022-04-21,0.89
1076303,2023-11-23,0.91
1076303,2024-11-05,0.96
1076303,2025-01-22,1.0
1076466,2021-06-30,0.93
1076466,2023-12-12,0.97
1076466,2024-04-21,1.0
1076472,2021-05-07,0.9
1076472,2022-01-16,0.98
1076472,2023-01-22,1.0
1076492,2021-05-11,0.83
1076492,2022-08-22,0.92
1076492,2023-03-01,0.97
1076492,2025-07-19,1.0
1832614,2021-04-17,0.84
1832614,2022-06-26,0.92
1832614,2023-06-02,0.97
1832614,2025-02-16,1.0
1832616,2021-03-20,0.88
1832616,2022-10-02,0.95
1832616,2023-09-16,1.0
1832669,2021-09-21,0.91
1832669,2022-04-20,0.99
1832669,2025-10-10,1.0
1832885,2021-09-13,0.91
1832885,2023-09-12,0.94
1832885,2024-03-28,0.97
1832885,2025-05-12,1.0
1833002,2021-02-19,0.94
1833002,2024-07-15,0.95
1833002,2025-04-04,1.0
1833031,2021-04-05,0.87
1833031,2022-02-20,0.94
1833031,2023-03-26,0.96
1833031,2024-04-23,1.0
1833210,2021-08-04,0.92
1833210,2024-10-19,0.96
1833210,2025-04-02,1.0
1833233,2021-08-13,0.85
1833233,2022-07-31,0.93
1833233,2023-05-01,0.99
1833233,2025-05-14,1.0
1833275,2021-03-17,0.85
1833275,2022-05-03,0.92
1833275,2024-10-04,0.96
1833275,2025-05-16,1.0
1833436,2021-05-24,0.95
1833436,2024-02-05,0.97
1833436,2025-08-24,1.0
1833584,2021-02-19,0.86
1833584,2022-04-12,0.92
1833584,2023-09-19,0.95
1833584,2024-12-09,0.98
1833584,2025-04-21,1.0
1833628,2021-07-28,0.84
1833628,2022-05-27,0.91
1833628,2023-07-02,0.96
1833628,2024-02-20,1.0
1833635,2021-11-16,0.89
1833635,2023-11-21,0.95
1833635,2024-05-26,1.0
1833715,2021-07-06,0.93
1833715,2023-05-14,0.97
1833715,2024-09-23,0.98
1833715,2025-07-15,1.0
1834594,2021-05-10,0.87
1834594,2022-11-21,0.95
1834594,2024-01-09,0.99
1834594,2025-05-28,1.0
1834670,2021-08-22,0.82
1834670,2022-04-11,0.9
1834670,2023-05-03,0.95
1834670,2024-07-07,0.96
1834670,2025-05-26,1.0
1834677,2021-02-05,0.93
1834677,2023-09-19,0.96
1834677,2024-11-10,0.97
1834677,2025-10-22,1.0
1834682,2021-08-08,0.89
1834682,2022-04-21,0.95
1834682,2023-12-19,0.99
1834682,2024-04-30,1.0
1834865,2021-02-18,0.87
1834865,2022-05-02,0.94
1834865,2023-03-03,1.0
1835002,2021-09-27,0.88
1835002,2022-09-04,0.98
1835002,2024-01-20,1.0
1835008,2021-03-22,0.86
1835008,2022-01-15,0.93
1835008,2023-02-19,0.96
1835008,2024-12-23,1.0
1835229,2021-01-10,0.93
1835229,2024-12-23,0.96
1835229,2025-05-02,1.0
1835334,2021-08-25,0.85
1835334,2022-12-31,0.94
1835334,2023-05-09,0.96
1835334,2025-08-31,1.0
1835523,2021-10-22,0.84
1835523,2022-11-01,0.91
1835523,2024-08-17,0.95
1835523,2025-06-28,1.0
1835625,2021-11-20,0.86
1835625,2022-08-17,0.92
1835625,2023-05-24,0.95
1835625,2025-04-17,1.0
1835714,2021-02-15,0.9
1835714,2023-12-02,0.93
1835714,2024-06-28,0.95
1835714,2025-03-15,1.0
1835852,2021-06-03,0.84
1835852,2022-04-28,0.91
1835852,2023-01-05,0.96
1835852,2024-10-24,0.99
1835852,2025-04-22,1.0
1835897,2021-10-06,0.86
1835897,2022-09-21,0.95
1835897,2023-08-21,0.96
1835897,2025-02-17,1.0
1835904,2021-08-16,1.0
1835946,2021-12-27,0.94
1835946,2023-01-06,1.0
1835957,2021-04-13,1.0
1836010,2021-02-09,0.83
1836010,2022-07-12,0.92
1836010,2023-06-23,0.96
1836010,2024-12-13,1.0
1836144,2021-05-05,0.85
1836144,2022-09-30,0.94
1836144,2024-02-04,0.98
1836144,2025-03-01,1.0
1836286,2021-08-17,0.86
1836286,2022-08-15,0.93
1836286,2024-04-19,0.96
1836286,2025-12-23,1.0
1836346,2021-01-02,0.84
1836346,2022-05-14,0.93
1836346,2023-06-21,0.97
1836346,2024-07-03,1.0
1836404,2021-05-18,0.82
1836404,2022-03-21,0.9
1836404,2023-06-27,0.92
1836404,2024-07-27,0.97
1836404,2025-12-12,1.0
1836445,2021-09-30,0.97
1836445,2024-06-03,0.99
1836445,2025-04-29,1.0
1836631,2021-02-28,0.88
1836631,2022-03-09,0.96
1836631,2024-09-17,0.99
1836631,2025-11-15,1.0
1836663,2021-09-30,0.85
1836663,2022-03-30,0.92
1836663,2023-03-21,0.97
1836663,2024-07-09,1.0
1836691,2021-04-05,0.82
1836691,2022-08-12,0.89
1836691,2023-08-15,0.94
1836691,2024-06-23,0.96
1836691,2025-05-09,1.0
1836716,2021-08-02,0.89
1836716,2022-01-30,0.96
1836716,2024-06-06,1.0
1836997,2021-04-22,0.85
1836997,2022-05-15,0.92
1836997,2023-01-16,0.96
1836997,2025-08-03,1.0
1837578,2021-06-05,0.84
1837578,2022-08-13,0.9
1837578,2023-07-28,0.92
1837578,2024-10-14,0.96
1837578,2025-07-15,1.0
1837599,2021-01-10,0.82
1837599,2022-10-14,0.89
1837599,2023-05-13,0.94
1837599,2024-09-21,0.98
1837599,2025-12-09,1.0
1837671,2021-08-27,0.87
1837671,2022-10-11,0.94
1837671,2024-09-24,0.97
1837671,2025-03-01,1.0
1837693,2021-07-05,0.84
1837693,2022-02-19,0.91
1837693,2023-09-17,0.94
1837693,2024-01-20,0.96
1837693,2025-04-14,1.0
1838109,2021-05-04,0.8
1838109,2022-11-15,0.86
1838109,2023-12-21,0.9
1838109,2024-04-14,0.95
1838109,2025-03-03,1.0
1838155,2021-04-03,0.97
1838155,2023-09-28,1.0
1838235,2021-06-06,0.85
1838235,2022-11-25,0.94
1838235,2024-04-20,0.99
1838235,2025-01-21,1.0
1838525,2021-07-26,0.83
1838525,2022-06-09,0.91
1838525,2023-04-19,0.97
1838525,2024-09-27,1.0
1838746,2021-05-30,0.87
1838746,2022-03-20,0.95
1838746,2024-12-04,0.98
1838746,2025-06-01,1.0
1838807,2021-02-26,0.91
1838807,2023-09-10,0.94
1838807,2024-02-03,0.97
1838807,2025-02-05,1.0
1838943,2021-05-31,0.94
1838943,2023-07-12,0.98
1838943,2024-11-19,1.0
1838963,2021-04-21,0.83
1838963,2022-12-16,0.92
1838963,2023-04-24,0.94
1838963,2024-08-15,0.98
1838963,2025-08-31,1.0
1839025,2021-05-14,0.86
1839025,2022-06-24,0.96
1839025,2024-05-06,0.99
1839025,2025-09-22,1.0
1839229,2021-04-10,0.88
1839229,2022-07-14,0.98
1839229,2023-03-22,1.0
1839237,2021-08-26,0.81
1839237,2022-09-18,0.88
1839237,2023-08-07,0.93
1839237,2024-05-25,0.95
1839237,2025-10-16,1.0
1839324,2021-01-02,0.91
1839324,2023-06-24,0.95
1839324,2024-10-18,0.98
1839324,2025-06-11,1.0
1839450,2021-07-06,0.82
1839450,2022-05-16,0.89
1839450,2023-01-19,0.93
1839450,2024-07-27,0.98
1839450,2025-07-06,1.0
1839551,2021-02-17,0.86
1839551,2022-07-08,0.92
1839551,2024-02-29,0.96
1839551,2025-07-31,1.0
1839627,2021-01-09,0.83
1839627,2022-01-31,0.9
1839627,2023-08-24,0.95
1839627,2024-05-16,0.96
1839627,2025-01-16,1.0
1839687,2021-10-27,0.94
1839687,2023-04-10,0.96
1839687,2024-09-12,0.97
1839687,2025-04-19,1.0
1839874,2021-02-28,0.91
1839874,2024-03-05,0.95
1839874,2025-10-12,1.0
1839889,2021-02-01,0.88
1839889,2022-09-01,0.94
1839889,2024-11-16,0.98
1839889,2025-01-16,1.0
1840008,2021-11-04,0.83
1840008,2022-03-14,0.92
1840008,2023-04-27,0.96
1840008,2024-08-21,1.0
1840200,2021-07-21,0.91
1840200,2022-09-13,1.0
1840213,2021-10-10,0.93
1840213,2023-07-05,0.98
1840213,2024-10-08,0.99
1840213,2025-08-12,1.0
1840221,2021-07-27,0.87
1840221,2022-09-03,0.96
1840221,2023-07-11,0.98
1840221,2024-11-25,1.0
1840249,2021-11-03,0.85
1840249,2022-05-08,0.91
1840249,2023-12-17,0.95
1840249,2024-05-03,0.97
1840249,2025-01-11,1.0
1840255,2021-10-07,0.84
1840255,2022-08-04,0.93
1840255,2023-05-19,0.96
1840255,2024-05-18,1.0
1840395,2021-11-15,0.84
1840395,2022-03-24,0.92
1840395,2024-01-04,0.96
1840395,2025-06-12,1.0
1840495,2021-10-14,0.86
1840495,2022-04-05,0.95
1840495,2023-05-28,0.97
1840495,2024-02-04,1.0
1840521,2021-01-30,0.79
1840521,2022-10-27,0.88
1840521,2023-12-14,0.93
1840521,2024-04-02,0.96
1840521,2025-01-04,1.0
1856185,2021-10-10,0.94
1856185,2023-04-06,0.98
1856185,2024-12-07,1.0
1856417,2021-04-22,0.87
1856417,2022-05-13,0.94
1856417,2023-11-09,0.98
1856417,2025-05-16,1.0
1856521,2021-03-20,0.85
1856521,2022-09-21,0.94
1856521,2023-11-03,0.99
1856521,2025-01-12,1.0
1856693,2021-12-10,1.0
1856877,2021-02-28,0.87
1856877,2022-04-29,0.93
1856877,2023-02-11,0.96
1856877,2025-10-28,1.0
1857052,2021-12-24,0.84
1857052,2022-07-08,0.92
1857052,2024-11-28,0.96
1857052,2025-08-30,1.0
1857249,2021-07-14,0.98
1857249,2023-04-25,1.0
1857259,2021-05-19,0.84
1857259,2022-09-03,0.93
1857259,2023-07-22,0.99
1857259,2025-08-02,1.0
1857276,2021-01-26,0.9
1857276,2022-11-26,0.96
1857276,2023-09-25,0.99
1857276,2024-01-08,1.0
1857566,2021-12-19,0.82
1857566,2022-04-30,0.9
1857566,2023-09-16,0.93
1857566,2024-07-08,0.97
1857566,2025-03-05,1.0
1857916,2021-03-05,0.88
1857916,2022-12-09,0.95
1857916,2025-06-03,1.0
1858420,2021-06-17,0.91
1858420,2023-07-06,0.94
1858420,2024-10-25,0.97
1858420,2025-08-24,1.0
1858532,2021-06-03,0.98
1858532,2023-10-18,1.0
1858728,2021-08-12,0.96
1858728,2023-01-19,1.0
1858839,2021-09-05,0.88
1858839,2022-08-04,0.96
1858839,2023-06-07,0.98
1858839,2024-12-01,0.99
1858839,2025-06-23,1.0
1859081,2021-10-16,0.83
1859081,2022-07-16,0.92
1859081,2023-06-23,0.97
1859081,2024-07-07,0.99
1859081,2025-11-21,1.0
1859101,2021-09-27,0.9
1859101,2022-09-03,0.97
1859101,2023-10-15,1.0
1859548,2021-02-23,0.84
1859548,2022-04-29,0.93
1859548,2023-12-14,0.95
1859548,2024-05-03,0.99
1859548,2025-05-22,1.0
1859777,2021-05-25,0.95
1859777,2024-05-25,1.0
1859812,2021-09-11,0.89
1859812,2023-03-19,0.94
1859812,2024-07-18,0.98
1859812,2025-07-11,1.0
1860030,2021-12-31,0.85
1860030,2022-04-23,0.93
1860030,2023-09-07,0.96
1860030,2024-03-11,1.0
1860401,2021-03-19,0.94
1860401,2024-01-31,0.97
1860401,2025-08-02,1.0
1860649,2021-02-21,0.92
1860649,2023-07-10,0.96
1860649,2025-05-06,1.0
1860804,2021-12-31,0.97
1860804,2023-08-12,0.99
1860804,2024-03-28,1.0
1861460,2021-07-22,0.9
1861460,2022-07-14,0.97
1861460,2023-04-09,1.0
1861663,2021-01-11,0.87
1861663,2023-01-14,0.91
1861663,2024-12-20,0.95
1861663,2025-01-04,1.0
1861959,2021-05-07,0.91
1861959,2023-12-17,0.97
1861959,2024-10-24,1.0
1862392,2021-05-28,0.85
1862392,2022-11-27,0.94
1862392,2023-09-10,0.96
1862392,2024-03-04,0.98
1862392,2025-09-13,1.0
1862420,2021-11-22,0.84
1862420,2022-12-01,0.9
1862420,2023-02-04,0.92
1862420,2024-05-26,0.96
1862420,2025-12-18,1.0
1862930,2021-04-11,0.89
1862930,2022-06-15,0.95
1862930,2023-06-11,0.98
1862930,2024-06-29,1.0
1863150,2021-01-11,0.82
1863150,2022-08-27,0.88
1863150,2023-07-07,0.93
1863150,2024-12-11,0.97
1863150,2025-03-05,1.0
1863249,2021-04-24,0.85
1863249,2022-11-01,0.94
1863249,2023-11-15,0.98
1863249,2024-09-18,1.0
1863411,2021-12-19,0.81
1863411,2022-06-13,0.9
1863411,2023-05-09,0.95
1863411,2024-09-14,0.99
1863411,2025-07-17,1.0
1863490,2021-02-26,0.8
1863490,2022-08-24,0.89
1863490,2023-04-12,0.94
1863490,2024-08-30,0.98
1863490,2025-11-17,1.0
1863837,2021-07-03,0.78
1863837,2022-10-28,0.85
1863837,2023-01-28,0.9
1863837,2024-02-02,0.95
1863837,2025-01-23,1.0
1863880,2021-01-29,0.89
1863880,2022-07-19,0.96
1863880,2023-01-09,0.99
1863880,2024-09-21,1.0
1863903,2021-09-13,0.86
1863903,2022-06-24,0.94
1863903,2023-02-24,0.99
1863903,2025-05-29,1.0
1863970,2021-09-02,0.91
1863970,2022-01-03,0.99
1863970,2024-09-19,1.0
1864048,2021-03-23,0.85
1864048,2022-11-07,0.92
1864048,2024-07-27,0.95
1864048,2025-07-20,1.0
1864099,2021-09-08,0.92
1864099,2023-12-03,0.97
1864099,2025-12-08,1.0
1864254,2021-08-09,0.84
1864254,2022-04-15,0.92
1864254,2024-09-09,0.96
1864254,2025-08-29,1.0
1864332,2021-04-26,0.93
1864332,2024-12-07,0.96
1864332,2025-08-07,1.0
1864666,2021-05-12,0.91
1864666,2022-01-07,0.97
1864666,2023-12-22,0.98
1864666,2025-06-12,1.0
1865015,2021-05-19,0.82
1865015,2022-07-25,0.89
1865015,2023-03-20,0.93
1865015,2024-12-08,0.97
1865015,2025-09-15,1.0
1865034,2021-08-28,0.85
1865034,2022-06-29,0.91
1865034,2023-09-19,0.96
1865034,2025-06-13,1.0
1865058,2021-12-28,0.89
1865058,2022-02-11,0.96
1865058,2023-10-02,0.99
1865058,2025-01-14,1.0
1865450,2021-11-17,0.96
1865450,2023-12-25,0.99
1865450,2024-04-12,1.0
1865472,2021-03-07,0.9
1865472,2022-05-09,1.0
1865713,2021-07-21,0.83
1865713,2022-05-24,0.92
1865713,2023-03-16,0.95
1865713,2024-08-05,0.98
1865713,2025-02-17,1.0
1865862,2021-09-23,0.92
1865862,2023-02-12,0.95
1865862,2024-07-29,1.0
1865897,2021-10-21,0.8
1865897,2022-02-28,0.88
1865897,2023-03-09,0.91
1865897,2024-12-08,0.95
1865897,2025-03-26,1.0
1866372,2021-03-24,0.82
1866372,2022-05-27,0.9
1866372,2023-12-22,0.93
1866372,2024-08-05,0.98
1866372,2025-10-09,1.0
1866711,2021-09-02,0.83
1866711,2022-12-07,0.91
1866711,2023-06-12,0.96
1866711,2024-12-22,0.97
1866711,2025-09-25,1.0
1867190,2021-12-21,0.87
1867190,2022-06-11,0.93
1867190,2023-03-08,0.95
1867190,2024-06-09,0.98
1867190,2025-06-13,1.0
1867434,2021-05-06,0.82
1867434,2022-11-01,0.88
1867434,2023-03-27,0.93
1867434,2024-08-15,0.97
1867434,2025-01-03,1.0
1868240,2021-03-22,0.88
1868240,2022-03-23,0.96
1868240,2025-12-26,1.0
1868404,2021-11-25,0.8
1868404,2022-02-26,0.86
1868404,2023-09-17,0.91
1868404,2024-06-18,0.96
1868404,2025-03-01,1.0
1868494,2021-06-04,0.94
1868494,2023-11-09,0.96
1868494,2024-06-01,0.99
1868494,2025-07-19,1.0
1868653,2021-04-13,0.9
1868653,2022-08-31,0.99
1868653,2025-03-31,1.0
1869034,2021-10-30,0.91
1869034,2023-03-29,0.95
1869034,2025-03-09,1.0
1869944,2021-02-20,0.93
1869944,2023-03-09,0.97
1869944,2024-04-23,1.0
1870299,2021-04-08,0.81
1870299,2022-06-06,0.88
1870299,2023-08-06,0.92
1870299,2024-04-02,0.97
1870299,2025-03-07,1.0
1870526,2021-11-10,0.81
1870526,2022-12-30,0.89
1870526,2023-04-16,0.93
1870526,2024-08-22,0.96
1870526,2025-05-20,1.0
1870959,2021-12-08,0.94
1870959,2023-07-01,0.98
1870959,2024-09-11,1.0
1870964,2021-09-13,0.94
1870964,2023-07-28,0.97
1870964,2025-04-23,1.0
1871251,2021-11-04,0.89
1871251,2022-05-23,0.96
1871251,2025-07-26,1.0
1871507,2021-02-26,0.86
1871507,2022-05-18,0.94
1871507,2023-06-25,0.96
1871507,2024-06-02,1.0
1871627,2021-04-14,0.86
1871627,2022-02-16,0.92
1871627,2023-05-16,0.97
1871627,2024-11-18,1.0
1878336,2021-05-07,0.89
1878336,2023-04-07,0.93
1878336,2024-11-06,0.98
1878336,2025-09-05,1.0
1878727,2021-01-13,0.79
1878727,2022-11-29,0.87
1878727,2023-10-05,0.9
1878727,2024-12-25,0.95
1878727,2025-03-29,1.0
1878736,2021-09-22,0.82
1878736,2022-05-30,0.91
1878736,2023-02-10,0.95
1878736,2024-05-23,0.98
1878736,2025-03-29,1.0
1879131,2021-01-10,0.97
1879131,2024-10-28,0.98
1879131,2025-09-16,1.0
1879132,2021-10-16,0.81
1879132,2022-09-23,0.89
1879132,2023-04-27,0.92
1879132,2024-05-21,0.97
1879132,2025-02-13,1.0
1879293,2021-07-11,0.94
1879293,2023-12-24,0.97
1879293,2025-10-16,1.0
1879294,2021-03-03,0.83
1879294,2022-09-04,0.9
1879294,2023-11-12,0.92
1879294,2024-01-25,0.97
1879294,2025-08-25,1.0
1879640,2021-07-25,0.8
1879640,2022-02-18,0.88
1879640,2023-06-17,0.93
1879640,2024-10-06,0.95
1879640,2025-02-23,1.0
1879820,2021-07-15,0.9
1879820,2022-05-20,0.98
1879820,2023-04-28,0.99
1879820,2025-03-01,1.0
1880064,2021-01-08,0.85
1880064,2022-01-09,0.94
1880064,2024-01-10,0.95
1880064,2025-05-24,1.0
1880926,2021-05-17,0.82
1880926,2022-04-16,0.91
1880926,2023-07-05,0.97
1880926,2024-06-12,0.98
1880926,2025-04-07,1.0
1881242,2021-05-08,0.95
1881242,2024-01-04,0.96
1881242,2025-07-08,1.0
1881978,2021-11-12,0.94
1881978,2023-01-23,0.99
1881978,2025-01-14,1.0
1882059,2021-11-21,0.94
1882059,2023-11-17,0.96
1882059,2025-01-28,1.0
1882525,2021-02-08,0.84
1882525,2022-03-14,0.93
1882525,2024-02-22,0.98
1882525,2025-04-06,1.0
1882566,2021-08-01,0.88
1882566,2023-09-03,0.92
1882566,2024-11-08,0.97
1882566,2025-06-15,1.0
1882567,2021-10-31,0.93
1882567,2024-04-21,0.98
1882567,2025-01-23,1.0
1882729,2021-07-25,0.83
1882729,2022-01-03,0.91
1882729,2023-04-18,0.95
1882729,2024-10-02,0.98
1882729,2025-11-28,1.0
1882799,2021-09-17,0.87
1882799,2022-02-04,0.94
1882799,2023-04-17,0.99
1882799,2025-05-28,1.0
1882842,2021-07-06,0.79
1882842,2022-10-02,0.87
1882842,2023-08-06,0.92
1882842,2024-02-03,0.96
1882842,2025-12-18,1.0
1883312,2021-07-06,0.83
1883312,2022-09-21,0.92
1883312,2023-05-11,0.98
1883312,2024-02-09,1.0
1883392,2021-03-24,0.83
1883392,2022-08-25,0.92
1883392,2023-08-09,0.95
1883392,2024-07-18,0.96
1883392,2025-03-31,1.0
1883677,2021-03-17,0.85
1883677,2022-05-19,0.91
1883677,2023-09-17,0.96
1883677,2024-07-30,0.98
1883677,2025-02-25,1.0
1883733,2021-02-05,0.81
1883733,2022-11-08,0.9
1883733,2023-03-14,0.93
1883733,2024-08-25,0.96
1883733,2025-02-15,1.0
1883819,2021-05-14,0.95
1883819,2023-04-17,0.97
1883819,2024-02-15,0.98
1883819,2025-12-17,1.0
1884543,2021-11-20,0.86
1884543,2022-06-23,0.93
1884543,2023-05-26,0.99
1884543,2025-11-27,1.0
1885145,2021-02-14,0.87
1885145,2022-12-16,0.94
1885145,2024-12-04,0.98
1885145,2025-07-16,1.0
1885836,2021-07-03,0.91
1885836,2022-02-17,0.97
1885836,2024-04-18,0.99
1885836,2025-08-11,1.0
1885897,2021-09-20,0.85
1885897,2022-05-08,0.92
1885897,2023-03-29,0.95
1885897,2024-04-10,1.0
1886181,2021-09-20,0.88
1886181,2022-11-07,0.97
1886181,2025-05-21,1.0
1886182,2021-11-08,0.86
1886182,2022-03-16,0.93
1886182,2023-05-14,0.98
1886182,2024-03-29,1.0
1886368,2021-04-07,0.91
1886368,2022-05-04,0.98
1886368,2023-07-17,1.0
1886408,2021-03-24,0.86
1886408,2022-08-27,0.92
1886408,2023-07-08,0.97
1886408,2024-06-07,1.0
1886595,2021-01-29,0.91
1886595,2023-02-07,0.93
1886595,2024-10-10,0.96
1886595,2025-11-16,1.0
1886629,2021-05-26,0.87
1886629,2022-06-05,0.96
1886629,2024-12-07,0.98
1886629,2025-04-22,1.0
1886728,2021-11-30,0.86
1886728,2022-07-19,0.94
1886728,2024-10-18,0.97
1886728,2025-01-03,1.0
1886749,2021-11-08,0.81
1886749,2022-07-18,0.88
1886749,2023-12-12,0.93
1886749,2024-02-23,0.97
1886749,2025-07-13,1.0
1886783,2021-03-31,0.93
1886783,2023-02-11,0.95
1886783,2024-03-19,1.0
1886874,2021-05-11,0.87
1886874,2022-02-19,0.96
1886874,2023-08-11,0.97
1886874,2025-11-04,1.0
1886899,2021-06-21,1.0
1886967,2021-08-15,0.87
1886967,2022-11-06,0.94
1886967,2023-04-16,1.0
1886988,2021-02-17,0.89
1886988,2022-06-09,0.95
1886988,2023-08-04,0.99
1886988,2025-10-31,1.0
1887047,2021-12-04,0.94
1887047,2023-02-23,0.96
1887047,2024-01-16,1.0
1887185,2021-04-23,0.89
1887185,2023-05-13,0.94
1887185,2024-11-07,0.96
1887185,2025-07-05,1.0
1887357,2021-01-23,0.85
1887357,2022-10-20,0.94
1887357,2023-07-16,0.97
1887357,2024-09-27,0.98
1887357,2025-03-20,1.0
1887501,2021-03-22,0.86
1887501,2022-03-20,0.92
1887501,2024-12-05,0.97
1887501,2025-12-10,1.0
1887743,2021-06-23,0.81
1887743,2022-02-24,0.9
1887743,2023-02-16,0.95
1887743,2024-10-10,1.0
1888494,2021-05-20,0.98
1888494,2024-02-20,0.99
1888494,2025-03-23,1.0
1888735,2021-03-26,0.86
1888735,2022-09-04,0.93
1888735,2023-02-26,0.95
1888735,2024-07-06,0.99
1888735,2025-05-27,1.0
1888935,2021-03-02,0.89
1888935,2023-06-28,0.94
1888935,2024-11-14,0.97
1888935,2025-03-06,1.0
1888966,2021-10-19,0.87
1888966,2022-07-08,0.93
1888966,2023-01-26,0.96
1888966,2024-07-06,1.0
1889144,2021-10-24,0.87
1889144,2022-12-02,0.95
1889144,2024-09-01,0.96
1889144,2025-01-20,1.0
1889424,2021-05-05,0.91
1889424,2023-05-26,0.94
1889424,2024-03-07,0.96
1889424,2025-02-16,1.0
1889579,2021-02-18,0.8
1889579,2022-10-17,0.89
1889579,2023-09-14,0.92
1889579,2024-04-24,0.96
1889579,2025-08-01,1.0
1903995,2021-05-21,0.8
1903995,2022-12-24,0.88
1903995,2023-02-09,0.93
1903995,2024-03-29,0.98
1903995,2025-10-19,1.0
1904270,2021-02-19,0.91
1904270,2024-09-12,0.95
1904270,2025-02-28,1.0
1904846,2021-02-14,0.86
1904846,2022-08-22,0.95
1904846,2024-04-21,0.98
1904846,2025-02-10,1.0
1904857,2021-03-14,0.85
1904857,2022-09-05,0.95
1904857,2024-11-29,0.99
1904857,2025-01-31,1.0
1904911,2021-01-10,0.82
1904911,2022-02-04,0.89
1904911,2023-07-16,0.95
1904911,2024-05-18,0.96
1904911,2025-11-18,1.0
1905077,2021-08-10,0.88
1905077,2022-02-10,0.95
1905077,2025-10-26,1.0
1905142,2021-03-11,0.96
1905142,2025-09-05,1.0
1905238,2021-09-22,0.89
1905238,2022-07-19,0.99
1905238,2024-02-01,1.0
1905560,2021-01-27,0.94
1905560,2023-10-30,0.98
1905560,2025-02-01,1.0
1905803,2021-06-08,0.92
1905803,2022-01-06,0.98
1905803,2025-07-26,1.0
1906123,2021-10-11,0.96
1906123,2025-05-27,1.0
1906131,2021-07-28,0.94
1906131,2024-12-26,0.97
1906131,2025-05-04,1.0
1906226,2021-01-03,0.95
1906226,2024-09-17,0.96
1906226,2025-04-23,1.0
1906524,2021-06-12,0.83
1906524,2022-01-20,0.92
1906524,2023-01-22,0.94
1906524,2024-05-14,0.98
1906524,2025-06-16,1.0
1906545,2021-08-14,0.89
1906545,2022-02-21,0.98
1906545,2023-03-29,1.0
1907027,2021-04-13,0.95
1907027,2023-12-24,0.98
1907027,2024-11-15,1.0
1907262,2021-11-14,0.93
1907262,2023-04-06,0.98
1907262,2024-03-08,1.0
1907391,2021-02-23,0.84
1907391,2022-10-06,0.91
1907391,2023-01-14,0.96
1907391,2025-08-27,1.0
1907486,2021-04-18,0.91
1907486,2023-02-22,0.95
1907486,2025-11-11,1.0
1907858,2021-09-22,0.8
1907858,2022-02-19,0.89
1907858,2023-11-11,0.92
1907858,2024-08-06,0.97
1907858,2025-03-02,1.0
1908010,2021-08-14,0.95
1908010,2024-04-28,0.97
1908010,2025-01-29,1.0
1908173,2021-02-25,0.85
1908173,2022-02-23,0.94
1908173,2023-04-08,0.95
1908173,2025-05-24,1.0
1908217,2021-04-11,0.88
1908217,2022-03-14,0.97
1908217,2023-04-12,0.99
1908217,2024-07-07,1.0
1908592,2021-07-29,0.83
1908592,2022-12-20,0.91
1908592,2023-07-09,0.94
1908592,2024-09-04,0.95
1908592,2025-07-27,1.0
1908829,2021-08-27,1.0
1908913,2021-09-15,0.84
1908913,2022-12-08,0.93
1908913,2023-07-13,0.95
1908913,2025-03-10,1.0
1908994,2021-11-20,0.85
1908994,2022-07-17,0.93
1908994,2023-06-23,0.98
1908994,2025-06-21,1.0
1909278,2021-08-02,0.85
1909278,2022-03-13,0.94
1909278,2024-03-04,0.96
1909278,2025-07-03,1.0
1909555,2021-09-26,0.92
1909555,2023-02-26,0.96
1909555,2025-08-16,1.0
1909687,2021-07-20,0.94
1909687,2024-10-12,0.99
1909687,2025-07-23,1.0
1909916,2021-12-30,0.86
1909916,2022-12-04,0.92
1909916,2023-11-14,0.97
1909916,2025-03-17,1.0
1910091,2021-01-14,0.97
1910091,2024-12-04,0.99
1910091,2025-12-17,1.0
1910400,2021-07-06,0.91
1910400,2023-02-10,0.97
1910400,2024-03-25,0.99
1910400,2025-12-12,1.0
1910998,2021-11-17,0.97
1910998,2023-12-27,1.0
1911028,2021-11-27,0.89
1911028,2022-06-23,0.95
1911028,2025-06-27,1.0
1911051,2021-07-22,0.85
1911051,2022-04-26,0.92
1911051,2023-08-30,0.96
1911051,2024-11-01,1.0
1911353,2021-02-06,0.85
1911353,2022-06-04,0.92
1911353,2024-03-07,0.95
1911353,2025-09-01,1.0
1911371,2021-09-24,0.83
1911371,2022-03-12,0.9
1911371,2023-06-06,0.94
1911371,2024-07-15,0.99
1911371,2025-03-27,1.0
1911399,2021-12-04,0.9
1911399,2023-08-21,0.95
1911399,2025-01-10,1.0
1911611,2021-10-12,0.84
1911611,2022-01-07,0.92
1911611,2023-04-11,0.95
1911611,2024-03-26,0.98
1911611,2025-04-10,1.0
1911903,2021-04-24,0.82
1911903,2022-07-11,0.91
1911903,2023-08-05,0.93
1911903,2024-09-15,0.97
1911903,2025-12-02,1.0
1912150,2021-05-29,0.84
1912150,2022-08-12,0.93
1912150,2023-10-31,0.99
1912150,2025-01-09,1.0
1912176,2021-01-22,0.86
1912176,2022-02-02,0.93
1912176,2023-11-03,0.97
1912176,2024-10-07,1.0
1912426,2021-07-08,0.95
1912426,2025-12-08,1.0
1912501,2021-04-16,0.84
1912501,2022-04-13,0.93
1912501,2023-03-11,0.97
1912501,2024-04-25,1.0
1913570,2021-07-18,0.84
1913570,2022-09-10,0.9
1913570,2023-01-29,0.95
1913570,2024-01-29,1.0
1913783,2021-09-09,0.84
1913783,2022-04-22,0.91
1913783,2024-08-04,0.96
1913783,2025-03-03,1.0
1913804,2021-07-18,0.81
1913804,2022-08-14,0.89
1913804,2023-08-03,0.92
1913804,2024-01-23,0.97
1913804,2025-04-01,1.0
1913820,2021-04-10,0.85
1913820,2022-12-17,0.93
1913820,2023-09-27,0.99
1913820,2025-02-26,1.0
1914037,2021-06-20,0.94
1914037,2023-03-01,0.96
1914037,2024-10-22,0.98
1914037,2025-09-10,1.0
1914287,2021-08-15,0.83
1914287,2022-06-10,0.91
1914287,2023-03-01,0.96
1914287,2024-01-25,0.99
1914287,2025-04-05,1.0
1914360,2021-12-29,0.9
1914360,2023-06-07,0.94
1914360,2024-06-14,0.96
1914360,2025-12-17,1.0
1914492,2021-08-20,0.88
1914492,2022-03-09,0.94
1914492,2024-09-10,0.99
1914492,2025-02-03,1.0
1914788,2021-12-23,0.86
1914788,2022-06-11,0.92
1914788,2023-01-22,0.96
1914788,2025-01-18,1.0
1914867,2021-11-13,0.98
1914867,2025-11-26,1.0
1914873,2021-07-25,0.85
1914873,2022-09-17,0.91
1914873,2023-03-03,0.93
1914873,2024-09-22,0.98
1914873,2025-04-20,1.0
1915110,2021-01-28,0.84
1915110,2022-05-31,0.92
1915110,2023-09-25,0.95
1915110,2024-01-10,1.0
1915114,2021-10-15,0.89
1915114,2023-08-27,0.94
1915114,2024-11-10,0.96
1915114,2025-03-05,1.0
1929796,2021-03-03,0.93
1929796,2023-04-24,0.95
1929796,2024-07-16,0.97
1929796,2025-12-07,1.0
1930161,2021-11-06,0.88
1930161,2022-04-25,0.94
1930161,2023-01-20,0.99
1930161,2025-11-22,1.0
1930461,2021-10-23,0.82
1930461,2022-02-07,0.9
1930461,2023-03-16,0.95
1930461,2025-03-18,1.0
1930515,2021-09-28,0.78
1930515,2022-08-19,0.86
1930515,2023-09-03,0.91
1930515,2024-05-24,0.96
1930515,2025-11-10,1.0
1931083,2021-06-21,0.92
1931083,2023-07-02,0.95
1931083,2025-07-15,1.0
1931275,2021-01-10,0.94
1931275,2024-02-24,0.99
1931275,2025-05-19,1.0
1931324,2021-02-26,0.87
1931324,2022-07-26,0.94
1931324,2023-04-28,0.99
1931324,2024-06-29,1.0
1931417,2021-11-07,0.86
1931417,2022-10-06,0.95
1931417,2023-07-16,0.97
1931417,2024-01-07,0.99
1931417,2025-08-20,1.0
1931551,2021-06-18,0.82
1931551,2022-05-28,0.91
1931551,2023-12-19,0.96
1931551,2024-09-20,0.97
1931551,2025-02-08,1.0
1931636,2021-10-06,0.87
1931636,2022-01-04,0.93
1931636,2023-10-20,0.98
1931636,2025-11-21,1.0
1931661,2021-12-10,0.86
1931661,2022-02-17,0.95
1931661,2023-09-10,0.98
1931661,2024-04-05,1.0
1932062,2021-12-04,0.78
1932062,2022-09-26,0.86
1932062,2023-01-10,0.91
1932062,2024-01-08,0.95
1932062,2025-05-12,1.0
1932112,2021-01-27,0.88
1932112,2022-07-04,0.95
1932112,2023-08-29,1.0
1932476,2021-05-23,0.95
1932476,2023-12-20,0.99
1932476,2025-01-14,1.0
1932643,2021-11-18,0.87
1932643,2022-01-23,0.93
1932643,2024-07-20,0.95
1932643,2025-06-22,1.0
1932906,2021-01-14,0.92
1932906,2022-07-27,0.99
1932906,2024-09-29,1.0
1933035,2021-10-18,0.88
1933035,2022-12-30,0.96
1933035,2023-08-12,0.98
1933035,2024-05-15,0.99
1933035,2025-03-09,1.0
1933039,2021-01-24,0.86
1933039,2022-04-22,0.95
1933039,2024-09-14,0.97
1933039,2025-05-07,1.0
1933082,2021-05-08,0.94
1933082,2023-11-08,0.99
1933082,2024-06-19,1.0
1933214,2021-10-18,0.85
1933214,2022-03-06,0.93
1933214,2023-07-22,0.95
1933214,2024-07-05,0.99
1933214,2025-02-17,1.0
1934208,2021-08-24,0.82
1934208,2022-12-19,0.87
1934208,2023-11-03,0.9
1934208,2024-09-16,0.95
1934208,2025-12-18,1.0
1934305,2021-01-29,0.93
1934305,2023-09-09,0.97
1934305,2024-10-13,0.99
1934305,2025-11-21,1.0
1934558,2021-09-30,0.93
1934558,2023-01-20,0.97
1934558,2024-11-19,1.0
1934939,2021-06-07,0.85
1934939,2022-06-05,0.94
1934939,2023-07-03,0.96
1934939,2025-01-31,1.0
1935052,2021-04-02,0.97
1935052,2024-06-10,1.0
1935475,2021-01-04,0.83
1935475,2022-03-06,0.89
1935475,2023-05-21,0.94
1935475,2024-08-10,0.96
1935475,2025-01-27,1.0
1935633,2021-03-07,0.88
1935633,2022-03-31,0.95
1935633,2023-03-15,0.99
1935633,2025-06-18,1.0
1935643,2021-07-11,1.0
1935755,2021-11-25,0.82
1935755,2022-08-04,0.9
1935755,2023-09-13,0.95
1935755,2025-08-31,1.0
1936062,2021-07-05,0.87
1936062,2022-08-20,0.95
1936062,2023-12-10,0.97
1936062,2024-12-18,1.0
1936182,2021-07-22,0.93
1936182,2023-11-16,0.97
1936182,2024-11-02,0.99
1936182,2025-10-12,1.0
1936183,2021-10-26,0.99
1936183,2024-06-14,1.0
1936310,2021-10-31,0.86
1936310,2022-05-01,0.95
1936310,2023-09-06,0.99
1936310,2024-09-23,1.0
1937013,2021-10-03,0.81
1937013,2022-11-04,0.89
1937013,2023-08-02,0.93
1937013,2024-05-30,0.95
1937013,2025-02-21,1.0
1937084,2021-12-12,0.89
1937084,2023-01-13,0.94
1937084,2024-05-09,0.99
1937084,2025-08-04,1.0
1937124,2021-08-27,0.9
1937124,2022-01-13,0.96
1937124,2025-11-19,1.0
1937195,2021-06-06,0.86
1937195,2022-09-05,0.94
1937195,2024-09-21,0.97
1937195,2025-10-10,1.0
1937328,2021-10-29,0.91
1937328,2023-05-15,0.92
1937328,2024-03-27,0.95
1937328,2025-11-02,1.0
1937374,2021-05-10,0.9
1937374,2023-05-27,0.95
1937374,2024-08-11,1.0
1937538,2021-10-30,0.88
1937538,2022-10-12,0.96
1937538,2023-06-26,0.98
1937538,2025-05-17,1.0
1938041,2021-06-29,0.85
1938041,2022-10-31,0.92
1938041,2023-10-03,0.96
1938041,2024-07-30,1.0
1938274,2021-10-22,0.82
1938274,2022-10-20,0.9
1938274,2023-10-11,0.95
1938274,2024-12-25,1.0
1938297,2021-01-18,0.92
1938297,2023-02-21,0.95
1938297,2024-06-01,1.0
1938986,2021-01-14,0.84
1938986,2022-07-12,0.92
1938986,2023-05-05,0.95
1938986,2024-05-05,1.0
1939437,2021-09-22,0.88
1939437,2023-08-23,0.92
1939437,2024-12-28,0.97
1939437,2025-12-11,1.0
1939439,2021-05-23,0.95
1939439,2025-04-13,1.0
1939517,2021-11-16,0.88
1939517,2022-03-13,0.94
1939517,2023-10-29,0.99
1939517,2024-01-31,1.0
1939616,2021-07-27,0.8
1939616,2022-10-26,0.86
1939616,2023-05-09,0.91
1939616,2024-09-01,0.96
1939616,2025-10-27,1.0
1939820,2021-04-13,0.8
1939820,2022-06-14,0.88
1939820,2023-09-11,0.93
1939820,2024-12-18,0.95
1939820,2025-01-21,1.0
1939845,2021-04-09,0.85
1939845,2022-06-23,0.93
1939845,2024-12-23,0.97
1939845,2025-09-14,1.0
1940738,2021-12-09,0.89
1940738,2022-11-03,0.95
1940738,2023-11-28,0.98
1940738,2025-01-21,1.0
1940750,2021-06-10,0.97
1940750,2024-09-21,1.0
1941116,2021-11-23,0.92
1941116,2023-07-21,0.98
1941116,2024-10-31,1.0
1941639,2021-01-29,0.92
1941639,2022-06-09,0.98
1941639,2023-04-11,1.0
1941844,2021-09-21,0.82
1941844,2022-10-01,0.89
1941844,2023-02-26,0.93
1941844,2024-03-09,0.95
1941844,2025-01-24,1.0
1942671,2021-11-21,0.94
1942671,2023-12-11,0.98
1942671,2024-10-02,1.0
1947155,2021-11-24,0.81
1947155,2022-05-29,0.89
1947155,2023-05-17,0.92
1947155,2024-08-27,0.97
1947155,2025-04-04,1.0
1947210,2021-12-16,0.83
1947210,2022-01-14,0.92
1947210,2023-02-15,0.95
1947210,2024-09-28,1.0
1947217,2021-11-10,0.87
1947217,2022-04-21,0.94
1947217,2023-08-31,0.96
1947217,2024-08-20,1.0
1947307,2021-04-14,0.92
1947307,2022-11-08,0.98
1947307,2023-10-13,0.99
1947307,2025-02-04,1.0
1947406,2021-07-15,0.92
1947406,2023-04-07,0.93
1947406,2024-01-18,0.96
1947406,2025-08-23,1.0
1947416,2021-07-20,0.88
1947416,2022-12-06,0.98
1947416,2024-02-06,1.0
1947621,2021-07-06,0.87
1947621,2022-02-02,0.94
1947621,2023-01-31,0.96
1947621,2024-08-11,1.0
1947780,2021-03-06,0.84
1947780,2022-04-01,0.9
1947780,2023-03-08,0.94
1947780,2024-11-02,0.95
1947780,2025-02-21,1.0
1947823,2021-07-06,0.89
1947823,2022-10-07,0.95
1947823,2023-05-05,1.0
1947825,2021-09-15,0.86
1947825,2022-02-22,0.94
1947825,2023-10-19,0.96
1947825,2024-09-06,0.97
1947825,2025-02-13,1.0
1948297,2021-06-12,0.88
1948297,2023-04-03,0.93
1948297,2024-05-28,0.95
1948297,2025-03-18,1.0
1948519,2021-03-01,0.85
1948519,2022-09-12,0.92
1948519,2023-03-13,0.96
1948519,2024-04-07,0.98
1948519,2025-01-23,1.0
1948865,2021-02-08,0.89
1948865,2022-03-27,0.96
1948865,2023-06-27,0.99
1948865,2025-04-22,1.0
1948958,2021-05-04,0.83
1948958,2022-11-30,0.89
1948958,2023-01-01,0.94
1948958,2024-02-22,0.97
1948958,2025-03-12,1.0
1949345,2021-08-17,0.96
1949345,2023-09-02,0.99
1949345,2024-09-15,1.0
1949434,2021-10-20,0.94
1949434,2023-11-17,0.98
1949434,2024-03-20,1.0
1949441,2021-07-11,0.83
1949441,2022-03-07,0.89
1949441,2023-10-05,0.93
1949441,2024-01-27,0.98
1949441,2025-12-18,1.0
1949937,2021-08-25,0.87
1949937,2022-09-01,0.94
1949937,2023-07-23,0.99
1949937,2025-01-20,1.0
1950108,2021-09-26,0.89
1950108,2022-03-30,0.96
1950108,2024-01-07,1.0
1950260,2021-07-22,0.9
1950260,2022-06-19,0.97
1950260,2024-12-10,1.0
1950320,2021-08-26,0.86
1950320,2022-07-06,0.95
1950320,2025-06-24,1.0
1950532,2021-12-04,0.89
1950532,2022-09-10,0.98
1950532,2025-05-08,1.0
1950613,2021-05-14,0.9
1950613,2022-12-12,0.97
1950613,2025-08-22,1.0
1951274,2021-02-27,0.82
1951274,2022-08-09,0.88
1951274,2023-03-17,0.92
1951274,2024-01-11,0.95
1951274,2025-02-08,1.0
1951316,2021-04-11,0.86
1951316,2022-11-03,0.95
1951316,2024-03-24,0.97
1951316,2025-05-20,1.0
1951586,2021-01-25,0.89
1951586,2022-12-06,0.95
1951586,2023-05-05,0.98
1951586,2024-03-07,1.0
1951762,2021-10-05,0.99
1951762,2025-05-17,1.0
1951911,2021-08-18,0.81
1951911,2022-11-18,0.89
1951911,2023-05-15,0.93
1951911,2024-08-16,0.96
1951911,2025-04-10,1.0
1951919,2021-03-05,0.85
1951919,2022-09-10,0.94
1951919,2023-01-23,1.0
1951983,2021-08-05,0.89
1951983,2022-06-24,0.96
1951983,2023-09-30,0.98
1951983,2024-03-24,1.0
1952639,2021-08-26,0.86
1952639,2022-10-29,0.94
1952639,2023-03-08,0.95
1952639,2024-06-04,0.96
1952639,2025-01-24,1.0
1952645,2021-12-15,0.84
1952645,2022-07-01,0.9
1952645,2023-02-02,0.95
1952645,2024-07-22,1.0
1952772,2021-02-06,0.87
1952772,2022-07-03,0.97
1952772,2023-07-28,1.0
1952869,2021-03-13,0.84
1952869,2022-01-22,0.92
1952869,2023-11-10,0.98
1952869,2024-05-17,1.0
1952984,2021-10-14,0.93
1952984,2023-10-31,0.97
1952984,2024-11-22,0.99
1952984,2025-07-03,1.0
1952988,2021-11-18,0.91
1952988,2022-02-19,0.98
1952988,2025-10-27,1.0
1953236,2021-12-20,1.0
1953270,2021-12-31,0.85
1953270,2022-07-05,0.94
1953270,2023-09-08,0.96
1953270,2024-02-06,1.0
1953502,2021-09-26,0.81
1953502,2022-03-04,0.9
1953502,2023-05-22,0.94
1953502,2024-07-31,0.99
1953502,2025-02-14,1.0
1953667,2021-12-28,0.91
1953667,2023-07-17,0.93
1953667,2024-03-26,0.96
1953667,2025-05-21,1.0
1953670,2021-10-24,0.83
1953670,2022-01-27,0.9
1953670,2023-05-19,0.93
1953670,2024-03-20,0.96
1953670,2025-11-16,1.0
1953748,2021-07-27,0.84
1953748,2022-11-26,0.92
1953748,2023-10-06,0.97
1953748,2024-07-13,0.99
1953748,2025-02-15,1.0
1953966,2021-09-16,0.82
1953966,2022-06-23,0.89
1953966,2023-02-13,0.92
1953966,2024-07-01,0.95
1953966,2025-06-26,1.0
1954407,2021-12-06,0.83
1954407,2022-11-08,0.91
1954407,2024-12-21,0.96
1954407,2025-03-06,1.0
1954541,2021-04-08,0.91
1954541,2022-05-15,1.0
1954571,2021-08-20,0.86
1954571,2022-06-29,0.95
1954571,2023-08-18,0.99
1954571,2024-09-10,1.0
1954784,2021-03-31,0.86
1954784,2022-08-01,0.92
1954784,2023-08-24,0.96
1954784,2024-03-06,0.97
1954784,2025-12-12,1.0
1955510,2021-03-03,0.97
1955510,2023-07-15,1.0
1955589,2021-06-19,0.81
1955589,2022-09-08,0.89
1955589,2023-03-24,0.94
1955589,2024-10-22,0.99
1955589,2025-12-07,1.0
1955983,2021-07-29,0.95
1955983,2024-11-14,0.98
1955983,2025-02-05,1.0
1956636,2021-07-29,0.81
1956636,2022-07-02,0.9
1956636,2023-08-21,0.93
1956636,2024-07-18,0.98
1956636,2025-12-23,1.0
1956647,2021-11-05,0.91
1956647,2022-08-28,0.98
1956647,2025-01-21,1.0
1956748,2021-09-15,0.85
1956748,2022-08-17,0.91
1956748,2023-08-28,0.94
1956748,2024-06-19,0.98
1956748,2025-10-29,1.0
1956796,2021-10-07,0.78
1956796,2022-03-20,0.87
1956796,2023-10-20,0.9
1956796,2024-04-17,0.95
1956796,2025-08-02,1.0
1957058,2021-07-25,0.87
1957058,2022-09-06,0.94
1957058,2023-03-11,0.98
1957058,2024-01-17,0.99
1957058,2025-03-29,1.0
1957140,2021-08-20,0.84
1957140,2022-05-25,0.91
1957140,2023-01-13,0.96
1957140,2024-11-23,1.0
1957289,2021-08-20,0.89
1957289,2023-10-21,0.92
1957289,2024-12-13,0.97
1957289,2025-10-15,1.0
1957295,2021-07-25,0.94
1957295,2023-03-25,1.0
1957780,2021-07-18,0.91
1957780,2022-06-25,0.97
1957780,2024-10-13,0.99
1957780,2025-06-26,1.0
1969122,2021-05-16,0.91
1969122,2023-10-01,0.95
1969122,2024-08-10,0.97
1969122,2025-04-12,1.0
1969165,2021-06-06,0.91
1969165,2023-04-06,0.94
1969165,2024-04-29,0.97
1969165,2025-06-29,1.0
1969527,2021-10-05,0.93
1969527,2023-11-02,0.97
1969527,2024-01-24,0.99
1969527,2025-06-06,1.0
1969728,2021-12-12,0.88
1969728,2022-04-12,0.94
1969728,2023-04-18,0.97
1969728,2024-02-10,1.0
1969781,2021-11-19,0.91
1969781,2023-10-07,0.95
1969781,2024-11-08,1.0
1969799,2021-06-06,0.89
1969799,2022-10-09,0.95
1969799,2023-06-20,0.99
1969799,2025-12-13,1.0
1970036,2021-09-19,0.89
1970036,2022-05-04,0.95
1970036,2024-04-08,0.98
1970036,2025-02-15,1.0
1970063,2021-02-20,0.95
1970063,2024-05-16,0.99
1970063,2025-07-12,1.0
1970082,2021-12-06,0.88
1970082,2023-09-27,0.92
1970082,2024-01-14,0.95
1970082,2025-03-17,1.0
1970242,2021-04-02,0.91
1970242,2022-12-14,0.99
1970242,2025-12-25,1.0
1970323,2021-11-08,0.87
1970323,2022-05-26,0.93
1970323,2023-12-22,0.95
1970323,2025-05-06,1.0
1970433,2021-02-04,0.99
1970433,2024-10-02,1.0
1970449,2021-10-28,0.82
1970449,2022-11-08,0.9
1970449,2023-08-01,0.95
1970449,2024-07-23,0.99
1970449,2025-02-22,1.0
1970586,2021-07-28,0.96
1970586,2023-03-12,0.97
1970586,2025-06-04,1.0
1970966,2021-05-30,0.87
1970966,2022-02-19,0.94
1970966,2024-08-09,0.98
1970966,2025-11-09,1.0
1971036,2021-07-15,0.87
1971036,2022-01-16,0.94
1971036,2023-02-24,0.96
1971036,2024-04-22,0.98
1971036,2025-09-01,1.0
1971165,2021-08-08,0.81
1971165,2022-10-03,0.88
1971165,2023-09-12,0.9
1971165,2024-11-17,0.95
1971165,2025-02-01,1.0
1971443,2021-10-13,0.87
1971443,2022-02-07,0.94
1971443,2023-09-30,0.97
1971443,2024-09-14,1.0
1971543,2021-02-19,0.88
1971543,2022-09-06,0.98
1971543,2023-01-14,1.0
1971829,2021-07-02,0.92
1971829,2023-05-30,0.95
1971829,2024-12-25,1.0
1971965,2021-12-01,0.88
1971965,2022-07-14,0.96
1971965,2025-04-27,1.0
1972172,2021-09-08,0.88
1972172,2022-09-01,0.96
1972172,2023-01-03,0.98
1972172,2025-03-12,1.0
1972318,2021-12-23,0.8
1972318,2022-05-03,0.87
1972318,2023-10-09,0.92
1972318,2024-12-12,0.95
1972318,2025-06-13,1.0
1972351,2021-02-18,0.83
1972351,2022-09-01,0.9
1972351,2023-09-07,0.92
1972351,2024-09-21,0.97
1972351,2025-04-29,1.0
1972386,2021-02-13,0.84
1972386,2022-09-28,0.91
1972386,2023-04-12,0.92
1972386,2024-04-29,0.95
1972386,2025-02-27,1.0
1972574,2021-04-10,0.88
1972574,2022-04-10,0.95
1972574,2023-07-20,0.97
1972574,2024-12-22,0.99
1972574,2025-04-22,1.0
1972683,2021-04-14,0.84
1972683,2022-07-08,0.93
1972683,2023-10-13,0.95
1972683,2024-09-24,1.0
1972788,2021-04-28,0.86
1972788,2022-08-13,0.94
1972788,2023-01-09,0.98
1972788,2024-08-27,1.0
1972839,2021-06-09,0.85
1972839,2022-06-12,0.95
1972839,2024-12-21,0.99
1972839,2025-01-15,1.0
1972975,2021-02-17,0.85
1972975,2022-11-23,0.93
1972975,2023-01-17,0.96
1972975,2024-05-06,1.0
1972982,2021-02-05,0.93
1972982,2023-08-05,0.97
1972982,2024-11-18,1.0
1973001,2021-12-05,0.87
1973001,2022-05-09,0.96
1973001,2023-07-23,1.0
1973142,2021-04-25,0.91
1973142,2023-11-25,0.95
1973142,2024-03-05,0.97
1973142,2025-02-04,1.0
1973212,2021-06-14,0.99
1973212,2024-04-23,1.0
1973313,2021-07-15,0.9
1973313,2022-04-17,0.99
1973313,2024-02-10,1.0
1973393,2021-03-03,0.8
1973393,2022-06-30,0.88
1973393,2023-08-27,0.93
1973393,2024-09-11,0.96
1973393,2025-12-14,1.0
1973666,2021-08-03,0.89
1973666,2022-01-19,0.97
1973666,2024-12-22,0.99
1973666,2025-12-12,1.0
1973766,2021-05-02,0.9
1973766,2022-10-15,0.96
1973766,2023-03-19,1.0
1974169,2021-09-20,0.85
1974169,2022-09-25,0.91
1974169,2023-03-28,0.97
1974169,2024-09-19,1.0
1974225,2021-05-03,0.86
1974225,2022-11-13,0.96
1974225,2023-08-16,0.98
1974225,2025-09-26,1.0
1974242,2021-09-19,0.88
1974242,2022-12-20,0.95
1974242,2023-09-30,0.97
1974242,2024-10-02,0.98
1974242,2025-01-25,1.0
1974275,2021-10-29,0.87
1974275,2022-09-11,0.93
1974275,2023-11-12,0.99
1974275,2025-06-30,1.0
1974291,2021-08-30,0.99
1974291,2024-06-15,1.0
1974465,2021-12-07,0.94
1974465,2023-08-10,0.98
1974465,2024-11-28,0.99
1974465,2025-07-12,1.0
1974476,2021-11-16,0.82
1974476,2022-05-23,0.9
1974476,2023-03-02,0.93
1974476,2024-12-22,0.97
1974476,2025-01-26,1.0
1974511,2021-06-08,0.8
1974511,2022-07-03,0.88
1974511,2023-03-14,0.92
1974511,2024-06-01,0.97
1974511,2025-02-04,1.0
1974514,2021-01-05,0.89
1974514,2022-10-11,0.96
1974514,2024-09-02,0.99
1974514,2025-10-07,1.0
1974746,2021-09-14,0.93
1974746,2023-10-24,0.95
1974746,2025-06-08,1.0
1974949,2021-03-03,0.86
1974949,2022-07-09,0.95
1974949,2023-01-30,1.0
1975437,2021-05-10,0.84
1975437,2022-07-12,0.92
1975437,2024-03-19,0.96
1975437,2025-04-29,1.0
1975929,2021-02-26,0.98
1975929,2025-03-12,1.0
1975953,2021-09-06,0.85
1975953,2022-04-28,0.94
1975953,2023-10-12,0.99
1975953,2024-06-16,1.0
1976138,2021-01-14,0.84
1976138,2022-08-21,0.93
1976138,2023-09-18,0.97
1976138,2024-03-10,1.0
1976380,2021-11-27,0.89
1976380,2022-10-19,0.95
1976380,2025-05-14,1.0
1976749,2021-10-19,0.79
1976749,2022-06-22,0.88
1976749,2023-06-07,0.93
1976749,2024-01-11,0.95
1976749,2025-03-24,1.0
1977068,2021-01-31,0.99
1977068,2024-06-24,1.0
1977126,2021-01-06,0.83
1977126,2022-06-01,0.91
1977126,2023-11-09,0.93
1977126,2024-12-04,0.96
1977126,2025-11-14,1.0
1990620,2021-12-12,0.92
1990620,2022-10-03,0.99
1990620,2024-07-24,1.0
1990623,2021-03-06,0.85
1990623,2022-08-03,0.93
1990623,2023-02-07,0.95
1990623,2024-12-31,0.99
1990623,2025-12-19,1.0
1990682,2021-05-13,0.86
1990682,2022-02-04,0.92
1990682,2023-05-21,0.96
1990682,2024-03-19,1.0
1991247,2021-10-26,0.79
1991247,2022-11-26,0.86
1991247,2023-01-13,0.91
1991247,2024-06-15,0.95
1991247,2025-11-22,1.0
1991286,2021-02-20,0.91
1991286,2022-09-01,0.97
1991286,2023-08-12,1.0
1991291,2021-05-24,0.84
1991291,2022-08-31,0.91
1991291,2023-02-02,0.96
1991291,2024-09-23,1.0
1991365,2021-12-09,0.89
1991365,2022-08-18,0.95
1991365,2025-06-25,1.0
1991376,2021-10-16,0.82
1991376,2022-06-11,0.89
1991376,2023-11-26,0.93
1991376,2024-11-23,0.95
1991376,2025-06-15,1.0
1991377,2021-12-12,0.94
1991377,2022-09-17,1.0
1991393,2021-11-03,0.99
1991393,2025-06-21,1.0
1991563,2021-08-15,0.93
1991563,2023-09-17,0.95
1991563,2024-09-19,0.98
1991563,2025-07-21,1.0
1991633,2021-03-16,0.81
1991633,2022-08-17,0.89
1991633,2023-02-02,0.94
1991633,2024-05-13,0.95
1991633,2025-05-07,1.0
1992046,2021-05-17,0.95
1992046,2023-05-15,1.0
1992048,2021-12-20,0.88
1992048,2022-03-03,0.96
1992048,2023-11-08,1.0
1992348,2021-10-11,0.86
1992348,2022-04-29,0.96
1992348,2023-10-28,0.97
1992348,2024-11-07,1.0
1992578,2021-03-29,0.94
1992578,2023-01-04,0.95
1992578,2024-12-23,0.99
1992578,2025-01-04,1.0
1992806,2021-08-19,0.82
1992806,2022-03-12,0.91
1992806,2023-02-02,0.96
1992806,2024-04-22,0.99
1992806,2025-06-09,1.0
1993083,2021-09-30,0.84
1993083,2022-07-27,0.92
1993083,2024-02-13,0.96
1993083,2025-12-22,1.0
1993440,2021-01-22,0.83
1993440,2022-06-20,0.9
1993440,2023-02-20,0.95
1993440,2024-06-02,0.96
1993440,2025-05-01,1.0
1993589,2021-05-22,0.84
1993589,2022-10-10,0.93
1993589,2023-07-04,0.95
1993589,2025-03-31,1.0
1993701,2021-11-08,0.96
1993701,2023-05-13,0.98
1993701,2025-04-24,1.0
1993927,2021-02-24,0.95
1993927,2024-07-16,0.97
1993927,2025-02-14,1.0
1994048,2021-06-29,0.94
1994048,2023-10-12,0.96
1994048,2025-05-18,1.0
1994344,2021-01-10,0.9
1994344,2022-05-09,0.98
1994344,2024-06-08,1.0
1994638,2021-03-07,0.95
1994638,2023-03-16,0.97
1994638,2024-09-01,0.98
1994638,2025-02-28,1.0
1994934,2021-05-19,0.95
1994934,2024-05-22,1.0
1995076,2021-06-11,0.83
1995076,2022-09-20,0.9
1995076,2023-12-29,0.93
1995076,2024-02-23,0.98
1995076,2025-09-03,1.0
1995127,2021-07-03,0.85
1995127,2022-11-29,0.91
1995127,2023-02-08,0.97
1995127,2024-11-15,0.99
1995127,2025-02-24,1.0
1995350,2021-06-17,0.89
1995350,2022-11-06,0.98
1995350,2024-10-22,1.0
1995477,2021-12-08,0.82
1995477,2022-03-09,0.89
1995477,2023-11-18,0.91
1995477,2024-09-11,0.95
1995477,2025-07-22,1.0
1995583,2021-03-26,0.81
1995583,2022-05-26,0.9
1995583,2023-02-10,0.96
1995583,2024-04-07,0.98
1995583,2025-04-24,1.0
1995811,2021-03-08,0.86
1995811,2022-10-20,0.94
1995811,2024-11-12,0.98
1995811,2025-06-30,1.0
1995835,2021-09-19,0.8
1995835,2022-10-03,0.88
1995835,2023-10-25,0.92
1995835,2024-05-26,0.95
1995835,2025-04-27,1.0
1996186,2021-08-17,0.87
1996186,2022-05-06,0.96
1996186,2025-09-03,1.0
1996237,2021-02-27,0.82
1996237,2022-04-14,0.9
1996237,2023-04-20,0.95
1996237,2024-06-20,1.0
1996324,2021-06-09,0.96
1996324,2023-02-11,0.98
1996324,2025-08-22,1.0
1996350,2021-03-23,0.86
1996350,2022-08-13,0.92
1996350,2023-03-29,0.95
1996350,2024-01-19,0.97
1996350,2025-08-15,1.0
1996489,2021-05-27,0.86
1996489,2022-09-11,0.92
1996489,2023-09-20,0.96
1996489,2024-04-09,0.97
1996489,2025-12-20,1.0
1996606,2021-07-07,0.97
1996606,2024-06-21,1.0
1996770,2021-12-20,0.86
1996770,2022-06-03,0.93
1996770,2023-12-24,0.96
1996770,2024-09-10,0.99
1996770,2025-08-20,1.0
1996921,2021-10-07,0.92
1996921,2023-12-26,0.96
1996921,2024-07-19,0.99
1996921,2025-08-08,1.0
1997062,2021-06-01,0.91
1997062,2023-04-27,0.93
1997062,2024-05-24,0.95
1997062,2025-08-09,1.0
1997155,2021-09-25,0.88
1997155,2022-06-26,0.95
1997155,2023-05-17,0.98
1997155,2024-10-05,1.0
1997189,2021-08-27,0.94
1997189,2023-08-08,0.96
1997189,2025-03-16,1.0
1997533,2021-03-25,0.85
1997533,2022-11-24,0.92
1997533,2023-01-14,0.95
1997533,2025-04-21,1.0
1997574,2021-06-27,0.93
1997574,2023-03-14,0.95
1997574,2024-06-20,0.99
1997574,2025-05-02,1.0
1997640,2021-05-07,0.83
1997640,2022-07-31,0.89
1997640,2023-12-23,0.93
1997640,2024-09-05,0.97
1997640,2025-09-15,1.0
1998010,2021-08-20,0.89
1998010,2022-01-06,0.98
1998010,2023-08-06,1.0
1998156,2021-03-17,0.89
1998156,2022-10-06,0.97
1998156,2025-12-16,1.0
1998209,2021-08-10,0.95
1998209,2023-07-04,0.98
1998209,2024-03-02,1.0
1998318,2021-09-23,0.8
1998318,2022-08-31,0.89
1998318,2023-06-17,0.94
1998318,2024-07-14,0.99
1998318,2025-09-19,1.0
1998413,2021-06-22,0.99
1998413,2024-09-23,1.0
1998657,2021-09-17,0.87
1998657,2022-09-04,0.93
1998657,2023-08-12,0.98
1998657,2024-11-03,1.0
1999187,2021-03-11,0.85
1999187,2022-08-04,0.93
1999187,2024-10-09,0.96
1999187,2025-11-29,1.0
1999226,2021-04-25,0.84
1999226,2022-06-13,0.93
1999226,2023-05-23,0.96
1999226,2025-03-19,1.0
1999279,2021-09-10,0.85
1999279,2022-12-31,0.92
1999279,2024-03-31,0.96
1999279,2025-11-18,1.0
1999358,2021-09-10,0.94
1999358,2023-05-03,1.0
2012310,2021-10-16,0.82
2012310,2022-01-20,0.9
2012310,2023-09-18,0.92
2012310,2024-09-12,0.96
2012310,2025-02-16,1.0
2012891,2021-07-16,0.83
2012891,2022-01-16,0.89
2012891,2023-11-01,0.92
2012891,2024-01-29,0.97
2012891,2025-02-01,1.0
2013169,2021-12-20,0.88
2013169,2022-05-12,0.95
2013169,2023-08-15,0.99
2013169,2025-10-08,1.0
2013300,2021-05-16,0.85
2013300,2022-10-10,0.91
2013300,2023-10-14,0.93
2013300,2024-01-14,0.98
2013300,2025-12-20,1.0
2013335,2021-04-11,0.86
2013335,2022-03-12,0.94
2013335,2023-02-09,0.95
2013335,2025-10-25,1.0
2013566,2021-03-11,0.91
2013566,2023-02-20,0.96
2013566,2024-12-19,1.0
2014406,2021-10-25,0.89
2014406,2023-04-04,0.93
2014406,2024-07-10,0.98
2014406,2025-11-01,1.0
2014575,2021-12-13,0.87
2014575,2022-11-01,0.93
2014575,2023-03-01,0.95
2014575,2024-11-16,0.97
2014575,2025-11-17,1.0
2014608,2021-10-30,0.92
2014608,2023-04-22,0.95
2014608,2024-05-14,0.96
2014608,2025-07-22,1.0
2014649,2021-05-09,0.79
2014649,2022-08-20,0.86
2014649,2023-09-07,0.91
2014649,2024-07-01,0.95
2014649,2025-02-08,1.0
2014725,2021-06-21,0.89
2014725,2022-10-31,0.96
2014725,2025-12-23,1.0
2014905,2021-03-29,0.84
2014905,2022-04-18,0.91
2014905,2023-06-15,0.95
2014905,2024-12-07,1.0
2014956,2021-03-22,0.85
2014956,2022-05-04,0.94
2014956,2023-12-08,0.96
2014956,2025-07-12,1.0
2015038,2021-01-23,0.87
2015038,2022-11-25,0.94
2015038,2023-01-08,0.98
2015038,2024-09-18,1.0
2015162,2021-10-28,0.86
2015162,2022-09-24,0.94
2015162,2024-04-30,0.99
2015162,2025-07-02,1.0
2015267,2021-07-03,0.95
2015267,2023-08-14,0.97
2015267,2024-08-14,1.0
2015374,2021-07-18,0.89
2015374,2022-12-04,0.95
2015374,2024-10-23,0.97
2015374,2025-08-08,1.0
2015599,2021-07-01,0.93
2015599,2023-12-08,0.99
2015599,2024-01-26,1.0
2015809,2021-12-03,0.86
2015809,2022-12-02,0.95
2015809,2023-01-21,0.97
2015809,2024-02-10,0.99
2015809,2025-12-28,1.0
2015845,2021-02-04,0.87
2015845,2022-09-03,0.94
2015845,2023-12-02,0.96
2015845,2024-08-10,0.98
2015845,2025-11-14,1.0
2016173,2021-05-28,0.9
2016173,2023-02-24,0.93
2016173,2024-02-03,0.97
2016173,2025-04-17,1.0
2016196,2021-07-30,0.9
2016196,2022-11-13,0.97
2016196,2024-12-19,0.98
2016196,2025-09-01,1.0
2016729,2021-11-18,0.88
2016729,2022-03-08,0.97
2016729,2023-10-14,0.98
2016729,2025-12-27,1.0
2016745,2021-04-12,0.82
2016745,2022-06-26,0.9
2016745,2023-10-16,0.95
2016745,2024-12-28,0.99
2016745,2025-04-14,1.0
2016888,2021-02-27,0.88
2016888,2022-07-14,0.97
2016888,2024-12-17,1.0
2017033,2021-07-21,0.86
2017033,2022-02-09,0.91
2017033,2023-02-06,0.93
2017033,2024-05-19,0.98
2017033,2025-09-09,1.0
2017096,2021-11-06,0.82
2017096,2022-06-02,0.89
2017096,2023-01-09,0.93
2017096,2024-01-04,0.95
2017096,2025-10-16,1.0
2017251,2021-10-12,0.92
2017251,2023-03-04,0.97
2017251,2024-12-16,0.99
2017251,2025-02-09,1.0
2017328,2021-07-17,0.87
2017328,2022-11-21,0.96
2017328,2023-12-17,0.99
2017328,2025-10-06,1.0
2017747,2021-08-17,0.86
2017747,2022-02-01,0.96
2017747,2024-05-06,0.99
2017747,2025-07-27,1.0
2018247,2021-10-03,0.89
2018247,2022-11-26,0.95
2018247,2024-01-02,0.99
2018247,2025-10-14,1.0
2018257,2021-06-26,0.89
2018257,2022-06-03,0.96
2018257,2023-07-30,1.0
2018368,2021-02-04,0.84
2018368,2022-09-06,0.9
2018368,2023-01-10,0.95
2018368,2024-09-25,0.97
2018368,2025-03-27,1.0
2018493,2021-12-25,0.83
2018493,2022-01-20,0.93
2018493,2023-09-23,0.98
2018493,2024-07-01,0.99
2018493,2025-02-02,1.0
2018518,2021-06-20,0.82
2018518,2022-03-23,0.88
2018518,2023-01-25,0.91
2018518,2024-05-27,0.95
2018518,2025-04-23,1.0
2018694,2021-07-16,0.88
2018694,2023-10-30,0.93
2018694,2024-06-29,0.96
2018694,2025-06-09,1.0
2019053,2021-02-14,0.79
2019053,2022-05-28,0.86
2019053,2023-09-28,0.91
2019053,2024-08-06,0.96
2019053,2025-12-25,1.0
2019144,2021-09-01,0.84
2019144,2022-08-17,0.92
2019144,2024-07-22,0.96
2019144,2025-10-20,1.0
2019177,2021-08-06,0.94
2019177,2023-01-07,0.96
2019177,2024-04-30,0.99
2019177,2025-06-01,1.0
2019259,2021-09-18,0.88
2019259,2022-11-06,0.98
2019259,2023-07-29,1.0
2019400,2021-10-30,0.89
2019400,2022-04-20,0.97
2019400,2023-10-28,0.99
2019400,2025-09-28,1.0
2019494,2021-10-05,0.83
2019494,2022-05-08,0.9
2019494,2023-03-11,0.94
2019494,2024-08-26,0.99
2019494,2025-11-21,1.0
2019548,2021-10-21,0.85
2019548,2022-07-21,0.91
2019548,2023-01-19,0.94
2019548,2024-01-15,0.95
2019548,2025-01-02,1.0
2019718,2021-01-31,0.88
2019718,2022-02-23,0.96
2019718,2023-11-11,1.0
2019827,2021-03-21,0.86
2019827,2022-01-27,0.94
2019827,2023-06-10,0.99
2019827,2025-05-24,1.0
2019857,2021-01-27,0.9
2019857,2023-08-25,0.94
2019857,2024-11-26,0.95
2019857,2025-06-01,1.0
2019885,2021-07-12,0.87
2019885,2022-08-18,0.93
2019885,2024-10-26,0.97
2019885,2025-06-30,1.0
2019889,2021-03-05,0.77
2019889,2022-08-15,0.86
2019889,2023-01-24,0.9
2019889,2024-12-06,0.95
2019889,2025-08-25,1.0
2019911,2021-10-07,0.95
2019911,2024-01-22,0.99
2019911,2025-05-31,1.0
2020152,2021-09-19,0.87
2020152,2022-01-19,0.96
2020152,2025-07-08,1.0
2020297,2021-11-30,0.81
2020297,2022-08-05,0.89
2020297,2023-07-10,0.93
2020297,2024-02-25,0.96
2020297,2025-12-18,1.0
2020654,2021-05-25,0.87
2020654,2022-09-16,0.94
2020654,2024-06-26,0.96
2020654,2025-06-19,1.0
2020693,2021-09-13,0.96
2020693,2024-06-26,1.0
2020772,2021-09-17,0.95
2020772,2023-01-11,0.97
2020772,2025-12-20,1.0
2020847,2021-02-28,0.9
2020847,2023-06-10,0.95
2020847,2024-04-18,1.0
2033775,2021-11-16,0.9
2033775,2023-01-01,0.92
2033775,2024-10-30,0.96
2033775,2025-01-02,1.0
2034215,2021-05-12,0.92
2034215,2022-05-10,0.99
2034215,2025-05-19,1.0
2034224,2021-10-01,0.89
2034224,2022-12-16,0.95
2034224,2023-11-25,0.98
2034224,2024-05-31,1.0
2034268,2021-03-14,0.87
2034268,2023-07-16,0.92
2034268,2024-10-12,0.96
2034268,2025-03-24,1.0
2034280,2021-12-02,0.84
2034280,2022-05-07,0.92
2034280,2023-01-16,0.97
2034280,2024-02-03,1.0
2034328,2021-02-07,0.84
2034328,2022-07-09,0.94
2034328,2023-07-15,0.98
2034328,2024-01-20,1.0
2034421,2021-09-21,0.89
2034421,2022-03-02,0.97
2034421,2023-09-23,1.0
2034687,2021-09-13,0.94
2034687,2024-04-21,0.96
2034687,2025-02-16,1.0
2035071,2021-07-10,0.93
2035071,2024-05-24,0.96
2035071,2025-05-19,1.0
2035124,2021-02-11,0.85
2035124,2022-11-07,0.92
2035124,2023-04-07,0.97
2035124,2024-12-21,0.98
2035124,2025-09-17,1.0
2035227,2021-08-25,0.82
2035227,2022-02-09,0.88
2035227,2023-09-15,0.91
2035227,2024-08-19,0.95
2035227,2025-03-13,1.0
2035232,2021-04-03,0.78
2035232,2022-01-27,0.87
2035232,2023-05-06,0.92
2035232,2024-07-10,0.97
2035232,2025-07-02,1.0
2035246,2021-04-09,0.9
2035246,2023-05-11,0.95
2035246,2025-07-27,1.0
2035752,2021-11-28,0.85
2035752,2022-12-10,0.92
2035752,2023-02-02,0.95
2035752,2025-09-10,1.0
2036153,2021-09-12,0.89
2036153,2022-12-19,0.97
2036153,2024-11-29,0.99
2036153,2025-10-30,1.0
2036212,2021-01-03,0.85
2036212,2022-01-03,0.94
2036212,2023-05-13,0.99
2036212,2024-08-28,1.0
2036292,2021-02-09,0.88
2036292,2022-01-14,0.95
2036292,2023-07-03,0.97
2036292,2025-12-03,1.0
2036536,2021-09-27,0.92
2036536,2024-05-30,0.97
2036536,2025-11-23,1.0
2036790,2021-02-16,0.84
2036790,2022-03-19,0.9
2036790,2024-01-20,0.95
2036790,2025-03-14,1.0
2036810,2021-05-12,1.0
2037013,2021-09-03,0.88
2037013,2023-05-01,0.93
2037013,2024-08-01,0.97
2037013,2025-01-10,1.0
2037511,2021-05-29,0.87
2037511,2022-01-30,0.95
2037511,2023-12-25,0.99
2037511,2025-01-12,1.0
2037624,2021-06-21,0.88
2037624,2022-08-07,0.94
2037624,2023-06-05,0.98
2037624,2025-04-13,1.0
2037887,2021-10-04,0.85
2037887,2022-01-29,0.92
2037887,2023-12-04,0.97
2037887,2025-02-13,1.0
2038076,2021-09-11,0.85
2038076,2022-12-12,0.93
2038076,2024-11-04,0.95
2038076,2025-07-03,1.0
2038321,2021-01-07,0.98
2038321,2024-08-25,1.0
2038368,2021-07-27,0.86
2038368,2022-04-15,0.95
2038368,2025-01-04,1.0
2038500,2021-06-08,0.97
2038500,2025-01-31,1.0
2038543,2021-07-11,0.88
2038543,2022-01-11,0.97
2038543,2024-08-24,0.99
2038543,2025-12-29,1.0
2038604,2021-09-21,0.94
2038604,2023-11-30,0.98
2038604,2024-01-26,1.0
2038955,2021-01-21,0.84
2038955,2022-02-03,0.91
2038955,2023-11-01,0.96
2038955,2024-10-02,0.97
2038955,2025-02-25,1.0
2039375,2021-11-01,0.78
2039375,2022-12-21,0.87
2039375,2023-03-17,0.9
2039375,2024-12-14,0.95
2039375,2025-06-26,1.0
2039451,2021-07-18,0.82
2039451,2022-05-19,0.91
2039451,2023-04-23,0.94
2039451,2024-08-19,0.99
2039451,2025-12-22,1.0
2039479,2021-04-07,0.86
2039479,2022-04-11,0.95
2039479,2024-09-29,0.98
2039479,2025-03-03,1.0
2039531,2021-01-17,0.83
2039531,2022-03-27,0.9
2039531,2023-07-24,0.93
2039531,2024-09-23,0.98
2039531,2025-09-04,1.0
2039893,2021-08-13,0.95
2039893,2025-01-06,1.0
2039998,2021-04-20,0.89
2039998,2022-03-28,0.97
2039998,2023-11-13,1.0
2040147,2021-05-06,0.84
2040147,2022-05-01,0.91
2040147,2023-04-17,0.95
2040147,2025-08-20,1.0
2040182,2021-01-17,0.83
2040182,2022-03-25,0.9
2040182,2023-01-07,0.94
2040182,2024-02-11,0.95
2040182,2025-06-20,1.0
2040498,2021-07-05,0.95
2040498,2023-05-28,1.0
2040533,2021-04-24,0.84
2040533,2022-04-11,0.91
2040533,2023-05-05,0.92
2040533,2024-11-24,0.96
2040533,2025-11-20,1.0
2040567,2021-10-06,0.92
2040567,2023-01-07,0.95
2040567,2025-12-09,1.0
2040747,2021-07-03,0.79
2040747,2022-07-11,0.87
2040747,2023-05-07,0.93
2040747,2024-11-19,0.97
2040747,2025-04-07,1.0
2040903,2021-04-30,0.89
2040903,2022-12-19,0.96
2040903,2024-12-06,1.0
2040907,2021-09-11,0.92
2040907,2023-07-14,0.96
2040907,2024-03-16,0.97
2040907,2025-05-01,1.0
2040995,2021-11-26,0.85
2040995,2022-09-08,0.94
2040995,2023-07-25,0.95
2040995,2025-03-09,1.0
2041041,2021-10-21,0.95
2041041,2023-04-28,1.0
2041258,2021-12-29,0.82
2041258,2022-05-29,0.9
2041258,2023-11-24,0.95
2041258,2024-06-04,0.99
2041258,2025-12-06,1.0
2041363,2021-01-29,0.9
2041363,2022-06-10,0.98
2041363,2024-04-04,1.0
2041401,2021-07-29,0.82
2041401,2022-02-16,0.88
2041401,2023-08-21,0.93
2041401,2024-06-20,0.98
2041401,2025-01-17,1.0
2041475,2021-12-13,0.94
2041475,2024-02-07,0.99
2041475,2025-06-13,1.0
2041519,2021-03-17,0.83
2041519,2022-12-22,0.91
2041519,2023-12-04,0.93
2041519,2024-03-07,0.98
2041519,2025-08-13,1.0
2041768,2021-03-16,0.85
2041768,2022-10-12,0.93
2041768,2023-03-21,0.98
2041768,2025-09-22,1.0
2042311,2021-12-28,0.94
2042311,2023-05-11,0.99
2042311,2025-11-07,1.0
2042620,2021-06-08,0.88
2042620,2022-11-16,0.94
2042620,2024-04-01,0.99
2042620,2025-03-20,1.0
2042837,2021-02-04,0.82
2042837,2022-02-22,0.91
2042837,2024-04-23,0.95
2042837,2025-10-26,1.0
2055540,2021-03-26,0.81
2055540,2022-09-05,0.88
2055540,2023-02-27,0.91
2055540,2024-05-29,0.96
2055540,2025-08-29,1.0
2056060,2021-01-01,0.86
2056060,2022-09-20,0.93
2056060,2023-02-06,0.98
2056060,2024-03-13,1.0
2056335,2021-10-14,0.9
2056335,2022-10-20,0.98
2056335,2023-08-16,1.0
2056336,2021-02-22,0.89
2056336,2023-01-27,0.93
2056336,2024-01-26,0.97
2056336,2025-04-02,1.0
2056888,2021-12-12,0.9
2056888,2023-11-07,0.93
2056888,2024-08-07,0.98
2056888,2025-03-17,1.0
2057297,2021-07-21,0.92
2057297,2023-04-16,0.96
2057297,2025-09-22,1.0
2057502,2021-09-06,0.99
2057502,2024-12-19,1.0
2057853,2021-09-09,0.88
2057853,2022-01-03,0.94
2057853,2023-03-29,1.0
2058287,2021-06-30,0.92
2058287,2023-03-01,0.97
2058287,2024-08-14,1.0
2058290,2021-12-20,0.81
2058290,2022-12-26,0.9
2058290,2023-07-25,0.94
2058290,2024-04-09,0.96
2058290,2025-04-28,1.0
2058335,2021-02-14,0.9
2058335,2022-03-27,0.96
2058335,2025-03-03,1.0
2058720,2021-02-04,0.9
2058720,2022-04-24,0.98
2058720,2023-09-16,1.0
2058734,2021-11-05,0.86
2058734,2022-09-09,0.94
2058734,2023-09-09,0.97
2058734,2024-05-19,0.99
2058734,2025-01-26,1.0
2058985,2021-10-17,0.98
2058985,2025-04-28,1.0
2059446,2021-03-14,0.89
2059446,2022-05-06,0.97
2059446,2023-10-31,0.98
2059446,2024-10-09,1.0
2059536,2021-06-09,0.86
2059536,2022-02-09,0.94
2059536,2023-03-23,0.97
2059536,2025-01-19,1.0
2060256,2021-07-27,0.93
2060256,2023-04-03,0.99
2060256,2025-11-29,1.0
2060315,2021-09-16,0.91
2060315,2022-01-15,0.98
2060315,2023-09-14,1.0
2060358,2021-01-07,0.91
2060358,2023-11-18,0.96
2060358,2025-07-02,1.0
2061319,2021-03-25,0.88
2061319,2023-11-29,0.93
2061319,2024-04-11,0.95
2061319,2025-06-03,1.0
2061371,2021-07-19,0.87
2061371,2022-08-06,0.95
2061371,2023-02-05,0.97
2061371,2024-09-23,0.99
2061371,2025-10-22,1.0
2061532,2021-07-06,0.84
2061532,2022-04-13,0.91
2061532,2023-09-08,0.93
2061532,2024-03-17,0.96
2061532,2025-04-01,1.0
2061787,2021-03-15,0.89
2061787,2022-10-20,0.97
2061787,2025-02-24,1.0
2061798,2021-02-16,0.86
2061798,2022-04-23,0.94
2061798,2024-05-28,0.99
2061798,2025-03-27,1.0
2062261,2021-04-03,0.84
2062261,2022-05-18,0.93
2062261,2023-07-28,0.96
2062261,2024-03-19,1.0
2062283,2021-03-13,0.87
2062283,2022-06-09,0.95
2062283,2023-05-20,1.0
2062441,2021-01-11,0.93
2062441,2023-07-20,0.95
2062441,2025-06-22,1.0
2062442,2021-10-24,0.82
2062442,2022-01-11,0.9
2062442,2024-07-09,0.95
2062442,2025-08-28,1.0
2062832,2021-12-16,0.94
2062832,2023-11-17,0.97
2062832,2025-06-29,1.0
2062845,2021-09-22,0.89
2062845,2022-11-28,0.98
2062845,2024-06-10,1.0
2063060,2021-12-29,0.84
2063060,2022-08-01,0.91
2063060,2023-04-08,0.94
2063060,2024-03-29,0.96
2063060,2025-12-16,1.0
2063131,2021-01-06,0.84
2063131,2022-10-30,0.91
2063131,2023-11-06,0.93
2063131,2024-08-18,0.98
2063131,2025-10-08,1.0
2063413,2021-04-20,0.84
2063413,2022-08-13,0.91
2063413,2024-10-28,0.96
2063413,2025-02-19,1.0
2063990,2021-11-25,0.99
2063990,2025-06-24,1.0
2064179,2021-11-22,0.95
2064179,2024-03-08,0.97
2064179,2025-03-22,1.0
2064304,2021-10-27,0.84
2064304,2022-07-11,0.91
2064304,2023-10-20,0.95
2064304,2024-06-16,0.98
2064304,2025-09-21,1.0
2064465,2021-11-13,0.89
2064465,2022-06-26,0.95
2064465,2023-10-23,0.98
2064465,2024-06-15,0.99
2064465,2025-02-10,1.0
2064524,2021-09-28,0.89
2064524,2023-02-04,0.93
2064524,2024-07-24,0.96
2064524,2025-08-08,1.0
2065179,2021-02-17,0.89
2065179,2022-11-12,0.98
2065179,2024-10-02,1.0
2065648,2021-10-06,0.89
2065648,2023-04-07,0.94
2065648,2024-12-15,0.99
2065648,2025-04-13,1.0
2065675,2021-07-31,0.85
2065675,2022-05-12,0.91
2065675,2023-06-11,0.96
2065675,2024-09-02,1.0
2065987,2021-05-10,0.82
2065987,2022-09-29,0.89
2065987,2023-07-24,0.94
2065987,2024-04-29,0.96
2065987,2025-06-25,1.0
2066243,2021-04-22,0.91
2066243,2022-06-02,0.97
2066243,2023-09-14,1.0
2066246,2021-08-30,0.87
2066246,2022-02-02,0.94
2066246,2023-10-06,0.98
2066246,2024-07-25,0.99
2066246,2025-08-11,1.0
2066422,2021-11-12,0.86
2066422,2022-08-30,0.93
2066422,2023-10-12,0.97
2066422,2025-03-19,1.0
2066777,2021-04-23,0.84
2066777,2022-12-10,0.92
2066777,2023-03-21,0.94
2066777,2024-09-04,0.98
2066777,2025-02-25,1.0
2067064,2021-07-05,0.81
2067064,2022-09-15,0.9
2067064,2023-03-08,0.95
2067064,2024-05-25,0.98
2067064,2025-04-11,1.0
2067208,2021-12-08,0.88
2067208,2022-12-19,0.95
2067208,2024-10-27,1.0
2067406,2021-04-11,0.95
2067406,2024-06-17,0.97
2067406,2025-05-23,1.0
2067555,2021-03-04,0.86
2067555,2022-03-20,0.94
2067555,2023-11-03,0.98
2067555,2024-12-20,1.0
2067903,2021-11-19,0.93
2067903,2023-10-09,0.96
2067903,2025-11-28,1.0
2067915,2021-11-30,0.85
2067915,2022-07-27,0.91
2067915,2023-04-11,0.97
2067915,2024-12-05,0.99
2067915,2025-04-17,1.0
2068919,2021-05-04,0.88
2068919,2022-08-15,0.96
2068919,2024-07-08,1.0
2068946,2021-11-20,0.86
2068946,2022-01-12,0.94
2068946,2024-10-11,0.96
2068946,2025-04-14,1.0
2068955,2021-05-31,0.83
2068955,2022-05-21,0.92
2068955,2023-02-02,0.96
2068955,2024-06-20,0.99
2068955,2025-01-22,1.0
2068989,2021-12-19,0.84
2068989,2022-01-28,0.91
2068989,2023-12-28,0.95
2068989,2024-09-27,0.98
2068989,2025-04-19,1.0
2069179,2021-04-11,0.83
2069179,2022-12-09,0.92
2069179,2023-06-22,0.95
2069179,2024-03-01,0.97
2069179,2025-02-20,1.0
2069180,2021-10-18,0.85
2069180,2022-08-03,0.91
2069180,2023-04-07,0.96
2069180,2025-06-25,1.0
2070421,2021-05-26,0.9
2070421,2023-02-11,0.96
2070421,2024-02-25,0.97
2070421,2025-12-12,1.0
2077313,2021-03-04,0.84
2077313,2022-04-19,0.89
2077313,2023-12-04,0.93
2077313,2024-04-27,0.97
2077313,2025-10-10,1.0
2077322,2021-09-26,0.87
2077322,2022-05-06,0.95
2077322,2023-02-26,0.98
2077322,2025-03-11,1.0
2077435,2021-12-15,0.87
2077435,2022-05-29,0.95
2077435,2023-07-10,0.99
2077435,2024-01-29,1.0
2077440,2021-07-29,0.97
2077440,2024-05-10,0.98
2077440,2025-10-15,1.0
2077460,2021-04-21,0.94
2077460,2023-07-02,0.97
2077460,2024-09-22,1.0
2077836,2021-01-20,0.89
2077836,2022-08-31,0.95
2077836,2024-05-17,1.0
2078199,2021-01-15,0.98
2078199,2024-05-07,1.0
2078387,2021-11-25,0.84
2078387,2022-03-28,0.9
2078387,2023-10-15,0.94
2078387,2024-03-27,0.95
2078387,2025-01-04,1.0
2078560,2021-11-09,0.88
2078560,2022-06-23,0.98
2078560,2024-06-29,1.0
2078876,2021-06-03,0.92
2078876,2022-06-05,0.99
2078876,2025-12-12,1.0
2079148,2021-06-11,0.93
2079148,2023-05-24,0.95
2079148,2024-06-18,1.0
2079670,2021-10-22,0.9
2079670,2022-08-07,0.96
2079670,2023-11-14,1.0
2080639,2021-04-12,0.96
2080639,2025-09-15,1.0
2080882,2021-02-07,0.83
2080882,2022-11-08,0.92
2080882,2023-03-08,0.96
2080882,2024-08-23,0.99
2080882,2025-09-17,1.0
2081120,2021-07-31,0.83
2081120,2022-11-26,0.92
2081120,2023-11-10,0.96
2081120,2024-11-10,0.97
2081120,2025-02-10,1.0
2081168,2021-12-13,0.8
2081168,2022-06-14,0.86
2081168,2023-07-13,0.9
2081168,2024-09-28,0.95
2081168,2025-03-11,1.0
2081226,2021-10-21,0.86
2081226,2022-08-24,0.94
2081226,2023-11-12,1.0
2081364,2021-04-25,0.83
2081364,2022-10-16,0.89
2081364,2023-05-18,0.94
2081364,2024-07-29,0.98
2081364,2025-02-16,1.0
2081640,2021-12-18,0.96
2081640,2024-05-19,0.99
2081640,2025-06-22,1.0
2081811,2021-12-13,0.84
2081811,2022-10-22,0.92
2081811,2023-10-04,0.96
2081811,2025-11-24,1.0
2082883,2021-01-31,0.83
2082883,2022-11-17,0.92
2082883,2023-02-11,0.98
2082883,2025-04-10,1.0
2083524,2021-06-29,0.89
2083524,2022-11-18,0.96
2083524,2024-08-18,1.0
2083531,2021-12-11,0.9
2083531,2022-02-25,1.0
2083634,2021-11-09,0.92
2083634,2023-04-08,0.94
2083634,2024-04-02,0.97
2083634,2025-12-07,1.0
2083759,2021-03-16,0.86
2083759,2022-10-21,0.92
2083759,2023-01-13,0.95
2083759,2025-01-29,1.0
2083981,2021-11-23,0.86
2083981,2022-08-23,0.93
2083981,2023-11-25,0.98
2083981,2025-05-27,1.0
2083995,2021-12-21,0.87
2083995,2022-02-18,0.93
2083995,2023-05-28,0.98
2083995,2024-02-10,0.99
2083995,2025-04-08,1.0
2084450,2021-07-14,0.82
2084450,2022-05-21,0.9
2084450,2023-08-13,0.95
2084450,2024-09-12,1.0
2084627,2021-01-29,0.83
2084627,2022-07-16,0.92
2084627,2024-07-08,0.96
2084627,2025-07-13,1.0
2084692,2021-10-05,0.93
2084692,2023-04-15,0.95
2084692,2024-06-30,0.97
2084692,2025-05-03,1.0
2084722,2021-08-02,0.88
2084722,2022-10-08,0.94
2084722,2023-07-03,0.99
2084722,2025-10-11,1.0
2085016,2021-04-20,0.95
2085016,2024-04-29,1.0
2085019,2021-10-13,0.87
2085019,2023-03-16,0.93
2085019,2024-02-27,0.98
2085019,2025-09-16,1.0
2085252,2021-05-18,0.95
2085252,2023-03-24,1.0
2085256,2021-10-17,0.83
2085256,2022-01-12,0.9
2085256,2023-06-24,0.93
2085256,2024-07-06,0.98
2085256,2025-09-05,1.0
2085285,2021-10-15,0.86
2085285,2022-07-30,0.93
2085285,2023-09-08,0.95
2085285,2024-08-27,1.0
2085409,2021-05-28,0.9
2085409,2023-12-23,0.95
2085409,2024-03-15,1.0
2085686,2021-01-29,0.86
2085686,2022-06-03,0.95
2085686,2024-03-25,1.0
2085923,2021-09-06,0.83
2085923,2022-07-09,0.92
2085923,2023-03-24,0.98
2085923,2025-01-05,1.0
2086307,2021-10-04,0.94
2086307,2023-07-16,0.96
2086307,2024-09-25,0.99
2086307,2025-11-14,1.0
2086712,2021-10-25,0.87
2086712,2023-07-09,0.9
2086712,2024-08-25,0.95
2086712,2025-04-10,1.0
2087093,2021-08-04,0.86
2087093,2022-03-12,0.94
2087093,2023-08-07,0.96
2087093,2024-05-09,0.98
2087093,2025-08-21,1.0
2087147,2021-07-28,0.85
2087147,2022-11-23,0.93
2087147,2023-02-18,0.95
2087147,2024-10-27,1.0
2087472,2021-12-20,0.95
2087472,2024-02-27,1.0
2088373,2021-09-23,0.87
2088373,2022-05-11,0.95
2088373,2023-09-12,0.96
2088373,2024-03-04,1.0
2088915,2021-08-08,0.9
2088915,2022-12-05,0.98
2088915,2023-10-06,1.0
2088949,2021-06-19,0.87
2088949,2022-01-15,0.93
2088949,2023-10-14,0.98
2088949,2025-11-01,1.0
2089329,2021-10-18,0.83
2089329,2022-03-07,0.88
2089329,2023-11-19,0.9
2089329,2024-09-26,0.95
2089329,2025-10-10,1.0
2089470,2021-04-05,0.95
2089470,2024-03-08,1.0
2089658,2021-02-08,0.93
2089658,2023-01-06,0.96
2089658,2024-11-28,0.97
2089658,2025-09-16,1.0
2089869,2021-09-24,0.91
2089869,2023-12-19,0.96
2089869,2024-09-25,0.99
2089869,2025-12-30,1.0
2089954,2021-01-13,0.93
2089954,2023-01-18,0.98
2089954,2024-07-09,1.0
2089985,2021-05-28,0.85
2089985,2022-07-26,0.94
2089985,2023-11-03,0.97
2089985,2025-03-30,1.0
2089988,2021-05-25,0.86
2089988,2022-08-02,0.96
2089988,2023-10-30,0.99
2089988,2025-03-18,1.0
2090453,2021-05-26,0.83
2090453,2022-08-01,0.9
2090453,2023-03-22,0.93
2090453,2024-01-14,0.97
2090453,2025-09-05,1.0
2090684,2021-10-05,0.96
2090684,2023-12-05,0.98
2090684,2024-01-10,0.99
2090684,2025-11-09,1.0
2090712,2021-06-01,0.83
2090712,2022-09-06,0.92
2090712,2023-01-24,0.95
2090712,2024-10-06,0.98
2090712,2025-02-08,1.0
2091291,2021-05-28,0.84
2091291,2022-08-25,0.91
2091291,2023-02-28,0.93
2091291,2024-01-08,0.97
2091291,2025-05-30,1.0
2098808,2021-08-23,0.93
2098808,2023-09-23,0.97
2098808,2024-07-02,1.0
2098994,2021-12-11,0.86
2098994,2022-06-22,0.93
2098994,2024-12-18,0.97
2098994,2025-08-12,1.0
2098997,2021-12-22,0.86
2098997,2022-01-20,0.93
2098997,2024-10-13,0.95
2098997,2025-10-12,1.0
2099148,2021-12-12,0.97
2099148,2024-07-12,1.0
2099348,2021-09-15,0.97
2099348,2023-07-29,0.99
2099348,2025-08-23,1.0
2099435,2021-10-01,0.88
2099435,2022-03-03,0.94
2099435,2023-11-04,0.97
2099435,2025-04-09,1.0
2099853,2021-05-06,0.86
2099853,2022-06-16,0.94
2099853,2023-03-16,0.97
2099853,2025-10-12,1.0
2099884,2021-09-08,0.85
2099884,2022-06-07,0.94
2099884,2023-01-01,1.0
2099906,2021-04-24,0.88
2099906,2022-11-01,0.94
2099906,2023-07-23,0.98
2099906,2025-04-12,1.0
2100025,2021-08-13,0.96
2100025,2024-02-02,0.98
2100025,2025-06-24,1.0
2100074,2021-01-18,0.88
2100074,2022-02-17,0.96
2100074,2024-05-02,0.98
2100074,2025-11-03,1.0
2100437,2021-11-25,0.96
2100437,2023-08-10,1.0
2100438,2021-07-11,0.89
2100438,2022-05-02,0.95
2100438,2024-10-15,0.99
2100438,2025-04-14,1.0
2100664,2021-11-02,0.88
2100664,2022-01-27,0.95
2100664,2023-06-05,1.0
2101305,2021-01-11,0.82
2101305,2022-02-16,0.9
2101305,2023-03-07,0.93
2101305,2024-05-31,0.97
2101305,2025-07-11,1.0
2101406,2021-02-14,0.92
2101406,2022-07-29,0.98
2101406,2024-06-03,1.0
2101443,2021-12-12,0.84
2101443,2022-05-18,0.92
2101443,2023-08-27,0.97
2101443,2025-08-17,1.0
2101870,2021-04-09,0.95
2101870,2023-09-04,0.97
2101870,2024-09-12,0.98
2101870,2025-09-09,1.0
2102149,2021-09-26,0.9
2102149,2022-12-04,0.96
2102149,2024-09-20,0.98
2102149,2025-12-25,1.0
2102163,2021-06-22,0.89
2102163,2022-05-06,0.96
2102163,2024-02-15,0.97
2102163,2025-08-28,1.0
2102195,2021-11-30,0.93
2102195,2023-11-14,0.97
2102195,2024-01-30,0.98
2102195,2025-03-16,1.0
2102199,2021-04-18,0.91
2102199,2023-04-26,0.94
2102199,2024-06-02,0.96
2102199,2025-11-20,1.0
2102917,2021-10-08,0.86
2102917,2022-04-20,0.93
2102917,2024-01-24,0.97
2102917,2025-07-18,1.0
2102944,2021-02-18,0.9
2102944,2022-10-29,0.98
2102944,2024-04-19,1.0
2103031,2021-03-12,0.96
2103031,2023-01-05,0.98
2103031,2024-04-30,1.0
2103678,2021-05-31,0.91
2103678,2022-03-31,0.99
2103678,2024-10-17,1.0
2104124,2021-07-12,0.89
2104124,2023-05-06,0.93
2104124,2024-04-01,0.95
2104124,2025-03-13,1.0
2104160,2021-05-09,0.85
2104160,2022-02-28,0.92
2104160,2023-07-19,0.95
2104160,2024-04-11,0.98
2104160,2025-12-17,1.0
2104182,2021-06-17,0.9
2104182,2023-10-05,0.95
2104182,2024-11-21,0.96
2104182,2025-07-06,1.0
2104455,2021-10-13,0.97
2104455,2024-02-29,1.0
2104846,2021-10-10,0.85
2104846,2022-04-24,0.91
2104846,2023-01-21,0.92
2104846,2024-03-27,0.96
2104846,2025-09-19,1.0
2105072,2021-01-31,0.99
2105072,2025-03-07,1.0
2105248,2021-03-06,0.85
2105248,2022-04-07,0.92
2105248,2023-04-01,0.98
2105248,2025-03-04,1.0
2105250,2021-05-22,0.85
2105250,2022-08-12,0.92
2105250,2023-01-08,0.93
2105250,2024-11-05,0.98
2105250,2025-10-31,1.0
2105255,2021-06-05,0.84
2105255,2022-01-28,0.9
2105255,2023-04-18,0.94
2105255,2024-01-28,0.96
2105255,2025-08-29,1.0
2105428,2021-05-06,0.88
2105428,2022-08-10,0.97
2105428,2023-04-28,1.0
2106915,2021-06-11,0.82
2106915,2022-06-07,0.91
2106915,2023-10-09,0.94
2106915,2024-12-18,0.98
2106915,2025-05-09,1.0
2106939,2021-09-06,0.87
2106939,2022-05-04,0.93
2106939,2023-09-21,0.97
2106939,2024-10-26,0.99
2106939,2025-07-07,1.0
2107040,2021-09-09,0.92
2107040,2023-12-31,0.97
2107040,2024-06-14,1.0
2107044,2021-03-26,0.9
2107044,2023-07-28,0.93
2107044,2024-03-04,0.95
2107044,2025-03-04,1.0
2107191,2021-10-31,0.91
2107191,2022-06-04,0.98
2107191,2025-04-25,1.0
2107361,2021-07-22,0.85
2107361,2022-06-20,0.94
2107361,2024-06-29,0.99
2107361,2025-07-14,1.0
2107370,2021-04-21,0.94
2107370,2022-12-01,1.0
2107491,2021-07-28,0.88
2107491,2022-03-18,0.96
2107491,2023-02-01,1.0
2107513,2021-01-10,0.87
2107513,2022-07-22,0.93
2107513,2023-02-25,0.95
2107513,2024-02-12,1.0
2107654,2021-09-03,0.86
2107654,2022-04-16,0.94
2107654,2023-12-25,0.97
2107654,2025-07-25,1.0
2107659,2021-10-23,0.89
2107659,2022-06-19,0.97
2107659,2023-10-06,1.0
2107708,2021-12-18,0.92
2107708,2023-03-17,0.98
2107708,2025-03-05,1.0
2107776,2021-02-22,0.86
2107776,2022-10-05,0.93
2107776,2023-10-20,0.97
2107776,2024-09-19,0.99
2107776,2025-12-03,1.0
2107802,2021-06-27,1.0
2107821,2021-05-15,0.83
2107821,2022-12-12,0.9
2107821,2023-04-01,0.94
2107821,2024-08-11,0.99
2107821,2025-12-22,1.0
2107958,2021-11-28,0.81
2107958,2022-11-19,0.89
2107958,2023-10-29,0.95
2107958,2024-04-22,0.99
2107958,2025-12-20,1.0
2108623,2021-06-10,0.84
2108623,2022-08-09,0.9
2108623,2023-01-26,0.94
2108623,2024-04-12,0.99
2108623,2025-11-29,1.0
2108740,2021-05-30,0.87
2108740,2022-11-29,0.93
2108740,2023-07-14,0.98
2108740,2025-12-09,1.0
2109383,2021-07-13,0.83
2109383,2022-07-01,0.92
2109383,2023-04-29,0.97
2109383,2024-01-25,0.98
2109383,2025-01-04,1.0
2109438,2021-11-20,0.87
2109438,2023-05-27,0.92
2109438,2024-12-04,0.96
2109438,2025-04-26,1.0
2109461,2021-09-01,0.82
2109461,2022-05-13,0.89
2109461,2023-06-06,0.92
2109461,2024-04-25,0.96
2109461,2025-02-27,1.0
2110266,2021-07-22,0.89
2110266,2022-06-18,0.97
2110266,2024-05-02,0.99
2110266,2025-08-25,1.0
2110576,2021-12-07,0.88
2110576,2023-10-01,0.93
2110576,2024-08-14,0.95
2110576,2025-10-08,1.0
2111081,2021-12-21,0.85
2111081,2022-11-19,0.93
2111081,2023-02-16,0.96
2111081,2024-04-21,1.0
2111148,2021-10-07,0.86
2111148,2022-03-13,0.92
2111148,2024-09-18,0.95
2111148,2025-08-23,1.0
2112001,2021-04-12,0.92
2112001,2022-08-11,0.98
2112001,2025-01-15,1.0
2113000,2021-08-14,0.87
2113000,2022-02-01,0.95
2113000,2023-10-03,1.0
2113706,2021-04-22,0.9
2113706,2023-10-16,0.95
2113706,2024-11-24,1.0
2113947,2021-10-02,0.84
2113947,2022-04-22,0.92
2113947,2023-12-19,0.95
2113947,2024-08-04,1.0
2113953,2021-06-16,0.83
2113953,2022-03-16,0.9
2113953,2023-01-08,0.95
2113953,2024-02-10,0.96
2113953,2025-06-09,1.0
2120544,2021-03-30,1.0
2120742,2021-10-13,0.88
2120742,2022-04-13,0.95
2120742,2025-03-28,1.0
2121260,2021-01-10,0.81
2121260,2022-03-09,0.9
2121260,2023-01-09,0.95
2121260,2024-10-20,1.0
2121327,2021-02-06,0.98
2121327,2024-04-25,1.0
2121362,2021-06-18,0.91
2121362,2023-02-17,0.96
2121362,2024-12-26,1.0
2121706,2021-05-19,0.87
2121706,2022-11-09,0.95
2121706,2024-07-01,1.0
2121844,2021-09-16,0.78
2121844,2022-01-18,0.86
2121844,2023-07-02,0.9
2121844,2024-02-22,0.95
2121844,2025-04-19,1.0
2121915,2021-04-20,0.87
2121915,2022-10-27,0.93
2121915,2024-02-09,0.97
2121915,2025-09-26,1.0
2122039,2021-04-08,0.82
2122039,2022-01-23,0.87
2122039,2023-10-26,0.92
2122039,2024-07-17,0.96
2122039,2025-03-22,1.0
2122389,2021-02-05,0.98
2122389,2025-09-08,1.0
2122421,2021-12-10,0.89
2122421,2023-07-16,0.93
2122421,2024-07-06,0.96
2122421,2025-03-23,1.0
2122683,2021-04-06,0.87
2122683,2022-07-03,0.96
2122683,2025-05-30,1.0
2122782,2021-10-04,0.83
2122782,2022-12-31,0.92
2122782,2023-10-19,0.98
2122782,2025-10-28,1.0
2125145,2021-10-22,0.89
2125145,2022-06-23,0.95
2125145,2024-10-03,0.98
2125145,2025-02-18,1.0
2125278,2021-01-05,0.98
2125278,2024-09-05,1.0
2125565,2021-08-12,0.88
2125565,2023-08-17,0.93
2125565,2024-04-01,0.96
2125565,2025-12-11,1.0
2126599,2021-04-14,0.88
2126599,2023-05-27,0.92
2126599,2024-09-11,0.95
2126599,2025-05-16,1.0
2127109,2021-01-26,0.88
2127109,2023-07-17,0.93
2127109,2024-01-01,0.95
2127109,2025-05-21,1.0
2127494,2021-06-24,0.87
2127494,2022-10-09,0.96
2127494,2023-10-05,0.98
2127494,2025-06-16,1.0
2127703,2021-09-04,0.87
2127703,2022-05-26,0.96
2127703,2024-10-15,0.97
2127703,2025-06-21,1.0
2127903,2021-02-20,0.82
2127903,2022-12-21,0.9
2127903,2023-07-05,0.95
2127903,2025-10-29,1.0
2127907,2021-11-14,0.89
2127907,2022-05-27,0.97
2127907,2025-04-14,1.0
2128341,2021-03-01,0.81
2128341,2022-04-25,0.89
2128341,2023-05-08,0.92
2128341,2024-10-28,0.96
2128341,2025-05-18,1.0
2128550,2021-01-20,0.88
2128550,2022-04-29,0.95
2128550,2024-02-05,1.0
2128921,2021-11-06,0.81
2128921,2022-08-26,0.9
2128921,2023-11-28,0.95
2128921,2024-09-30,1.0
2128923,2021-07-07,0.94
2128923,2023-08-20,0.97
2128923,2025-05-29,1.0
2129062,2021-03-03,0.93
2129062,2023-10-11,0.95
2129062,2024-11-09,1.0
2129098,2021-05-31,0.83
2129098,2022-02-10,0.89
2129098,2023-03-15,0.94
2129098,2024-03-04,0.95
2129098,2025-12-19,1.0
2129561,2021-11-01,0.82
2129561,2022-08-02,0.91
2129561,2023-06-30,0.95
2129561,2024-09-01,0.99
2129561,2025-08-23,1.0
2129570,2021-05-24,0.89
2129570,2023-01-12,0.92
2129570,2024-08-18,0.97
2129570,2025-05-28,1.0
2129721,2021-08-13,0.88
2129721,2023-01-25,0.93
2129721,2024-11-12,0.96
2129721,2025-01-02,1.0
2129780,2021-12-09,1.0
2130048,2021-01-22,0.87
2130048,2022-03-12,0.96
2130048,2023-08-09,1.0
2130062,2021-01-07,0.86
2130062,2022-11-12,0.95
2130062,2023-04-26,0.97
2130062,2024-12-01,1.0
2130395,2021-08-25,0.9
2130395,2022-09-06,0.99
2130395,2023-01-03,1.0
2130719,2021-01-12,0.87
2130719,2022-06-16,0.94
2130719,2023-09-25,0.95
2130719,2024-08-24,1.0
2130723,2021-05-14,0.85
2130723,2022-09-05,0.93
2130723,2023-07-20,0.94
2130723,2024-09-16,0.97
2130723,2025-10-16,1.0
2130733,2021-06-19,0.87
2130733,2022-05-06,0.93
2130733,2023-06-25,0.98
2130733,2024-08-02,0.99
2130733,2025-10-19,1.0
2130782,2021-02-10,0.91
2130782,2022-08-01,0.98
2130782,2023-01-01,0.99
2130782,2024-05-10,1.0
2130893,2021-05-23,0.99
2130893,2025-05-03,1.0
2132086,2021-04-28,0.84
2132086,2022-01-02,0.93
2132086,2023-02-26,0.96
2132086,2024-08-20,1.0
2132127,2021-08-18,0.83
2132127,2022-12-12,0.89
2132127,2023-01-19,0.94
2132127,2024-02-26,0.99
2132127,2025-11-07,1.0
2132270,2021-09-01,0.89
2132270,2022-10-08,0.96
2132270,2023-09-20,0.97
2132270,2025-09-07,1.0
2132413,2021-03-16,0.89
2132413,2022-07-17,0.95
2132413,2023-12-18,1.0
2132548,2021-09-25,0.91
2132548,2023-11-11,0.94
2132548,2024-07-19,0.95
2132548,2025-07-18,1.0
2133258,2021-04-28,0.87
2133258,2022-11-06,0.95
2133258,2023-11-20,0.99
2133258,2025-12-19,1.0
2133381,2021-10-16,0.77
2133381,2022-09-21,0.86
2133381,2023-03-01,0.91
2133381,2024-08-28,0.95
2133381,2025-10-10,1.0
2133390,2021-10-23,0.84
2133390,2022-03-16,0.91
2133390,2024-09-10,0.96
2133390,2025-01-21,1.0
2133447,2021-02-20,0.86
2133447,2022-11-04,0.93
2133447,2023-11-29,0.98
2133447,2025-03-20,1.0
2133530,2021-02-28,0.93
2133530,2023-11-20,0.95
2133530,2024-12-15,0.97
2133530,2025-09-17,1.0
2133564,2021-10-18,1.0
2133739,2021-08-04,0.84
2133739,2022-08-08,0.9
2133739,2023-12-13,0.92
2133739,2024-05-23,0.96
2133739,2025-05-21,1.0
2133759,2021-10-30,0.79
2133759,2022-12-21,0.87
2133759,2023-03-23,0.9
2133759,2024-03-10,0.95
2133759,2025-03-05,1.0
2133779,2021-02-19,0.85
2133779,2022-04-23,0.91
2133779,2023-07-14,0.96
2133779,2024-10-09,0.98
2133779,2025-10-18,1.0
2134636,2021-01-12,0.91
2134636,2022-06-10,1.0
2135673,2021-10-21,0.89
2135673,2022-08-17,0.95
2135673,2023-03-22,0.98
2135673,2025-08-26,1.0
2141983,2021-08-31,0.88
2141983,2022-03-24,0.95
2141983,2023-07-06,0.96
2141983,2024-07-05,0.99
2141983,2025-01-12,1.0
2142054,2021-08-31,0.88
2142054,2022-02-14,0.96
2142054,2023-12-26,1.0
2142084,2021-12-30,0.91
2142084,2024-10-09,0.96
2142084,2025-09-14,1.0
2142388,2021-05-21,0.8
2142388,2022-05-02,0.88
2142388,2023-08-06,0.93
2142388,2024-08-29,0.96
2142388,2025-02-13,1.0
2142615,2021-04-19,0.83
2142615,2022-02-02,0.91
2142615,2024-04-07,0.95
2142615,2025-04-22,1.0
2142711,2021-01-28,0.92
2142711,2022-08-20,1.0
2142830,2021-07-24,0.89
2142830,2022-04-22,0.98
2142830,2023-08-06,1.0
2143122,2021-02-20,0.89
2143122,2022-06-04,0.97
2143122,2025-11-28,1.0
2143347,2021-08-30,0.83
2143347,2022-01-15,0.91
2143347,2023-10-21,0.93
2143347,2024-01-12,0.96
2143347,2025-07-19,1.0
2143676,2021-10-24,0.85
2143676,2022-09-22,0.94
2143676,2023-06-28,0.96
2143676,2024-10-30,0.99
2143676,2025-08-03,1.0
2143849,2021-02-16,0.95
2143849,2023-02-06,0.97
2143849,2024-05-11,0.99
2143849,2025-01-14,1.0
2143959,2021-09-21,0.84
2143959,2022-08-07,0.93
2143959,2023-05-25,0.95
2143959,2024-04-14,0.99
2143959,2025-09-07,1.0
2144263,2021-05-17,0.87
2144263,2022-03-05,0.93
2144263,2024-04-14,0.98
2144263,2025-10-24,1.0
2144274,2021-11-09,0.87
2144274,2022-09-02,0.96
2144274,2024-01-29,0.98
2144274,2025-11-21,1.0
2144291,2021-10-20,0.91
2144291,2023-02-18,0.96
2144291,2025-10-12,1.0
2144373,2021-07-30,0.85
2144373,2022-06-08,0.93
2144373,2023-02-06,0.95
2144373,2024-08-17,0.97
2144373,2025-06-29,1.0
2144740,2021-01-17,0.84
2144740,2022-01-06,0.9
2144740,2023-09-22,0.95
2144740,2024-09-08,0.97
2144740,2025-08-26,1.0
2144905,2021-09-11,0.85
2144905,2022-07-17,0.93
2144905,2023-10-23,0.96
2144905,2025-12-13,1.0
2145008,2021-11-06,0.96
2145008,2023-09-09,0.98
2145008,2024-02-09,0.99
2145008,2025-03-16,1.0
2145351,2021-05-31,0.93
2145351,2024-05-29,0.98
2145351,2025-10-12,1.0
2146113,2021-03-15,0.9
2146113,2022-01-26,0.96
2146113,2025-11-11,1.0
2146148,2021-01-10,0.85
2146148,2022-06-24,0.92
2146148,2023-08-15,0.95
2146148,2024-05-20,0.96
2146148,2025-07-07,1.0
2147173,2021-05-18,0.88
2147173,2022-05-28,0.94
2147173,2023-08-05,0.96
2147173,2024-05-02,0.98
2147173,2025-02-19,1.0
2147643,2021-02-19,0.82
2147643,2022-05-25,0.91
2147643,2023-11-02,0.94
2147643,2024-10-29,0.99
2147643,2025-02-14,1.0
2148176,2021-12-27,0.85
2148176,2022-07-23,0.95
2148176,2024-08-24,0.99
2148176,2025-07-20,1.0
2148816,2021-10-27,0.92
2148816,2022-10-31,1.0
2148851,2021-05-12,0.81
2148851,2022-09-06,0.88
2148851,2023-04-04,0.93
2148851,2024-11-15,0.96
2148851,2025-09-02,1.0
2149099,2021-06-30,0.89
2149099,2022-12-09,0.96
2149099,2023-02-14,1.0
2149127,2021-03-22,0.9
2149127,2022-10-03,0.97
2149127,2024-11-22,1.0
2149573,2021-07-15,0.88
2149573,2023-07-30,0.92
2149573,2024-06-15,0.97
2149573,2025-02-17,1.0
2149734,2021-04-16,0.86
2149734,2022-07-09,0.94
2149734,2024-08-03,0.99
2149734,2025-02-10,1.0
2149777,2021-11-30,0.85
2149777,2022-11-30,0.94
2149777,2023-02-02,0.95
2149777,2025-05-09,1.0
2149863,2021-05-23,0.83
2149863,2022-09-30,0.89
2149863,2023-11-25,0.93
2149863,2024-07-20,0.98
2149863,2025-07-06,1.0
2150041,2021-01-26,0.91
2150041,2022-05-28,1.0
2150396,2021-12-22,0.81
2150396,2022-02-09,0.89
2150396,2023-03-27,0.94
2150396,2024-03-21,0.98
2150396,2025-10-23,1.0
2150693,2021-11-17,0.84
2150693,2022-04-12,0.9
2150693,2023-06-12,0.93
2150693,2024-01-01,0.97
2150693,2025-07-25,1.0
2150841,2021-11-14,0.84
2150841,2022-01-27,0.91
2150841,2024-06-11,0.96
2150841,2025-03-13,1.0
2150864,2021-07-19,0.85
2150864,2022-09-01,0.93
2150864,2023-02-07,0.96
2150864,2024-08-18,1.0
2150870,2021-07-21,0.8
2150870,2022-03-10,0.86
2150870,2023-09-16,0.91
2150870,2024-06-29,0.96
2150870,2025-04-26,1.0
2150990,2021-01-28,0.86
2150990,2022-03-03,0.92
2150990,2023-07-14,0.95
2150990,2024-03-20,0.99
2150990,2025-11-23,1.0
2151565,2021-01-03,0.82
2151565,2022-01-19,0.9
2151565,2023-07-13,0.95
2151565,2024-04-13,0.97
2151565,2025-10-25,1.0
2151569,2021-06-23,0.87
2151569,2022-05-23,0.95
2151569,2023-01-23,0.97
2151569,2025-04-10,1.0
2152496,2021-12-20,0.8
2152496,2022-06-18,0.88
2152496,2023-09-23,0.93
2152496,2024-09-30,0.97
2152496,2025-05-20,1.0
2152550,2021-01-16,0.88
2152550,2022-09-19,0.94
2152550,2024-02-24,0.97
2152550,2025-10-15,1.0
2152704,2021-07-27,0.85
2152704,2022-09-29,0.93
2152704,2023-10-06,0.97
2152704,2025-03-14,1.0
2152734,2021-09-18,0.89
2152734,2022-03-06,0.95
2152734,2023-08-03,1.0
2152735,2021-11-11,0.93
2152735,2023-11-03,0.96
2152735,2024-08-03,1.0
2153226,2021-12-01,0.84
2153226,2022-06-03,0.91
2153226,2023-03-25,0.95
2153226,2024-11-10,0.96
2153226,2025-05-04,1.0
2153346,2021-06-28,0.8
2153346,2022-06-20,0.89
2153346,2023-03-12,0.94
2153346,2024-04-28,0.99
2153346,2025-01-17,1.0
2153389,2021-09-16,0.83
2153389,2022-10-26,0.91
2153389,2023-09-15,0.95
2153389,2024-07-15,0.97
2153389,2025-01-11,1.0
2153680,2021-11-25,0.81
2153680,2022-01-22,0.89
2153680,2023-05-18,0.93
2153680,2024-01-21,0.98
2153680,2025-03-13,1.0
2153697,2021-07-09,0.83
2153697,2022-12-06,0.89
2153697,2023-08-30,0.95
2153697,2024-04-15,1.0
2153879,2021-02-04,0.91
2153879,2022-05-01,1.0
2154204,2021-11-12,0.87
2154204,2022-03-08,0.95
2154204,2024-11-17,0.97
2154204,2025-09-04,1.0
2154620,2021-09-20,0.84
2154620,2022-09-08,0.92
2154620,2023-01-02,0.96
2154620,2024-04-26,1.0
2154625,2021-12-26,0.86
2154625,2022-04-04,0.93
2154625,2023-02-11,0.98
2154625,2025-11-25,1.0
2154993,2021-04-18,0.95
2154993,2023-09-08,0.96
2154993,2025-07-11,1.0
2155341,2021-06-07,0.94
2155341,2024-06-20,0.96
2155341,2025-11-23,1.0
2155474,2021-05-01,0.83
2155474,2022-08-03,0.88
2155474,2023-07-23,0.93
2155474,2024-04-05,0.95
2155474,2025-09-03,1.0
2156480,2021-02-06,0.89
2156480,2022-01-20,0.95
2156480,2024-06-18,0.98
2156480,2025-08-13,1.0
2163692,2021-08-29,0.89
2163692,2022-06-24,0.98
2163692,2024-03-17,1.0
2163957,2021-07-05,0.92
2163957,2022-03-15,0.98
2163957,2023-07-15,1.0
2163993,2021-08-31,0.83
2163993,2022-03-14,0.91
2163993,2023-01-23,0.93
2163993,2024-12-05,0.98
2163993,2025-05-16,1.0
2164123,2021-05-05,0.92
2164123,2023-01-26,0.93
2164123,2024-10-18,0.98
2164123,2025-06-12,1.0
2164135,2021-03-04,0.97
2164135,2024-10-22,1.0
2164292,2021-05-25,0.97
2164292,2024-11-26,0.98
2164292,2025-06-28,1.0
2164328,2021-10-05,0.87
2164328,2022-09-29,0.93
2164328,2023-04-04,0.98
2164328,2024-10-21,0.99
2164328,2025-06-09,1.0
2164393,2021-06-20,0.86
2164393,2022-07-12,0.96
2164393,2025-10-20,1.0
2164414,2021-10-30,0.83
2164414,2022-05-14,0.92
2164414,2023-12-02,0.97
2164414,2024-05-27,1.0
2164767,2021-09-17,0.84
2164767,2022-06-19,0.89
2164767,2023-12-31,0.94
2164767,2024-03-22,0.96
2164767,2025-01-29,1.0
2164933,2021-07-31,0.92
2164933,2022-11-02,0.99
2164933,2025-12-05,1.0
2164947,2021-04-05,0.88
2164947,2023-01-23,0.9
2164947,2024-11-16,0.95
2164947,2025-01-04,1.0
2165255,2021-07-27,0.88
2165255,2023-07-07,0.93
2165255,2024-08-18,0.96
2165255,2025-01-09,1.0
2165813,2021-01-18,0.88
2165813,2023-04-04,0.91
2165813,2024-11-02,0.95
2165813,2025-07-07,1.0
2165951,2021-07-28,0.88
2165951,2022-12-28,0.95
2165951,2025-01-11,1.0
2166788,2021-02-12,0.97
2166788,2024-03-17,1.0
2166930,2021-01-31,0.96
2166930,2023-08-29,0.99
2166930,2025-08-17,1.0
2166981,2021-09-26,0.86
2166981,2023-02-18,0.91
2166981,2024-05-23,0.96
2166981,2025-12-02,1.0
2167031,2021-04-05,0.89
2167031,2022-04-22,0.95
2167031,2025-09-22,1.0
2167140,2021-08-06,0.82
2167140,2022-05-08,0.91
2167140,2023-09-15,0.92
2167140,2024-11-18,0.97
2167140,2025-03-09,1.0
2167378,2021-06-21,0.82
2167378,2022-05-25,0.91
2167378,2023-04-13,0.95
2167378,2024-04-05,1.0
2168035,2021-09-06,0.84
2168035,2022-11-10,0.93
2168035,2023-11-17,0.95
2168035,2024-02-02,0.99
2168035,2025-10-14,1.0
2168597,2021-10-09,0.9
2168597,2023-09-15,0.93
2168597,2024-01-12,0.97
2168597,2025-03-28,1.0
2168695,2021-02-07,0.98
2168695,2024-03-17,1.0
2168789,2021-05-12,0.86
2168789,2022-04-24,0.92
2168789,2023-12-14,0.97
2168789,2024-07-20,0.98
2168789,2025-11-13,1.0
2169464,2021-06-28,0.98
2169464,2025-01-05,1.0
2169727,2021-08-06,0.87
2169727,2022-07-08,0.95
2169727,2023-05-11,0.96
2169727,2024-03-09,0.98
2169727,2025-09-29,1.0
2169965,2021-07-09,0.85
2169965,2022-04-13,0.93
2169965,2023-07-01,0.95
2169965,2025-06-12,1.0
2170143,2021-09-27,1.0
2170292,2021-10-01,0.84
2170292,2022-08-16,0.89
2170292,2023-02-08,0.94
2170292,2024-03-16,0.97
2170292,2025-10-07,1.0
2170302,2021-07-22,0.95
2170302,2023-02-24,0.99
2170302,2025-10-18,1.0
2170337,2021-07-25,0.87
2170337,2022-07-04,0.94
2170337,2024-05-28,0.95
2170337,2025-03-14,1.0
2170365,2021-06-16,0.86
2170365,2022-10-10,0.92
2170365,2024-08-06,0.97
2170365,2025-05-05,1.0
2170612,2021-09-24,0.83
2170612,2022-09-15,0.88
2170612,2023-06-20,0.9
2170612,2024-07-04,0.95
2170612,2025-06-26,1.0
2171412,2021-11-01,0.91
2171412,2023-06-08,0.96
2171412,2025-10-05,1.0
2171569,2021-09-08,0.87
2171569,2022-08-09,0.95
2171569,2024-02-02,1.0
2171878,2021-10-12,0.85
2171878,2022-09-17,0.93
2171878,2023-08-03,0.97
2171878,2024-05-05,1.0
2172024,2021-01-20,0.91
2172024,2023-10-31,0.96
2172024,2024-06-12,1.0
2172172,2021-04-29,0.94
2172172,2024-08-13,0.99
2172172,2025-03-22,1.0
2172241,2021-05-17,0.87
2172241,2022-04-03,0.97
2172241,2024-04-12,1.0
2172390,2021-08-03,0.88
2172390,2023-06-13,0.91
2172390,2024-04-28,0.95
2172390,2025-02-04,1.0
2172530,2021-07-15,0.92
2172530,2023-11-12,0.93
2172530,2024-01-03,0.97
2172530,2025-03-05,1.0
2172544,2021-11-13,0.83
2172544,2022-08-09,0.91
2172544,2023-01-29,0.93
2172544,2024-01-11,0.97
2172544,2025-08-25,1.0
2172826,2021-07-01,0.85
2172826,2022-10-27,0.93
2172826,2023-03-17,0.99
2172826,2025-01-02,1.0
2172941,2021-09-28,0.92
2172941,2023-07-08,0.96
2172941,2024-12-11,1.0
2172951,2021-09-26,0.79
2172951,2022-07-04,0.87
2172951,2023-01-17,0.91
2172951,2024-12-09,0.95
2172951,2025-12-01,1.0
2173028,2021-09-18,0.84
2173028,2022-04-15,0.92
2173028,2024-03-16,0.95
2173028,2025-03-18,1.0
2173053,2021-04-26,0.91
2173053,2022-06-18,0.97
2173053,2023-05-16,1.0
2173913,2021-08-26,0.85
2173913,2022-01-06,0.91
2173913,2023-10-12,0.92
2173913,2024-05-16,0.95
2173913,2025-04-07,1.0
2174151,2021-05-23,0.88
2174151,2022-01-18,0.97
2174151,2024-09-15,1.0
2174255,2021-01-23,0.97
2174255,2024-03-08,0.99
2174255,2025-08-15,1.0
2174386,2021-08-15,0.89
2174386,2023-08-05,0.91
2174386,2024-10-05,0.96
2174386,2025-12-20,1.0
2174460,2021-07-01,0.8
2174460,2022-03-09,0.88
2174460,2023-04-23,0.93
2174460,2024-01-07,0.98
2174460,2025-06-08,1.0
2175084,2021-11-18,0.93
2175084,2024-12-28,0.96
2175084,2025-01-31,1.0
2175106,2021-04-27,0.83
2175106,2022-09-11,0.92
2175106,2023-06-26,0.95
2175106,2024-08-01,0.97
2175106,2025-04-10,1.0
2175548,2021-03-03,0.92
2175548,2023-06-03,0.95
2175548,2025-10-22,1.0
2175551,2021-12-16,0.92
2175551,2023-12-18,0.97
2175551,2024-02-02,1.0
2175603,2021-03-08,0.87
2175603,2022-04-18,0.95
2175603,2023-11-20,0.98
2175603,2024-08-24,0.99
2175603,2025-11-05,1.0
2176065,2021-10-19,0.83
2176065,2022-03-01,0.9
2176065,2023-04-08,0.95
2176065,2024-02-29,0.98
2176065,2025-03-31,1.0
2176198,2021-05-14,0.93
2176198,2023-11-25,0.95
2176198,2024-06-04,1.0
2176214,2021-01-27,0.87
2176214,2022-12-18,0.96
2176214,2024-02-08,0.99
2176214,2025-07-23,1.0
2177211,2021-12-22,0.92
2177211,2024-05-15,0.96
2177211,2025-05-18,1.0
2177227,2021-08-12,0.84
2177227,2022-01-25,0.91
2177227,2024-06-05,0.96
2177227,2025-09-29,1.0
2177422,2021-04-28,0.9
2177422,2022-02-06,0.96
2177422,2025-03-12,1.0
2185756,2021-06-12,0.93
2185756,2023-12-14,0.98
2185756,2024-06-25,1.0
2186049,2021-04-23,0.9
2186049,2023-05-14,0.92
2186049,2024-10-24,0.97
2186049,2025-10-10,1.0
2186520,2021-02-27,0.94
2186520,2023-03-19,0.96
2186520,2024-02-07,0.97
2186520,2025-07-23,1.0
2186547,2021-09-25,0.83
2186547,2022-02-03,0.92
2186547,2023-02-09,0.96
2186547,2024-01-01,1.0
2186897,2021-06-20,0.88
2186897,2022-06-30,0.95
2186897,2023-07-08,0.98
2186897,2025-10-16,1.0
2187033,2021-02-26,0.94
2187033,2024-02-01,0.98
2187033,2025-12-26,1.0
2187090,2021-11-11,0.9
2187090,2022-07-26,0.99
2187090,2024-02-08,1.0
2187314,2021-07-26,0.94
2187314,2024-06-16,0.98
2187314,2025-05-28,1.0
2187790,2021-08-23,0.83
2187790,2022-02-02,0.89
2187790,2023-09-23,0.93
2187790,2024-01-23,0.97
2187790,2025-03-13,1.0
2187794,2021-05-09,0.88
2187794,2022-03-13,0.96
2187794,2023-09-02,0.98
2187794,2024-02-28,1.0
2187802,2021-07-31,0.89
2187802,2022-03-22,0.97
2187802,2023-09-12,0.99
2187802,2025-11-30,1.0
2188582,2021-08-03,0.88
2188582,2022-03-03,0.96
2188582,2023-06-11,0.99
2188582,2025-10-16,1.0
2188644,2021-11-28,0.83
2188644,2022-05-20,0.91
2188644,2023-08-19,0.92
2188644,2024-01-01,0.95
2188644,2025-03-30,1.0
2188941,2021-04-16,0.86
2188941,2022-11-19,0.95
2188941,2023-01-04,0.97
2188941,2024-10-31,0.99
2188941,2025-01-08,1.0
2189107,2021-08-17,0.83
2189107,2022-03-13,0.89
2189107,2023-11-05,0.94
2189107,2024-06-19,0.99
2189107,2025-04-16,1.0
2189245,2021-07-18,0.9
2189245,2023-10-01,0.95
2189245,2024-11-08,1.0
2189273,2021-07-01,0.87
2189273,2022-01-06,0.94
2189273,2024-03-25,0.95
2189273,2025-01-17,1.0
2189531,2021-12-02,0.86
2189531,2022-02-15,0.95
2189531,2024-02-19,1.0
2191055,2021-08-05,0.82
2191055,2022-05-06,0.91
2191055,2024-01-05,0.96
2191055,2025-04-27,1.0
2191746,2021-06-06,0.85
2191746,2022-10-10,0.94
2191746,2023-07-26,0.98
2191746,2024-07-25,1.0
2192232,2021-02-09,0.9
2192232,2022-11-19,0.96
2192232,2023-12-11,0.98
2192232,2024-08-01,1.0
2192823,2021-06-21,0.81
2192823,2022-06-29,0.87
2192823,2023-02-02,0.92
2192823,2024-02-16,0.95
2192823,2025-12-23,1.0
2193230,2021-11-06,0.83
2193230,2022-01-04,0.91
2193230,2023-08-07,0.95
2193230,2024-03-02,1.0
2193256,2021-02-06,0.9
2193256,2022-07-16,1.0
2193444,2021-06-29,0.84
2193444,2022-08-06,0.93
2193444,2024-10-15,0.95
2193444,2025-11-04,1.0
2193475,2021-11-11,0.96
2193475,2023-12-02,0.98
2193475,2024-11-01,0.99
2193475,2025-12-20,1.0
2194396,2021-07-21,0.83
2194396,2022-02-12,0.91
2194396,2023-11-12,0.95
2194396,2024-10-08,0.97
2194396,2025-02-20,1.0
2194461,2021-01-08,0.87
2194461,2022-01-25,0.94
2194461,2023-10-14,0.99
2194461,2024-10-10,1.0
2194849,2021-01-17,0.89
2194849,2022-12-07,0.98
2194849,2023-12-03,0.99
2194849,2025-09-13,1.0
2195343,2021-11-15,0.94
2195343,2023-03-22,0.97
2195343,2025-02-06,1.0
2195434,2021-06-27,0.81
2195434,2022-01-14,0.9
2195434,2023-08-17,0.92
2195434,2024-10-12,0.96
2195434,2025-02-11,1.0
2195834,2021-05-15,0.84
2195834,2022-08-17,0.93
2195834,2024-08-27,0.95
2195834,2025-08-06,1.0
2195922,2021-06-17,0.87
2195922,2022-02-04,0.93
2195922,2023-10-12,0.96
2195922,2025-10-23,1.0
2195953,2021-12-10,0.85
2195953,2022-07-14,0.91
2195953,2023-10-30,0.94
2195953,2024-05-10,0.96
2195953,2025-05-26,1.0
2196045,2021-03-25,0.86
2196045,2022-04-18,0.94
2196045,2024-12-18,0.97
2196045,2025-09-28,1.0
2196627,2021-05-07,0.8
2196627,2022-01-29,0.88
2196627,2023-12-26,0.92
2196627,2024-01-17,0.96
2196627,2025-03-05,1.0
2196643,2021-10-18,0.85
2196643,2022-07-24,0.92
2196643,2023-10-28,0.97
2196643,2025-01-04,1.0
2196850,2021-07-30,0.87
2196850,2022-11-18,0.93
2196850,2024-01-03,0.98
2196850,2025-10-29,1.0
2196896,2021-02-07,0.99
2196896,2024-07-18,1.0
2197040,2021-09-01,0.86
2197040,2022-11-26,0.93
2197040,2023-01-02,0.99
2197040,2025-02-01,1.0
2197077,2021-03-16,0.83
2197077,2022-06-03,0.91
2197077,2023-08-06,0.96
2197077,2024-03-13,1.0
2197158,2021-04-25,0.86
2197158,2022-01-07,0.94
2197158,2023-02-14,0.96
2197158,2024-05-29,1.0
2197322,2021-11-09,0.86
2197322,2022-03-15,0.92
2197322,2023-01-05,0.95
2197322,2024-08-29,0.99
2197322,2025-02-15,1.0
2197330,2021-03-14,0.85
2197330,2022-09-03,0.95
2197330,2023-10-21,0.97
2197330,2024-03-21,0.99
2197330,2025-01-15,1.0
2197554,2021-10-27,0.83
2197554,2022-05-13,0.91
2197554,2023-01-11,0.95
2197554,2024-11-20,0.97
2197554,2025-04-29,1.0
2197763,2021-07-09,0.84
2197763,2022-11-30,0.93
2197763,2023-10-01,0.96
2197763,2025-02-12,1.0
2197771,2021-03-09,0.92
2197771,2023-04-01,0.96
2197771,2024-09-24,1.0
2198228,2021-11-26,0.9
2198228,2023-05-23,0.94
2198228,2024-07-26,0.99
2198228,2025-11-20,1.0
2198329,2021-12-27,0.94
2198329,2022-03-09,1.0
2199037,2021-04-22,0.98
2199037,2025-04-20,1.0
2199191,2021-08-24,1.0
2200074,2021-08-31,0.92
2200074,2022-10-31,0.99
2200074,2025-11-19,1.0
2200380,2021-11-19,0.88
2200380,2022-07-24,0.94
2200380,2023-11-24,0.97
2200380,2024-08-12,1.0
2200391,2021-09-27,0.93
2200391,2023-01-09,0.98
2200391,2025-02-14,1.0
2200659,2021-02-24,0.96
2200659,2024-12-29,0.99
2200659,2025-07-23,1.0
2207402,2021-07-07,0.81
2207402,2022-06-09,0.9
2207402,2023-02-19,0.95
2207402,2025-11-18,1.0
2207512,2021-06-11,0.88
2207512,2022-03-08,0.96
2207512,2025-10-27,1.0
2207519,2021-09-19,0.88
2207519,2023-01-29,0.91
2207519,2024-05-16,0.95
2207519,2025-07-11,1.0
2207747,2021-05-10,0.86
2207747,2022-05-31,0.94
2207747,2023-11-28,0.97
2207747,2025-10-28,1.0
2208064,2021-12-16,0.89
2208064,2023-11-05,0.93
2208064,2024-08-08,0.96
2208064,2025-09-29,1.0
2208427,2021-11-08,0.96
2208427,2024-04-23,0.98
2208427,2025-02-21,1.0
2208612,2021-07-15,0.88
2208612,2022-09-19,0.97
2208612,2025-07-17,1.0
2208620,2021-02-12,0.86
2208620,2023-02-21,0.91
2208620,2024-01-28,0.96
2208620,2025-04-13,1.0
2208912,2021-01-11,0.84
2208912,2022-01-13,0.93
2208912,2023-06-01,0.96
2208912,2024-11-04,0.98
2208912,2025-03-13,1.0
2209117,2021-03-14,0.94
2209117,2023-01-25,0.98
2209117,2024-08-27,1.0
2209696,2021-05-21,0.85
2209696,2022-05-29,0.92
2209696,2023-08-20,0.93
2209696,2024-04-09,0.96
2209696,2025-08-02,1.0
2209720,2021-01-17,0.84
2209720,2022-04-01,0.93
2209720,2023-02-03,0.98
2209720,2025-09-12,1.0
2209953,2021-03-19,0.9
2209953,2022-06-22,0.97
2209953,2024-03-10,0.98
2209953,2025-07-22,1.0
2209960,2021-10-11,0.89
2209960,2022-07-15,0.99
2209960,2024-05-09,1.0
2209983,2021-09-05,0.83
2209983,2022-08-18,0.91
2209983,2023-06-23,0.97
2209983,2024-08-04,0.98
2209983,2025-02-25,1.0
2210612,2021-12-21,0.94
2210612,2023-05-20,0.97
2210612,2024-02-13,0.98
2210612,2025-12-05,1.0
2210730,2021-12-15,0.91
2210730,2022-02-13,0.97
2210730,2024-10-13,0.99
2210730,2025-04-21,1.0
2211170,2021-10-25,0.95
2211170,2024-03-07,1.0
2211291,2021-07-02,0.87
2211291,2022-09-23,0.95
2211291,2024-10-28,0.99
2211291,2025-01-08,1.0
2211867,2021-07-06,0.95
2211867,2024-11-12,0.96
2211867,2025-10-22,1.0
2212003,2021-07-06,0.85
2212003,2022-02-13,0.94
2212003,2024-06-20,0.98
2212003,2025-09-18,1.0
2212065,2021-12-28,0.85
2212065,2022-04-17,0.94
2212065,2023-06-17,0.97
2212065,2024-03-04,0.99
2212065,2025-11-21,1.0
2212360,2021-12-12,0.86
2212360,2022-09-06,0.92
2212360,2023-11-18,0.93
2212360,2024-01-16,0.98
2212360,2025-08-14,1.0
2213204,2021-10-08,0.9
2213204,2022-04-29,0.96
2213204,2024-06-27,0.98
2213204,2025-02-05,1.0
2213370,2021-08-28,0.87
2213370,2022-05-26,0.95
2213370,2023-07-10,0.97
2213370,2024-08-10,0.98
2213370,2025-03-25,1.0
2213404,2021-11-17,0.9
2213404,2022-03-30,0.97
2213404,2025-05-05,1.0
2213489,2021-01-26,0.84
2213489,2022-11-12,0.91
2213489,2023-03-07,0.93
2213489,2024-08-09,0.96
2213489,2025-07-20,1.0
2213614,2021-01-13,0.93
2213614,2023-07-03,0.95
2213614,2024-01-13,1.0
2213673,2021-04-27,0.88
2213673,2022-10-11,0.97
2213673,2024-10-22,1.0
2213675,2021-01-17,0.84
2213675,2022-08-19,0.92
2213675,2023-12-12,0.93
2213675,2024-04-22,0.98
2213675,2025-10-24,1.0
2213681,2021-09-09,0.87
2213681,2022-07-06,0.95
2213681,2024-09-22,0.99
2213681,2025-05-30,1.0
2214126,2021-08-27,0.9
2214126,2022-02-28,0.96
2214126,2023-07-29,1.0
2214204,2021-05-22,0.81
2214204,2022-01-30,0.9
2214204,2023-05-07,0.95
2214204,2024-04-29,1.0
2214243,2021-04-18,0.85
2214243,2023-06-12,0.9
2214243,2024-02-08,0.95
2214243,2025-07-01,1.0
2214844,2021-10-14,0.92
2214844,2024-11-30,0.96
2214844,2025-04-19,1.0
2214888,2021-12-12,0.92
2214888,2023-04-30,0.95
2214888,2024-01-28,0.98
2214888,2025-02-23,1.0
2215221,2021-06-07,0.88
2215221,2022-08-16,0.95
2215221,2023-03-13,0.98
2215221,2025-12-31,1.0
2215240,2021-11-30,0.95
2215240,2023-12-21,0.99
2215240,2024-12-18,1.0
2215327,2021-05-20,0.91
2215327,2022-09-07,0.97
2215327,2023-08-31,0.99
2215327,2025-11-14,1.0
2215776,2021-06-16,0.82
2215776,2022-07-07,0.91
2215776,2024-05-30,0.96
2215776,2025-05-05,1.0
2216269,2021-01-27,0.86
2216269,2022-02-17,0.95
2216269,2023-11-28,0.97
2216269,2024-11-06,1.0
2216499,2021-05-16,0.98
2216499,2024-05-24,1.0
2216751,2021-08-25,0.92
2216751,2023-10-08,0.93
2216751,2024-04-22,0.98
2216751,2025-08-12,1.0
2216985,2021-06-06,0.84
2216985,2022-05-03,0.92
2216985,2023-07-05,0.95
2216985,2024-03-06,0.96
2216985,2025-01-29,1.0
2217281,2021-09-05,0.99
2217281,2025-07-23,1.0
2217309,2021-02-10,0.79
2217309,2022-10-01,0.87
2217309,2023-08-18,0.92
2217309,2024-12-10,0.96
2217309,2025-05-15,1.0
2217481,2021-01-25,0.9
2217481,2022-11-17,0.96
2217481,2024-06-13,1.0
2217529,2021-01-21,0.91
2217529,2023-03-06,0.94
2217529,2024-07-14,0.98
2217529,2025-03-26,1.0
2217714,2021-05-19,0.88
2217714,2022-05-03,0.97
2217714,2025-09-07,1.0
2218253,2021-11-15,0.81
2218253,2022-10-21,0.89
2218253,2023-10-26,0.92
2218253,2024-02-24,0.96
2218253,2025-09-30,1.0
2218470,2021-04-27,0.96
2218470,2024-10-28,1.0
2218759,2021-11-16,0.88
2218759,2022-12-03,0.94
2218759,2023-01-25,0.96
2218759,2025-11-26,1.0
2218917,2021-05-18,0.83
2218917,2022-06-14,0.9
2218917,2023-10-04,0.94
2218917,2024-08-30,0.97
2218917,2025-03-25,1.0
2219433,2021-10-14,0.86
2219433,2022-10-30,0.93
2219433,2023-05-03,0.97
2219433,2024-06-11,0.98
2219433,2025-02-21,1.0
2219628,2021-11-15,0.84
2219628,2022-11-08,0.91
2219628,2023-11-28,0.94
2219628,2024-08-17,0.96
2219628,2025-08-13,1.0
2219682,2021-08-03,0.81
2219682,2022-04-21,0.9
2219682,2023-04-25,0.94
2219682,2024-07-02,0.98
2219682,2025-06-12,1.0
2219944,2021-12-21,0.88
2219944,2022-04-22,0.95
2219944,2023-10-06,1.0
2220250,2021-12-18,0.82
2220250,2022-01-12,0.91
2220250,2023-09-22,0.93
2220250,2024-07-09,0.98
2220250,2025-12-01,1.0
2220283,2021-11-04,0.88
2220283,2023-12-06,0.94
2220283,2024-08-10,0.99
2220283,2025-01-03,1.0
2220314,2021-06-15,0.87
2220314,2022-06-28,0.94
2220314,2024-02-06,0.98
2220314,2025-05-02,1.0
2220317,2021-05-22,0.86
2220317,2022-06-02,0.95
2220317,2023-11-30,0.97
2220317,2025-12-15,1.0
2220616,2021-01-15,0.88
2220616,2022-10-19,0.96
2220616,2023-06-23,0.99
2220616,2025-07-17,1.0
2220803,2021-12-26,0.86
2220803,2022-05-05,0.94
2220803,2023-07-22,0.97
2220803,2024-06-02,0.99
2220803,2025-10-28,1.0
2220840,2021-08-19,0.81
2220840,2022-02-09,0.89
2220840,2023-08-12,0.94
2220840,2024-07-16,0.99
2220840,2025-10-24,1.0
2221646,2021-07-02,0.92
2221646,2023-03-27,0.96
2221646,2024-05-19,1.0
2228970,2021-10-15,0.92
2228970,2023-05-23,0.97
2228970,2025-06-11,1.0
2229227,2021-02-15,0.86
2229227,2022-10-09,0.95
2229227,2025-01-23,1.0
2229420,2021-04-17,0.92
2229420,2022-03-25,0.98
2229420,2024-11-20,1.0
2229442,2021-12-21,0.95
2229442,2024-01-08,1.0
2230003,2021-06-12,0.85
2230003,2022-07-23,0.94
2230003,2023-10-19,0.97
2230003,2025-09-06,1.0
2230018,2021-09-18,0.96
2230018,2025-07-14,1.0
2230866,2021-09-08,0.92
2230866,2024-10-08,0.97
2230866,2025-06-10,1.0
2230872,2021-07-12,0.86
2230872,2022-03-21,0.94
2230872,2023-12-02,0.99
2230872,2024-10-05,1.0
2231023,2021-12-10,0.92
2231023,2023-07-28,0.96
2231023,2024-04-30,0.99
2231023,2025-04-22,1.0
2231202,2021-09-24,0.98
2231202,2024-09-19,1.0
2231924,2021-09-30,0.96
2231924,2023-07-07,1.0
2232904,2021-08-12,0.81
2232904,2022-09-01,0.88
2232904,2023-02-26,0.93
2232904,2024-01-21,0.97
2232904,2025-09-18,1.0
2233206,2021-02-15,0.92
2233206,2023-07-13,0.96
2233206,2025-05-31,1.0
2233593,2021-01-02,0.84
2233593,2022-01-02,0.91
2233593,2023-11-10,0.94
2233593,2024-09-17,0.97
2233593,2025-09-14,1.0
2233646,2021-07-19,0.86
2233646,2022-02-06,0.95
2233646,2023-01-08,0.98
2233646,2025-06-10,1.0
2235254,2021-07-03,0.87
2235254,2022-09-30,0.96
2235254,2024-01-24,1.0
2235746,2021-08-08,0.83
2235746,2022-02-26,0.92
2235746,2024-09-30,0.95
2235746,2025-06-04,1.0
2235782,2021-08-01,0.83
2235782,2022-02-01,0.9
2235782,2023-07-31,0.96
2235782,2024-09-10,0.97
2235782,2025-09-27,1.0
2236404,2021-04-16,0.83
2236404,2022-02-11,0.92
2236404,2023-06-19,0.95
2236404,2024-12-07,0.98
2236404,2025-05-05,1.0
2236651,2021-08-30,0.88
2236651,2022-03-25,0.96
2236651,2023-08-07,1.0
2236717,2021-06-25,0.91
2236717,2023-04-22,0.96
2236717,2024-08-05,1.0
2236790,2021-03-22,0.91
2236790,2022-07-19,0.97
2236790,2023-04-25,0.99
2236790,2024-05-29,1.0
2236893,2021-06-02,0.88
2236893,2022-07-13,0.94
2236893,2023-01-25,0.95
2236893,2024-08-11,1.0
2237147,2021-12-06,0.83
2237147,2022-03-24,0.91
2237147,2023-06-06,0.96
2237147,2024-06-26,1.0
2237513,2021-06-08,0.91
2237513,2023-07-04,0.94
2237513,2024-07-26,0.99
2237513,2025-04-10,1.0
2237538,2021-09-27,0.86
2237538,2022-09-02,0.94
2237538,2024-01-04,0.96
2237538,2025-03-14,1.0
2237738,2021-09-01,0.91
2237738,2022-12-23,0.98
2237738,2025-06-14,1.0
2237779,2021-02-06,0.85
2237779,2022-11-11,0.92
2237779,2023-03-09,0.98
2237779,2025-05-26,1.0
2237969,2021-12-08,0.84
2237969,2022-04-28,0.92
2237969,2023-06-20,0.97
2237969,2024-08-23,0.99
2237969,2025-10-09,1.0
2238152,2021-12-06,0.85
2238152,2022-12-26,0.94
2238152,2024-01-05,0.98
2238152,2025-02-27,1.0
2238255,2021-10-27,0.91
2238255,2022-06-24,1.0
2238256,2021-11-05,0.86
2238256,2022-09-21,0.92
2238256,2023-07-24,0.94
2238256,2024-03-17,0.98
2238256,2025-03-23,1.0
2238432,2021-02-25,0.82
2238432,2022-02-25,0.89
2238432,2023-07-12,0.92
2238432,2024-05-15,0.96
2238432,2025-05-29,1.0
2238707,2021-08-24,0.92
2238707,2023-01-08,0.97
2238707,2024-03-26,1.0
2238867,2021-12-30,0.81
2238867,2022-02-09,0.87
2238867,2023-09-07,0.92
2238867,2024-09-05,0.97
2238867,2025-02-19,1.0
2239162,2021-03-10,0.88
2239162,2023-09-11,0.93
2239162,2024-01-30,0.97
2239162,2025-11-12,1.0
2239553,2021-05-28,0.9
2239553,2023-11-05,0.95
2239553,2024-02-24,1.0
2239836,2021-06-11,0.86
2239836,2022-06-03,0.95
2239836,2024-01-30,0.96
2239836,2025-01-08,1.0
2240144,2021-09-20,0.89
2240144,2022-01-11,0.98
2240144,2025-07-28,1.0
2240195,2021-02-27,0.82
2240195,2022-07-09,0.91
2240195,2023-08-22,0.95
2240195,2024-04-20,0.97
2240195,2025-12-27,1.0
2240305,2021-12-25,0.9
2240305,2023-07-14,0.94
2240305,2024-02-24,0.96
2240305,2025-04-06,1.0
2240951,2021-12-22,0.86
2240951,2022-10-22,0.95
2240951,2023-03-17,1.0
2241072,2021-09-15,0.85
2241072,2022-12-26,0.95
2241072,2024-03-19,1.0
2241215,2021-09-14,0.95
2241215,2025-10-02,1.0
2241374,2021-10-02,0.83
2241374,2022-11-13,0.92
2241374,2023-02-24,0.97
2241374,2024-01-16,0.98
2241374,2025-11-23,1.0
2241843,2021-06-09,0.88
2241843,2022-11-11,0.96
2241843,2024-03-15,0.99
2241843,2025-11-01,1.0
2241848,2021-03-20,0.8
2241848,2022-10-09,0.87
2241848,2023-11-14,0.92
2241848,2024-04-05,0.96
2241848,2025-10-15,1.0
2241930,2021-10-22,0.81
2241930,2022-04-29,0.88
2241930,2023-06-15,0.93
2241930,2024-01-22,0.96
2241930,2025-08-06,1.0
2242058,2021-07-10,0.94
2242058,2023-02-24,0.97
2242058,2024-06-03,1.0
2242074,2021-08-13,0.83
2242074,2022-08-08,0.9
2242074,2023-03-04,0.95
2242074,2024-03-09,0.97
2242074,2025-10-26,1.0
2242252,2021-02-06,0.88
2242252,2022-12-26,0.96
2242252,2024-01-22,0.99
2242252,2025-11-07,1.0
2242265,2021-10-31,0.84
2242265,2022-09-02,0.92
2242265,2023-08-22,0.97
2242265,2024-10-15,1.0
2242613,2021-09-27,0.86
2242613,2022-04-02,0.93
2242613,2024-06-13,0.96
2242613,2025-08-15,1.0
2242661,2021-11-09,0.86
2242661,2022-04-29,0.92
2242661,2024-06-02,0.96
2242661,2025-02-15,1.0
2242675,2021-03-01,0.84
2242675,2022-07-14,0.93
2242675,2023-09-02,0.97
2242675,2024-06-16,0.98
2242675,2025-12-26,1.0
2250707,2021-04-06,0.84
2250707,2022-09-01,0.9
2250707,2023-07-07,0.95
2250707,2025-10-07,1.0
2250800,2021-01-24,0.85
2250800,2022-09-03,0.94
2250800,2023-07-31,0.99
2250800,2025-05-15,1.0
2250977,2021-12-15,0.97
2250977,2023-11-11,0.99
2250977,2024-07-14,1.0
2251748,2021-09-15,0.83
2251748,2022-05-22,0.91
2251748,2023-08-03,0.96
2251748,2025-04-05,1.0
2251776,2021-04-16,0.82
2251776,2022-11-03,0.89
2251776,2023-11-15,0.93
2251776,2024-12-18,0.96
2251776,2025-11-25,1.0
2251984,2021-02-04,0.9
2251984,2022-11-16,0.96
2251984,2023-07-21,0.98
2251984,2024-08-06,1.0
2252362,2021-11-08,0.95
2252362,2023-12-26,0.99
2252362,2025-11-05,1.0
2252929,2021-11-28,0.87
2252929,2022-07-09,0.95
2252929,2023-06-28,0.97
2252929,2024-02-15,1.0
2252938,2021-05-21,0.81
2252938,2022-04-15,0.9
2252938,2023-10-11,0.93
2252938,2024-09-26,0.97
2252938,2025-03-17,1.0
2253160,2021-04-09,0.87
2253160,2022-03-29,0.96
2253160,2023-01-11,1.0
2253507,2021-07-09,0.91
2253507,2023-05-16,0.96
2253507,2024-08-28,0.98
2253507,2025-05-12,1.0
2253519,2021-07-09,0.9
2253519,2023-10-22,0.93
2253519,2024-03-13,0.98
2253519,2025-04-26,1.0
2254354,2021-03-13,0.86
2254354,2022-06-07,0.92
2254354,2023-08-09,0.96
2254354,2025-11-14,1.0
2254539,2021-04-23,0.86
2254539,2022-03-01,0.93
2254539,2023-08-29,0.98
2254539,2024-03-06,0.99
2254539,2025-09-11,1.0
2255160,2021-09-14,0.96
2255160,2023-04-15,1.0
2255698,2021-01-20,0.82
2255698,2022-01-28,0.88
2255698,2023-08-15,0.93
2255698,2024-08-16,0.96
2255698,2025-02-26,1.0
2255737,2021-06-28,0.85
2255737,2022-11-03,0.92
2255737,2023-10-24,0.96
2255737,2024-06-18,0.98
2255737,2025-05-26,1.0
2256002,2021-05-14,0.85
2256002,2022-07-12,0.92
2256002,2023-06-16,0.96
2256002,2025-06-06,1.0
2256155,2021-11-15,0.96
2256155,2023-06-27,0.98
2256155,2024-12-03,1.0
2256180,2021-10-22,0.85
2256180,2022-08-03,0.92
2256180,2024-06-11,0.97
2256180,2025-09-11,1.0
2256268,2021-03-21,0.85
2256268,2022-07-07,0.93
2256268,2023-11-08,0.95
2256268,2024-11-18,0.99
2256268,2025-07-12,1.0
2256518,2021-03-05,0.84
2256518,2022-07-31,0.91
2256518,2023-03-24,0.95
2256518,2024-05-04,0.99
2256518,2025-06-28,1.0
2256697,2021-08-02,0.93
2256697,2023-04-23,0.99
2256697,2024-01-28,1.0
2256836,2021-11-26,0.85
2256836,2022-10-13,0.91
2256836,2024-01-11,0.95
2256836,2025-12-22,1.0
2257191,2021-01-16,0.88
2257191,2022-01-25,0.94
2257191,2023-08-08,0.98
2257191,2024-03-08,1.0
2257215,2021-10-12,0.83
2257215,2022-11-28,0.91
2257215,2023-03-20,0.93
2257215,2024-04-22,0.95
2257215,2025-06-21,1.0
2257845,2021-05-10,0.92
2257845,2023-07-28,0.94
2257845,2024-08-27,0.97
2257845,2025-01-19,1.0
2258135,2021-11-22,0.89
2258135,2022-11-08,0.99
2258135,2025-11-23,1.0
2258826,2021-02-15,0.89
2258826,2022-07-09,0.96
2258826,2023-12-21,0.99
2258826,2025-05-07,1.0
2258923,2021-07-02,0.81
2258923,2022-11-22,0.89
2258923,2023-02-07,0.92
2258923,2024-05-23,0.97
2258923,2025-08-01,1.0
2259309,2021-05-31,0.92
2259309,2023-08-05,0.95
2259309,2025-05-13,1.0
2259919,2021-06-10,0.94
2259919,2024-08-09,0.95
2259919,2025-08-03,1.0
2259926,2021-06-06,0.92
2259926,2023-07-03,0.97
2259926,2024-12-10,0.98
2259926,2025-09-19,1.0
2259962,2021-02-04,0.96
2259962,2023-05-05,0.99
2259962,2025-07-18,1.0
2259973,2021-06-22,0.96
2259973,2023-07-28,0.98
2259973,2025-02-08,1.0
2260497,2021-01-05,0.89
2260497,2022-02-03,0.97
2260497,2024-09-13,0.98
2260497,2025-05-04,1.0
2260541,2021-08-23,0.91
2260541,2023-06-16,0.96
2260541,2025-04-12,1.0
2260685,2021-01-04,0.85
2260685,2022-10-22,0.93
2260685,2023-03-03,0.95
2260685,2024-09-16,1.0
2260948,2021-11-30,0.87
2260948,2023-04-06,0.91
2260948,2024-11-26,0.95
2260948,2025-04-13,1.0
2260967,2021-08-31,0.88
2260967,2022-01-08,0.94
2260967,2024-10-10,0.96
2260967,2025-12-05,1.0
2261838,2021-04-15,0.8
2261838,2022-07-24,0.89
2261838,2023-04-27,0.92
2261838,2024-02-05,0.96
2261838,2025-02-24,1.0
2262166,2021-12-30,0.92
2262166,2022-04-06,1.0
2262297,2021-11-07,0.88
2262297,2022-08-15,0.96
2262297,2023-03-12,1.0
2262374,2021-01-26,0.97
2262374,2024-03-30,1.0
2262613,2021-09-30,0.88
2262613,2022-02-06,0.95
2262613,2023-01-30,0.97
2262613,2024-03-27,0.99
2262613,2025-08-16,1.0
2262832,2021-06-08,0.87
2262832,2022-04-12,0.95
2262832,2023-05-30,0.98
2262832,2025-06-16,1.0
2262834,2021-11-25,0.91
2262834,2023-02-05,0.94
2262834,2024-10-23,0.97
2262834,2025-08-16,1.0
2263402,2021-11-06,0.98
2263402,2024-10-06,1.0
2263714,2021-08-20,0.84
2263714,2022-11-13,0.93
2263714,2023-06-09,0.95
2263714,2024-05-16,0.99
2263714,2025-04-25,1.0
2263841,2021-01-13,0.84
2263841,2022-09-24,0.9
2263841,2023-02-24,0.95
2263841,2025-04-16,1.0
2264341,2021-09-25,0.88
2264341,2022-01-08,0.95
2264341,2024-12-21,1.0
2264516,2021-12-17,0.83
2264516,2022-09-16,0.9
2264516,2023-03-16,0.93
2264516,2024-05-23,0.97
2264516,2025-06-02,1.0
2264593,2021-01-19,0.93
2264593,2023-07-05,0.94
2264593,2024-03-02,0.96
2264593,2025-02-13,1.0
2264841,2021-06-17,0.92
2264841,2023-04-23,0.97
2264841,2024-03-09,1.0
2265180,2021-05-20,0.97
2265180,2023-10-04,0.99
2265180,2025-09-23,1.0
2265248,2021-05-12,0.9
2265248,2023-04-26,0.96
2265248,2025-01-09,1.0
2266298,2021-01-11,0.91
2266298,2023-02-03,0.96
2266298,2024-04-09,1.0
2266300,2021-08-18,0.9
2266300,2023-02-18,0.95
2266300,2024-10-19,1.0
2266349,2021-10-10,0.91
2266349,2023-12-31,0.95
2266349,2025-06-10,1.0
2266367,2021-12-20,0.81
2266367,2022-03-10,0.9
2266367,2023-02-26,0.95
2266367,2024-12-01,0.99
2266367,2025-12-11,1.0
2272508,2021-12-21,0.82
2272508,2022-09-12,0.91
2272508,2023-10-09,0.95
2272508,2025-06-06,1.0
2272879,2021-06-07,0.94
2272879,2024-11-19,0.98
2272879,2025-12-31,1.0
2273192,2021-03-22,1.0
2273361,2021-11-21,0.82
2273361,2022-09-07,0.91
2273361,2023-04-06,0.96
2273361,2024-07-17,0.99
2273361,2025-10-02,1.0
2273757,2021-01-11,0.93
2273757,2024-12-14,0.97
2273757,2025-09-27,1.0
2274284,2021-08-31,0.89
2274284,2023-07-06,0.91
2274284,2024-07-02,0.96
2274284,2025-06-22,1.0
2274288,2021-09-17,0.83
2274288,2022-06-05,0.91
2274288,2023-10-28,0.95
2274288,2024-12-11,0.99
2274288,2025-04-06,1.0
2274956,2021-02-17,0.87
2274956,2022-07-08,0.96
2274956,2024-09-18,1.0
2274958,2021-02-08,0.98
2274958,2024-07-22,1.0
2276443,2021-09-16,0.82
2276443,2022-02-20,0.88
2276443,2023-12-05,0.91
2276443,2024-11-11,0.96
2276443,2025-11-23,1.0
2276483,2021-02-18,0.93
2276483,2024-11-05,0.95
2276483,2025-05-18,1.0
2276908,2021-02-07,0.85
2276908,2022-05-16,0.92
2276908,2023-03-30,0.95
2276908,2024-12-13,1.0
2277802,2021-04-17,0.88
2277802,2022-03-15,0.96
2277802,2023-05-17,0.99
2277802,2024-11-25,1.0
2278062,2021-03-03,0.89
2278062,2022-04-21,0.98
2278062,2023-09-07,1.0
2278297,2021-07-27,1.0
2278366,2021-03-11,0.96
2278366,2023-05-10,1.0
2278448,2021-12-19,0.86
2278448,2022-11-07,0.92
2278448,2023-03-10,0.94
2278448,2024-04-04,0.96
2278448,2025-01-08,1.0
2278548,2021-06-04,0.91
2278548,2023-10-22,0.93
2278548,2024-04-03,0.97
2278548,2025-04-26,1.0
2279021,2021-08-24,0.88
2279021,2022-06-06,0.96
2279021,2023-07-04,1.0
2279054,2021-12-17,0.86
2279054,2022-06-07,0.95
2279054,2024-06-09,0.98
2279054,2025-04-06,1.0
2279317,2021-09-27,0.84
2279317,2022-11-20,0.94
2279317,2023-07-16,0.98
2279317,2024-10-14,0.99
2279317,2025-01-27,1.0
2279319,2021-05-23,0.86
2279319,2022-05-08,0.93
2279319,2023-09-01,0.98
2279319,2024-12-18,1.0
2279572,2021-05-07,0.97
2279572,2023-09-04,1.0
2279742,2021-03-19,0.87
2279742,2022-11-19,0.93
2279742,2023-12-21,0.95
2279742,2024-08-17,1.0
2280024,2021-06-25,0.89
2280024,2022-06-03,0.96
2280024,2023-05-09,0.99
2280024,2024-02-22,1.0
2280235,2021-11-12,0.89
2280235,2022-11-21,0.99
2280235,2025-03-24,1.0
2280512,2021-06-28,0.79
2280512,2022-11-13,0.87
2280512,2023-07-21,0.91
2280512,2024-12-09,0.96
2280512,2025-01-15,1.0
2281107,2021-08-11,0.93
2281107,2023-05-24,0.98
2281107,2024-11-03,1.0
2281183,2021-10-18,0.93
2281183,2022-11-21,0.99
2281183,2025-12-30,1.0
2281344,2021-02-02,0.89
2281344,2022-05-09,0.95
2281344,2024-07-21,0.96
2281344,2025-06-25,1.0
2281475,2021-10-11,0.81
2281475,2022-05-09,0.89
2281475,2023-02-01,0.94
2281475,2024-03-29,0.98
2281475,2025-11-30,1.0
2281641,2021-12-04,0.9
2281641,2023-08-10,0.93
2281641,2024-07-02,0.95
2281641,2025-06-12,1.0
2281867,2021-01-06,0.92
2281867,2023-04-08,0.95
2281867,2025-01-17,1.0
2282005,2021-09-21,0.9
2282005,2023-06-27,0.96
2282005,2024-03-22,1.0
2282185,2021-08-09,0.83
2282185,2022-10-26,0.92
2282185,2023-12-23,0.96
2282185,2024-10-05,1.0
2282933,2021-09-20,0.91
2282933,2022-08-05,0.97
2282933,2023-01-30,1.0
2283022,2021-03-17,0.9
2283022,2022-12-13,1.0
2283029,2021-12-15,0.9
2283029,2023-09-28,0.92
2283029,2024-07-03,0.95
2283029,2025-08-18,1.0
2283083,2021-01-04,0.87
2283083,2022-04-25,0.93
2283083,2023-03-26,0.97
2283083,2024-09-22,1.0
2283833,2021-06-12,0.79
2283833,2022-11-09,0.88
2283833,2023-06-27,0.92
2283833,2024-05-27,0.96
2283833,2025-05-02,1.0
2283948,2021-02-16,0.86
2283948,2022-12-22,0.92
2283948,2023-11-12,0.96
2283948,2024-02-05,0.99
2283948,2025-05-29,1.0
2284128,2021-01-31,0.84
2284128,2022-01-26,0.91
2284128,2023-10-13,0.94
2284128,2024-07-19,0.98
2284128,2025-09-17,1.0
2284592,2021-01-29,0.84
2284592,2022-09-29,0.9
2284592,2023-11-02,0.96
2284592,2025-06-06,1.0
2285068,2021-03-31,0.84
2285068,2022-09-05,0.9
2285068,2023-05-25,0.95
2285068,2024-01-01,0.98
2285068,2025-09-21,1.0
2285427,2021-07-26,0.83
2285427,2022-11-06,0.9
2285427,2023-06-09,0.95
2285427,2025-02-18,1.0
2285621,2021-01-17,0.83
2285621,2022-10-18,0.91
2285621,2023-04-17,0.95
2285621,2025-11-08,1.0
2285981,2021-12-25,0.87
2285981,2022-05-14,0.95
2285981,2024-01-09,1.0
2286367,2021-09-02,0.96
2286367,2023-06-25,1.0
2286798,2021-07-05,0.9
2286798,2023-04-05,0.93
2286798,2024-08-12,0.95
2286798,2025-11-10,1.0
2286987,2021-10-06,0.81
2286987,2022-01-09,0.9
2286987,2023-06-28,0.94
2286987,2024-09-09,0.96
2286987,2025-06-23,1.0
2287026,2021-04-15,0.9
2287026,2022-09-17,0.98
2287026,2024-11-30,1.0
2287600,2021-09-17,0.84
2287600,2022-05-25,0.92
2287600,2023-06-28,0.95
2287600,2024-03-19,0.96
2287600,2025-02-11,1.0
2288327,2021-10-07,0.93
2288327,2023-11-23,0.96
2288327,2024-01-22,0.97
2288327,2025-10-23,1.0
2294539,2021-04-24,0.89
2294539,2022-06-27,0.95
2294539,2025-07-25,1.0
2294715,2021-04-24,0.83
2294715,2022-01-17,0.9
2294715,2023-06-02,0.92
2294715,2024-11-02,0.97
2294715,2025-06-06,1.0
2294823,2021-09-10,0.92
2294823,2024-10-26,0.96
2294823,2025-12-08,1.0
2294972,2021-04-25,0.81
2294972,2022-10-31,0.9
2294972,2023-09-25,0.95
2294972,2024-07-08,1.0
2294983,2021-05-17,0.91
2294983,2022-10-29,0.97
2294983,2024-04-03,0.99
2294983,2025-11-17,1.0
2295012,2021-04-27,0.83
2295012,2022-12-08,0.91
2295012,2024-03-14,0.95
2295012,2025-07-18,1.0
2295161,2021-04-10,0.81
2295161,2022-01-20,0.89
2295161,2023-01-29,0.91
2295161,2024-01-20,0.96
2295161,2025-09-27,1.0
2295411,2021-08-23,0.94
2295411,2023-08-17,0.99
2295411,2025-12-15,1.0
2295412,2021-07-09,0.83
2295412,2022-06-28,0.92
2295412,2023-04-28,0.96
2295412,2025-04-27,1.0
2295430,2021-06-19,0.87
2295430,2022-01-07,0.96
2295430,2023-10-14,0.98
2295430,2024-06-18,1.0
2295714,2021-04-29,0.88
2295714,2022-06-20,0.96
2295714,2023-11-27,1.0
2295718,2021-06-09,0.89
2295718,2022-05-05,0.96
2295718,2025-12-10,1.0
2296006,2021-08-17,0.86
2296006,2022-03-26,0.92
2296006,2023-02-03,0.97
2296006,2024-12-19,1.0
2296012,2021-01-20,0.92
2296012,2024-12-21,0.97
2296012,2025-09-05,1.0
2296216,2021-01-10,0.88
2296216,2022-01-11,0.97
2296216,2024-05-02,1.0
2296254,2021-11-12,0.86
2296254,2022-09-06,0.95
2296254,2023-09-10,0.97
2296254,2025-08-05,1.0
2296257,2021-04-16,0.82
2296257,2022-08-29,0.91
2296257,2024-08-28,0.95
2296257,2025-12-09,1.0
2296657,2021-05-01,0.82
2296657,2022-03-23,0.91
2296657,2023-01-28,0.94
2296657,2024-06-24,0.96
2296657,2025-03-16,1.0
2297048,2021-11-10,0.82
2297048,2022-12-06,0.9
2297048,2023-05-09,0.94
2297048,2024-06-04,0.96
2297048,2025-03-26,1.0
2297456,2021-03-17,0.89
2297456,2022-05-19,0.95
2297456,2023-12-14,0.98
2297456,2024-10-17,0.99
2297456,2025-02-09,1.0
2297842,2021-11-19,0.85
2297842,2022-06-28,0.93
2297842,2023-01-28,0.96
2297842,2025-07-18,1.0
2298157,2021-07-14,0.92
2298157,2022-07-13,1.0
2298173,2021-08-10,0.89
2298173,2022-03-28,0.96
2298173,2025-03-05,1.0
2298182,2021-02-27,0.95
2298182,2024-02-20,0.99
2298182,2025-02-25,1.0
2299233,2021-10-20,0.83
2299233,2022-11-24,0.9
2299233,2023-08-07,0.95
2299233,2025-06-07,1.0
2299284,2021-05-30,0.85
2299284,2022-03-29,0.94
2299284,2023-01-04,1.0
2299667,2021-12-13,0.85
2299667,2022-11-20,0.94
2299667,2024-12-03,0.96
2299667,2025-07-27,1.0
2299676,2021-05-20,0.87
2299676,2022-11-28,0.93
2299676,2023-06-29,0.97
2299676,2025-07-25,1.0
2299977,2021-06-19,0.92
2299977,2023-04-15,0.94
2299977,2024-01-17,0.98
2299977,2025-06-17,1.0
2300154,2021-09-20,0.87
2300154,2022-01-05,0.95
2300154,2024-04-12,0.99
2300154,2025-05-11,1.0
2300288,2021-07-30,0.84
2300288,2022-01-06,0.91
2300288,2023-11-14,0.96
2300288,2025-01-14,1.0
2300540,2021-03-18,0.97
2300540,2024-12-25,0.99
2300540,2025-10-06,1.0
2301016,2021-02-17,0.88
2301016,2022-06-22,0.95
2301016,2025-05-16,1.0
2301107,2021-01-23,0.85
2301107,2022-06-04,0.94
2301107,2024-10-02,0.96
2301107,2025-02-27,1.0
2301112,2021-07-17,0.87
2301112,2022-04-05,0.94
2301112,2023-05-11,0.98
2301112,2025-01-03,1.0
2301293,2021-06-14,0.97
2301293,2025-12-18,1.0
2301444,2021-08-29,0.93
2301444,2023-01-23,0.98
2301444,2024-01-20,1.0
2301567,2021-11-01,0.84
2301567,2022-01-28,0.93
2301567,2024-03-25,0.96
2301567,2025-03-30,1.0
2301594,2021-11-26,0.88
2301594,2023-12-16,0.91
2301594,2024-08-02,0.96
2301594,2025-01-17,1.0
2301852,2021-04-21,0.89
2301852,2023-11-06,0.93
2301852,2024-05-11,0.98
2301852,2025-02-02,1.0
2301881,2021-01-06,0.89
2301881,2023-01-03,0.94
2301881,2024-09-26,0.98
2301881,2025-08-17,1.0
2302467,2021-11-28,0.85
2302467,2022-12-09,0.91
2302467,2023-02-21,0.95
2302467,2024-02-20,0.99
2302467,2025-07-11,1.0
2302743,2021-01-11,0.88
2302743,2022-01-03,0.97
2302743,2024-03-05,0.99
2302743,2025-12-21,1.0
2303058,2021-01-27,0.84
2303058,2022-10-10,0.9
2303058,2023-02-10,0.96
2303058,2025-11-15,1.0
2303625,2021-07-22,0.91
2303625,2022-02-17,0.98
2303625,2023-11-29,1.0
2303979,2021-07-25,0.88
2303979,2023-03-13,0.91
2303979,2024-03-08,0.96
2303979,2025-03-13,1.0
2304312,2021-11-11,0.85
2304312,2022-07-05,0.91
2304312,2023-11-01,0.97
2304312,2024-11-25,1.0
2304391,2021-12-01,0.83
2304391,2022-11-07,0.92
2304391,2023-12-15,0.98
2304391,2024-09-30,1.0
2304409,2021-01-09,0.86
2304409,2022-01-05,0.94
2304409,2023-06-18,0.99
2304409,2025-03-26,1.0
2304831,2021-09-23,0.95
2304831,2024-06-25,0.98
2304831,2025-09-06,1.0
2304863,2021-11-25,0.88
2304863,2022-06-27,0.97
2304863,2023-12-10,1.0
2304899,2021-11-09,0.91
2304899,2023-01-03,0.95
2304899,2024-05-29,1.0
2305167,2021-08-07,0.86
2305167,2022-05-07,0.92
2305167,2023-11-15,0.94
2305167,2024-09-12,0.99
2305167,2025-05-04,1.0
2305284,2021-08-20,0.92
2305284,2023-05-20,0.98
2305284,2024-02-26,1.0
2305328,2021-06-29,0.88
2305328,2022-06-19,0.96
2305328,2023-12-09,0.98
2305328,2025-01-16,1.0
2305382,2021-02-19,0.82
2305382,2022-02-20,0.91
2305382,2023-11-12,0.96
2305382,2024-03-21,0.98
2305382,2025-06-21,1.0
2305784,2021-08-30,0.84
2305784,2022-04-04,0.9
2305784,2023-07-06,0.94
2305784,2024-01-02,0.99
2305784,2025-11-03,1.0
2305847,2021-05-04,0.89
2305847,2022-10-19,0.97
2305847,2023-05-27,0.99
2305847,2025-11-19,1.0
2306177,2021-04-14,0.86
2306177,2022-04-23,0.92
2306177,2023-08-10,0.94
2306177,2024-09-05,0.97
2306177,2025-05-23,1.0
2306260,2021-12-29,0.87
2306260,2022-07-03,0.96
2306260,2023-09-24,0.99
2306260,2025-01-13,1.0
2306302,2021-02-01,0.94
2306302,2024-04-22,0.98
2306302,2025-09-24,1.0
2306675,2021-01-05,0.85
2306675,2022-07-26,0.91
2306675,2023-06-26,0.96
2306675,2024-10-11,0.98
2306675,2025-06-22,1.0
2306696,2021-04-10,0.85
2306696,2022-08-03,0.95
2306696,2024-07-15,0.99
2306696,2025-06-12,1.0
2306988,2021-08-24,0.84
2306988,2022-06-12,0.92
2306988,2023-12-30,0.97
2306988,2024-07-01,1.0
2307247,2021-02-19,0.88
2307247,2023-01-09,0.93
2307247,2024-10-02,0.98
2307247,2025-07-16,1.0
2307351,2021-01-21,0.87
2307351,2022-04-21,0.95
2307351,2024-04-23,1.0
2307357,2021-10-03,0.82
2307357,2022-02-07,0.9
2307357,2023-05-13,0.96
2307357,2024-07-22,0.99
2307357,2025-08-17,1.0
2307423,2021-03-07,0.89
2307423,2022-04-28,0.96
2307423,2025-02-11,1.0
2307478,2021-10-30,0.93
2307478,2023-01-02,0.95
2307478,2025-08-01,1.0
2307481,2021-08-15,0.96
2307481,2024-06-18,0.97
2307481,2025-06-24,1.0
2307488,2021-08-11,0.88
2307488,2022-09-18,0.95
2307488,2024-11-27,1.0
2308450,2021-07-19,0.82
2308450,2022-08-04,0.89
2308450,2023-01-13,0.93
2308450,2024-05-03,0.97
2308450,2025-04-09,1.0
2308585,2021-07-01,0.92
2308585,2022-03-19,0.98
2308585,2025-06-07,1.0
2309152,2021-01-04,0.95
2309152,2024-05-30,0.99
2309152,2025-07-19,1.0
2316023,2021-08-29,0.91
2316023,2023-08-03,0.94
2316023,2024-06-09,0.99
2316023,2025-06-14,1.0
2316549,2021-04-22,0.86
2316549,2022-05-24,0.95
2316549,2024-08-12,0.97
2316549,2025-12-18,1.0
2316600,2021-01-22,0.98
2316600,2025-09-21,1.0
2316904,2021-09-05,0.82
2316904,2022-07-15,0.89
2316904,2023-05-26,0.93
2316904,2024-09-05,0.97
2316904,2025-09-23,1.0
2316926,2021-11-05,0.86
2316926,2022-09-05,0.95
2316926,2023-08-25,0.98
2316926,2025-07-18,1.0
2317292,2021-04-12,0.86
2317292,2022-05-05,0.95
2317292,2023-12-19,0.98
2317292,2024-09-03,1.0
2317661,2021-03-30,0.88
2317661,2022-05-07,0.97
2317661,2025-05-06,1.0
2317721,2021-10-03,0.9
2317721,2023-02-09,0.94
2317721,2024-10-21,0.97
2317721,2025-11-08,1.0
2318155,2021-09-22,0.93
2318155,2022-06-26,0.99
2318155,2024-05-23,1.0
2318165,2021-10-21,0.9
2318165,2022-11-22,0.97
2318165,2023-10-12,1.0
2318168,2021-09-09,0.93
2318168,2023-02-05,0.95
2318168,2024-07-20,0.97
2318168,2025-02-18,1.0
2318449,2021-04-03,0.87
2318449,2022-12-03,0.96
2318449,2023-03-22,0.99
2318449,2025-08-31,1.0
2318758,2021-04-16,0.85
2318758,2022-08-19,0.92
2318758,2023-05-20,0.94
2318758,2024-10-08,0.98
2318758,2025-12-01,1.0
2318979,2021-04-30,0.88
2318979,2022-12-28,0.97
2318979,2024-07-08,1.0
2320167,2021-06-23,0.83
2320167,2022-04-06,0.92
2320167,2023-07-16,0.96
2320167,2024-05-08,1.0
2320640,2021-01-29,0.91
2320640,2022-11-14,0.97
2320640,2023-02-26,0.98
2320640,2025-08-23,1.0
2321775,2021-12-04,0.89
2321775,2022-12-22,0.98
2321775,2023-09-30,0.99
2321775,2024-07-26,1.0
2321778,2021-12-13,0.94
2321778,2023-07-03,1.0
2322209,2021-07-10,0.85
2322209,2022-02-03,0.93
2322209,2023-02-14,0.97
2322209,2024-12-17,1.0
2322630,2021-11-28,0.86
2322630,2022-08-16,0.94
2322630,2023-04-20,0.97
2322630,2025-04-17,1.0
2322638,2021-05-22,0.95
2322638,2024-10-05,0.97
2322638,2025-06-02,1.0
2322907,2021-10-01,0.84
2322907,2022-03-22,0.91
2322907,2024-11-19,0.95
2322907,2025-08-28,1.0
2323058,2021-11-08,0.89
2323058,2022-12-04,0.97
2323058,2023-06-14,1.0
2323391,2021-12-13,0.9
2323391,2023-10-08,0.94
2323391,2024-11-22,0.96
2323391,2025-04-19,1.0
2323397,2021-08-14,0.88
2323397,2022-08-06,0.95
2323397,2023-05-14,0.99
2323397,2024-01-23,1.0
2323401,2021-10-12,0.87
2323401,2022-11-14,0.94
2323401,2023-03-25,0.99
2323401,2024-06-05,1.0
2323812,2021-03-17,0.91
2323812,2023-03-29,0.94
2323812,2024-01-16,0.96
2323812,2025-07-14,1.0
2324165,2021-08-06,0.91
2324165,2022-03-20,0.97
2324165,2025-03-23,1.0
2324167,2021-07-08,0.88
2324167,2022-07-12,0.95
2324167,2024-01-26,1.0
2325001,2021-12-23,0.82
2325001,2022-03-29,0.91
2325001,2023-01-21,0.95
2325001,2024-07-22,1.0
2325053,2021-12-14,0.87
2325053,2022-12-26,0.94
2325053,2023-12-06,0.96
2325053,2024-10-07,1.0
2325641,2021-06-17,0.89
2325641,2022-09-02,0.96
2325641,2023-07-10,0.98
2325641,2024-05-20,1.0
2325793,2021-06-13,0.93
2325793,2024-02-07,0.97
2325793,2025-09-15,1.0
2325865,2021-10-01,0.9
2325865,2023-05-05,0.93
2325865,2024-06-03,0.96
2325865,2025-04-15,1.0
2326280,2021-04-01,0.88
2326280,2022-05-05,0.96
2326280,2024-11-20,0.99
2326280,2025-01-28,1.0
2326603,2021-05-05,0.9
2326603,2022-02-02,0.99
2326603,2024-08-25,1.0
2326665,2021-08-04,0.86
2326665,2022-09-24,0.94
2326665,2023-12-28,1.0
2326666,2021-07-30,0.97
2326666,2023-04-13,1.0
2326873,2021-11-30,0.98
2326873,2025-08-31,1.0
2327224,2021-04-15,0.82
2327224,2022-03-19,0.88
2327224,2023-05-02,0.93
2327224,2024-06-04,0.97
2327224,2025-04-19,1.0
2327323,2021-09-05,0.82
2327323,2022-12-02,0.91
2327323,2023-08-20,0.95
2327323,2025-09-14,1.0
2327564,2021-10-30,0.9
2327564,2022-06-20,0.96
2327564,2024-12-10,1.0
2327580,2021-01-17,0.89
2327580,2023-07-30,0.94
2327580,2024-05-05,0.96
2327580,2025-06-15,1.0
2327589,2021-08-10,0.9
2327589,2022-11-19,0.96
2327589,2023-06-30,1.0
2327608,2021-02-07,0.87
2327608,2022-07-09,0.93
2327608,2023-02-20,0.95
2327608,2024-09-06,0.99
2327608,2025-12-29,1.0
2327701,2021-03-01,0.9
2327701,2022-03-06,0.96
2327701,2024-10-13,1.0
2327707,2021-05-12,0.95
2327707,2023-10-31,1.0
2327724,2021-07-30,0.87
2327724,2022-09-25,0.96
2327724,2024-07-06,1.0
2328210,2021-10-03,0.82
2328210,2022-10-27,0.89
2328210,2023-12-07,0.94
2328210,2024-08-08,0.96
2328210,2025-08-01,1.0
2328217,2021-06-15,0.84
2328217,2022-07-19,0.91
2328217,2023-04-05,0.93
2328217,2024-09-05,0.96
2328217,2025-01-07,1.0
2328325,2021-07-16,0.88
2328325,2022-03-02,0.95
2328325,2023-08-11,0.99
2328325,2024-06-27,1.0
2328327,2021-05-08,0.84
2328327,2022-01-06,0.93
2328327,2023-02-23,0.96
2328327,2024-11-23,1.0
2328390,2021-04-06,0.89
2328390,2022-02-22,0.96
2328390,2023-02-09,0.98
2328390,2024-03-13,1.0
2328856,2021-07-01,0.82
2328856,2022-09-26,0.9
2328856,2023-05-03,0.94
2328856,2024-04-15,0.96
2328856,2025-04-10,1.0
2328938,2021-01-06,0.82
2328938,2022-05-09,0.88
2328938,2023-06-03,0.93
2328938,2024-11-02,0.96
2328938,2025-10-20,1.0
2329081,2021-06-01,0.85
2329081,2022-06-12,0.94
2329081,2023-11-15,0.97
2329081,2024-12-08,0.99
2329081,2025-03-01,1.0
2329092,2021-10-26,0.91
2329092,2023-01-25,0.93
2329092,2024-06-15,0.96
2329092,2025-03-21,1.0
2329402,2021-07-12,0.96
2329402,2023-08-15,0.99
2329402,2025-09-13,1.0
2330195,2021-09-20,0.87
2330195,2022-02-22,0.96
2330195,2023-09-06,1.0
2330546,2021-05-19,0.94
2330546,2024-03-11,0.98
2330546,2025-05-31,1.0
2337593,2021-08-09,0.94
2337593,2023-03-23,0.98
2337593,2025-07-13,1.0
2337602,2021-03-16,0.84
2337602,2022-02-06,0.91
2337602,2023-01-24,0.93
2337602,2024-04-26,0.97
2337602,2025-07-20,1.0
2337614,2021-12-25,0.93
2337614,2023-02-03,0.97
2337614,2025-07-26,1.0
2337639,2021-11-29,0.91
2337639,2022-03-03,0.97
2337639,2024-02-23,0.98
2337639,2025-10-18,1.0
2337640,2021-12-28,0.95
2337640,2023-06-30,0.98
2337640,2024-04-03,1.0
2337696,2021-11-06,0.89
2337696,2022-05-22,0.95
2337696,2023-11-02,0.99
2337696,2024-09-15,1.0
2337779,2021-03-08,0.9
2337779,2022-06-06,0.97
2337779,2024-03-03,1.0
2337938,2021-07-14,0.86
2337938,2022-10-22,0.96
2337938,2023-03-02,0.97
2337938,2025-12-08,1.0
2337940,2021-01-26,0.85
2337940,2022-05-16,0.94
2337940,2023-08-11,0.96
2337940,2024-09-30,1.0
2338005,2021-10-12,0.89
2338005,2022-08-09,0.97
2338005,2023-05-16,0.99
2338005,2024-07-26,1.0
2338094,2021-02-06,0.96
2338094,2023-02-18,1.0
2338426,2021-06-09,0.85
2338426,2022-03-13,0.92
2338426,2023-02-20,0.97
2338426,2024-09-24,0.98
2338426,2025-10-25,1.0
2338885,2021-01-08,0.86
2338885,2022-11-15,0.94
2338885,2023-10-31,0.98
2338885,2025-08-27,1.0
2338955,2021-12-31,0.89
2338955,2022-10-11,0.99
2338955,2025-03-20,1.0
2339019,2021-01-13,0.88
2339019,2022-10-16,0.97
2339019,2025-12-20,1.0
2339225,2021-09-01,0.94
2339225,2023-08-17,0.97
2339225,2024-08-31,0.98
2339225,2025-09-25,1.0
2339393,2021-10-11,0.9
2339393,2022-12-27,0.98
2339393,2024-09-16,0.99
2339393,2025-09-28,1.0
2339510,2021-03-06,0.98
2339510,2025-01-18,1.0
2339673,2021-01-27,0.9
2339673,2022-03-31,0.97
2339673,2023-08-19,0.99
2339673,2025-06-30,1.0
2339910,2021-04-21,0.86
2339910,2022-06-20,0.92
2339910,2023-01-10,0.95
2339910,2024-01-17,0.96
2339910,2025-06-24,1.0
2339939,2021-05-01,0.89
2339939,2023-12-05,0.93
2339939,2024-02-12,0.97
2339939,2025-08-29,1.0
2340508,2021-12-30,0.88
2340508,2022-10-02,0.96
2340508,2023-10-19,0.99
2340508,2024-09-27,1.0
2341220,2021-01-07,0.91
2341220,2024-02-29,0.96
2341220,2025-09-20,1.0
2341821,2021-01-08,0.87
2341821,2022-01-20,0.93
2341821,2023-04-16,0.97
2341821,2024-10-06,1.0
2342576,2021-05-21,0.83
2342576,2022-01-23,0.91
2342576,2023-02-12,0.96
2342576,2024-01-05,0.99
2342576,2025-06-17,1.0
2342733,2021-06-02,0.95
2342733,2024-05-29,1.0
2342828,2021-03-26,0.82
2342828,2022-08-06,0.88
2342828,2023-06-29,0.92
2342828,2024-02-25,0.97
2342828,2025-01-15,1.0
2343028,2021-06-16,0.87
2343028,2022-07-08,0.94
2343028,2023-03-31,0.97
2343028,2024-07-15,1.0
2343174,2021-08-25,0.84
2343174,2022-03-11,0.92
2343174,2023-08-05,0.94
2343174,2024-04-05,0.98
2343174,2025-08-10,1.0
2343176,2021-01-17,0.84
2343176,2022-04-11,0.91
2343176,2023-03-09,0.94
2343176,2024-05-01,0.97
2343176,2025-07-27,1.0
2343189,2021-12-06,0.87
2343189,2023-01-02,0.91
2343189,2024-04-04,0.95
2343189,2025-09-16,1.0
2343231,2021-09-23,0.84
2343231,2022-09-14,0.91
2343231,2023-05-19,0.94
2343231,2024-10-03,0.99
2343231,2025-09-24,1.0
2343465,2021-06-21,0.88
2343465,2022-10-21,0.94
2343465,2024-04-18,0.99
2343465,2025-11-08,1.0
2343650,2021-01-22,0.82
2343650,2022-03-10,0.89
2343650,2023-08-25,0.93
2343650,2024-10-17,0.98
2343650,2025-09-04,1.0
2345245,2021-07-03,0.89
2345245,2022-05-17,0.98
2345245,2024-04-09,1.0
2345358,2021-01-29,0.85
2345358,2022-02-27,0.92
2345358,2023-07-25,0.94
2345358,2024-10-19,0.96
2345358,2025-08-12,1.0
2346224,2021-08-07,0.9
2346224,2023-09-16,0.95
2346224,2024-05-28,0.99
2346224,2025-07-27,1.0
2346484,2021-03-11,0.89
2346484,2022-08-01,0.95
2346484,2023-06-04,0.97
2346484,2024-03-14,1.0
2347152,2021-01-25,0.88
2347152,2022-02-19,0.96
2347152,2023-10-19,0.98
2347152,2024-03-02,1.0
2347246,2021-05-12,0.81
2347246,2022-04-21,0.89
2347246,2023-01-22,0.94
2347246,2024-10-14,0.96
2347246,2025-11-06,1.0
2347387,2021-07-12,0.92
2347387,2023-02-04,0.97
2347387,2024-04-04,1.0
2347520,2021-04-17,0.89
2347520,2023-08-14,0.95
2347520,2024-02-08,0.97
2347520,2025-02-28,1.0
2348590,2021-08-14,0.88
2348590,2022-11-25,0.95
2348590,2025-02-10,1.0
2348594,2021-01-28,0.83
2348594,2022-09-24,0.9
2348594,2023-10-27,0.95
2348594,2024-02-19,1.0
2348724,2021-05-26,0.86
2348724,2022-07-26,0.95
2348724,2024-01-07,1.0
2349108,2021-10-30,0.95
2349108,2023-07-19,0.97
2349108,2024-08-11,1.0
2349263,2021-06-18,0.94
2349263,2022-09-08,1.0
2349307,2021-02-05,0.86
2349307,2022-07-22,0.92
2349307,2024-04-05,0.96
2349307,2025-04-17,1.0
2349517,2021-02-14,0.92
2349517,2022-04-08,1.0
2349727,2021-10-05,0.91
2349727,2023-04-08,0.93
2349727,2024-06-24,0.96
2349727,2025-01-09,1.0
2350304,2021-09-13,0.85
2350304,2022-09-28,0.92
2350304,2023-01-22,0.95
2350304,2024-11-25,0.96
2350304,2025-12-11,1.0
2350338,2021-10-24,0.84
2350338,2022-11-14,0.92
2350338,2023-09-26,0.97
2350338,2025-08-04,1.0
2350566,2021-11-19,0.84
2350566,2022-08-11,0.92
2350566,2023-10-07,0.97
2350566,2024-08-13,0.99
2350566,2025-05-04,1.0
2350657,2021-09-25,0.92
2350657,2023-09-06,0.96
2350657,2024-03-30,0.99
2350657,2025-09-03,1.0
2350941,2021-11-29,0.91
2350941,2022-10-18,0.98
2350941,2024-03-16,0.99
2350941,2025-11-09,1.0
2351190,2021-01-21,0.93
2351190,2023-02-14,0.97
2351190,2024-04-26,0.99
2351190,2025-12-29,1.0
2351230,2021-04-23,0.85
2351230,2022-02-16,0.94
2351230,2023-11-06,0.98
2351230,2024-04-06,1.0
2351786,2021-12-28,0.92
2351786,2022-03-17,0.99
2351786,2024-09-01,1.0
2352002,2021-12-23,0.92
2352002,2023-02-16,0.96
2352002,2024-04-09,1.0
2359365,2021-09-24,0.91
2359365,2022-08-30,0.99
2359365,2024-07-25,1.0
2359509,2021-12-19,0.84
2359509,2022-11-16,0.91
2359509,2024-01-01,0.95
2359509,2025-08-30,1.0
2359684,2021-06-02,0.81
2359684,2022-10-18,0.87
2359684,2023-11-04,0.9
2359684,2024-05-15,0.95
2359684,2025-10-05,1.0
2360305,2021-10-15,0.86
2360305,2022-06-18,0.95
2360305,2024-12-22,0.99
2360305,2025-09-16,1.0
2360417,2021-04-10,0.95
2360417,2024-10-21,0.98
2360417,2025-04-13,1.0
2360464,2021-08-20,0.87
2360464,2022-06-14,0.94
2360464,2023-04-03,0.97
2360464,2024-08-28,1.0
2360640,2021-12-10,0.85
2360640,2022-02-12,0.94
2360640,2023-09-08,0.97
2360640,2024-05-29,0.98
2360640,2025-07-17,1.0
2360698,2021-09-15,0.89
2360698,2023-03-31,0.94
2360698,2024-12-31,0.98
2360698,2025-09-11,1.0
2360959,2021-01-05,0.87
2360959,2022-10-02,0.96
2360959,2025-10-19,1.0
2361134,2021-10-16,0.89
2361134,2022-07-08,0.96
2361134,2023-05-14,0.99
2361134,2025-10-02,1.0
2361370,2021-02-03,0.88
2361370,2022-02-04,0.95
2361370,2023-04-03,1.0
2361845,2021-04-17,0.88
2361845,2022-11-13,0.97
2361845,2024-07-14,0.98
2361845,2025-02-12,1.0
2362074,2021-11-23,0.85
2362074,2022-11-14,0.94
2362074,2023-08-05,0.96
2362074,2024-06-16,1.0
2362095,2021-10-20,0.82
2362095,2022-10-05,0.89
2362095,2023-03-20,0.95
2362095,2025-07-18,1.0
2362969,2021-08-18,0.9
2362969,2022-01-28,0.97
2362969,2023-09-07,1.0
2363115,2021-03-02,0.9
2363115,2022-07-17,0.99
2363115,2025-04-05,1.0
2363731,2021-03-31,0.92
2363731,2022-08-25,0.98
2363731,2025-07-10,1.0
2363865,2021-10-30,0.88
2363865,2023-04-10,0.93
2363865,2024-04-06,0.97
2363865,2025-07-25,1.0
2364247,2021-08-09,0.84
2364247,2022-02-15,0.93
2364247,2023-04-05,0.98
2364247,2025-05-18,1.0
2364250,2021-07-17,0.82
2364250,2022-03-29,0.89
2364250,2023-12-14,0.92
2364250,2024-08-12,0.97
2364250,2025-07-09,1.0
2364833,2021-06-30,0.89
2364833,2023-08-22,0.93
2364833,2024-08-19,0.97
2364833,2025-09-18,1.0
2364853,2021-03-12,0.88
2364853,2022-05-20,0.94
2364853,2023-10-01,0.99
2364853,2025-09-29,1.0
2365430,2021-03-03,0.88
2365430,2022-07-10,0.94
2365430,2023-01-30,0.99
2365430,2024-12-19,1.0
2366111,2021-11-30,0.93
2366111,2024-07-23,0.98
2366111,2025-11-26,1.0
2366130,2021-10-19,0.81
2366130,2022-04-29,0.87
2366130,2023-06-10,0.9
2366130,2024-04-01,0.95
2366130,2025-04-10,1.0
2366655,2021-06-09,0.9
2366655,2022-03-24,0.98
2366655,2025-12-30,1.0
2367284,2021-06-27,0.89
2367284,2022-01-29,0.97
2367284,2024-02-22,1.0
2367341,2021-12-07,0.91
2367341,2022-06-26,0.97
2367341,2024-11-09,0.98
2367341,2025-04-24,1.0
2367433,2021-08-22,0.81
2367433,2022-10-18,0.9
2367433,2023-08-18,0.92
2367433,2024-10-07,0.95
2367433,2025-08-07,1.0
2367774,2021-01-11,0.92
2367774,2022-08-29,1.0
2367969,2021-09-28,0.96
2367969,2024-01-30,0.97
2367969,2025-03-01,1.0
2368048,2021-09-30,0.95
2368048,2023-07-21,0.98
2368048,2025-09-04,1.0
2368103,2021-04-06,0.88
2368103,2022-03-16,0.95
2368103,2023-10-23,0.97
2368103,2025-01-08,1.0
2368239,2021-09-16,0.85
2368239,2022-04-29,0.91
2368239,2023-05-12,0.93
2368239,2024-08-26,0.96
2368239,2025-05-18,1.0
2368340,2021-06-13,0.81
2368340,2022-05-08,0.87
2368340,2023-03-24,0.92
2368340,2024-07-04,0.97
2368340,2025-08-06,1.0
2368380,2021-03-18,0.82
2368380,2022-01-24,0.91
2368380,2023-02-04,0.95
2368380,2024-01-10,0.98
2368380,2025-03-10,1.0
2368566,2021-04-22,0.87
2368566,2022-03-17,0.94
2368566,2023-03-10,0.97
2368566,2024-03-16,0.98
2368566,2025-08-03,1.0
2368748,2021-10-24,0.89
2368748,2022-08-10,0.95
2368748,2023-07-03,0.97
2368748,2025-01-16,1.0
2369128,2021-09-14,0.92
2369128,2023-05-02,0.96
2369128,2025-03-15,1.0
2369659,2021-08-06,0.91
2369659,2022-05-16,0.99
2369659,2023-01-07,1.0
2369810,2021-05-06,0.88
2369810,2022-08-06,0.94
2369810,2023-12-03,1.0
2369916,2021-11-29,0.83
2369916,2022-03-02,0.92
2369916,2024-11-02,0.96
2369916,2025-08-15,1.0
2370204,2021-07-14,0.85
2370204,2022-11-22,0.93
2370204,2023-11-30,0.96
2370204,2024-03-12,0.98
2370204,2025-09-10,1.0
2370213,2021-03-01,0.81
2370213,2022-05-03,0.89
2370213,2023-07-10,0.94
2370213,2024-03-08,0.98
2370213,2025-10-13,1.0
2370627,2021-03-09,0.8
2370627,2022-01-03,0.87
2370627,2023-11-07,0.92
2370627,2024-05-03,0.95
2370627,2025-02-12,1.0
2370913,2021-05-01,0.84
2370913,2022-06-12,0.92
2370913,2023-03-12,0.97
2370913,2024-06-03,0.99
2370913,2025-05-12,1.0
2370915,2021-11-09,0.87
2370915,2022-09-22,0.94
2370915,2023-10-15,1.0
2370924,2021-03-10,0.98
2370924,2023-03-12,1.0
2371010,2021-10-16,0.88
2371010,2022-03-26,0.94
2371010,2023-10-09,0.97
2371010,2025-01-29,1.0
2371199,2021-02-09,0.8
2371199,2022-01-30,0.88
2371199,2023-12-24,0.93
2371199,2024-01-26,0.95
2371199,2025-02-24,1.0
2371205,2021-02-18,0.85
2371205,2022-12-02,0.93
2371205,2023-02-16,0.98
2371205,2024-06-29,1.0
2371215,2021-07-19,0.88
2371215,2023-09-12,0.91
2371215,2024-07-06,0.95
2371215,2025-03-14,1.0
2372333,2021-10-08,0.96
2372333,2025-09-12,1.0
2372899,2021-10-26,0.84
2372899,2022-12-03,0.92
2372899,2023-06-03,0.98
2372899,2025-12-01,1.0
2372948,2021-03-07,0.86
2372948,2023-06-19,0.91
2372948,2024-06-17,0.95
2372948,2025-10-17,1.0
2373368,2021-01-12,0.93
2373368,2024-12-01,0.97
2373368,2025-07-28,1.0
2373969,2021-03-16,0.87
2373969,2022-04-11,0.93
2373969,2023-03-20,0.97
2373969,2024-02-25,1.0
2373978,2021-07-14,0.83
2373978,2022-06-17,0.9
2373978,2023-11-22,0.94
2373978,2024-07-27,0.96
2373978,2025-07-18,1.0
2374067,2021-12-22,0.89
2374067,2022-10-01,0.96
2374067,2024-10-21,1.0
2376556,2021-02-03,0.9
2376556,2022-12-13,0.97
2376556,2024-11-04,0.99
2376556,2025-03-18,1.0
2376862,2021-09-11,0.93
2376862,2023-04-29,0.96
2376862,2024-06-05,0.99
2376862,2025-07-25,1.0
2376866,2021-10-07,0.84
2376866,2022-06-11,0.94
2376866,2024-11-28,0.99
2376866,2025-07-16,1.0
2377197,2021-05-29,0.87
2377197,2022-04-17,0.95
2377197,2023-11-16,0.99
2377197,2025-04-24,1.0
2378329,2021-11-01,0.87
2378329,2022-12-27,0.96
2378329,2023-11-04,1.0
2378715,2021-05-20,0.86
2378715,2022-12-29,0.95
2378715,2023-12-22,1.0
2378743,2021-04-15,0.9
2378743,2023-11-28,0.92
2378743,2024-05-12,0.96
2378743,2025-01-19,1.0
2378914,2021-07-02,0.8
2378914,2022-12-23,0.86
2378914,2023-02-15,0.91
2378914,2024-10-17,0.95
2378914,2025-12-12,1.0
2379110,2021-10-12,0.94
2379110,2023-08-19,0.97
2379110,2024-10-05,1.0
2380328,2021-12-27,0.84
2380328,2022-11-02,0.93
2380328,2023-12-07,0.98
2380328,2025-10-16,1.0
2380514,2021-07-10,0.91
2380514,2024-01-16,0.95
2380514,2025-08-11,1.0
2380890,2021-06-20,0.83
2380890,2022-07-05,0.91
2380890,2023-05-11,0.95
2380890,2024-01-23,0.99
2380890,2025-04-12,1.0
2381188,2021-03-11,0.86
2381188,2022-03-15,0.95
2381188,2024-05-07,0.98
2381188,2025-09-07,1.0
2381195,2021-01-25,0.84
2381195,2022-12-01,0.92
2381195,2023-03-05,0.96
2381195,2025-02-01,1.0
2381410,2021-05-05,0.98
2381410,2024-01-23,1.0
2382197,2021-03-18,0.93
2382197,2022-09-21,1.0
2382336,2021-03-16,0.89
2382336,2022-11-22,0.98
2382336,2025-05-12,1.0
2382806,2021-01-05,0.88
2382806,2022-02-14,0.94
2382806,2023-07-19,0.97
2382806,2025-11-25,1.0
2383489,2021-09-08,0.87
2383489,2022-08-09,0.94
2383489,2023-02-14,1.0
2384410,2021-06-03,0.85
2384410,2022-11-08,0.91
2384410,2023-12-10,0.93
2384410,2024-11-25,0.97
2384410,2025-12-14,1.0
2384419,2021-09-05,0.91
2384419,2022-06-04,0.98
2384419,2023-07-28,1.0
2384430,2021-12-29,0.93
2384430,2023-10-14,0.96
2384430,2024-08-19,0.98
2384430,2025-08-25,1.0
2384461,2021-07-29,0.93
2384461,2023-01-18,0.96
2384461,2024-04-19,0.99
2384461,2025-11-26,1.0
2384947,2021-10-09,0.82
2384947,2022-12-20,0.9
2384947,2023-04-27,0.93
2384947,2024-03-07,0.96
2384947,2025-12-13,1.0
2385593,2021-12-19,0.9
2385593,2022-10-02,0.97
2385593,2024-04-12,0.99
2385593,2025-05-22,1.0
2385763,2021-04-11,0.86
2385763,2022-09-11,0.96
2385763,2023-09-13,0.99
2385763,2024-09-15,1.0
2386068,2021-04-08,0.9
2386068,2023-07-18,0.92
2386068,2024-07-29,0.96
2386068,2025-07-05,1.0
2386094,2021-09-05,0.85
2386094,2022-09-13,0.94
2386094,2023-04-26,1.0
2386137,2021-10-02,0.93
2386137,2022-03-15,1.0
2386252,2021-02-03,0.82
2386252,2022-12-10,0.9
2386252,2023-12-18,0.96
2386252,2024-02-10,1.0
2386267,2021-03-09,0.85
2386267,2022-08-19,0.94
2386267,2023-03-25,0.99
2386267,2025-02-05,1.0
2386300,2021-01-21,0.87
2386300,2022-05-31,0.96
2386300,2023-11-26,0.97
2386300,2024-10-08,1.0
2386865,2021-03-17,0.88
2386865,2022-10-29,0.98
2386865,2025-04-15,1.0
2386960,2021-03-06,0.94
2386960,2023-08-01,1.0
2387186,2021-09-06,0.97
2387186,2025-08-10,1.0
2387540,2021-05-28,0.87
2387540,2022-10-18,0.94
2387540,2023-08-28,1.0
2387555,2021-05-26,0.86
2387555,2022-12-31,0.93
2387555,2023-07-07,0.95
2387555,2024-05-29,0.96
2387555,2025-10-21,1.0
2388046,2021-12-03,0.91
2388046,2022-06-09,1.0
2388355,2021-08-29,0.92
2388355,2023-10-09,0.97
2388355,2025-12-01,1.0
2388740,2021-05-17,0.98
2388740,2024-09-22,1.0
2388755,2021-10-18,0.9
2388755,2022-12-15,0.96
2388755,2025-02-15,1.0
2388900,2021-09-28,0.89
2388900,2022-06-02,0.95
2388900,2024-04-22,1.0
2389084,2021-05-05,0.83
2389084,2022-10-12,0.9
2389084,2023-12-26,0.93
2389084,2024-03-15,0.97
2389084,2025-07-23,1.0
2389520,2021-11-16,0.93
2389520,2023-05-04,0.95
2389520,2025-04-26,1.0
2389531,2021-06-20,0.87
2389531,2023-09-11,0.92
2389531,2024-11-29,0.96
2389531,2025-07-16,1.0
2389742,2021-04-03,0.84
2389742,2022-03-17,0.92
2389742,2023-06-15,0.98
2389742,2024-12-07,1.0
2389947,2021-07-13,0.86
2389947,2022-11-23,0.96
2389947,2024-02-27,0.98
2389947,2025-07-09,1.0
2390703,2021-12-16,0.9
2390703,2022-07-03,1.0
2398012,2021-05-28,0.92
2398012,2023-11-16,0.95
2398012,2024-03-24,0.96
2398012,2025-02-21,1.0
2398020,2021-05-11,0.83
2398020,2022-03-30,0.91
2398020,2023-10-21,0.95
2398020,2024-05-20,0.99
2398020,2025-01-17,1.0
2398519,2021-04-08,0.88
2398519,2022-04-30,0.94
2398519,2024-02-06,0.96
2398519,2025-10-31,1.0
2398815,2021-03-14,0.81
2398815,2022-09-11,0.87
2398815,2023-02-02,0.91
2398815,2024-01-13,0.95
2398815,2025-03-27,1.0
2399117,2021-09-13,0.83
2399117,2022-02-16,0.89
2399117,2023-10-05,0.93
2399117,2024-12-19,0.98
2399117,2025-02-12,1.0
2399131,2021-03-26,0.83
2399131,2022-04-08,0.92
2399131,2023-11-10,0.94
2399131,2024-07-16,0.96
2399131,2025-09-03,1.0
2399976,2021-04-30,0.89
2399976,2022-07-19,0.97
2399976,2024-05-26,0.99
2399976,2025-04-07,1.0
2400274,2021-07-01,0.83
2400274,2022-03-14,0.9
2400274,2023-08-09,0.95
2400274,2024-06-29,0.97
2400274,2025-10-20,1.0
2400393,2021-01-26,0.83
2400393,2022-12-25,0.91
2400393,2023-03-08,0.97
2400393,2024-07-24,1.0
2400447,2021-09-13,0.81
2400447,2022-08-14,0.87
2400447,2023-01-29,0.91
2400447,2024-05-26,0.96
2400447,2025-11-09,1.0
2400534,2021-01-24,0.84
2400534,2022-04-05,0.93
2400534,2023-05-14,0.98
2400534,2025-07-15,1.0
2400651,2021-11-22,0.92
2400651,2022-02-21,0.98
2400651,2025-07-09,1.0
2400662,2021-05-29,0.91
2400662,2023-08-27,0.95
2400662,2024-05-24,1.0
2400784,2021-11-14,0.84
2400784,2022-11-22,0.93
2400784,2023-03-01,0.97
2400784,2024-12-03,1.0
2400794,2021-06-24,0.82
2400794,2022-06-02,0.9
2400794,2023-07-26,0.94
2400794,2024-10-27,0.98
2400794,2025-10-26,1.0
2401091,2021-08-16,0.96
2401091,2025-12-29,1.0
2401140,2021-04-19,0.88
2401140,2022-04-30,0.97
2401140,2024-04-19,1.0
2401155,2021-02-15,0.86
2401155,2022-02-16,0.95
2401155,2024-02-25,1.0
2401392,2021-06-28,0.93
2401392,2024-11-15,0.96
2401392,2025-12-29,1.0
2401600,2021-12-28,0.92
2401600,2024-09-10,0.97
2401600,2025-01-24,1.0
2401726,2021-07-13,0.99
2401726,2025-12-13,1.0
2402064,2021-07-11,0.82
2402064,2022-06-13,0.89
2402064,2023-04-14,0.93
2402064,2024-06-19,0.98
2402064,2025-04-03,1.0
2402445,2021-10-29,0.8
2402445,2022-05-09,0.89
2402445,2023-02-04,0.92
2402445,2024-06-27,0.95
2402445,2025-09-12,1.0
2402549,2021-09-02,0.85
2402549,2022-06-02,0.94
2402549,2023-10-15,0.99
2402549,2025-12-26,1.0
2402747,2021-04-20,0.92
2402747,2023-12-05,0.95
2402747,2025-05-27,1.0
2402889,2021-04-13,0.83
2402889,2022-12-07,0.9
2402889,2023-09-20,0.94
2402889,2024-10-31,0.96
2402889,2025-03-01,1.0
2403027,2021-04-12,0.92
2403027,2024-12-15,0.96
2403027,2025-12-07,1.0
2403057,2021-08-03,0.85
2403057,2022-04-02,0.93
2403057,2023-03-09,0.95
2403057,2025-12-30,1.0
2403264,2021-05-21,0.82
2403264,2022-11-06,0.87
2403264,2023-04-22,0.92
2403264,2024-08-13,0.97
2403264,2025-04-27,1.0
2403497,2021-08-16,0.84
2403497,2022-11-01,0.91
2403497,2023-11-29,0.93
2403497,2024-04-14,0.98
2403497,2025-03-28,1.0
2403582,2021-01-06,0.96
2403582,2023-11-17,1.0
2403590,2021-05-05,1.0
2403635,2021-08-27,0.9
2403635,2022-06-25,0.99
2403635,2024-07-24,1.0
2403854,2021-07-23,0.93
2403854,2023-10-09,0.97
2403854,2024-10-22,1.0
2404294,2021-09-15,0.9
2404294,2022-11-11,0.97
2404294,2023-10-05,0.99
2404294,2024-11-23,1.0
2404426,2021-06-23,0.86
2404426,2022-11-26,0.94
2404426,2023-08-27,0.97
2404426,2024-08-16,0.99
2404426,2025-08-30,1.0
2404694,2021-08-17,0.86
2404694,2022-12-05,0.95
2404694,2023-01-09,1.0
2405239,2021-05-20,0.81
2405239,2022-06-06,0.9
2405239,2023-02-13,0.95
2405239,2025-03-12,1.0
2405352,2021-04-28,0.81
2405352,2022-05-16,0.9
2405352,2023-03-26,0.95
2405352,2024-02-07,0.99
2405352,2025-09-20,1.0
2405360,2021-04-19,0.88
2405360,2022-01-05,0.94
2405360,2023-05-08,0.99
2405360,2024-07-31,1.0
2405726,2021-01-26,0.9
2405726,2022-12-22,0.98
2405726,2024-06-14,0.99
2405726,2025-09-27,1.0
2405729,2021-03-02,0.81
2405729,2022-10-25,0.87
2405729,2023-07-01,0.92
2405729,2024-11-20,0.95
2405729,2025-08-16,1.0
2405940,2021-10-27,0.85
2405940,2022-06-17,0.93
2405940,2023-12-25,0.95
2405940,2024-12-01,0.97
2405940,2025-01-07,1.0
2406336,2021-01-09,0.95
2406336,2023-10-02,0.97
2406336,2025-11-27,1.0
2406387,2021-06-27,0.9
2406387,2022-10-29,0.97
2406387,2023-06-27,1.0
2406397,2021-11-20,0.9
2406397,2022-06-01,0.98
2406397,2024-11-20,1.0
2406539,2021-04-01,0.86
2406539,2022-07-16,0.92
2406539,2023-01-27,0.96
2406539,2024-05-27,1.0
2406551,2021-01-30,0.95
2406551,2023-02-16,1.0
2406598,2021-11-13,0.83
2406598,2022-08-11,0.9
2406598,2023-05-21,0.92
2406598,2024-12-12,0.97
2406598,2025-03-04,1.0
2406844,2021-06-03,0.87
2406844,2022-12-10,0.93
2406844,2023-09-08,0.96
2406844,2024-06-29,0.98
2406844,2025-07-20,1.0
2407345,2021-11-30,0.86
2407345,2022-02-14,0.95
2407345,2024-03-14,1.0
2407524,2021-02-19,0.83
2407524,2022-03-01,0.91
2407524,2023-10-22,0.94
2407524,2024-07-09,0.99
2407524,2025-03-23,1.0
2407533,2021-06-12,0.95
2407533,2024-04-11,1.0
2407857,2021-08-02,0.95
2407857,2024-10-15,0.99
2407857,2025-08-04,1.0
2408102,2021-10-05,0.99
2408102,2025-07-08,1.0
2408438,2021-09-04,0.82
2408438,2022-01-30,0.91
2408438,2023-10-23,0.96
2408438,2025-03-17,1.0
2408449,2021-02-07,0.86
2408449,2022-03-22,0.95
2408449,2023-08-13,0.98
2408449,2024-05-07,1.0
2408576,2021-03-26,0.96
2408576,2025-11-29,1.0
2408631,2021-07-04,0.85
2408631,2022-08-12,0.94
2408631,2024-02-24,0.96
2408631,2025-06-22,1.0
2408634,2021-12-31,0.88
2408634,2022-06-04,0.95
2408634,2023-06-20,0.97
2408634,2025-02-09,1.0
2408640,2021-05-20,0.87
2408640,2022-07-09,0.96
2408640,2025-06-23,1.0
2408675,2021-07-19,0.97
2408675,2024-10-31,1.0
2408720,2021-11-05,0.95
2408720,2024-02-26,0.98
2408720,2025-12-29,1.0
2409644,2021-01-20,0.86
2409644,2022-12-08,0.96
2409644,2024-06-07,1.0
2409974,2021-06-20,0.89
2409974,2022-09-18,0.95
2409974,2023-01-29,1.0
2410074,2021-02-09,0.93
2410074,2023-08-23,0.97
2410074,2024-05-07,0.98
2410074,2025-11-18,1.0
2410313,2021-03-10,0.85
2410313,2022-09-27,0.94
2410313,2023-02-28,0.96
2410313,2025-10-28,1.0
2410336,2021-09-10,0.9
2410336,2022-11-17,0.97
2410336,2023-02-03,1.0
2410566,2021-07-15,0.83
2410566,2022-03-12,0.91
2410566,2023-06-17,0.93
2410566,2024-01-14,0.97
2410566,2025-07-24,1.0
2411087,2021-06-09,0.94
2411087,2023-05-25,0.96
2411087,2025-12-27,1.0
2411938,2021-10-17,0.9
2411938,2022-06-05,0.97
2411938,2024-08-14,0.99
2411938,2025-12-18,1.0
2412469,2021-01-17,0.89
2412469,2022-07-20,0.95
2412469,2023-09-24,0.98
2412469,2024-03-20,1.0
2412824,2021-02-10,0.87
2412824,2022-05-20,0.95
2412824,2024-12-24,0.97
2412824,2025-07-14,1.0
2413235,2021-02-09,0.91
2413235,2022-06-26,0.97
2413235,2023-11-05,0.99
2413235,2024-03-01,1.0
2413494,2021-07-18,0.86
2413494,2022-01-16,0.96
2413494,2023-11-30,0.99
2413494,2024-12-08,1.0
2413506,2021-05-24,0.92
2413506,2023-08-11,0.97
2413506,2025-02-22,1.0
2419596,2021-12-07,0.95
2419596,2024-10-06,1.0
2419630,2021-04-17,0.91
2419630,2022-11-21,0.97
2419630,2025-05-22,1.0
2419740,2021-04-05,0.85
2419740,2022-07-20,0.95
2419740,2023-07-15,0.97
2419740,2025-01-20,1.0
2419830,2021-07-10,0.84
2419830,2022-11-30,0.89
2419830,2023-12-01,0.91
2419830,2024-06-08,0.96
2419830,2025-10-14,1.0
2419875,2021-09-19,0.9
2419875,2022-09-28,0.98
2419875,2025-09-01,1.0
2419941,2021-12-03,0.9
2419941,2022-09-29,0.99
2419941,2025-01-05,1.0
2420029,2021-09-17,0.82
2420029,2022-12-18,0.91
2420029,2023-04-06,0.93
2420029,2024-12-16,0.96
2420029,2025-10-05,1.0
2420073,2021-03-06,0.87
2420073,2022-10-31,0.95
2420073,2023-08-26,0.98
2420073,2025-04-21,1.0
2420107,2021-07-09,0.96
2420107,2025-09-25,1.0
2420198,2021-03-08,0.85
2420198,2022-02-10,0.91
2420198,2024-01-13,0.95
2420198,2025-04-08,1.0
2420242,2021-05-22,0.84
2420242,2022-12-11,0.93
2420242,2023-01-19,0.98
2420242,2025-07-13,1.0
2420317,2021-03-15,0.94
2420317,2022-01-11,1.0
2420389,2021-06-12,0.89
2420389,2023-04-05,0.94
2420389,2024-07-06,0.95
2420389,2025-06-14,1.0
2420486,2021-05-11,0.85
2420486,2022-09-11,0.95
2420486,2023-07-28,0.99
2420486,2025-05-02,1.0
2420546,2021-07-14,0.86
2420546,2023-05-02,0.91
2420546,2024-11-18,0.96
2420546,2025-11-20,1.0
2420569,2021-02-05,0.84
2420569,2022-09-02,0.93
2420569,2024-04-05,0.98
2420569,2025-10-04,1.0
2420667,2021-10-01,0.85
2420667,2022-11-29,0.94
2420667,2024-01-02,0.96
2420667,2025-08-30,1.0
2420781,2021-06-07,0.84
2420781,2022-05-11,0.91
2420781,2024-03-01,0.96
2420781,2025-05-06,1.0
2420933,2021-05-28,0.81
2420933,2022-06-12,0.9
2420933,2023-06-27,0.94
2420933,2024-12-10,0.97
2420933,2025-05-24,1.0
2421090,2021-03-27,0.84
2421090,2022-07-25,0.93
2421090,2023-01-17,0.97
2421090,2024-06-23,1.0
2421120,2021-12-11,0.88
2421120,2022-11-02,0.96
2421120,2025-06-15,1.0
2421207,2021-03-10,0.87
2421207,2022-06-08,0.94
2421207,2023-05-05,0.99
2421207,2024-12-08,1.0
2421324,2021-09-18,0.93
2421324,2023-03-30,0.97
2421324,2025-11-26,1.0
2421434,2021-05-07,0.91
2421434,2022-12-08,1.0
2421495,2021-11-24,0.87
2421495,2022-01-11,0.93
2421495,2023-07-26,0.98
2421495,2025-09-09,1.0
2421552,2021-05-25,0.8
2421552,2022-03-01,0.88
2421552,2023-07-01,0.93
2421552,2024-03-24,0.96
2421552,2025-11-12,1.0
2421639,2021-08-27,0.98
2421639,2025-10-03,1.0
2421760,2021-11-07,0.96
2421760,2024-05-19,1.0
2421819,2021-07-07,0.83
2421819,2022-04-05,0.91
2421819,2023-04-17,0.93
2421819,2024-11-20,0.97
2421819,2025-06-02,1.0
2421881,2021-03-05,0.85
2421881,2022-01-08,0.92
2421881,2023-10-12,0.95
2421881,2025-02-23,1.0
2421913,2021-06-30,0.88
2421913,2022-12-07,0.96
2421913,2024-08-31,1.0
2421935,2021-11-20,0.92
2421935,2023-10-16,0.95
2421935,2024-04-02,1.0
2421944,2021-10-29,0.99
2421944,2024-05-23,1.0
2422021,2021-07-12,0.79
2422021,2022-11-09,0.85
2422021,2023-11-30,0.9
2422021,2024-12-27,0.95
2422021,2025-02-24,1.0
2422103,2021-10-20,0.93
2422103,2023-03-12,0.98
2422103,2024-08-30,1.0
2422154,2021-04-24,0.89
2422154,2022-11-21,0.98
2422154,2023-12-21,1.0
2422216,2021-05-14,0.82
2422216,2022-01-28,0.9
2422216,2023-01-12,0.95
2422216,2024-07-21,1.0
2422258,2021-10-04,0.91
2422258,2022-05-03,0.97
2422258,2025-01-28,1.0
2422314,2021-10-28,0.85
2422314,2022-02-13,0.94
2422314,2024-09-14,0.98
2422314,2025-05-17,1.0
2422373,2021-02-02,0.87
2422373,2022-03-08,0.94
2422373,2023-09-06,0.98
2422373,2024-08-20,1.0
2422461,2021-04-02,0.84
2422461,2022-02-06,0.93
2422461,2023-06-25,0.97
2422461,2025-04-21,1.0
2422547,2021-01-31,0.92
2422547,2022-04-15,1.0
2422618,2021-11-18,0.92
2422618,2023-05-26,0.97
2422618,2025-11-20,1.0
2422681,2021-09-19,0.85
2422681,2022-12-24,0.94
2422681,2023-05-06,0.97
2422681,2024-04-21,1.0
2422683,2021-03-27,0.82
2422683,2022-10-08,0.89
2422683,2023-01-12,0.94
2422683,2024-09-09,0.95
2422683,2025-10-19,1.0
2422707,2021-12-21,0.95
2422707,2024-01-17,0.99
2422707,2025-12-01,1.0
2422751,2021-03-22,0.88
2422751,2023-04-20,0.91
2422751,2024-11-07,0.96
2422751,2025-08-11,1.0
2422831,2021-01-29,0.85
2422831,2022-03-11,0.92
2422831,2023-02-01,0.97
2422831,2024-08-20,1.0
2422864,2021-03-14,0.88
2422864,2023-03-08,0.93
2422864,2024-04-26,0.97
2422864,2025-01-14,1.0
2423006,2021-06-04,0.85
2423006,2022-02-28,0.91
2423006,2023-04-16,0.96
2423006,2024-05-07,0.98
2423006,2025-01-04,1.0
2423072,2021-09-30,1.0
2423151,2021-09-28,0.93
2423151,2023-05-25,0.95
2423151,2024-02-02,0.98
2423151,2025-11-08,1.0
2423190,2021-04-24,0.86
2423190,2022-10-29,0.93
2423190,2023-08-20,0.98
2423190,2024-01-30,1.0
2423243,2021-10-17,0.83
2423243,2022-06-07,0.91
2423243,2023-11-16,0.97
2423243,2025-07-09,1.0
2423329,2021-05-19,0.83
2423329,2022-09-02,0.9
2423329,2023-06-07,0.95
2423329,2025-06-10,1.0
2423388,2021-01-08,0.91
2423388,2022-07-17,1.0
2423470,2021-10-21,0.95
2423470,2024-01-17,0.98
2423470,2025-11-15,1.0
2423589,2021-08-09,0.87
2423589,2022-06-19,0.94
2423589,2024-01-25,0.96
2423589,2025-12-26,1.0
2423635,2021-09-08,0.89
2423635,2023-11-20,0.91
2423635,2024-03-03,0.95
2423635,2025-12-20,1.0
2423714,2021-08-18,0.82
2423714,2022-09-03,0.9
2423714,2023-12-12,0.95
2423714,2024-08-05,0.96
2423714,2025-08-03,1.0
2423722,2021-04-16,0.87
2423722,2022-11-23,0.95
2423722,2024-03-15,0.98
2423722,2025-03-02,1.0
2423740,2021-08-14,0.88
2423740,2022-06-02,0.94
2423740,2024-12-14,0.96
2423740,2025-04-05,1.0
2423794,2021-03-23,0.82
2423794,2022-07-30,0.89
2423794,2023-08-28,0.92
2423794,2024-09-18,0.95
2423794,2025-06-17,1.0
2423863,2021-07-15,0.9
2423863,2023-09-18,0.95
2423863,2025-07-31,1.0
2423933,2021-06-11,0.86
2423933,2022-07-28,0.94
2423933,2024-05-23,0.99
2423933,2025-03-08,1.0
2423957,2021-08-02,0.81
2423957,2022-06-26,0.89
2423957,2023-04-11,0.91
2423957,2024-08-22,0.95
2423957,2025-05-08,1.0
2424002,2021-04-16,0.86
2424002,2022-06-20,0.95
2424002,2024-08-24,0.98
2424002,2025-03-16,1.0
2424107,2021-03-14,0.85
2424107,2022-03-06,0.91
2424107,2023-03-20,0.94
2424107,2024-11-09,0.98
2424107,2025-10-13,1.0
2424166,2021-12-29,0.88
2424166,2022-10-18,0.96
2424166,2024-10-29,1.0
2424259,2021-08-17,0.81
2424259,2022-06-02,0.9
2424259,2023-11-17,0.92
2424259,2024-08-30,0.96
2424259,2025-03-03,1.0
2424290,2021-09-02,0.97
2424290,2023-05-07,0.98
2424290,2024-04-14,1.0
2424353,2021-09-07,0.92
2424353,2023-02-06,0.96
2424353,2024-05-31,0.99
2424353,2025-02-26,1.0
2424418,2021-03-04,0.83
2424418,2022-09-07,0.92
2424418,2024-11-30,0.96
2424418,2025-06-07,1.0
2424525,2021-10-02,0.87
2424525,2022-10-25,0.93
2424525,2023-05-26,0.95
2424525,2024-08-11,1.0
2424601,2021-08-04,0.86
2424601,2022-03-11,0.95
2424601,2024-03-05,0.97
2424601,2025-11-10,1.0
2424628,2021-10-16,0.8
2424628,2022-05-24,0.86
2424628,2023-12-28,0.91
2424628,2024-03-15,0.96
2424628,2025-06-10,1.0
2424686,2021-11-29,0.86
2424686,2022-03-06,0.94
2424686,2024-12-30,0.99
2424686,2025-11-26,1.0
2424742,2021-07-07,0.9
2424742,2022-04-24,0.97
2424742,2025-05-30,1.0
2424919,2021-10-02,0.86
2424919,2022-10-07,0.93
2424919,2023-10-16,0.96
2424919,2025-09-04,1.0
2424965,2021-10-11,0.95
2424965,2023-07-16,0.98
2424965,2025-06-16,1.0
2425019,2021-09-18,0.89
2425019,2022-04-28,0.96
2425019,2024-08-15,1.0
2425069,2021-05-14,0.83
2425069,2022-03-10,0.92
2425069,2023-04-25,0.97
2425069,2025-03-04,1.0
2425178,2021-01-03,0.89
2425178,2022-10-17,0.96
2425178,2025-10-11,1.0
2425240,2021-10-04,0.96
2425240,2023-07-15,0.99
2425240,2025-07-15,1.0
2425333,2021-04-09,0.85
2425333,2022-08-10,0.93
2425333,2024-08-10,0.98
2425333,2025-03-20,1.0
2425388,2021-01-09,0.88
2425388,2023-08-04,0.92
2425388,2024-02-10,0.96
2425388,2025-07-20,1.0
2425502,2021-05-14,0.83
2425502,2022-03-28,0.89
2425502,2023-10-16,0.93
2425502,2024-06-15,0.97
2425502,2025-08-23,1.0
2425554,2021-03-20,0.95
2425554,2023-03-02,1.0
2425705,2021-10-09,0.82
2425705,2022-09-24,0.9
2425705,2023-02-17,0.95
2425705,2024-01-19,1.0
2425786,2021-06-24,0.82
2425786,2022-08-07,0.91
2425786,2023-04-06,0.94
2425786,2024-08-22,0.96
2425786,2025-09-18,1.0
2425898,2021-08-17,0.9
2425898,2022-02-08,0.96
2425898,2024-01-22,1.0
2426136,2021-11-06,0.9
2426136,2024-12-13,0.95
2426136,2025-02-05,1.0
2426196,2021-03-09,0.89
2426196,2022-01-19,0.96
2426196,2023-10-22,0.98
2426196,2024-02-20,0.99
2426196,2025-12-22,1.0
2426346,2021-02-19,0.85
2426346,2022-03-24,0.92
2426346,2023-10-06,0.96
2426346,2024-01-19,0.99
2426346,2025-07-12,1.0
2426394,2021-01-31,0.94
2426394,2023-02-09,0.99
2426394,2025-01-23,1.0
2426492,2021-12-30,0.89
2426492,2022-01-30,0.95
2426492,2023-08-31,0.97
2426492,2025-07-18,1.0
2426555,2021-05-30,0.86
2426555,2022-12-24,0.94
2426555,2023-04-28,0.99
2426555,2025-01-06,1.0
2426677,2021-11-17,0.95
2426677,2024-08-30,0.98
2426677,2025-10-20,1.0
2426702,2021-12-02,0.86
2426702,2022-12-07,0.92
2426702,2023-01-13,0.94
2426702,2024-01-31,0.98
2426702,2025-04-05,1.0
2426891,2021-09-11,0.92
2426891,2022-11-06,0.99
2426891,2024-06-05,1.0
2426923,2021-05-20,0.84
2426923,2022-09-14,0.93
2426923,2024-04-04,0.97
2426923,2025-01-19,1.0
2426997,2021-05-22,0.82
2426997,2022-04-15,0.88
2426997,2023-10-12,0.93
2426997,2024-05-24,0.95
2426997,2025-02-25,1.0
2427116,2021-11-22,0.95
2427116,2023-11-21,0.97
2427116,2024-05-02,1.0
2427211,2021-03-09,0.87
2427211,2023-01-12,0.91
2427211,2024-12-12,0.96
2427211,2025-01-22,1.0
2427347,2021-07-12,0.97
2427347,2023-06-16,0.99
2427347,2025-12-28,1.0
2427412,2021-09-28,0.9
2427412,2022-04-23,0.97
2427412,2025-03-15,1.0
2427469,2021-04-25,0.82
2427469,2022-08-29,0.9
2427469,2023-08-02,0.93
2427469,2024-03-14,0.97
2427469,2025-02-27,1.0
2427554,2021-06-10,0.85
2427554,2022-07-14,0.91
2427554,2023-09-21,0.93
2427554,2024-09-23,0.97
2427554,2025-11-16,1.0
2427562,2021-10-24,0.88
2427562,2022-07-24,0.94
2427562,2024-03-16,0.97
2427562,2025-03-01,1.0
2427630,2021-09-20,0.85
2427630,2022-12-06,0.94
2427630,2024-09-29,0.99
2427630,2025-02-09,1.0
2427663,2021-03-26,0.88
2427663,2022-12-08,0.94
2427663,2024-08-12,0.98
2427663,2025-04-28,1.0
2427721,2021-03-07,0.81
2427721,2022-06-06,0.89
2427721,2023-01-04,0.92
2427721,2024-02-29,0.97
2427721,2025-05-09,1.0
2427742,2021-04-18,0.87
2427742,2022-12-10,0.95
2427742,2023-03-31,0.96
2427742,2024-02-26,1.0
2427793,2021-03-07,0.94
2427793,2024-05-11,0.99
2427793,2025-03-30,1.0
2427928,2021-10-16,0.91
2427928,2023-10-14,0.92
2427928,2024-09-01,0.95
2427928,2025-03-03,1.0
2427976,2021-11-12,0.87
2427976,2022-12-23,0.94
2427976,2023-01-20,0.98
2427976,2024-01-04,1.0
2428060,2021-09-05,0.86
2428060,2022-10-06,0.96
2428060,2023-03-17,0.99
2428060,2025-06-26,1.0
2428147,2021-05-18,0.84
2428147,2022-06-11,0.9
2428147,2023-02-08,0.95
2428147,2024-04-20,0.96
2428147,2025-08-26,1.0
2428192,2021-01-09,0.88
2428192,2023-06-26,0.92
2428192,2024-12-05,0.95
2428192,2025-04-07,1.0
2428310,2021-11-24,0.83
2428310,2022-05-27,0.91
2428310,2023-03-28,0.96
2428310,2024-09-08,0.97
2428310,2025-05-09,1.0
2428379,2021-02-14,0.81
2428379,2022-04-26,0.87
2428379,2023-06-29,0.92
2428379,2024-01-14,0.95
2428379,2025-05-22,1.0
2428411,2021-12-22,0.91
2428411,2022-10-17,1.0
2428517,2021-11-18,0.91
2428517,2022-02-21,0.97
2428517,2023-06-14,1.0
2428597,2021-04-30,0.92
2428597,2024-05-14,0.95
2428597,2025-08-03,1.0
2428626,2021-03-19,0.85
2428626,2022-04-01,0.93
2428626,2023-03-02,0.97
2428626,2025-07-31,1.0
2428692,2021-03-04,0.85
2428692,2022-09-22,0.92
2428692,2023-05-31,0.96
2428692,2024-06-28,0.98
2428692,2025-12-03,1.0
2428748,2021-11-24,0.86
2428748,2022-06-30,0.94
2428748,2023-09-16,0.98
2428748,2025-04-20,1.0
2428854,2021-11-28,0.86
2428854,2022-08-06,0.92
2428854,2023-05-07,0.95
2428854,2024-06-22,0.96
2428854,2025-06-06,1.0
2428939,2021-11-18,0.92
2428939,2022-11-29,1.0
2429029,2021-03-10,0.85
2429029,2022-03-13,0.91
2429029,2023-05-25,0.93
2429029,2024-12-20,0.96
2429029,2025-08-22,1.0
2429114,2021-09-29,0.91
2429114,2023-02-14,0.93
2429114,2024-01-28,0.97
2429114,2025-04-21,1.0
2429230,2021-09-15,0.95
2429230,2023-09-26,0.99
2429230,2025-12-17,1.0
2429307,2021-10-08,0.85
2429307,2022-08-25,0.94
2429307,2024-07-02,0.96
2429307,2025-04-26,1.0
2429362,2021-11-30,0.87
2429362,2022-02-04,0.93
2429362,2023-05-25,0.98
2429362,2024-05-02,0.99
2429362,2025-02-01,1.0
2429419,2021-07-22,0.86
2429419,2022-01-18,0.96
2429419,2023-07-16,1.0
2429483,2021-07-22,0.78
2429483,2022-05-28,0.85
2429483,2023-06-23,0.9
2429483,2024-12-21,0.95
2429483,2025-05-30,1.0
2429556,2021-12-31,0.9
2429556,2022-08-16,0.96
2429556,2025-05-16,1.0
2429611,2021-11-08,0.83
2429611,2022-10-22,0.92
2429611,2023-09-28,0.94
2429611,2024-08-01,0.97
2429611,2025-03-20,1.0
2429690,2021-10-08,0.85
2429690,2022-11-14,0.94
2429690,2023-06-13,0.97
2429690,2024-05-13,0.98
2429690,2025-11-21,1.0
2429745,2021-05-10,0.99
2429745,2025-01-12,1.0
2429877,2021-02-21,0.87
2429877,2023-08-09,0.9
2429877,2024-07-22,0.95
2429877,2025-05-20,1.0
2429924,2021-04-26,0.98
2429924,2025-05-05,1.0
2430015,2021-12-01,0.87
2430015,2023-10-10,0.91
2430015,2024-05-21,0.96
2430015,2025-09-15,1.0
2430049,2021-08-30,0.88
2430049,2022-09-21,0.96
2430049,2023-03-16,1.0
2430151,2021-12-16,0.87
2430151,2022-08-04,0.93
2430151,2024-07-24,0.97
2430151,2025-05-16,1.0
2430210,2021-02-25,0.93
2430210,2022-08-09,1.0
2430286,2021-02-07,0.92
2430286,2023-12-08,0.95
2430286,2024-04-22,0.99
2430286,2025-03-30,1.0
2430370,2021-12-24,0.89
2430370,2022-07-30,0.95
2430370,2023-01-25,0.97
2430370,2025-03-20,1.0
2430423,2021-12-27,0.83
2430423,2022-07-03,0.91
2430423,2023-10-03,0.93
2430423,2024-12-02,0.97
2430423,2025-09-06,1.0
2430497,2021-08-25,0.94
2430497,2024-04-30,0.97
2430497,2025-03-30,1.0
2430578,2021-10-04,0.89
2430578,2022-04-28,0.96
2430578,2023-09-19,0.99
2430578,2025-12-31,1.0
2430585,2021-12-04,0.85
2430585,2022-12-26,0.91
2430585,2023-09-14,0.96
2430585,2024-09-13,0.99
2430585,2025-03-11,1.0
2430651,2021-04-04,0.95
2430651,2023-11-30,1.0
2430673,2021-03-12,0.91
2430673,2023-02-13,0.93
2430673,2024-03-09,0.96
2430673,2025-12-05,1.0
