id,department,category,brand,name,insert_date
249220,Carnicería,Aves y pollo,,Solomillo de pavo,2020-07-21 16:06:00
249256,Carnicería,Aves y pollo,,Fajitas pollo y verduras,2020-07-21 16:06:00
249492,Charcutería y Quesos,Jamon serrano,,Jamón bellota ibérico cortado a cuchillo,2020-07-21 16:06:00
249507,Charcutería y Quesos,Jamon serrano,,Jamón serrano,2020-07-21 16:06:00
249587,Charcutería y Quesos,Bacon y salchichas,,Salchichas cocidas pollo y pavo con queso,2020-07-21 16:06:00
249701,Charcutería y Quesos,Queso lonchas rallado y en porciones,,Queso tierno de vaca lonchas,2020-07-21 16:06:00
249752,Charcutería y Quesos,Pate y sobrasada,,Paté de cerdo y pollo con trufa y arándanos,2020-07-21 16:06:00
249780,Panadería y Pastelería,Pan de horno,,Pan integral 100%,2020-07-21 16:06:00
249796,Panadería y Pastelería,Pan de horno,,Panecillo 30% integral de trigo,2020-07-21 16:06:00
249841,Panadería y Pastelería,Pan de molde y otras especialidades,,Pan integral de centeno,2020-07-21 16:06:00
250033,Panadería y Pastelería,Tartas y pasteles,,Tarta de tiramisú congelada,2020-07-21 16:06:00
250058,Panadería y Pastelería,Tartas y pasteles,,Lionesas de nata y trufa congeladas,2020-07-21 16:06:00
250096,Panadería y Pastelería,Harina y preparado reposteria,,Preparado en polvo gelatina fresa,2020-07-21 16:06:00
250193,Lácteos y Huevos,Leche y bebidas vegetales,,Leche entera,2020-07-21 16:06:00
250275,Lácteos y Huevos,Leche y bebidas vegetales,,Preparado lácteo crecimiento Junior,2020-07-21 16:06:00
250308,Lácteos y Huevos,Mantequilla y margarina,,Nata ligera para cocinar,2020-07-21 16:06:00
250376,Desayuno y Dulces,Cereales,,Barritas de cereales muesli frutos secos,2020-07-21 16:06:00
250533,Bebidas Calientes,Cafe molido y en grano,,Café molido mezcla Espresso,2020-07-21 16:06:00
250561,Bebidas Calientes,Cafe soluble y otras bebidas,,Café soluble mocha,2020-07-21 16:06:00
250628,Bebidas Calientes,Te e infusiones,,Infusión Manzanilla sabor a miel,2020-07-21 16:06:00
250677,Desayuno y Dulces,Mermelada y miel,,Miel de naranjo,2020-07-21 16:06:00
250683,Desayuno y Dulces,Mermelada y miel,,Confitura de melocotón,2020-07-21 16:06:00
250875,Frescos,Fruta variada,Hacendado,Néctar 5 frutas sin azúcares añadidos,2020-07-21 16:06:00
250938,Lácteos y Huevos,Yogures naturales y sabores,,Yogur sabor macedonia,2020-07-21 16:06:00
251125,Despensa,Aceite vinagre y sal,,Sal gruesa para hornear,2020-07-21 16:06:00
251227,Despensa,Otras salsas,,Salsa barbacoa dulce y picante,2020-07-21 16:06:00
251230,Despensa,Otras salsas,,Salsa chimichurri,2020-07-21 16:06:00
251246,Despensa,Otras salsas,,Salsa de soja sin gluten,2020-07-21 16:06:00
251356,Despensa,Pasta y fideos,,Fideos orientales Yakisoba soja,2020-07-21 16:06:00
251422,Pescadería,Atun y otras conservas de pescado,Hacendado,Sardinillas en aceite de girasol,2020-07-21 16:06:00
251512,Frescos,Conservas de verdura y frutas,Hacendado,Tallos de espárragos,2020-07-21 16:06:00
251572,Despensa,Sopa y caldo,,Caldo de pollo en pastillas,2020-07-21 16:06:00
251575,Despensa,Sopa y caldo,,Caldo de pescado en pastillas,2020-07-21 16:06:00
251596,Despensa,Gazpacho y cremas,,Crema de pollo con verduras,2020-07-21 16:06:00
251658,Aperitivos,Patatas fritas y snacks,,Snack de alga con arroz,2020-07-21 16:06:00
251700,Frescos,Frutos secos y fruta desecada,Hacendado,Pipas girasol barbacoa,2020-07-21 16:06:00
251702,Frescos,Frutos secos y fruta desecada,Hacendado,Semillas lino dorado,2020-07-21 16:06:00
251706,Frescos,Frutos secos y fruta desecada,Hacendado,Anacardo frito con miel,2020-07-21 16:06:00
251800,Platos Preparados,Pizzas,,Pizza atún y bacón,2020-07-21 16:06:00
251866,Platos Preparados,Platos preparados calientes,,Fideos orientales Yakisoba classic Maggi,2020-07-21 16:06:00
251868,Platos Preparados,Platos preparados calientes,,Fideos orientales Yakisoba curry Maggi,2020-07-21 16:06:00
251870,Platos Preparados,Platos preparados calientes,,Fideos orientales Yatekomo,2020-07-21 16:06:00
251908,Otros,Platos preparados frios,,Gazpacho fresco,2020-07-21 16:06:00
251923,Otros,Platos preparados frios,,Hummus de garbanzos con pimiento del piquillo asado,2020-07-21 16:06:00
251980,Frescos,Verdura,Hacendado,Pimientos del piquillo rellenos de bacalao ultracongelados,2020-07-21 16:06:00
252093,Pescadería,Pescado,Hacendado,Lomos de salmón de Noruega sin piel y sin espinas congelado,2020-07-21 16:06:00
252208,Panadería y Pastelería,Tartas y churros,,Tarta infantil Peppa Pig congelada,2020-07-21 16:06:00
252413,Bebidas,Refresco de naranja y de limon,,Refresco lima limón zero azúcar fresh gas,2020-07-21 16:06:00
252445,Bebidas,Tonica y bitter,,Soda cero calorías,2020-07-21 16:06:00
252480,Bebidas,Refresco de te y sin gas,,Refresco piña-coco Gold Spring cero sin gas,2020-07-21 16:06:00
252616,Bodega,Cerveza,,Cerveza Shandy sabor limón Steinburg,2020-07-21 16:06:00
252627,Bodega,Cerveza,,Bebida cider con gas Wild panther sabor a mora,2020-07-21 16:06:00
252752,Bodega,Vino blanco,,Mistela muy dulce de moscatel Mig Segle D.O Valencia,2020-07-21 16:06:00
252791,Bodega,Sidra y cava,,Cava brut Cabré & Sabaté Chardonnay,2020-07-21 16:06:00
252907,Cuidado Personal,Cuidado e higiene facial,,Pinza de cejas oblicua,2020-07-21 16:06:00
252963,Cuidado Personal,Cuidado e higiene facial,,Crema facial matificante hidratante,2020-07-21 16:06:00
253069,Cuidado Personal,Gel y jabon de manos,,Gel de baño jabón natural glicerina piel grasa,2020-07-21 16:06:00
253089,Cuidado Personal,Gel y jabon de manos,,Jabón de manos hidratante con avena líquido,2020-07-21 16:06:00
253205,Otros,Cuidado corporal,,Gel crema corporal hidratante aqua,2020-07-21 16:06:00
253207,Otros,Cuidado corporal,,Aceite corporal rosa mosqueta,2020-07-21 16:06:00
253211,Otros,Cuidado corporal,,Lote corporal mujer,2020-07-21 16:06:00
253246,Cuidado Personal,Higiene intima,,Compresa sin alas super plegada Classic,2020-07-21 16:06:00
253384,Cuidado Personal,Afeitado y cuidado para hombre,,Maquinilla de afeitar Fusion 5,2020-07-21 16:06:00
253445,Cuidado Personal,Manicura y pedicura,,Laca de uñas secado rápido 935 coral,2020-07-21 16:06:00
253451,Cuidado Personal,Manicura y pedicura,,Laca de uñas Glitter 942 turquesa,2020-07-21 16:06:00
253714,Cuidado Personal,Protector solar y aftersun,,Gel corporal efecto bronceado inmediato Solcare,2020-07-21 16:06:00
254001,Cuidado Personal,Peines y accesorios,,Pinza cabello varios colores grande,2020-07-21 16:06:00
254037,Maquillaje,Bases de maquillaje y corrector,,Maquillaje fluido natural radiante 02,2020-07-21 16:06:00
254209,Maquillaje,Ojos,,Sombra de ojos mate 02,2020-07-21 16:06:00
254410,Bebé,Alimentacion infantil,,"Papilla instantánea 8 cereales, plátano, naranja y galleta +6 meses",2020-07-21 16:06:00
254425,Panadería y Pastelería,Toallitas y panales,,Toallitas bebé pieles con tendencia atópica,2020-07-21 16:06:00
254504,Bebé,Biberon chupete y menaje,,Chupete silicona reversible +18 meses,2020-07-21 16:06:00
254573,Mascotas,Perro,,Snack perro corazones,2020-07-21 16:06:00
254883,Limpieza y Hogar,Lejia y liquidos fuertes,,Incrementador de pH para piscina,2020-07-21 16:06:00
254916,Limpieza y Hogar,Estropajo bayeta y guantes,,Guantes de látex talla grande,2020-07-21 16:06:00
254946,Limpieza y Hogar,Papel higienico y celulosa,,Pañuelos de papel mentol,2020-07-21 16:06:00
255067,Limpieza y Hogar,Insecticida y ambientador,,Barras de incienso Sonata aroma jazmín,2020-07-21 16:06:00
255108,Despensa,Menaje y conservacion de alimentos,,Tenedores de plástico,2020-07-21 16:06:00
255110,Despensa,Menaje y conservacion de alimentos,,Cucharas de plástico,2020-07-21 16:06:00
255150,Limpieza y Hogar,Utensilios de limpieza y calzado,,Fregona suave,2020-07-21 16:06:00
255307,Despensa,Especias,,Ñoras,2020-07-22 04:00:00
255510,Bebidas,Refresco de cola,,Refresco Zero azúcar,2020-07-22 04:00:00
255729,Frescos,Frutos secos y fruta desecada,Hacendado,Pipas girasol naturales,2020-07-22 04:00:00
255943,Despensa,Pasta y fideos,,Fideos orientales Yatekomo,2020-07-22 04:00:00
255999,Desayuno y Dulces,Chocolate,,Chocolate negro Valor 70% chocolate negro,2020-07-22 04:00:00
256047,Desayuno y Dulces,Chocolate,,Barritas de barquillo Huesitos bañadas de chocolate con leche,2020-07-22 04:00:00
256116,Desayuno y Dulces,Golosinas,,Golosinas animalitos de pica pica,2020-07-22 04:00:00
256269,Bebé,Biberon chupete y menaje,,Vaso para bebé +6 meses boquilla blanda Mickey,2020-07-22 04:00:00
256355,Bodega,Cerveza,,Cerveza Tostada 1897,2020-07-22 04:00:00
256359,Bodega,Cerveza,,Cerveza sin gluten Steinburg,2020-07-22 04:00:00
256382,Bodega,Cerveza,,Cerveza Especial Steinburg,2020-07-22 04:00:00
256401,Bodega,Cerveza,,Cerveza de trigo tostada Paulaner,2020-07-22 04:00:00
256502,Bodega,Licores,,Elixir a base de ron Almirante,2020-07-22 04:00:00
256522,Bodega,Licores,,Anís seco Tenis,2020-07-22 04:00:00
256556,Bodega,Sidra y cava,,Cava brut Cabré & Sabaté,2020-07-22 04:00:00
256774,Bebidas Calientes,Cafe molido y en grano,,Café molido mezcla fuerte,2020-07-22 04:00:00
256815,Bebidas Calientes,Cafe soluble y otras bebidas,,Crema de leche para café Campina,2020-07-22 04:00:00
256939,Carnicería,Aves y pollo,,Muslos de pollo rural deshuesados con piel,2020-07-22 04:00:00
257146,Desayuno y Dulces,Cereales,,"Copos de arroz, trigo integral y cebada con frutos rojos",2020-07-22 04:00:00
257291,Carnicería,Aves y jamon cocido,Hacendado,Jamón cocido extra sándwich lonchas,2020-07-22 04:00:00
257311,Charcutería y Quesos,Bacon y salchichas,,Salchichas cocidas estilo Frankfurt,2020-07-22 04:00:00
257379,Charcutería y Quesos,Embutido curado,,Mini chorizo ibérico extra La Hacienda del ibérico,2020-07-22 04:00:00
257471,Charcutería y Quesos,Queso curado semicurado y tierno,,Queso oveja viejo,2020-07-22 04:00:00
257614,Carnicería,Carne,Hacendado,Croquetas de cocido ultracongeladas,2020-07-22 04:00:00
257835,Platos Preparados,Pizzas,,Pizza masa fina jamón ultracongelada,2020-07-22 04:00:00
257907,Frescos,Verdura,Hacendado,Salteado de verduras asadas ultracongeladas,2020-07-22 04:00:00
258119,Despensa,Sopa y caldo,,Sopa de ave con fideos,2020-07-22 04:00:00
258504,Cuidado Personal,Afeitado y cuidado para hombre,,Exfoliante facial hombre,2020-07-22 04:00:00
258728,Cuidado Personal,Desodorante,,Desodorante mujer invisible antimanchas,2020-07-22 04:00:00
258784,Cuidado Personal,Gel y jabon de manos,,Jabón de manos glicerina 100% natural pastilla,2020-07-22 04:00:00
258839,Cuidado Personal,Higiene bucal,,Dentífrico blanqueador avanzado Licor del Polo 2 en 1,2020-07-22 04:00:00
258900,Cuidado Personal,Higiene intima,,Compresa con alas normal cotton like,2020-07-22 04:00:00
258995,Cuidado Personal,Manicura y pedicura,,Laca de uñas alto brillo 52 rojo lava,2020-07-22 04:00:00
259006,Cuidado Personal,Manicura y pedicura,,Laca de uñas Glitter 941 rosa,2020-07-22 04:00:00
259107,Cuidado Personal,Perfume y colonia,,Eau de toilette mujer Malú Live love music,2020-07-22 04:00:00
259347,Salud,Fitoterapia,,Bebida isotónica soluble Enervit Sport sabor limón,2020-07-22 04:00:00
259380,Salud,Parafarmacia,,Mascarillas higiénicas no reutilizables,2020-07-22 04:00:00
259479,Frescos,Verdura,,Patatas,2020-07-22 04:00:00
259491,Frescos,Verdura,,Yuca,2020-07-22 04:00:00
259515,Frescos,Verdura,,Zanahoria rallada base para ensalada,2020-07-22 04:00:00
259587,Lácteos y Huevos,Leche y bebidas vegetales,,Bebida láctea semidesnatada con fibra,2020-07-22 04:00:00
259619,Lácteos y Huevos,Leche y bebidas vegetales,,Leche entera,2020-07-22 04:00:00
259679,Lácteos y Huevos,Leche y bebidas vegetales,,Batido de chocolate Energy,2020-07-22 04:00:00
259827,Limpieza y Hogar,Estropajo bayeta y guantes,,Estropajo acero inoxidable,2020-07-22 04:00:00
259909,Limpieza y Hogar,Insecticida y ambientador,Brise,Ambientador by relax zen,2020-07-22 04:00:00
259929,Limpieza y Hogar,Insecticida y ambientador,,Ambientador perlas tiernos recuerdos,2020-07-22 04:00:00
259999,Limpieza y Hogar,Limpiahogar y friegasuelos,,Friegasuelos clásico concentrado,2020-07-22 04:00:00
260005,Limpieza y Hogar,Limpiahogar y friegasuelos,,Renovador suelos,2020-07-22 04:00:00
260059,Limpieza y Hogar,Limpieza cocina,,Rasqueta vitrocerámicas,2020-07-22 04:00:00
260143,Despensa,Menaje y conservacion de alimentos,,Tenedores de plástico,2020-07-22 04:00:00
260179,Limpieza y Hogar,Papel higienico y celulosa,,Servilleta papel decorada suavidad y absorción,2020-07-22 04:00:00
260247,Limpieza y Hogar,Utensilios de limpieza y calzado,,Fregona microfibra resistente,2020-07-22 04:00:00
260351,Maquillaje,Bases de maquillaje y corrector,,Maquillaje fluido natural radiante 03,2020-07-22 04:00:00
260523,Maquillaje,Ojos,,Sombra de ojos mate 02,2020-07-22 04:00:00
260632,Pescadería,Pescado congelado,Pescanova,Anguriñas de surimi ultracongeladas,2020-07-22 04:00:00
260645,Pescadería,Pescado congelado,Hacendado,Figuritas de merluza empanadas ultracongeladas,2020-07-22 04:00:00
260821,Mascotas,Gato,,Comida gato bolas de pelo Supreme con pollo y arroz,2020-07-22 04:00:00
260918,Mascotas,Pez y otros,,Barritas roedores de miel Natura,2020-07-22 04:00:00
260933,Panadería y Pastelería,Bolleria de horno,,Coca tradicional,2020-07-22 04:00:00
260987,Panadería y Pastelería,Bolleria envasada,,Napolitanas con crema de cacao,2020-07-22 04:00:00
261000,Panadería y Pastelería,Bolleria envasada,,Bizcocho mármol sin lactosa Ballará 0% azúcares añadidos,2020-07-22 04:00:00
261181,Panadería y Pastelería,Pan tostado y rallado,,Tortas cenceñas para gazpacho manchego Ruiz,2020-07-22 04:00:00
261308,Platos Preparados,Pizzas,,Pizza 4 quesos familiar,2020-07-22 04:00:00
261366,Platos Preparados,Platos preparados calientes,,Codillo de cerdo asado,2020-07-22 04:00:00
261382,Platos Preparados,Platos preparados calientes,,Fideos orientales Yakisoba classic Maggi,2020-07-22 04:00:00
261393,Platos Preparados,Platos preparados calientes,,Fabada,2020-07-22 04:00:00
261417,Otros,Platos preparados frios,,Gazpacho tradicional,2020-07-22 04:00:00
261713,Despensa,Aceite vinagre y sal,,Aceite de oliva virgen Casalbert,2020-07-22 16:00:00
261744,Despensa,Aceite vinagre y sal,,Sal sin sodio,2020-07-22 16:00:00
261961,Bebidas,Isotonico y energetico,,Bebida energética Red Bull,2020-07-22 16:00:00
262010,Bebidas,Refresco de cola,,Refresco Zero Zero,2020-07-22 16:00:00
262089,Bebidas,Refresco de te y sin gas,,Refresco té sabor limón,2020-07-22 16:00:00
262252,Aperitivos,Patatas fritas y snacks,,Pringles original,2020-07-22 16:00:00
262456,Desayuno y Dulces,Chicles y caramelos,,Caramelos cítricos mix Halls,2020-07-22 16:00:00
262524,Desayuno y Dulces,Chocolate,,Barritas de barquillo Meivel rellenas de turrón Viena,2020-07-22 16:00:00
262595,Desayuno y Dulces,Mermelada y miel,,Mermelada de fresa monodosis,2020-07-22 16:00:00
262788,Panadería y Pastelería,Toallitas y panales,,Pañales bebé talla 2 de 4-8 kg,2020-07-22 16:00:00
262892,Bodega,Cerveza,,Cerveza Corona,2020-07-22 16:00:00
262979,Bodega,Licores,,Licor crema Irlandesa Royal Swan,2020-07-22 16:00:00
263060,Bodega,Vino blanco,,Vino blanco Casón Histórico,2020-07-22 16:00:00
263123,Bodega,Vino tinto,,Vino tinto D.O Rioja Comportillo cosecha,2020-07-22 16:00:00
263206,Bebidas Calientes,Cafe capsula y monodosis,,Café en cápsula Colombia L'Or Espresso,2020-07-22 16:00:00
263305,Bebidas Calientes,Te e infusiones,,Té negro,2020-07-22 16:00:00
263336,Bebidas Calientes,Te e infusiones,,Infusión Detox,2020-07-22 16:00:00
263557,Carnicería,Empanados y elaborados,,Flautas de pollo y queso,2020-07-22 16:00:00
263558,Carnicería,Empanados y elaborados,,Flautas de bacón y queso,2020-07-22 16:00:00
263685,Desayuno y Dulces,Galletas,,Bizcochitos Lulu el osito,2020-07-22 16:00:00
263869,Charcutería y Quesos,Embutido curado,,Caña de lomo cebo ibérico La Hacienda del ibérico,2020-07-22 16:00:00
263917,Charcutería y Quesos,Pate y sobrasada,,Paté de cerdo light Argal,2020-07-22 16:00:00
263952,Charcutería y Quesos,Queso curado semicurado y tierno,,Queso viejo sabor intenso Valle de San Juan,2020-07-22 16:00:00
263998,Charcutería y Quesos,Queso lonchas rallado y en porciones,,Queso sin lactosa lonchas,2020-07-22 16:00:00
264598,Despensa,Sopa y caldo,,Sopa instantánea de verduras Sopinstant,2020-07-22 16:00:00
264654,Cuidado Personal,Acondicionador y mascarilla,,Mascarilla Argan Oil cabello seco y dañado,2020-07-22 16:00:00
264822,Cuidado Personal,Coloracion cabello,,Coloración permanente L'Oréal 7.3 rubio dorado,2020-07-22 16:00:00
264897,Cuidado Personal,Peines y accesorios,,Cepillo cabello de madera,2020-07-22 16:00:00
264902,Cuidado Personal,Peines y accesorios,,Gomas negras,2020-07-22 16:00:00
264956,Cuidado Personal,Afeitado y cuidado para hombre,,Recambios hojas de afeitar Personna,2020-07-22 16:00:00
264980,Otros,Cuidado corporal,,Aceite corporal aloe vera,2020-07-22 16:00:00
265286,Cuidado Personal,Higiene bucal,,Dentífrico pro-expert con flúor menta fresca,2020-07-22 16:00:00
265590,Cuidado Personal,Perfume y colonia,,Eau de toilette mujer Adolfo Dominguez Agua fresca de rosas blancas,2020-07-22 16:00:00
265644,Cuidado Personal,Perfume y colonia,,Eau de toilette hombre Victorio & Lucchino Nº 3 Seducción magnética,2020-07-22 16:00:00
265742,Cuidado Personal,Protector solar y aftersun,,Fluido solar facial antiedad Sisbela FPS 50+,2020-07-22 16:00:00
265747,Cuidado Personal,Protector solar y aftersun,,Protector solar Delial FPS 50+,2020-07-22 16:00:00
265799,Salud,Fitoterapia,,Polen,2020-07-22 16:00:00
265827,Salud,Parafarmacia,,Tira protectora tejido elástico para cortar Doctor San,2020-07-22 16:00:00
265858,Salud,Parafarmacia,,Preservativos natural On,2020-07-22 16:00:00
265926,Frescos,Lechuga y ensalada preparada,,Ensalada mezcla primavera,2020-07-22 16:00:00
266066,Lácteos y Huevos,Leche y bebidas vegetales,,Leche semidesnatada calcio,2020-07-22 16:00:00
266295,Limpieza y Hogar,Detergente y suavizante ropa,,Agua de plancha perfume ropa limpia,2020-07-22 16:00:00
266396,Limpieza y Hogar,Insecticida y ambientador,,Ambientador automático floral,2020-07-22 16:00:00
266536,Limpieza y Hogar,Limpieza cocina,,Crema limpiadora vitrocerámicas Frosch con naranja,2020-07-22 16:00:00
266633,Despensa,Menaje y conservacion de alimentos,,Cuchillos de plástico,2020-07-22 16:00:00
266665,Limpieza y Hogar,Papel higienico y celulosa,,Papel hogar compacto absorbente,2020-07-22 16:00:00
266943,Maquillaje,Labios,,Brillo de labios Hot Metal 02,2020-07-22 16:00:00
266970,Maquillaje,Ojos,,Perfilador de ojos 03 marrón,2020-07-22 16:00:00
267142,Pescadería,Pescado congelado,Nortindal,Tinta de sepia congelada,2020-07-22 16:00:00
267165,Pescadería,Pescado en bandeja,,Arreglo para paella de marisco,2020-07-22 16:00:00
267178,Pescadería,Pescado fresco,,Calamar grande sin limpiar descongelado,2020-07-22 16:00:00
267209,Pescadería,Pescado fresco,,Salmón media pieza a rodajas,2020-07-22 16:00:00
267332,Mascotas,Perro,,Paté perro adulto Delikuit con ternera y verduras,2020-07-22 16:00:00
267672,Panadería y Pastelería,Pan tostado y rallado,,Pan tostado vitalité Wasa,2020-07-22 16:00:00
267908,Otros,Platos preparados frios,,Ensaladilla de cangrejo,2020-07-22 16:00:00
267975,Cuidado Personal,Gelatina y otros postres,,Cheesecake con arándanos,2020-07-22 16:00:00
268026,Lácteos y Huevos,Yogures liquidos,,Bebida láctea de fresa y plátano,2020-07-22 16:00:00
268031,Lácteos y Huevos,Yogures liquidos,,Bebida láctea con fresa y plátano,2020-07-22 16:00:00
268151,Otros,Melocoton y pina,,Zumo de piña selección,2020-07-22 16:00:00
268298,Despensa,Mayonesa ketchup y mostaza,,Ketchup en sobres individuales,2020-07-23 04:00:00
268436,Bebidas,Isotonico y energetico,,Bebida energética energy Monster,2020-07-23 04:00:00
268564,Bebidas,Refresco de te y sin gas,,Refresco té sabor limón cero,2020-07-23 04:00:00
268589,Bebidas,Refresco de te y sin gas,,Refresco de manzana Gold Spring sin gas,2020-07-23 04:00:00
269575,Bodega,Vino blanco,,Mosto blanco Casón Histórico,2020-07-23 04:00:00
269895,Carnicería,Carne congelada,,Cuartos traseros de pollo congelados,2020-07-23 04:00:00
269916,Carnicería,Cerdo,,Chuletas de cerdo sajonia,2020-07-23 04:00:00
269972,Charcutería y Quesos,Embutido,,Embutido mixto,2020-07-23 04:00:00
270129,Desayuno y Dulces,Galletas,,Galletas Minis,2020-07-23 04:00:00
270248,Carnicería,Aves y jamon cocido,Hacendado,Fiambre magro sándwich lonchas,2020-07-23 04:00:00
270331,Charcutería y Quesos,Embutido curado,,Chorizo de Tarancón Bricio,2020-07-23 04:00:00
270341,Charcutería y Quesos,Embutido curado,,Morcón cebo ibérico cortado a máquina,2020-07-23 04:00:00
270651,Congelados,Helados,,Helado vainilla praliné con nueces pecán,2020-07-23 04:00:00
270669,Congelados,Helados,,Helado polvito sabor a galleta y merengue,2020-07-23 04:00:00
270710,Pescadería,Marisco,,Bocas chicas de cangrejos congeladas,2020-07-23 04:00:00
270717,Pescadería,Marisco,Hacendado,Buey de mar cocido congelado,2020-07-23 04:00:00
270973,Frescos,Conservas de verdura y frutas,Hacendado,Espárragos muy gruesos,2020-07-23 04:00:00
271064,Despensa,Gazpacho y cremas,,Crema de espárragos,2020-07-23 04:00:00
271116,Cuidado Personal,Acondicionador y mascarilla,,Acondicionador suavidad y brillo todo tipo de cabello,2020-07-23 04:00:00
271390,Cuidado Personal,Peines y accesorios,,Coletero para recogido castaño,2020-07-23 04:00:00
271614,Cuidado Personal,Depilacion,,Cera caliente en perlas piel normal,2020-07-23 04:00:00
271752,Cuidado Personal,Gel y jabon de manos,,Esponja de baño rizo suave,2020-07-23 04:00:00
271894,Cuidado Personal,Higiene intima,,Tampones regular con aplicador suave,2020-07-23 04:00:00
271959,Cuidado Personal,Manicura y pedicura,,Lima fibra de vidrio,2020-07-23 04:00:00
271967,Cuidado Personal,Manicura y pedicura,,Cepillo de uñas,2020-07-23 04:00:00
272134,Cuidado Personal,Perfume y colonia,,Eau de toilette hombre Limite Action Water,2020-07-23 04:00:00
272447,Frescos,Verdura,,Tomate rallado Bonnysa,2020-07-23 04:00:00
272502,Frescos,Verdura,,Acelgas,2020-07-23 04:00:00
272547,Lácteos y Huevos,Leche y bebidas vegetales,,Bebida láctea semidesnatada Folic-B Flora,2020-07-23 04:00:00
272704,Lácteos y Huevos,Mantequilla y margarina,,Leche de coco Dee Thai,2020-07-23 04:00:00
272772,Limpieza y Hogar,Detergente y suavizante ropa,,Agua destilada,2020-07-23 04:00:00
272876,Limpieza y Hogar,Insecticida y ambientador,Brise,Difusor ambientdor automático by con recambio,2020-07-23 04:00:00
272882,Limpieza y Hogar,Insecticida y ambientador,,Ambientador coche exótico,2020-07-23 04:00:00
272982,Limpieza y Hogar,Limpieza bano y wc,,Limpiador baños en gel,2020-07-23 04:00:00
273188,Limpieza y Hogar,Pilas y bolsas de basura,,Bolsa de basura envases 30L cubo mediano,2020-07-23 04:00:00
273229,Limpieza y Hogar,Utensilios de limpieza y calzado,,Cepillo de ropa,2020-07-23 04:00:00
273326,Maquillaje,Bases de maquillaje y corrector,,Maquillaje compacto 01,2020-07-23 04:00:00
273340,Maquillaje,Bases de maquillaje y corrector,,Corrector fluido acción global 01,2020-07-23 04:00:00
273370,Maquillaje,Labios,,Perfilador de labios 03 terracota,2020-07-23 04:00:00
273512,Maquillaje,Pinceles y brochas,,Pincel pestañas y cejas,2020-07-23 04:00:00
273564,Pescadería,Marisco,Pescanova,Muslitos de surimi ultracongelados,2020-07-23 04:00:00
273678,Pescadería,Pescado fresco,,Lubina a filetes sin cabeza y sin espina,2020-07-23 04:00:00
273781,Mascotas,Gato,,Comida gato tracto urinário Supreme con pollo y arroz,2020-07-23 04:00:00
273791,Mascotas,Gato,,Pipetas anti-insectos para gato Krislin,2020-07-23 04:00:00
274086,Panadería y Pastelería,Pan de horno,,Barra pan de aceite de oliva rebanada,2020-07-23 04:00:00
274248,Otros,Velas y decoracion,,Almendra cubitos,2020-07-23 04:00:00
274318,Desayuno y Dulces,Azucar y edulcorante,,Azúcar blanco,2020-07-23 16:00:00
274369,Platos Preparados,Platos preparados calientes,,Seitán,2020-07-23 04:00:00
274760,Despensa,Mayonesa ketchup y mostaza,,Mayonesa,2020-07-23 16:00:00
274790,Despensa,Otras salsas,,Tomate frito,2020-07-23 16:00:00
274802,Despensa,Otras salsas,,Salsa chimichurri,2020-07-23 16:00:00
274862,Bebidas,Agua,,Agua mineral Aquarel grande,2020-07-23 16:00:00
274899,Bebidas,Isotonico y energetico,,Bebida isotónica limón zero azúcar,2020-07-23 16:00:00
274919,Bebidas,Isotonico y energetico,,Bebida energética original Burn,2020-07-23 16:00:00
274979,Bebidas,Refresco de naranja y de limon,,Refresco de limón fresh gas,2020-07-23 16:00:00
274999,Bebidas,Refresco de naranja y de limon,,Refresco naranja,2020-07-23 16:00:00
275088,Despensa,Aceitunas y encurtidos,,Aceitunas manzanilla aliñadas sin hueso,2020-07-23 16:00:00
275099,Despensa,Aceitunas y encurtidos,,Aceitunas Bernal partida con hueso,2020-07-23 16:00:00
275176,Frescos,Frutos secos y fruta desecada,Hacendado,Cocktail mix natural,2020-07-23 16:00:00
275270,Despensa,Arroz,,Arroz arborio especial risotto,2020-07-23 16:00:00
275353,Despensa,Pasta y fideos,,Gnocchi frescos al pesto,2020-07-23 16:00:00
275407,Desayuno y Dulces,Chicles y caramelos,,Caramelos café Dolis 0% azúcares,2020-07-23 16:00:00
275414,Desayuno y Dulces,Chicles y caramelos,,Caramelos blandos,2020-07-23 16:00:00
275630,Bebé,Alimentacion infantil,,Preparado lácteo crecimiento Junior,2020-07-23 16:00:00
275756,Panadería y Pastelería,Toallitas y panales,,Pañal bañador desechable talla M de 11-18 kg,2020-07-23 16:00:00
275827,Bodega,Cerveza,,Cerveza Salvator Paulaner,2020-07-23 16:00:00
276055,Bodega,Vino blanco,,Vino dulce Pedro Ximénez Málaga Virgen,2020-07-23 16:00:00
276078,Bodega,Vino tinto,,Vino tinto Cabernet Sauvignon,2020-07-23 16:00:00
276294,Otros,Arreglos,,Arreglo para arroz al horno,2020-07-23 16:00:00
276297,Otros,Arreglos,,Hueso vacuno,2020-07-23 16:00:00
276553,Desayuno y Dulces,Cereales,,Cereales rellenos de chocolate negro,2020-07-23 16:00:00
276637,Desayuno y Dulces,Galletas,,Galletas caocream rellenas de crema,2020-07-23 16:00:00
276689,Carnicería,Aves y jamon cocido,Hacendado,Pechuga de pavo bajo en sal finas lonchas,2020-07-23 16:00:00
276780,Charcutería y Quesos,Embutido curado,,Salchichón extra lonchas,2020-07-23 16:00:00
276808,Charcutería y Quesos,Embutido curado,,Chorizo dulce extra,2020-07-23 16:00:00
276894,Charcutería y Quesos,Pate y sobrasada,,Sobrasada con miel L'Illa especialidades,2020-07-23 16:00:00
276937,Charcutería y Quesos,Queso curado semicurado y tierno,,Queso bola Edam tierno Holland Corona,2020-07-23 16:00:00
276967,Charcutería y Quesos,Queso lonchas rallado y en porciones,,Queso rallado sin lactosa,2020-07-23 16:00:00
277010,Charcutería y Quesos,Queso untable y fresco,,Queso fresco Burgos bajo en sal,2020-07-23 16:00:00
277115,Congelados,Helados,,Granizado de limón sin azúcares añadidos,2020-07-23 16:00:00
277293,Panadería y Pastelería,Tartas y churros,,Tarta de galleta 5 congelada,2020-07-23 16:00:00
277374,Frescos,Verdura,Hacendado,Patatas gajo ultracongeladas,2020-07-23 16:00:00
277472,Frescos,Conservas de verdura y frutas,Hacendado,Escalivada,2020-07-23 16:00:00
277872,Cuidado Personal,Peines y accesorios,,Pinza cabello metal,2020-07-23 16:00:00
277873,Cuidado Personal,Peines y accesorios,,Coletero para recogido castaño,2020-07-23 16:00:00
277990,Otros,Cuidado corporal,,Stick para pies anti-rozaduras,2020-07-23 16:00:00
278056,Cuidado Personal,Cuidado e higiene facial,,Hidratante facial matificante té verde piel mixta,2020-07-23 16:00:00
278070,Cuidado Personal,Cuidado e higiene facial,,Lote facial mujer My Moment,2020-07-23 16:00:00
278138,Cuidado Personal,Desodorante,,Desodorante stick original Tulipán Negro,2020-07-23 16:00:00
278176,Cuidado Personal,Desodorante,,Desodorante mujer protección plus,2020-07-23 16:00:00
278254,Cuidado Personal,Higiene bucal,,Dentífrico blanqueador sensation,2020-07-23 16:00:00
278272,Cuidado Personal,Higiene bucal,,Dentífrico menta fresca Licor del Polo 2 en 1,2020-07-23 16:00:00
278426,Cuidado Personal,Manicura y pedicura,,Laca de uñas alto brillo 52 rojo lava,2020-07-23 16:00:00
278428,Cuidado Personal,Manicura y pedicura,,Laca de uñas alto brillo 54 frambuesa tropical,2020-07-23 16:00:00
278445,Cuidado Personal,Manicura y pedicura,,Quitaesmalte acetona pura,2020-07-23 16:00:00
278529,Cuidado Personal,Perfume y colonia,,Eau de toilette mujer Puig Zinnia,2020-07-23 16:00:00
278699,Cuidado Personal,Protector solar y aftersun,,Protector solar Sun Med FPS 50+,2020-07-23 16:00:00
278706,Cuidado Personal,Protector solar y aftersun,,Protector solar niños FPS 50+,2020-07-23 16:00:00
278833,Frescos,Fruta,,Kiwis verdes,2020-07-23 16:00:00
278839,Frescos,Fruta,Hacendado,Guacamole,2020-07-23 16:00:00
279038,Lácteos y Huevos,Leche y bebidas vegetales,,Leche desnatada calcio,2020-07-23 16:00:00
279172,Lácteos y Huevos,Mantequilla y margarina,,Nata fresca para cocinar,2020-07-23 16:00:00
279231,Limpieza y Hogar,Detergente y suavizante ropa,,Suavizante ropa azul concentrado,2020-07-23 16:00:00
279412,Limpieza y Hogar,Lejia y liquidos fuertes,,Cloro tabletas Productos QQ disolución lenta para piscina,2020-07-23 16:00:00
279475,Limpieza y Hogar,Limpieza cocina,,Quitagrasas KH-7,2020-07-23 16:00:00
279478,Limpieza y Hogar,Limpieza cocina,,Limpiador de hornos,2020-07-23 16:00:00
279651,Limpieza y Hogar,Pilas y bolsas de basura,,Bolsa de basura 30L cubo mediano,2020-07-23 16:00:00
279678,Limpieza y Hogar,Utensilios de limpieza y calzado,,Recambio mopa microfibra grande,2020-07-23 16:00:00
279782,Maquillaje,Bases de maquillaje y corrector,,Maquillaje fluido natural radiante 04,2020-07-23 16:00:00
279871,Maquillaje,Labios,,Pintalabios cremoso 02,2020-07-23 16:00:00
280013,Pescadería,Marisco,,Mejillón,2020-07-23 16:00:00
280277,Mascotas,Perro,,"Trozos en salsa perro adulto Delikuit con pollo, pavo y verduras",2020-07-23 16:00:00
280389,Panadería y Pastelería,Bolleria de horno,,Mini saladas,2020-07-23 16:00:00
280504,Panadería y Pastelería,Harina y preparado reposteria,,Levadura en polvo,2020-07-23 16:00:00
280748,Platos Preparados,Pizzas,,Pizza jamón y queso sin gluten y sin lactosa,2020-07-23 16:00:00
280751,Platos Preparados,Pizzas,,Pizzas tomate y queso ultracongeladas,2020-07-23 16:00:00
280754,Platos Preparados,Pizzas,,Pizza ibérica ultracongelada,2020-07-23 16:00:00
280813,Platos Preparados,Platos preparados calientes,,Fideos orientales Yatekomo,2020-07-23 16:00:00
280821,Platos Preparados,Platos preparados calientes,,Fabada,2020-07-23 16:00:00
280839,Platos Preparados,Platos preparados calientes,,Patatas bravas con allioli y salsa picante,2020-07-23 16:00:00
280884,Lácteos y Huevos,Bifidus,,Bífidus con frutas,2020-07-23 16:00:00
280909,Cuidado Personal,Gelatina y otros postres,,Gelatina sabor fresa,2020-07-23 16:00:00
280994,Lácteos y Huevos,Yogures liquidos,,Bebida láctea de frutos silvestres L-casei,2020-07-23 16:00:00
281083,Frescos,Fruta variada,Hacendado,Néctar multivitaminas sin azúcares añadidos,2020-07-23 16:00:00
281121,Despensa,Tomate y otros sabores,,Zumo de manzana,2020-07-23 16:00:00
281138,Despensa,Aceite vinagre y sal,,Aceite de oliva virgen,2020-07-24 04:00:00
281144,Despensa,Aceite vinagre y sal,,"Aceite de girasol refinado 0,2º",2020-07-24 04:00:00
281150,Despensa,Aceite vinagre y sal,,Vinagre balsámico de Módena,2020-07-24 04:00:00
281303,Despensa,Otras salsas,,Salsa brava picante,2020-07-24 04:00:00
281306,Despensa,Otras salsas,,Salsa gajos rústica,2020-07-24 04:00:00
281415,Bebidas,Refresco de cola,,Refresco Zero azúcar,2020-07-24 04:00:00
281541,Bebidas,Refresco de te y sin gas,,Agua de coco Chaokoh 100% natural,2020-07-24 04:00:00
281609,Frescos,Frutos secos y fruta desecada,Hacendado,Almendra tostada con sal,2020-07-24 04:00:00
281623,Frescos,Frutos secos y fruta desecada,Hacendado,Semillas chía,2020-07-24 04:00:00
281630,Frescos,Frutos secos y fruta desecada,Hacendado,Semillas sésamo tostado,2020-07-24 04:00:00
281688,Aperitivos,Patatas fritas y snacks,,Patatas fritas paja,2020-07-24 04:00:00
281691,Aperitivos,Patatas fritas y snacks,,Conos sabor bacón y queso,2020-07-24 04:00:00
281758,Despensa,Legumbres,,Alubia cocida granja,2020-07-24 04:00:00
281765,Despensa,Legumbres,,Lenteja rápida,2020-07-24 04:00:00
281787,Despensa,Pasta y fideos,,Tortiglioni Armando,2020-07-24 04:00:00
281918,Desayuno y Dulces,Chocolate,,Chocolate extrafino negro con trozos de naranja,2020-07-24 04:00:00
281949,Desayuno y Dulces,Chocolate,,Barritas de barquillo Huesitos bañadas de chocolate con leche,2020-07-24 04:00:00
282006,Desayuno y Dulces,Golosinas,,Golosinas botellas cola,2020-07-24 04:00:00
282055,Bebé,Alimentacion infantil,,Papilla crema de bechamel con lenguado baby +8 meses,2020-07-24 04:00:00
282066,Bebé,Alimentacion infantil,,Papilla lentejas con verduritas baby recetas caseras +8 meses,2020-07-24 04:00:00
282131,Bebé,Alimentacion infantil,,Papilla líquida leche y cereales sin gluten +6 meses,2020-07-24 04:00:00
282404,Bodega,Licores,,Licor crema de arroz Royal Swan,2020-07-24 04:00:00
282492,Bodega,Vino blanco,,Vino blanco Chardonnay Indómito,2020-07-24 04:00:00
282515,Bodega,Vino blanco,,Bebida refrescante aromatizada sin alcohol light Yemavin,2020-07-24 04:00:00
282518,Bodega,Vino blanco,,Vino dulce cream Real Tesoro D.O Jerez de la frontera,2020-07-24 04:00:00
282526,Bodega,Vino lambrusco y espumoso,,Lambrusco Dell'Emilia rojo espumoso Piccolo Giovanni,2020-07-24 04:00:00
282580,Bodega,Vino tinto,,Vino tinto D.O Ribera del Duero Condado de Teón roble,2020-07-24 04:00:00
282695,Bebidas Calientes,Cafe soluble y otras bebidas,,Café soluble descafeinado classic,2020-07-24 04:00:00
282697,Bebidas Calientes,Cafe soluble y otras bebidas,,Café soluble cappuccino,2020-07-24 04:00:00
282722,Bebidas Calientes,Te e infusiones,,Té Earl Grey,2020-07-24 04:00:00
282737,Bebidas Calientes,Te e infusiones,,Infusión Relax,2020-07-24 04:00:00
282791,Carnicería,Aves y pollo,,Contramuslos de pollo deshuesados y sin piel,2020-07-24 04:00:00
282886,Carnicería,Cerdo,,Solomillo de cerdo ibérico,2020-07-24 04:00:00
283026,Desayuno y Dulces,Cereales,,Copos trigo de espelta integral,2020-07-24 04:00:00
283149,Carnicería,Aves y jamon cocido,Hacendado,Pechuga de pavo bajo en sal finas lonchas,2020-07-24 04:00:00
283158,Carnicería,Aves y jamon cocido,Hacendado,Jamón de pavo finas lonchas,2020-07-24 04:00:00
283219,Charcutería y Quesos,Bacon y salchichas,,Salchichas cocidas estilo Viena con jamón,2020-07-24 04:00:00
283519,Carnicería,Carne,,Medallones preparado de solomillo cerdo congelados marinados,2020-07-24 04:00:00
283587,Congelados,Helados,,Helado de vainilla,2020-07-24 04:00:00
283695,Pescadería,Pescado,Pescanova,Aritos de surimi a la romana ultracongelados,2020-07-24 04:00:00
283728,Platos Preparados,Pizzas,,Pizza 4 quesos sin gluten y sin lactosa ultracongelada,2020-07-24 04:00:00
283985,Despensa,Gazpacho y cremas,,Gazpacho fresco,2020-07-24 04:00:00
284124,Cuidado Personal,Champu,,Champú Extra Suave todo tipo de cabello,2020-07-24 04:00:00
284256,Cuidado Personal,Coloracion cabello,,Decolorante permanente sin amoníaco 8 super rubio extremo,2020-07-24 04:00:00
284409,Otros,Cuidado corporal,,Gel corporal aloe vera puro Atlantia,2020-07-24 04:00:00
284500,Cuidado Personal,Cuidado e higiene facial,,Hidratante facial BB cream tono arena clara FPS 30,2020-07-24 04:00:00
284551,Cuidado Personal,Depilacion,,Gel para depilar con cuchilla piel sensible,2020-07-24 04:00:00
284618,Cuidado Personal,Desodorante,,Desodorante mujer cuidado seda,2020-07-24 04:00:00
284734,Cuidado Personal,Higiene bucal,,Cepillo dental medio,2020-07-24 04:00:00
284857,Cuidado Personal,Manicura y pedicura,,Tratamiento para uñas base 9 en 1 vitaminada y alisadora,2020-07-24 04:00:00
284884,Cuidado Personal,Manicura y pedicura,,Laca de uñas alto brillo 54 frambuesa tropical,2020-07-24 04:00:00
284930,Cuidado Personal,Neceseres,,Neceser Miffy pequeño,2020-07-24 04:00:00
285189,Salud,Fitoterapia,,Comprimidos efervescentes vitamina C 500 mg sabor limón,2020-07-24 04:00:00
285235,Salud,Parafarmacia,,Pulsera de citronela talla L,2020-07-24 04:00:00
285343,Frescos,Lechuga y ensalada preparada,,Escarola rizada base para ensalada,2020-07-24 04:00:00
285541,Lácteos y Huevos,Leche y bebidas vegetales,,Bebida de almendras Almendrola,2020-07-24 04:00:00
285831,Limpieza y Hogar,Insecticida y ambientador,,Velas perfumadas tropical,2020-07-24 04:00:00
285933,Limpieza y Hogar,Limpieza bano y wc,,Colgador WC limón Bref,2020-07-24 04:00:00
286238,Maquillaje,Bases de maquillaje y corrector,,Maquillaje fluido lasting performance 109 natural bronze,2020-07-24 04:00:00
286276,Maquillaje,Bases de maquillaje y corrector,,Prebase párpados,2020-07-24 04:00:00
286282,Maquillaje,Colorete y polvos,,Colorete compacto 03,2020-07-24 04:00:00
286414,Maquillaje,Ojos,,Sombra de ojos Seco & mojado dúo 07,2020-07-24 04:00:00
286493,Pescadería,Marisco,,Mejillón gordo,2020-07-24 04:00:00
286498,Pescadería,Marisco,Pescanova,Muslitos de surimi ultracongelados,2020-07-24 04:00:00
286577,Pescadería,Pescado en bandeja,,Pulpo cocido,2020-07-24 04:00:00
286751,Mascotas,Perro,,"Trozos en salsa perro adulto Delikuit con cordero, pollo y verduras",2020-07-24 04:00:00
286757,Mascotas,Perro,,Aritos perro adulto,2020-07-24 04:00:00
286825,Panadería y Pastelería,Bolleria de horno,,Napolitana 3 chocolates,2020-07-24 04:00:00
286872,Panadería y Pastelería,Bolleria envasada,,Gofres clásicos Punto Gofre,2020-07-24 04:00:00
286939,Panadería y Pastelería,Harina y preparado reposteria,,Levadura en polvo,2020-07-24 04:00:00
286966,Panadería y Pastelería,Harina y preparado reposteria,,Levadura de panadería Nurture,2020-07-24 04:00:00
287037,Panadería y Pastelería,Pan de molde y otras especialidades,,Pan de molde sin gluten multicereales Beiker,2020-07-24 04:00:00
287060,Panadería y Pastelería,Pan de molde y otras especialidades,,Maxi tortillas de trigo,2020-07-24 04:00:00
287091,Panadería y Pastelería,Pan tostado y rallado,,Crakers tuc saladas Lu,2020-07-24 04:00:00
287110,Panadería y Pastelería,Picos rosquilletas y picatostes,,Palitos de pan con pipas Anitin,2020-07-24 04:00:00
287260,Platos Preparados,Platos preparados calientes,,Costillas de cerdo a la barbacoa cortadas,2020-07-24 04:00:00
287323,Otros,Platos preparados frios,,Patatas con allioli,2020-07-24 04:00:00
287366,Lácteos y Huevos,Flan y natillas,,Natillas de chocolate con leche,2020-07-24 04:00:00
287400,Otros,Postres de soja,,Postre de soja Savia natural edulcorado,2020-07-24 04:00:00
287412,Lácteos y Huevos,Yogures desnatados,,Yogur con fruta 0% materia grasa 0% sin azúcares añadidos,2020-07-24 04:00:00
287503,Lácteos y Huevos,Yogures y postres infantiles,,Danonino sabor fresa y plátano,2020-07-24 04:00:00
287538,Frescos,Fruta variada,Hacendado,Néctar 5 frutas sin azúcares añadidos,2020-07-24 04:00:00
287582,Despensa,Tomate y otros sabores,,Zumo de manzana,2020-07-24 04:00:00
287716,Despensa,Mayonesa ketchup y mostaza,,Allioli en sobres individuales,2020-07-24 16:00:00
287740,Despensa,Otras salsas,,Salsa fresca queso,2020-07-24 16:00:00
287806,Bebidas,Agua,,Agua mineral con gas Cortes grande,2020-07-24 16:00:00
287885,Bebidas,Refresco de cola,,Refresco cola Zero azúcar,2020-07-24 16:00:00
287975,Bebidas,Refresco de te y sin gas,,Refresco té sabor limón,2020-07-24 16:00:00
288013,Despensa,Aceitunas y encurtidos,,Aceitunas manzanilla sin hueso,2020-07-24 16:00:00
288044,Despensa,Aceitunas y encurtidos,,Altramuces,2020-07-24 16:00:00
288207,Despensa,Legumbres,,Garbanzo lechoso,2020-07-24 16:00:00
288225,Despensa,Legumbres,,Lenteja rápida,2020-07-24 16:00:00
288229,Despensa,Legumbres,,Legumbre grano verde,2020-07-24 16:00:00
288260,Despensa,Pasta y fideos,,Fusilli sin gluten vegetales Felicia,2020-07-24 16:00:00
288291,Despensa,Pasta y fideos,,Fideos orientales Yakisoba classic,2020-07-24 16:00:00
288465,Desayuno y Dulces,Golosinas,,Golosinas botellas cola,2020-07-24 16:00:00
288570,Bebé,Alimentacion infantil,,Leche para lactantes en polvo 1 Nidina,2020-07-24 16:00:00
288944,Bodega,Tinto de verano y sangria,,Tinto de verano zero limón Casón Histórico,2020-07-24 16:00:00
288972,Bodega,Vino blanco,,Vino blanco semidulce Bach D.O Catalunya,2020-07-24 16:00:00
289156,Bebidas Calientes,Cafe soluble y otras bebidas,,Café soluble en sobres descafeinado,2020-07-24 16:00:00
289160,Bebidas Calientes,Cafe soluble y otras bebidas,,Café soluble cappuccino,2020-07-24 16:00:00
289245,Carnicería,Aves y pollo,,Tacos de pavo al ajillo,2020-07-24 16:00:00
289814,Charcutería y Quesos,Pate y sobrasada,,Paté de cerdo y pollo con trufa y arándanos,2020-07-24 16:00:00
289931,Charcutería y Quesos,Queso untable y fresco,,Mozzarella di bufala campana,2020-07-24 16:00:00
290003,Carnicería,Carne,,Chuletas cordero de lechal congeladas,2020-07-24 16:00:00
290044,Congelados,Helados,,Mini helados,2020-07-24 16:00:00
290143,Pescadería,Pescado,Hacendado,Sepia limpia pequeña congelada,2020-07-24 16:00:00
290173,Frescos,Fruta,,Peras conferencia,2020-07-24 16:00:00
290221,Panadería y Pastelería,Tartas y churros,,Tarta de galleta 4 congelada,2020-07-24 16:00:00
290309,Pescadería,Atun y otras conservas de pescado,Hacendado,Atún claro en aceite de girasol,2020-07-24 16:00:00
290313,Pescadería,Atun y otras conservas de pescado,Hacendado,Atún claro en aceite de oliva,2020-07-24 16:00:00
290573,Cuidado Personal,Champu,,Champú Detox cabello graso,2020-07-24 16:00:00
290821,Cuidado Personal,Afeitado y cuidado para hombre,,After shave loción aqua velva,2020-07-24 16:00:00
290960,Cuidado Personal,Cuidado e higiene facial,,Crema facial antiarrugas pieles maduras FPS 15,2020-07-24 16:00:00
291112,Cuidado Personal,Gel y jabon de manos,,Gel de baño leche & miel piel normal,2020-07-24 16:00:00
291119,Cuidado Personal,Gel y jabon de manos,,Gel de baño con sales minerales La Toja,2020-07-24 16:00:00
291210,Cuidado Personal,Higiene bucal,,Cepillo dental eléctrico Sp.Berner,2020-07-24 16:00:00
291258,Cuidado Personal,Higiene intima,,Compresa con alas normal fina y segura,2020-07-24 16:00:00
291347,Cuidado Personal,Manicura y pedicura,,Laca de uñas alto brillo 40 mora natural,2020-07-24 16:00:00
291358,Cuidado Personal,Manicura y pedicura,,Laca de uñas Bom Bom 946 rosa,2020-07-24 16:00:00
291639,Cuidado Personal,Protector solar y aftersun,,Leche corporal autobronceadora,2020-07-24 16:00:00
291659,Salud,Fitoterapia,,Gel energético con cafeína Enervit Sport sabor cítricos,2020-07-24 16:00:00
291794,Frescos,Lechuga y ensalada preparada,,Cogollos de lechuga,2020-07-24 16:00:00
291822,Frescos,Verdura,,Patatas,2020-07-24 16:00:00
291921,Lácteos y Huevos,Huevos,,Huevos de gallinas camperas,2020-07-24 16:00:00
292341,Limpieza y Hogar,Lejia y liquidos fuertes,,Reductor de pH para piscina,2020-07-24 16:00:00
292570,Limpieza y Hogar,Pilas y bolsas de basura,,Pila de botón CR2032 Panasonic,2020-07-24 16:00:00
292603,Limpieza y Hogar,Utensilios de limpieza y calzado,,Recambio mopa microfibra pequeño,2020-07-24 16:00:00
292623,Limpieza y Hogar,Utensilios de limpieza y calzado,,Pinzas de plástico,2020-07-24 16:00:00
292696,Maquillaje,Bases de maquillaje y corrector,,Maquillaje fluido lasting performance 105 soft beige,2020-07-24 16:00:00
292793,Maquillaje,Labios,,Pintalabios Superstay 24H 260 wildberry,2020-07-24 16:00:00
292857,Maquillaje,Ojos,,Perfilador de cejas marrón,2020-07-24 16:00:00
292945,Pescadería,Marisco,Hacendado,Almeja del Pacífico congelada,2020-07-24 16:00:00
293040,Pescadería,Pescado en bandeja,,Salpicón de marisco,2020-07-24 16:00:00
293111,Pescadería,Salazones y ahumados,,Salmón ahumado Ubago,2020-07-24 16:00:00
293320,Panadería y Pastelería,Bolleria de horno,,Empanada rellena de pollo y setas con crema de queso,2020-07-24 16:00:00
293805,Lácteos y Huevos,Bifidus,,Bífidus cremoso sabor frutos silvestres,2020-07-24 16:00:00
293810,Lácteos y Huevos,Bifidus,,Bífidus desnatado cremoso natural edulcorado,2020-07-24 16:00:00
293857,Cuidado Personal,Gelatina y otros postres,,La cuajada de leche de oveja Goshua,2020-07-24 16:00:00
293891,Lácteos y Huevos,Yogures griegos,,Yogur griego con fresa,2020-07-24 16:00:00
293916,Lácteos y Huevos,Yogures liquidos,,Bebida láctea de fresa Cuidacol 0% azúcares añadidos,2020-07-24 16:00:00
294534,Frescos,Frutos secos y fruta desecada,Hacendado,Almendra frita,2020-07-26 04:00:00
294584,Frescos,Frutos secos y fruta desecada,,Dátil en rama Casa Pons,2020-07-26 04:00:00
294631,Aperitivos,Patatas fritas y snacks,,Piña deshidratada,2020-07-26 04:00:00
294793,Desayuno y Dulces,Chicles y caramelos,,Chicle menta suave gragea,2020-07-26 04:00:00
294897,Desayuno y Dulces,Chocolate,,Barritas de chocolate blanco con galleta rellena de caramelo y cereales,2020-07-26 04:00:00
294949,Desayuno y Dulces,Mermelada y miel,,Mermelada de melocotón,2020-07-26 04:00:00
294951,Desayuno y Dulces,Mermelada y miel,,Mermelada de fresa,2020-07-26 04:00:00
294992,Bebé,Alimentacion infantil,,Papilla fruta variada +6 meses,2020-07-26 04:00:00
295168,Bodega,Cerveza,,Cerveza doble malta Voll-Damm,2020-07-26 04:00:00
295329,Bodega,Licores,,Licor de crema catalana Royal Swan,2020-07-26 04:00:00
295357,Bodega,Licores,,Pacharán Gure,2020-07-26 04:00:00
295457,Bodega,Vino rosado,,Vino rosado Casón Histórico,2020-07-26 04:00:00
295495,Bodega,Vino tinto,,Vino tinto D.O La Mancha Estola reserva,2020-07-26 04:00:00
295565,Bebidas Calientes,Cafe capsula y monodosis,,Café en cápsula cortado descafeinado Dolce Gusto,2020-07-26 04:00:00
295737,Carnicería,Aves y pollo,,Contramuslos de pollo sin piel,2020-07-26 04:00:00
295765,Carnicería,Carne congelada,,Solomillo de cerdo marinado congelado,2020-07-26 04:00:00
295967,Desayuno y Dulces,Cereales,,Salvado de avena,2020-07-26 04:00:00
296131,Charcutería y Quesos,Bacon y salchichas,,Bacón ahumado sin corteza La Selva,2020-07-26 04:00:00
296255,Charcutería y Quesos,Pate y sobrasada,,Paté de cerdo sabor suave Argal,2020-07-26 04:00:00
296434,Despensa,Arroz y pasta,,Gnocchi de pollo y verduras ultracongelados,2020-07-26 04:00:00
296688,Panadería y Pastelería,Tartas y churros,,Tarta de galleta 6/9 congelada,2020-07-26 04:00:00
297191,Cuidado Personal,Coloracion cabello,,Coloración sin amoníaco L'Oréal 3 moreno natural,2020-07-26 04:00:00
297397,Cuidado Personal,Cuidado e higiene facial,,Mascarilla facial peeling de alga negra Montagne Jeunesse,2020-07-26 04:00:00
297492,Cuidado Personal,Depilacion,,Crema depilatoria Veet piel sensible,2020-07-26 04:00:00
297654,Cuidado Personal,Higiene bucal,,Dentífrico protección caries maximum menta fresca,2020-07-26 04:00:00
297694,Cuidado Personal,Higiene bucal,,Hilo dental con cera y sabor menta,2020-07-26 04:00:00
297911,Cuidado Personal,Perfume y colonia,,Eau de toilette mujer Anouk,2020-07-26 04:00:00
298427,Lácteos y Huevos,Leche y bebidas vegetales,,Leche desnatada,2020-07-26 04:00:00
298522,Lácteos y Huevos,Leche y bebidas vegetales,,Preparado lácteo crecimiento sabor a cereales Junior,2020-07-26 04:00:00
298706,Limpieza y Hogar,Insecticida y ambientador,,Ambientador spray pasión floral,2020-07-26 04:00:00
298733,Limpieza y Hogar,Insecticida y ambientador,,Ambientador automático love,2020-07-26 04:00:00
298762,Limpieza y Hogar,Insecticida y ambientador,,Vela perfumada talco,2020-07-26 04:00:00
298778,Limpieza y Hogar,Lejia y liquidos fuertes,,Lejía densa máxima blancura,2020-07-26 04:00:00
298821,Limpieza y Hogar,Limpiahogar y friegasuelos,Flor,Friegasuelos de cerezo líquido,2020-07-26 04:00:00
298886,Limpieza y Hogar,Limpieza muebles y multiusos,,Limpiador muebles y parquet,2020-07-26 04:00:00
298987,Despensa,Menaje y conservacion de alimentos,,Velote blanco Roura,2020-07-26 04:00:00
298995,Despensa,Menaje y conservacion de alimentos,,Bebida zumo de frutas con gas Magic sin alcohol,2020-07-26 04:00:00
299010,Limpieza y Hogar,Papel higienico y celulosa,,Papel cocina gigante absorbente,2020-07-26 04:00:00
299023,Limpieza y Hogar,Papel higienico y celulosa,,Pañuelos de papel mentol,2020-07-26 04:00:00
299047,Limpieza y Hogar,Pilas y bolsas de basura,,Bolsa de basura grande 50L cubo grande,2020-07-26 04:00:00
299153,Maquillaje,Bases de maquillaje y corrector,,Maquillaje fluido perfección satin 02,2020-07-26 04:00:00
299181,Maquillaje,Bases de maquillaje y corrector,,Gotas de maquillaje 04 oscuro,2020-07-26 04:00:00
299287,Maquillaje,Labios,,Brillo de labios Galactic metal 01 vino,2020-07-26 04:00:00
299348,Maquillaje,Ojos,,Sombra de ojos perlada 03,2020-07-26 04:00:00
299486,Pescadería,Pescado congelado,Hacendado,Sepia limpia pequeña congelada,2020-07-26 04:00:00
299502,Pescadería,Pescado en bandeja,Hacendado,Rodajas de potón a la gallega,2020-07-26 04:00:00
299517,Pescadería,Pescado en bandeja,,Rodaja rejo cocido,2020-07-26 04:00:00
299700,Mascotas,Perro,,Comida perro adulto Supreme con pollo y arroz,2020-07-26 04:00:00
299728,Mascotas,Pez y otros,,Barritas para canarios de huevo Natura,2020-07-26 04:00:00
299809,Panadería y Pastelería,Bolleria envasada,,Rosegones pasta de almendras,2020-07-26 04:00:00
300006,Panadería y Pastelería,Pan tostado y rallado,,Panecillos tostados cereales y semillas,2020-07-26 04:00:00
300082,Panadería y Pastelería,Tartas y pasteles,,Tarta infantil Minions congelada,2020-07-26 04:00:00
300088,Panadería y Pastelería,Tartas y pasteles,,"Macarons de limón, pistacho, café, fresa y chocolate",2020-07-26 04:00:00
300103,Otros,Velas y decoracion,,Vela de cumpleaños 9,2020-07-26 04:00:00
300128,Platos Preparados,Pizzas,,Pizza carbonara,2020-07-26 04:00:00
300200,Platos Preparados,Platos preparados calientes,,Pasta oriental sabor gamba camarao Maggi,2020-07-26 04:00:00
300213,Platos Preparados,Platos preparados calientes,,Lentejas a la jardinera,2020-07-26 04:00:00
300236,Otros,Platos preparados frios,,Gazpacho suave,2020-07-26 04:00:00
300263,Otros,Platos preparados frios,,Sándwich jamón york y queso pan sin corteza,2020-07-26 04:00:00
300315,Cuidado Personal,Gelatina y otros postres,,Cheesecake con arándanos,2020-07-26 04:00:00
300330,Otros,Postres de soja,,Postre de soja Savia natural edulcorado,2020-07-26 04:00:00
300387,Lácteos y Huevos,Yogures liquidos,,Bebida láctea natural,2020-07-26 04:00:00
300631,Despensa,Mayonesa ketchup y mostaza,,Salsa ligera Ligeresa,2020-07-26 16:00:00
300973,Despensa,Aceitunas y encurtidos,,Altramuces,2020-07-26 16:00:00
300995,Frescos,Frutos secos y fruta desecada,Hacendado,Anacardo natural,2020-07-26 16:00:00
301015,Frescos,Frutos secos y fruta desecada,Hacendado,Almendra frita marcona,2020-07-26 16:00:00
301135,Despensa,Legumbres,,Garbanzo,2020-07-26 16:00:00
301216,Despensa,Pasta y fideos,,Placas para canelones Del Castillo,2020-07-26 16:00:00
301277,Desayuno y Dulces,Chicles y caramelos,,Caramelos blandos,2020-07-26 16:00:00
301788,Bodega,Licores,,Ron añejo Cacique,2020-07-26 16:00:00
302246,Carnicería,Cerdo,,Costilla de cerdo ibérico adobada,2020-07-26 16:00:00
302303,Charcutería y Quesos,Embutido,,Longaniza fresca sin tripa,2020-07-26 16:00:00
302334,Carnicería,Hamburguesas y picadas,,Preparado de carne picada cerdo,2020-07-26 16:00:00
302349,Carnicería,Vacuno,,Entrecot de vacuno grueso añojo,2020-07-26 16:00:00
302357,Carnicería,Vacuno,,Rellenito de vacuno con pasas y piñones,2020-07-26 16:00:00
302432,Desayuno y Dulces,Cereales,,Copos de trigo integral fruta & fibra,2020-07-26 16:00:00
302487,Desayuno y Dulces,Galletas,,Galletas Digestive chocolate con leche,2020-07-26 16:00:00
302555,Carnicería,Aves y jamon cocido,Hacendado,Pechuga de pollo braseada finas lonchas,2020-07-26 16:00:00
302583,Carnicería,Aves y jamon cocido,Hacendado,Jamón cocido bajo en sal finas lonchas,2020-07-26 16:00:00
302806,Charcutería y Quesos,Queso lonchas rallado y en porciones,,Queso cheddar lonchas,2020-07-26 16:00:00
302812,Charcutería y Quesos,Queso lonchas rallado y en porciones,,Queso fundido burger lonchas,2020-07-26 16:00:00
302813,Charcutería y Quesos,Queso lonchas rallado y en porciones,,Queso fundido light lonchas,2020-07-26 16:00:00
302878,Charcutería y Quesos,Queso untable y fresco,,Queso blando blanco y azul Bergader petit blu,2020-07-26 16:00:00
303066,Pescadería,Pescado,Hacendado,Porciones de bacalao sin espinas y sin piel congelado,2020-07-26 16:00:00
303126,Platos Preparados,Pizzas,,Bases de pizza artesanas extrafinas y crujientes ultracongeladas,2020-07-26 16:00:00
303167,Frescos,Verdura,Hacendado,Fresas enteras ultracongeladas,2020-07-26 16:00:00
303244,Pescadería,Atun y otras conservas de pescado,Hacendado,Ventresca de atún claro en aceite de oliva,2020-07-26 16:00:00
303272,Pescadería,Atun y otras conservas de pescado,Hacendado,Tacos de pota al ajillo,2020-07-26 16:00:00
303367,Frescos,Conservas de verdura y frutas,,Dulce de frutas El membrillero,2020-07-26 16:00:00
303398,Despensa,Sopa y caldo,,Sopa de ave con fideos,2020-07-26 16:00:00
303410,Despensa,Sopa y caldo,,Caldo de pescado,2020-07-26 16:00:00
303565,Cuidado Personal,Coloracion cabello,,Coloración permanente L'Oréal 5 castaño claro,2020-07-26 16:00:00
303583,Cuidado Personal,Coloracion cabello,,Coloración permanente L'Oréal 4.54 caoba cobrizo,2020-07-26 16:00:00
303628,Cuidado Personal,Coloracion cabello,,Coloración permanente L'Oréal 7.1 rubio ceniza,2020-07-26 16:00:00
303665,Cuidado Personal,Fijacion cabello,,Espuma rizos definidos fijación 5,2020-07-26 16:00:00
303671,Cuidado Personal,Fijacion cabello,,Espuma extra fuerte todo tipo de cabello fijación 4,2020-07-26 16:00:00
303672,Cuidado Personal,Fijacion cabello,,Espuma ultrafuerte cabello con ondas y rizos Giorgi fijación 4,2020-07-26 16:00:00
303701,Cuidado Personal,Peines y accesorios,,Peine grande,2020-07-26 16:00:00
303708,Cuidado Personal,Peines y accesorios,,Cepillo cabello térmico iónico 35 mm,2020-07-26 16:00:00
303781,Cuidado Personal,Afeitado y cuidado para hombre,,Crema contorno de ojos 9.60 hombre,2020-07-26 16:00:00
303821,Otros,Cuidado corporal,,Manteca corporal con aroma de coco,2020-07-26 16:00:00
304016,Cuidado Personal,Desodorante,,Desodorante hombre invisible antimanchas,2020-07-26 16:00:00
304023,Cuidado Personal,Desodorante,,Desodorante delicado avena,2020-07-26 16:00:00
304038,Cuidado Personal,Gel y jabon de manos,,Gel de baño frescor azul piel normal,2020-07-26 16:00:00
304042,Cuidado Personal,Gel y jabon de manos,,Gel de baño tiernos recuerdos piel normal,2020-07-26 16:00:00
304221,Cuidado Personal,Higiene intima,,Tampones super,2020-07-26 16:00:00
304288,Cuidado Personal,Manicura y pedicura,,Laca de uñas Glitter 944 coral,2020-07-26 16:00:00
304566,Cuidado Personal,Protector solar y aftersun,,Aftersun reparador,2020-07-26 16:00:00
304626,Salud,Parafarmacia,,Tiras protectoras classic color piel surtidas Doctor San resistentes al agua,2020-07-26 16:00:00
304867,Lácteos y Huevos,Leche y bebidas vegetales,,Leche semidesnatada calcio,2020-07-26 16:00:00
305065,Limpieza y Hogar,Detergente y suavizante ropa,,Jabón en escamas Capricho con aceite de coco y glicerina,2020-07-26 16:00:00
305091,Limpieza y Hogar,Detergente y suavizante ropa,,Suavizante ropa floral concentrado,2020-07-26 16:00:00
305199,Limpieza y Hogar,Insecticida y ambientador,Brise,Difusor ambientdor automático by con recambio,2020-07-26 16:00:00
305285,Limpieza y Hogar,Limpiahogar y friegasuelos,,Friegasuelos mediterráneo líquido,2020-07-26 16:00:00
305404,Despensa,Menaje y conservacion de alimentos,,Molde de papel magdalenas nº8 P&H,2020-07-26 16:00:00
305440,Despensa,Menaje y conservacion de alimentos,,Bandeja de cartón redonda P&H,2020-07-26 16:00:00
305448,Despensa,Menaje y conservacion de alimentos,,Velote blanco Roura,2020-07-26 16:00:00
305498,Limpieza y Hogar,Pilas y bolsas de basura,,Pila super alcalina D-LR20 Premio,2020-07-26 16:00:00
305629,Maquillaje,Bases de maquillaje y corrector,,Maquillaje fluido lasting performance 111 deep beige,2020-07-26 16:00:00
305795,Maquillaje,Ojos,,Máscara de pestañas volumen 4 dimensiones verde,2020-07-26 16:00:00
305939,Pescadería,Pescado congelado,Hacendado,Anillas a la romana ultracongeladas,2020-07-26 16:00:00
305948,Pescadería,Pescado congelado,Hacendado,Anillas de pota Argentina congeladas,2020-07-26 16:00:00
306199,Panadería y Pastelería,Bolleria de horno,,Fartons,2020-07-26 16:00:00
306328,Panadería y Pastelería,Harina y preparado reposteria,,Levadura en polvo,2020-07-26 16:00:00
306336,Panadería y Pastelería,Harina y preparado reposteria,,Preparado en polvo flanes y natillas Maizena Potax,2020-07-26 16:00:00
306389,Panadería y Pastelería,Pan de horno,,Panecillo 50% harina integral de trigo sin sal añadida,2020-07-26 16:00:00
306419,Panadería y Pastelería,Pan de molde y otras especialidades,,Pan de molde 100% integral,2020-07-26 16:00:00
306562,Otros,Velas y decoracion,,Almendra molida,2020-07-26 16:00:00
306637,Platos Preparados,Platos preparados calientes,,Pollo asado Platos Tradicionales,2020-07-26 16:00:00
307078,Despensa,Especias,,Sazonador barbacoa,2020-07-27 04:00:00
307131,Despensa,Otras salsas,,Salsa fresca pesto,2020-07-27 04:00:00
307336,Bebidas,Tonica y bitter,,Tónica original,2020-07-27 04:00:00
307375,Bebidas,Refresco de te y sin gas,,Refresco fusión de frutas Gold Spring cero sin gas,2020-07-27 04:00:00
307445,Despensa,Aceitunas y encurtidos,,Altramuces Dorisol,2020-07-27 04:00:00
307511,Frescos,Frutos secos y fruta desecada,Hacendado,Pasas moscatel sin semillas,2020-07-27 04:00:00
307570,Aperitivos,Patatas fritas y snacks,,Snack de multicereales Sunbites,2020-07-27 04:00:00
307578,Despensa,Arroz,,Arroz largo,2020-07-27 04:00:00
307765,Desayuno y Dulces,Chocolate,,Chocolate extrafino negro con trozos de naranja,2020-07-27 04:00:00
307789,Desayuno y Dulces,Chocolate,,Fideos de chocolate,2020-07-27 04:00:00
307794,Desayuno y Dulces,Chocolate,,Chocolate blanco fundir,2020-07-27 04:00:00
307973,Bebé,Alimentacion infantil,,Papilla 8 cereales baby +6 meses,2020-07-27 04:00:00
308037,Cuidado Personal,Higiene y cuidado,,Esponja anatómica para bebés,2020-07-27 04:00:00
308431,Bodega,Vino tinto,,Vino tinto D.O Valdepeñas Conde de Egara reserva tempranillo,2020-07-27 04:00:00
308573,Bebidas Calientes,Te e infusiones,,Té negro con canela,2020-07-27 04:00:00
308654,Carnicería,Aves y pollo,,Carcasa y espinazo de pollo,2020-07-27 04:00:00
308700,Carnicería,Carne congelada,,Medio solomillo de vacuno añojo congelado,2020-07-27 04:00:00
308702,Carnicería,Carne congelada,,Hamburguesa de vacuno congelada,2020-07-27 04:00:00
308817,Carnicería,Vacuno,,Filete de vacuno añojo para empanar,2020-07-27 04:00:00
308891,Desayuno y Dulces,Cereales,,Cereales choco All-Bran Kellogg's,2020-07-27 04:00:00
309107,Charcutería y Quesos,Embutido curado,,Longaniza de Pascua,2020-07-27 04:00:00
309216,Charcutería y Quesos,Queso curado semicurado y tierno,,Queso curado cortado en cuñitas,2020-07-27 04:00:00
309304,Charcutería y Quesos,Queso untable y fresco,,Queso untar sin lactosa blanco pasteurizado,2020-07-27 04:00:00
309358,Despensa,Arroz y pasta,,Canelones de carne sin bechamel ultracongelados,2020-07-27 04:00:00
309420,Congelados,Helados,,Helado con coco mochi,2020-07-27 04:00:00
309422,Congelados,Helados,,Helado bombón de soja Bretona cobertura al chocolate,2020-07-27 04:00:00
309697,Pescadería,Atun y otras conservas de pescado,Hacendado,Atún en aceite de oliva,2020-07-27 04:00:00
309728,Pescadería,Atun y otras conservas de pescado,Hacendado,Sardinillas picantonas,2020-07-27 04:00:00
309882,Despensa,Sopa y caldo,,Caldo de carne en pastillas,2020-07-27 04:00:00
310133,Cuidado Personal,Fijacion cabello,,Espuma ultrafuerte cabello con ondas y rizos Giorgi fijación 4,2020-07-27 04:00:00
310224,Cuidado Personal,Afeitado y cuidado para hombre,,Recambios maquinilla de afeitar Fusion,2020-07-27 04:00:00
310362,Cuidado Personal,Cuidado e higiene facial,,Crema facial día antiarrugas Q10 plus,2020-07-27 04:00:00
310493,Cuidado Personal,Desodorante,,Desodorante Zero %,2020-07-27 04:00:00
310627,Cuidado Personal,Higiene intima,,Compresa sin alas de incontinencia maxi,2020-07-27 04:00:00
310650,Cuidado Personal,Higiene intima,,Compresa con alas tanga Suave,2020-07-27 04:00:00
310773,Cuidado Personal,Manicura y pedicura,,Apósitos para ampollas y rozaduras,2020-07-27 04:00:00
310788,Cuidado Personal,Neceseres,,Neceser Mulán grande con asas,2020-07-27 04:00:00
311121,Salud,Parafarmacia,,Preservativos sensitive On,2020-07-27 04:00:00
311176,Frescos,Lechuga y ensalada preparada,,Lechugas corazón romana,2020-07-27 04:00:00
311183,Frescos,Lechuga y ensalada preparada,,Endibias,2020-07-27 04:00:00
311346,Lácteos y Huevos,Leche y bebidas vegetales,,Leche desnatada,2020-07-27 04:00:00
311376,Lácteos y Huevos,Leche y bebidas vegetales,,Leche entera calcio,2020-07-27 04:00:00
311421,Lácteos y Huevos,Leche y bebidas vegetales,,Batido de chocolate 90% leche,2020-07-27 04:00:00
311630,Limpieza y Hogar,Insecticida y ambientador,,Ambientador spray pasión floral,2020-07-27 04:00:00
311655,Limpieza y Hogar,Insecticida y ambientador,Brise,Ambientador by lavanda y jazmín,2020-07-27 04:00:00
311769,Limpieza y Hogar,Limpieza bano y wc,,Limpiador antical,2020-07-27 04:00:00
311806,Limpieza y Hogar,Limpieza muebles y multiusos,,Limpia muebles,2020-07-27 04:00:00
311887,Despensa,Menaje y conservacion de alimentos,,Cucharas postre de plástico,2020-07-27 04:00:00
311890,Despensa,Menaje y conservacion de alimentos,,Vasos licor de plástico,2020-07-27 04:00:00
312033,Limpieza y Hogar,Utensilios de limpieza y calzado,,Betún azul autobrillante Búfalo,2020-07-27 04:00:00
312112,Maquillaje,Bases de maquillaje y corrector,,Maquillaje mat mousse 32 golden,2020-07-27 04:00:00
312283,Maquillaje,Ojos,,Paleta sombras de ojos perladas My Soul,2020-07-27 04:00:00
312400,Pescadería,Pescado congelado,Hacendado,Anillas a la romana ultracongeladas,2020-07-27 04:00:00
312698,Panadería y Pastelería,Bolleria de horno,,Empanadilla de tomate,2020-07-27 04:00:00
312702,Panadería y Pastelería,Bolleria de horno,,Empanada de hojaldre con tomate,2020-07-27 04:00:00
312740,Panadería y Pastelería,Bolleria envasada,,Pancakes,2020-07-27 04:00:00
312883,Panadería y Pastelería,Pan de molde y otras especialidades,,Pan de molde sin gluten multicereales Beiker,2020-07-27 04:00:00
312971,Panadería y Pastelería,Picos rosquilletas y picatostes,,Picatostes fritos,2020-07-27 04:00:00
313068,Platos Preparados,Pizzas,,Pizza americana rellena de cheddar ultracongelada,2020-07-27 04:00:00
313159,Otros,Platos preparados frios,,Gazpacho fresco,2020-07-27 04:00:00
313256,Lácteos y Huevos,Yogures desnatados,,Yogur con fruta 0% materia grasa 0% sin azúcares añadidos,2020-07-27 04:00:00
313262,Lácteos y Huevos,Yogures desnatados,,Yogur cremoso con piña 0% materia grasa 0% sin azúcares añadidos,2020-07-27 04:00:00
313343,Lácteos y Huevos,Yogures naturales y sabores,,Yogur sabor coco,2020-07-27 04:00:00
313505,Despensa,Especias,,Pimienta blanca molida,2020-07-27 17:36:00
313567,Despensa,Otras salsas,,Tomate frito,2020-07-27 17:36:00
313658,Bebidas,Agua,,Agua mineral con gas S.Pellegrino grande,2020-07-27 17:36:00
313673,Bebidas,Isotonico y energetico,,Bebida para deportistas sabor cítrico,2020-07-27 17:36:00
313866,Despensa,Aceitunas y encurtidos,,Aceitunas rellenas de limón,2020-07-27 17:36:00
313968,Frescos,Frutos secos y fruta desecada,Hacendado,Orejones albaricoque,2020-07-27 17:36:00
314053,Despensa,Legumbres,,Garbanzo lechoso,2020-07-27 17:36:00
314124,Despensa,Pasta y fideos,,Gnocchi frescos,2020-07-27 17:36:00
314404,Bebé,Alimentacion infantil,,Preparado lácteo con cereales crecimiento Peques 3,2020-07-27 17:36:00
314838,Bodega,Vino lambrusco y espumoso,,Vino tinto dulce de aguja Sangue di Giuda Cueva peccato,2020-07-27 17:36:00
314930,Desayuno y Dulces,Cacao soluble y chocolate a la taza,,Chocolate para hacer a la taza Valor,2020-07-27 17:36:00
315051,Bebidas Calientes,Te e infusiones,,Infusión Manzanilla con anís,2020-07-27 17:36:00
315420,Desayuno y Dulces,Galletas,,Barritas de galleta Chips Ahoy,2020-07-27 17:36:00
315477,Carnicería,Aves y jamon cocido,Hacendado,Tiras de pechuga pollo al horno,2020-07-27 17:36:00
315566,Charcutería y Quesos,Embutido curado,,Salchichón de bellota ibérico cortado a máquina,2020-07-27 17:36:00
315676,Charcutería y Quesos,Pate y sobrasada,,Sobrasada picante de Mallorca Can Pere Joan,2020-07-27 17:36:00
315678,Charcutería y Quesos,Queso curado semicurado y tierno,,Queso curado,2020-07-27 17:36:00
315777,Charcutería y Quesos,Queso untable y fresco,,Queso fresco de cabra,2020-07-27 17:36:00
315798,Charcutería y Quesos,Queso untable y fresco,,Queso azul,2020-07-27 17:36:00
316095,Frescos,Verdura,Hacendado,Guisante fino ultracongelado,2020-07-27 17:36:00
316228,Frescos,Conservas de verdura y frutas,Hacendado,Espárragos medianos,2020-07-27 17:36:00
316244,Frescos,Conservas de verdura y frutas,Hacendado,Corazones de alcachofa,2020-07-27 17:36:00
316274,Frescos,Conservas de verdura y frutas,Hacendado,Piña en su jugo rodajas,2020-07-27 17:36:00
316321,Despensa,Sopa y caldo,,Sopa de pollo con fideos finos,2020-07-27 17:36:00
316369,Despensa,Tomate,,Tomate tamizado sin piel,2020-07-27 17:36:00
316400,Cuidado Personal,Acondicionador y mascarilla,,Mascarilla Vital Therapy cabello apagado y sin vida,2020-07-27 17:36:00
316498,Cuidado Personal,Coloracion cabello,,Coloración permanente 4.5 caoba oscuro,2020-07-27 17:36:00
316633,Cuidado Personal,Peines y accesorios,,Cepillo cabello antitirones,2020-07-27 17:36:00
316656,Cuidado Personal,Peines y accesorios,,Pinza cabello varios colores grande,2020-07-27 17:36:00
316758,Otros,Cuidado corporal,,Crema de manos delhi rose,2020-07-27 17:36:00
316761,Otros,Cuidado corporal,,Crema para pies 10% urea pura,2020-07-27 17:36:00
316817,Cuidado Personal,Cuidado e higiene facial,,Crema facial reaffirmant Luxe caviar,2020-07-27 17:36:00
316936,Cuidado Personal,Desodorante,,Desodorante mujer invisible antimanchas,2020-07-27 17:36:00
317155,Cuidado Personal,Higiene intima,,Tampones regular con aplicador clásico,2020-07-27 17:36:00
317221,Cuidado Personal,Manicura y pedicura,,Cortaúñas manos,2020-07-27 17:36:00
317297,Cuidado Personal,Perfume y colonia,,Eau de parfum mujer Hortensia H Jardín secreto cyprum,2020-07-27 17:36:00
317407,Cuidado Personal,Perfume y colonia,,Eau de toilette hombre Criterio Ego,2020-07-27 17:36:00
317482,Cuidado Personal,Protector solar y aftersun,,Crema protección solar rostro y labios Sun Med FPS 30,2020-07-27 17:36:00
317675,Frescos,Verdura,,Ajos morados,2020-07-27 17:36:00
317775,Lácteos y Huevos,Leche y bebidas vegetales,,Leche semidesnatada,2020-07-27 17:36:00
317868,Lácteos y Huevos,Leche y bebidas vegetales,,Bebida de soja ligera,2020-07-27 17:36:00
317915,Lácteos y Huevos,Leche y bebidas vegetales,,Leche condensada desnatada Nutricia,2020-07-27 17:36:00
318023,Limpieza y Hogar,Detergente y suavizante ropa,,Tinte para ropa azul marino La Nave,2020-07-27 17:36:00
318120,Limpieza y Hogar,Insecticida y ambientador,,Ambientador coche frutos silvestres,2020-07-27 17:36:00
318146,Limpieza y Hogar,Insecticida y ambientador,,Absorbeolores Marsella,2020-07-27 17:36:00
318174,Limpieza y Hogar,Lejia y liquidos fuertes,,Aguarrás símil,2020-07-27 17:36:00
318520,Maquillaje,Bases de maquillaje y corrector,,Maquillaje fluido fijo & cubriente 08,2020-07-27 17:36:00
318608,Maquillaje,Labios,,Peeling para labios 06 Sandía,2020-07-27 17:36:00
318853,Pescadería,Pescado congelado,Hacendado,Rabas empanadas ultracongeladas,2020-07-27 17:36:00
319014,Mascotas,Gato,,Comida gato adulto delicias con aves,2020-07-27 17:36:00
319135,Panadería y Pastelería,Bolleria de horno,,Xuxu relleno de crema,2020-07-27 17:36:00
319200,Panadería y Pastelería,Bolleria envasada,,Croissant con crema cacao,2020-07-27 17:36:00
319402,Panadería y Pastelería,Picos rosquilletas y picatostes,,Rosquillas,2020-07-27 17:36:00
319430,Panadería y Pastelería,Tartas y pasteles,,Tarta tres chocolates congelada,2020-07-27 17:36:00
319442,Panadería y Pastelería,Tartas y pasteles,,Tarta de galleta 4 congelada,2020-07-27 17:36:00
319467,Otros,Velas y decoracion,,Vela de cumpleaños 6,2020-07-27 17:36:00
319501,Platos Preparados,Pizzas,,Pizza pollo,2020-07-27 17:36:00
319567,Platos Preparados,Platos preparados calientes,,Fideos orientales Yakisoba curry Maggi,2020-07-27 17:36:00
319588,Platos Preparados,Platos preparados calientes,,Cocido madrileño,2020-07-27 17:36:00
319701,Lácteos y Huevos,Yogures desnatados,,Yogur cremoso natural edulcorado,2020-07-27 17:36:00
319780,Lácteos y Huevos,Yogures naturales y sabores,,Kéfir natural sabor suave,2020-07-27 17:36:00
319787,Lácteos y Huevos,Yogures naturales y sabores,,Yogur sabor macedonia,2020-07-27 17:36:00
319795,Lácteos y Huevos,Yogures naturales y sabores,,Yogur sabores,2020-07-27 17:36:00
319835,Frescos,Fruta variada,Hacendado,Néctar 5 frutas sin azúcares añadidos,2020-07-27 17:36:00
319927,Despensa,Aceite vinagre y sal,,Sal de frutas sabor limón,2020-07-28 04:00:00
319957,Despensa,Especias,,Canela molida,2020-07-28 04:00:00
319991,Despensa,Mayonesa ketchup y mostaza,,Mayonesa en sobres individuales,2020-07-28 04:00:00
320104,Bebidas,Agua,,Agua mineral con gas Cortes pequeña,2020-07-28 04:00:00
320299,Bebidas,Refresco de te y sin gas,,Bebida aloe vera zero,2020-07-28 04:00:00
320513,Despensa,Legumbres,,Alubia granja,2020-07-28 04:00:00
320543,Despensa,Pasta y fideos,,Macarrón fino,2020-07-28 04:00:00
320581,Despensa,Pasta y fideos,,Placas para lasaña precocidas Antico Pastificio,2020-07-28 04:00:00
320659,Desayuno y Dulces,Chocolate,,Chocolate negro Valor puro,2020-07-28 04:00:00
320660,Desayuno y Dulces,Chocolate,,Chocolate negro Valor puro almendras enteras,2020-07-28 04:00:00
320756,Desayuno y Dulces,Golosinas,,Golosinas fresi pink rellenas,2020-07-28 04:00:00
320759,Desayuno y Dulces,Golosinas,,Golosinas colours,2020-07-28 04:00:00
320798,Desayuno y Dulces,Mermelada y miel,,Miel de flores monodosis,2020-07-28 04:00:00
320818,Bebé,Alimentacion infantil,,Papilla crema de verduras con rape baby buenas noches +8 meses,2020-07-28 04:00:00
320900,Bebé,Biberon chupete y menaje,,Chupete látex anatómico +0 a 6 meses,2020-07-28 04:00:00
321084,Bodega,Cerveza,,Cerveza con sabor a tequila 1897,2020-07-28 04:00:00
321128,Bodega,Licores,,Brandy de Jerez solera Convidado de Baco,2020-07-28 04:00:00
321277,Bodega,Vino blanco,,Bebida refrescante aromatizada sin alcohol light Yemavin,2020-07-28 04:00:00
321280,Bodega,Vino blanco,,Vino dulce cream Real Tesoro D.O Jerez de la frontera,2020-07-28 04:00:00
321411,Bebidas Calientes,Cafe capsula y monodosis,,Café en cápsula espresso Tassimo,2020-07-28 04:00:00
321518,Bebidas Calientes,Te e infusiones,,Infusión Quema grasas,2020-07-28 04:00:00
321546,Carnicería,Aves y pollo,,Filetes de pavo contramuslo,2020-07-28 04:00:00
321639,Carnicería,Cerdo,,Filetes de cerdo magro jamón,2020-07-28 04:00:00
321700,Carnicería,Hamburguesas y picadas,,"Burger de pollo, cerdo y verdura",2020-07-28 04:00:00
321702,Carnicería,Hamburguesas y picadas,,Burger de pollo rural gruesas,2020-07-28 04:00:00
321741,Carnicería,Empanados y elaborados,,Albóndigas de carne Tenedor Plata ultracongeladas,2020-07-28 04:00:00
321776,Desayuno y Dulces,Cereales,,Mini cereales rellenos de chocolate y avellanas,2020-07-28 04:00:00
321878,Desayuno y Dulces,Galletas,,Galletas con chocolate con leche,2020-07-28 04:00:00
322385,Congelados,Hielo,,Cubos de hielo,2020-07-28 04:00:00
322399,Pescadería,Marisco,Hacendado,Gamba pelada cruda tamaño mediano ultracongelada,2020-07-28 04:00:00
322432,Pescadería,Pescado,Hacendado,Rodajas de emperador pequeñas ultracongeladas,2020-07-28 04:00:00
322434,Pescadería,Pescado,Hacendado,Calamar limpio troceado congelado,2020-07-28 04:00:00
322497,Platos Preparados,Pizzas,,Pizza 4 quesos sin gluten y sin lactosa ultracongelada,2020-07-28 04:00:00
322505,Panadería y Pastelería,Tartas y churros,,Tarta bombón crujiente congelada,2020-07-28 04:00:00
322517,Panadería y Pastelería,Tartas y churros,,Tarta de galleta 1 congelada,2020-07-28 04:00:00
322521,Panadería y Pastelería,Tartas y churros,,Tarta de galleta 5 congelada,2020-07-28 04:00:00
322898,Cuidado Personal,Champu,,Champú Restructuring cabello extremadamente dañado,2020-07-28 04:00:00
322906,Cuidado Personal,Champu,,Champú infantil Kids 3 en 1,2020-07-28 04:00:00
323079,Cuidado Personal,Peines y accesorios,,Peine lendrera,2020-07-28 04:00:00
323096,Cuidado Personal,Peines y accesorios,,Pinza cabello peluquería,2020-07-28 04:00:00
323226,Otros,Cuidado corporal,,Toallitas húmedas para manos monodosis,2020-07-28 04:00:00
323337,Cuidado Personal,Depilacion,,Spray depilatorio Veet piel sensible,2020-07-28 04:00:00
323403,Cuidado Personal,Desodorante,,Desodorante cuidado aloe,2020-07-28 04:00:00
323563,Cuidado Personal,Higiene intima,,Compresa sin alas normal Dry,2020-07-28 04:00:00
323619,Cuidado Personal,Higiene intima,,Toallitas íntimas cuidado diario monodosis,2020-07-28 04:00:00
323630,Cuidado Personal,Manicura y pedicura,,Aceite cutículas bifásico 956 sandía,2020-07-28 04:00:00
323812,Cuidado Personal,Perfume y colonia,,Eau de cologne hombre Impacto,2020-07-28 04:00:00
324015,Salud,Parafarmacia,,Apósitos para ampollas y rozaduras Doctor San,2020-07-28 04:00:00
324051,Frescos,Fruta,,Manzana granny smith,2020-07-28 04:00:00
324087,Frescos,Lechuga y ensalada preparada,,Lechugas corazón romana,2020-07-28 04:00:00
324383,Lácteos y Huevos,Mantequilla y margarina,,Margarina con sal,2020-07-28 04:00:00
324696,Limpieza y Hogar,Limpieza cocina,,Quitagrasas sin espuma perfume limón,2020-07-28 04:00:00
324773,Despensa,Menaje y conservacion de alimentos,,"Molde de aluminio rectangular 1,5L Alibérico",2020-07-28 04:00:00
324799,Despensa,Menaje y conservacion de alimentos,,Mantel de papel color aleatorio Papermon,2020-07-28 04:00:00
324841,Limpieza y Hogar,Papel higienico y celulosa,,Papel higiénico doble rollo,2020-07-28 04:00:00
325156,Maquillaje,Ojos,,Máscara de cejas marrón,2020-07-28 04:00:00
325249,Pescadería,Marisco,Hacendado,Carne de almeja ultracongelada,2020-07-28 04:00:00
325274,Pescadería,Pescado congelado,Hacendado,Pescadilla de merluza del cabo sin cabeza ultracongelada,2020-07-28 04:00:00
325400,Pescadería,Salazones y ahumados,Hacendado,Capellanes bacaladilla seca salada,2020-07-28 04:00:00
325427,Pescadería,Sushi,,Gyozas de pollo Sushita,2020-07-28 04:00:00
325554,Mascotas,Pez y otros,,Mezcla de gammarus para tortugas Dr. Wu Tetra,2020-07-28 04:00:00
325556,Mascotas,Pez y otros,,Sticks para tortuga Dr. Wu Tetra,2020-07-28 04:00:00
325617,Panadería y Pastelería,Bolleria envasada,,Bollo con pepitas de chocolate Choco Buns,2020-07-28 04:00:00
325803,Panadería y Pastelería,Pan de molde y otras especialidades,,"Hogaza de espelta 38% y centeno 25% con semillas de quinoa 1,9% & chía 1,3%",2020-07-28 04:00:00
325890,Panadería y Pastelería,Tartas y pasteles,,Tarta de la abuela congelada,2020-07-28 04:00:00
325940,Otros,Velas y decoracion,,Decoraciones de colores,2020-07-28 04:00:00
326132,Cuidado Personal,Gelatina y otros postres,,Tiramisú,2020-07-28 04:00:00
326150,Otros,Postres de soja,,Postre de soja con frutos silvestres,2020-07-28 04:00:00
326282,Frescos,Fruta variada,,Fruta + leche tropical Bifrutas,2020-07-28 04:00:00
326285,Frescos,Fruta variada,Hacendado,Fruta + leche melón y sandía,2020-07-28 04:00:00
326405,Despensa,Especias,,Pimentón picante,2020-07-28 16:00:00
326508,Despensa,Otras salsas,,Salsa de ostras,2020-07-28 16:00:00
326627,Bebidas,Refresco de cola,,Refresco cola,2020-07-28 16:00:00
326876,Frescos,Frutos secos y fruta desecada,Hacendado,Piña deshidratada,2020-07-28 16:00:00
326923,Aperitivos,Patatas fritas y snacks,,Triángulos de trigo sarraceno con quinoa y amaranto,2020-07-28 16:00:00
327360,Bebé,Biberon chupete y menaje,,Chupete látex anatómico +0 a 6 meses,2020-07-28 16:00:00
327395,Carnicería,Cerdo,,Flautas de bacón y queso,2020-07-28 16:00:00
327617,Bodega,Licores,,Ron caribeño sabor coco Malibu,2020-07-28 16:00:00
327687,Bodega,Sidra y cava,,Cava semi seco Freixenet,2020-07-28 16:00:00
327688,Bodega,Sidra y cava,,Bebida zumo de frutas con gas Magic sin alcohol,2020-07-28 16:00:00
327863,Bebidas Calientes,Cafe capsula y monodosis,,Cortado en cápsula Cocatech,2020-07-28 16:00:00
327905,Bebidas Calientes,Cafe molido y en grano,,Café en grano mezcla suave,2020-07-28 16:00:00
327906,Bebidas Calientes,Cafe molido y en grano,,Café en grano mezcla fuerte,2020-07-28 16:00:00
328070,Carnicería,Carne congelada,,Paletilla de lechal entera congelada,2020-07-28 16:00:00
328156,Carnicería,Hamburguesas y picadas,,Burger de cerdo ibérico gruesas,2020-07-28 16:00:00
328228,Desayuno y Dulces,Cereales,,Cereales rellenos de chocolate y avellana,2020-07-28 16:00:00
328370,Desayuno y Dulces,Tortitas,,Tortitas de arroz,2020-07-28 16:00:00
328434,Charcutería y Quesos,Bacon y salchichas,,Salchichas cocidas bocata gourmet,2020-07-28 16:00:00
328627,Charcutería y Quesos,Queso lonchas rallado y en porciones,,Queso semicurado lonchas,2020-07-28 16:00:00
328631,Charcutería y Quesos,Queso lonchas rallado y en porciones,,Queso cabra lonchas,2020-07-28 16:00:00
328672,Charcutería y Quesos,Queso untable y fresco,,Queso untar sin lactosa blanco pasteurizado,2020-07-28 16:00:00
328751,Carnicería,Carne,,Paletilla de lechal entera congelada,2020-07-28 16:00:00
328802,Congelados,Helados,,Helado lima limón,2020-07-28 16:00:00
328921,Pescadería,Pescado,Hacendado,Filetes de merluza al huevo ultracongelados,2020-07-28 16:00:00
328945,Platos Preparados,Pizzas,,Pizza masa fina 4 quesos ultracongelada,2020-07-28 16:00:00
328981,Panadería y Pastelería,Tartas y churros,,Trenza hojaldre de mantequilla congelada,2020-07-28 16:00:00
328984,Panadería y Pastelería,Tartas y churros,,Tarta infantil El Rey León congelada,2020-07-28 16:00:00
329143,Frescos,Conservas de verdura y frutas,Hacendado,Guisantes extra,2020-07-28 16:00:00
329286,Cuidado Personal,Acondicionador y mascarilla,,Acondicionador repara & protege,2020-07-28 16:00:00
329296,Cuidado Personal,Acondicionador y mascarilla,,Mascarilla cabello dañado repara & protege,2020-07-28 16:00:00
329344,Cuidado Personal,Champu,,Champú nutri rizos fortificante Fructis cabello rizado u ondulado,2020-07-28 16:00:00
329347,Cuidado Personal,Champu,,Champú cuidado clásico TRESemmé cabello normal o graso,2020-07-28 16:00:00
329353,Cuidado Personal,Champu,,Champú Be Radiant cabello apagado,2020-07-28 16:00:00
329516,Cuidado Personal,Fijacion cabello,,Bálsamo alta nutrición potion todo tipo de cabello fijación 1,2020-07-28 16:00:00
329552,Cuidado Personal,Peines y accesorios,,Redecilla castaña,2020-07-28 16:00:00
329564,Cuidado Personal,Peines y accesorios,,Pinza cabello varios colores grande,2020-07-28 16:00:00
329700,Cuidado Personal,Cuidado e higiene facial,,Mascarilla facial hidratante revitalizante,2020-07-28 16:00:00
329865,Cuidado Personal,Desodorante,,Desodorante Zero %,2020-07-28 16:00:00
329867,Cuidado Personal,Desodorante,,Desodorante fresh & dry para pies,2020-07-28 16:00:00
329951,Cuidado Personal,Higiene bucal,,Dentífrico gel infantil +6 años Justice league,2020-07-28 16:00:00
329965,Cuidado Personal,Higiene bucal,,Cepillo dental infantil Disney Junior Vampirina,2020-07-28 16:00:00
330003,Cuidado Personal,Higiene intima,,Compresa sin alas normal plegada Classic,2020-07-28 16:00:00
330007,Cuidado Personal,Higiene intima,,Compresa con alas normal Dry,2020-07-28 16:00:00
330011,Cuidado Personal,Higiene intima,,Compresa con alas super cotton like,2020-07-28 16:00:00
330161,Cuidado Personal,Neceseres,,Neceser Mulán grande con asas,2020-07-28 16:00:00
330370,Cuidado Personal,Protector solar y aftersun,,Crema protección solar infantil Sun Med FPS 50+,2020-07-28 16:00:00
330551,Frescos,Verdura,,Media col lombarda,2020-07-28 16:00:00
330750,Lácteos y Huevos,Leche y bebidas vegetales,,Bebida de soja con chocolate,2020-07-28 16:00:00
331002,Limpieza y Hogar,Insecticida y ambientador,,Ambientador eléctrico mundo 6 fragancias,2020-07-28 16:00:00
331036,Limpieza y Hogar,Insecticida y ambientador,,Vela perfumada té chai,2020-07-28 16:00:00
331093,Limpieza y Hogar,Limpiacristales,,Limpiador cristales de chimenea,2020-07-28 16:00:00
331096,Limpieza y Hogar,Limpiahogar y friegasuelos,,Friegasuelos clásico concentrado,2020-07-28 16:00:00
331105,Limpieza y Hogar,Limpiahogar y friegasuelos,,Cera suelos parquet y laminados,2020-07-28 16:00:00
331536,Maquillaje,Labios,,Pintalabios Superstay 24H 760 pink spice,2020-07-28 16:00:00
331649,Maquillaje,Pinceles y brochas,,Pincel sombra,2020-07-28 16:00:00
331670,Pescadería,Marisco,,Camarón boreal cocido y pelado Royal Greenland ultracongelado,2020-07-28 16:00:00
331745,Pescadería,Pescado congelado,Hacendado,Filetes de boquerón en tempura ultracongelado,2020-07-28 16:00:00
331757,Pescadería,Pescado congelado,Hacendado,Sepia limpia pequeña congelada,2020-07-28 16:00:00
331808,Pescadería,Pescado fresco,,Dorada abierta a la espalda con espinas y con cabeza,2020-07-28 16:00:00
331818,Pescadería,Pescado fresco,,Trucha abierta en libro sin cabeza y sin espina,2020-07-28 16:00:00
331880,Mascotas,Gato,,Paté gato adulto Delikuit con trucha y salmón,2020-07-28 16:00:00
331913,Mascotas,Gato,,Comida gato bolas de pelo Supreme con pollo y arroz,2020-07-28 16:00:00
331916,Mascotas,Gato,,Comida gato adulto delicias con aves,2020-07-28 16:00:00
331957,Mascotas,Perro,,"Comida perro sénior light con pollo, arroz y cebada",2020-07-28 16:00:00
331961,Mascotas,Perro,,Comida perro adulto Supreme con pollo y arroz,2020-07-28 16:00:00
332001,Mascotas,Pez y otros,,Mezcla de gammarus para tortugas Dr. Wu Tetra,2020-07-28 16:00:00
332328,Panadería y Pastelería,Tartas y pasteles,,Tarta massini congelada,2020-07-28 16:00:00
332371,Otros,Velas y decoracion,,Vela de cumpleaños 9,2020-07-28 16:00:00
332565,Cuidado Personal,Gelatina y otros postres,,Gelatina sabor fresa,2020-07-28 16:00:00
332787,Despensa,Aceite vinagre y sal,,"Aceite de oliva 0,4º",2020-07-29 04:00:00
332880,Despensa,Especias,,Sazonador para burritos,2020-07-29 04:00:00
332957,Despensa,Otras salsas,,Salsa de queso,2020-07-29 04:00:00
332962,Despensa,Otras salsas,,Extracto original de buey Bovril,2020-07-29 04:00:00
333323,Aperitivos,Patatas fritas y snacks,,Patatas fritas estilo tradicional,2020-07-29 04:00:00
333501,Despensa,Pasta y fideos,,Fideos orientales Yakisoba soja,2020-07-29 04:00:00
333533,Desayuno y Dulces,Chicles y caramelos,,Chicle fresa lámina,2020-07-29 04:00:00
333629,Desayuno y Dulces,Chocolate,,Barritas de barquillo Kinder Bueno white bañadas de chocolate blanco,2020-07-29 04:00:00
333660,Desayuno y Dulces,Golosinas,,Golosinas fresi pink rellenas,2020-07-29 04:00:00
333676,Desayuno y Dulces,Golosinas,,Golosinas animalitos de pica pica,2020-07-29 04:00:00
333753,Bebé,Alimentacion infantil,,Preparado lácteo crecimiento sabor a cereales Junior,2020-07-29 04:00:00
333794,Bebé,Biberon chupete y menaje,,Biberón 270 ml tetina látex tres posiciones +1 mes,2020-07-29 04:00:00
333813,Bebé,Biberon chupete y menaje,,Chupete silicona reversible +6 a 18 meses luminiscente,2020-07-29 04:00:00
333821,Bebé,Biberon chupete y menaje,,Babero desechable,2020-07-29 04:00:00
333903,Bodega,Cerveza,,Cerveza doble malta Voll-Damm,2020-07-29 04:00:00
333917,Bodega,Cerveza,,Cerveza doble malta,2020-07-29 04:00:00
334156,Bodega,Vino blanco,,Vino blanco D.O Valencia La Malcriada dulce,2020-07-29 04:00:00
334191,Bodega,Vino rosado,,Vino rosado D.O La Mancha Fidencio,2020-07-29 04:00:00
334261,Desayuno y Dulces,Cacao soluble y chocolate a la taza,,Cacao soluble instantáneo,2020-07-29 04:00:00
334343,Bebidas Calientes,Cafe soluble y otras bebidas,,Café soluble clásico en sobres,2020-07-29 04:00:00
334412,Bebidas Calientes,Te e infusiones,,Infusión Hinojo,2020-07-29 04:00:00
334442,Carnicería,Aves y pollo,,Codornices,2020-07-29 04:00:00
334494,Carnicería,Carne congelada,,Jamoncitos de pollo congelados,2020-07-29 04:00:00
335316,Pescadería,Marisco,Hacendado,Carne de almeja ultracongelada,2020-07-29 04:00:00
335402,Panadería y Pastelería,Tartas y churros,,Tarta blanca con relleno sabor a nata y cacao,2020-07-29 04:00:00
335558,Despensa,Berberechos y mejillones,,Almejones al natural Cono sur,2020-07-29 04:00:00
335732,Cuidado Personal,Acondicionador y mascarilla,,Mascarilla Liss Frizz Control cabello rebelde,2020-07-29 04:00:00
335932,Cuidado Personal,Fijacion cabello,,Laca cabello Nelly,2020-07-29 04:00:00
335971,Cuidado Personal,Peines y accesorios,,Peine gel,2020-07-29 04:00:00
336001,Cuidado Personal,Peines y accesorios,,Pinza cabello varios colores grande,2020-07-29 04:00:00
336091,Otros,Cuidado corporal,,Exfoliante corporal con partículas de coco,2020-07-29 04:00:00
336129,Cuidado Personal,Cuidado e higiene facial,,Tónico facial hidratante todo tipo de pieles,2020-07-29 04:00:00
336321,Cuidado Personal,Gel y jabon de manos,,Gel de baño argán piel muy seca,2020-07-29 04:00:00
336733,Cuidado Personal,Perfume y colonia,,Eau de toilette hombre Limite Action Water,2020-07-29 04:00:00
336800,Cuidado Personal,Perfume y colonia,,Lote infantil Universal Trolls,2020-07-29 04:00:00
336932,Frescos,Fruta,,Plátano,2020-07-29 04:00:00
337088,Frescos,Verdura,,Calabaza cacahuete,2020-07-29 04:00:00
337166,Lácteos y Huevos,Leche y bebidas vegetales,,Leche entera sin lactosa,2020-07-29 04:00:00
337247,Lácteos y Huevos,Leche y bebidas vegetales,,Preparado lácteo con cereales crecimiento +1 año,2020-07-29 04:00:00
337332,Limpieza y Hogar,Detergente y suavizante ropa,,Quitamanchas de desteñidos La Nave sin lejía,2020-07-29 04:00:00
337405,Limpieza y Hogar,Insecticida y ambientador,,Spray repelente de insectos fuerte,2020-07-29 04:00:00
337481,Limpieza y Hogar,Insecticida y ambientador,Flor,Vela perfumada de vainilla,2020-07-29 04:00:00
337539,Limpieza y Hogar,Limpiahogar y friegasuelos,Flor,Friegasuelos de cerezo líquido,2020-07-29 04:00:00
337560,Limpieza y Hogar,Limpieza bano y wc,,Limpiador WC con lejía en gel,2020-07-29 04:00:00
337583,Limpieza y Hogar,Limpieza cocina,,Quitagrasas perfume Marsella,2020-07-29 04:00:00
337643,Limpieza y Hogar,Limpieza vajilla,,Sal lavavajillas en pastillas,2020-07-29 04:00:00
337650,Limpieza y Hogar,Limpieza vajilla,,Lavavajillas quantum en pastillas,2020-07-29 04:00:00
337652,Despensa,Menaje y conservacion de alimentos,,"Recipiente de plástico rectangular 1,3L",2020-07-29 04:00:00
337758,Limpieza y Hogar,Pilas y bolsas de basura,,Pila de botón micro alcalina LR44 Panasonic,2020-07-29 04:00:00
337759,Limpieza y Hogar,Pilas y bolsas de basura,,Pila recargable AAA-P03 Premio,2020-07-29 04:00:00
337902,Maquillaje,Bases de maquillaje y corrector,,Maquillaje fluido hydra-confort 02 beige rosado,2020-07-29 04:00:00
337920,Maquillaje,Bases de maquillaje y corrector,,Prebase facial perfecciona el rostro,2020-07-29 04:00:00
338009,Maquillaje,Labios,,Pintalabios Pearl 02 burdeos My Soul,2020-07-29 04:00:00
338120,Pescadería,Marisco,,Bocas chicas de cangrejos congeladas,2020-07-29 04:00:00
338155,Pescadería,Pescado congelado,Hacendado,Filete de salmón rosado salvaje con piel congelado,2020-07-29 04:00:00
338382,Mascotas,Perro,,"Paté perro adulto Delikuit con ternera, hígado y verduras",2020-07-29 04:00:00
338593,Panadería y Pastelería,Harina y preparado reposteria,,Chocolate blanco fundir,2020-07-29 04:00:00
338605,Panadería y Pastelería,Harina y preparado reposteria,,Preparado en polvo gelatina arándano 0% azúcar,2020-07-29 04:00:00
338646,Panadería y Pastelería,Pan de horno,,6 Panes de leche 3%,2020-07-29 04:00:00
338863,Platos Preparados,Pizzas,,Pizza atún ultracongelada,2020-07-29 04:00:00
338888,Platos Preparados,Platos preparados calientes,,Arroz cocido basmati Brillante,2020-07-29 04:00:00
339365,Despensa,Otras salsas,,Tomate frito con aceite de oliva,2020-07-29 16:00:00
339418,Bebidas,Agua,,Agua mineral Bronchales pequeña,2020-07-29 16:00:00
339474,Bebidas,Isotonico y energetico,,Bebida isotónica de naranja Iso drink,2020-07-29 16:00:00
339553,Bebidas,Refresco de naranja y de limon,,Refresco de limón fresh gas,2020-07-29 16:00:00
339998,Desayuno y Dulces,Chocolate,,Chocolate extrafino negro,2020-07-29 16:00:00
340112,Desayuno y Dulces,Golosinas,,Regaliz roja rellena con zumo de fruta,2020-07-29 16:00:00
340139,Desayuno y Dulces,Mermelada y miel,,Mermelada de ciruela 0% azúcares añadidos,2020-07-29 16:00:00
340146,Desayuno y Dulces,Mermelada y miel,,Miel de caña de azúcar Nuestra Señora del Carmen,2020-07-29 16:00:00
340235,Bebé,Biberon chupete y menaje,,Biberón 360 ml tetina látex papilla +4 meses,2020-07-29 16:00:00
340245,Bebé,Biberon chupete y menaje,,Chupete látex anatómico +0 a 6 meses,2020-07-29 16:00:00
340284,Cuidado Personal,Higiene y cuidado,,Agua de colonia fresca infantil con notas cítricas,2020-07-29 16:00:00
340286,Cuidado Personal,Higiene y cuidado,,Agua de colonia bebé,2020-07-29 16:00:00
340306,Panadería y Pastelería,Toallitas y panales,,Toallitas bebé pieles con tendencia atópica,2020-07-29 16:00:00
340505,Bodega,Licores,,Licor de crema catalana Royal Swan,2020-07-29 16:00:00
340561,Bodega,Sidra y cava,,Cava brut nature Bach Extrísimo,2020-07-29 16:00:00
340730,Bebidas Calientes,Cafe capsula y monodosis,,Café en cápsula lungo,2020-07-29 16:00:00
340780,Bebidas Calientes,Cafe molido y en grano,,Café molido intenso,2020-07-29 16:00:00
341000,Carnicería,Cerdo,,Solomillo de cerdo marinado con setas,2020-07-29 16:00:00
341103,Carnicería,Empanados y elaborados,,Contramuslos de pollo marinados con piel,2020-07-29 16:00:00
341166,Desayuno y Dulces,Cereales,,Barritas de frutos secos,2020-07-29 16:00:00
341205,Desayuno y Dulces,Galletas,,Galletas Digestive chocolate con leche,2020-07-29 16:00:00
341249,Desayuno y Dulces,Galletas,,Galletas de mantequilla Belgas,2020-07-29 16:00:00
341307,Charcutería y Quesos,Bacon y salchichas,,Bacón ahumado La Selva lonchas,2020-07-29 16:00:00
341388,Charcutería y Quesos,Embutido curado,,Cabecero de lomo lonchas,2020-07-29 16:00:00
341462,Charcutería y Quesos,Pate y sobrasada,,Sobrasada selecta L'Illa especialidades,2020-07-29 16:00:00
341564,Charcutería y Quesos,Queso untable y fresco,,Queso fresco Burgos desnatado 0% materia grasa,2020-07-29 16:00:00
341567,Charcutería y Quesos,Queso untable y fresco,,Perlas de mozzarella fresca,2020-07-29 16:00:00
341629,Carnicería,Carne,,Solomillo de pavo marinado congelado,2020-07-29 16:00:00
341668,Congelados,Helados,,Helado mini galletas cacao,2020-07-29 16:00:00
341679,Congelados,Helados,,Helado de horchata,2020-07-29 16:00:00
341714,Congelados,Helados,,Helado tutti frutti,2020-07-29 16:00:00
341810,Pescadería,Pescado,Hacendado,Mini empanadillas de atún ultracongeladas,2020-07-29 16:00:00
341886,Frescos,Verdura,Hacendado,Judía verde plana ultracongelada,2020-07-29 16:00:00
341919,Frescos,Verdura,Hacendado,Alcachofa corazones ultracongelada,2020-07-29 16:00:00
342024,Frescos,Conservas de verdura y frutas,Hacendado,Champiñón laminado,2020-07-29 16:00:00
342162,Despensa,Tomate,,Tomate seco en aceite,2020-07-29 16:00:00
342167,Cuidado Personal,Acondicionador y mascarilla,,Acondicionador instantáneo Kids,2020-07-29 16:00:00
342348,Cuidado Personal,Coloracion cabello,,Coloración permanente L'Oréal 8.03 rubio claro natural dorado,2020-07-29 16:00:00
342478,Cuidado Personal,Afeitado y cuidado para hombre,,Recambios maquinilla de afeitar Personna,2020-07-29 16:00:00
342506,Otros,Cuidado corporal,,"Loción corporal pieles atópicas con omegas 3,6 y 9",2020-07-29 16:00:00
342527,Otros,Cuidado corporal,,Loción corporal hydra & go,2020-07-29 16:00:00
342829,Cuidado Personal,Higiene bucal,,Dentífrico gel infantil + 2 años Pjmasks,2020-07-29 16:00:00
342951,Cuidado Personal,Higiene intima,,Pañal adulto talla G,2020-07-29 16:00:00
343146,Cuidado Personal,Perfume y colonia,,Eau de toilette hombre 9.60 Sport water acción,2020-07-29 16:00:00
343261,Cuidado Personal,Protector solar y aftersun,,Protector solar niños Delial FPS 50+,2020-07-29 16:00:00
343265,Cuidado Personal,Protector solar y aftersun,,Neceser solar Delial,2020-07-29 16:00:00
343492,Frescos,Verdura,,Pimiento verde freír,2020-07-29 16:00:00
343687,Lácteos y Huevos,Leche y bebidas vegetales,,Preparado lácteo crecimiento +1 año,2020-07-29 16:00:00
343739,Limpieza y Hogar,Detergente y suavizante ropa,,Detergente ropa blanca y de color en gel concentrado,2020-07-29 16:00:00
343903,Limpieza y Hogar,Insecticida y ambientador,Brise,Ambientador automático by lavanda y jazmín,2020-07-29 16:00:00
344070,Limpieza y Hogar,Limpieza muebles y multiusos,,Limpiador plata y metales en crema,2020-07-29 16:00:00
344382,Maquillaje,Colorete y polvos,,Polvo compacto seda 03,2020-07-29 16:00:00
344390,Maquillaje,Colorete y polvos,,Iluminador facial Bom Bom creamy 03,2020-07-29 16:00:00
344417,Maquillaje,Labios,,Pintalabios dúo fijo 05,2020-07-29 16:00:00
344438,Maquillaje,Labios,,Pintalabios cremoso 11,2020-07-29 16:00:00
344537,Maquillaje,Pinceles y brochas,,Pincel sombra,2020-07-29 16:00:00
344850,Mascotas,Perro,,Comida perro júnior Supreme con pollo y arroz,2020-07-29 16:00:00
344892,Mascotas,Pez y otros,,Gammarus para tortugas Dr. Wu Tetra,2020-07-29 16:00:00
344944,Panadería y Pastelería,Bolleria de horno,,Empanada de hojaldre con tomate,2020-07-29 16:00:00
344950,Panadería y Pastelería,Bolleria envasada,,Croissant,2020-07-29 16:00:00
344973,Panadería y Pastelería,Bolleria envasada,,Pastel marmolado,2020-07-29 16:00:00
345014,Panadería y Pastelería,Harina y preparado reposteria,,Preparado para rebozar Harinera del Mar sin huevo y tempura,2020-07-29 16:00:00
345075,Panadería y Pastelería,Pan de horno,,"Pan de nueces 8,5%",2020-07-29 16:00:00
345209,Panadería y Pastelería,Picos rosquilletas y picatostes,,Panes especiales con tomate y sabor a jamón,2020-07-29 16:00:00
345269,Otros,Velas y decoracion,,Azúcar vainillado,2020-07-29 16:00:00
345293,Platos Preparados,Pizzas,,Pizza pollo,2020-07-29 16:00:00
345301,Platos Preparados,Pizzas,,Pizza boloñesa ultracongelada,2020-07-29 16:00:00
345316,Platos Preparados,Pizzas,,Bases de pizza artesanas extrafinas y crujientes ultracongeladas,2020-07-29 16:00:00
345378,Platos Preparados,Platos preparados calientes,,Cocido madrileño,2020-07-29 16:00:00
345469,Cuidado Personal,Gelatina y otros postres,,Cuajada,2020-07-29 16:00:00
345597,Lácteos y Huevos,Yogures y postres infantiles,,Yogur líquido infantil de pera Go-Lácteo +6 meses,2020-07-29 16:00:00
345605,Lácteos y Huevos,Yogures y postres infantiles,,Yogur infantil cremoso de fresa Go-Lácteo +8 meses,2020-07-29 16:00:00
345834,Despensa,Otras salsas,,Salsa agridulce,2020-07-30 04:00:00
345849,Despensa,Otras salsas,,Extracto original de buey Bovril,2020-07-30 04:00:00
346160,Frescos,Frutos secos y fruta desecada,Hacendado,Maíz palomitas,2020-07-30 04:00:00
346332,Despensa,Pasta y fideos,,Tortiglioni Armando,2020-07-30 04:00:00
346498,Desayuno y Dulces,Chocolate,,Barritas de barquillo Kinder Bueno bañadas de chocolate con leche,2020-07-30 04:00:00
346653,Bebé,Alimentacion infantil,,Leche de continuación en polvo 2 Nativa,2020-07-30 04:00:00
346690,Bebé,Biberon chupete y menaje,,Chupete látex anatómico +0 a 6 meses,2020-07-30 04:00:00
346763,Panadería y Pastelería,Toallitas y panales,,Pañales bebé talla 4 de 9-15 kg,2020-07-30 04:00:00
346866,Bodega,Cerveza,,Cerveza Shandy sabor limón Steinburg,2020-07-30 04:00:00
347103,Bodega,Vino tinto,,Vino tinto D.O Rioja Reservado reserva,2020-07-30 04:00:00
347136,Bodega,Vino tinto,,Vino tinto tempranillo Fin del Río Fariña,2020-07-30 04:00:00
347838,Charcutería y Quesos,Embutido curado,,Lomo,2020-07-30 04:00:00
347852,Charcutería y Quesos,Jamon serrano,,Jamón cebo ibérico cortado a cuchillo,2020-07-30 04:00:00
347871,Charcutería y Quesos,Jamon serrano,,Jamón de cebo ibérico La Hacienda del ibérico,2020-07-30 04:00:00
348413,Pescadería,Atun y otras conservas de pescado,Hacendado,Filetes de melva en aceite de girasol,2020-07-30 04:00:00
348468,Frescos,Conservas de verdura y frutas,Cidacos,Pimientos del piquillo enteros extra,2020-07-30 04:00:00
348590,Despensa,Tomate,,Tomate frito receta artesana,2020-07-30 04:00:00
348600,Despensa,Tomate,,Tomate doble concentrado extra,2020-07-30 04:00:00
348686,Cuidado Personal,Champu,,Champú anticaspa Pure Fresh cabello normal,2020-07-30 04:00:00
349266,Cuidado Personal,Higiene bucal,,Dentífrico gel fresh clorofila 2 en 1,2020-07-30 04:00:00
349274,Cuidado Personal,Higiene bucal,,Dentífrico blanqueador avanzado Licor del Polo 2 en 1,2020-07-30 04:00:00
349543,Cuidado Personal,Perfume y colonia,,Eau de toilette mujer Adidas Fruity rhythm,2020-07-30 04:00:00
349586,Cuidado Personal,Perfume y colonia,,Eau de toilette hombre Como tú Fuerza,2020-07-30 04:00:00
349599,Cuidado Personal,Perfume y colonia,,Eau de toilette hombre Como tú Aventura,2020-07-30 04:00:00
349606,Cuidado Personal,Perfume y colonia,,Eau de toilette hombre Adolfo Dominguez Bambú,2020-07-30 04:00:00
349868,Frescos,Lechuga y ensalada preparada,,Lechuga iceberg base para ensalada,2020-07-30 04:00:00
349944,Frescos,Verdura,,Medio repollo rizado,2020-07-30 04:00:00
349963,Frescos,Verdura,,Apio verde,2020-07-30 04:00:00
349982,Frescos,Verdura,,Batata para micro,2020-07-30 04:00:00
350010,Lácteos y Huevos,Leche y bebidas vegetales,,Bebida láctea semidesnatada con fibra,2020-07-30 04:00:00
350198,Limpieza y Hogar,Detergente y suavizante ropa,,Detergente ropa blanca y de color en cápsulas,2020-07-30 04:00:00
350228,Limpieza y Hogar,Detergente y suavizante ropa,,Suavizante ropa spa concentrado,2020-07-30 04:00:00
350263,Limpieza y Hogar,Estropajo bayeta y guantes,,Bayeta multiusos suave en rollo,2020-07-30 04:00:00
350277,Limpieza y Hogar,Insecticida y ambientador,,Insecticida moscas y mosquitos sin perfume,2020-07-30 04:00:00
350316,Limpieza y Hogar,Insecticida y ambientador,,Ambientador eléctrico infantil,2020-07-30 04:00:00
350376,Limpieza y Hogar,Lejia y liquidos fuertes,,Lejía con detergente limón,2020-07-30 04:00:00
350536,Despensa,Menaje y conservacion de alimentos,,Recipiente de plástico redondo 1L,2020-07-30 04:00:00
350595,Limpieza y Hogar,Papel higienico y celulosa,,Servilleta papel,2020-07-30 04:00:00
350598,Limpieza y Hogar,Papel higienico y celulosa,,Servilleta papel,2020-07-30 04:00:00
350616,Limpieza y Hogar,Papel higienico y celulosa,,Pañuelos de papel con loción,2020-07-30 04:00:00
350632,Limpieza y Hogar,Pilas y bolsas de basura,,Pila super alcalina C-LR14 Premio,2020-07-30 04:00:00
350740,Maquillaje,Bases de maquillaje y corrector,,Maquillaje fluido face finity 75 golden,2020-07-30 04:00:00
350752,Maquillaje,Bases de maquillaje y corrector,,Maquillaje fluido perfección satin 103,2020-07-30 04:00:00
350786,Maquillaje,Bases de maquillaje y corrector,,Maquillaje compacto 02,2020-07-30 04:00:00
350845,Maquillaje,Labios,,Pintalabios dúo fijo 01,2020-07-30 04:00:00
350884,Maquillaje,Labios,,Pintalabios Pearl 02 burdeos My Soul,2020-07-30 04:00:00
350891,Maquillaje,Labios,,Pintalabios mate 08,2020-07-30 04:00:00
351020,Pescadería,Marisco,Pescanova,Tronquitos de surimi ultracongelados,2020-07-30 04:00:00
351116,Pescadería,Pescado fresco,,Calamar grande sin limpiar descongelado,2020-07-30 04:00:00
351158,Pescadería,Pescado fresco,,Rodaballo a filetes y sin piel,2020-07-30 04:00:00
351178,Pescadería,Salazones y ahumados,,Mojama de atún superior en lonchas Ubago,2020-07-30 04:00:00
351200,Pescadería,Sushi,,Gyozas de verduras Sushita,2020-07-30 04:00:00
351354,Panadería y Pastelería,Bolleria de horno,,Coca con azúcar moreno y nueces,2020-07-30 04:00:00
351408,Panadería y Pastelería,Bolleria envasada,,Pastel marmolado,2020-07-30 04:00:00
351570,Panadería y Pastelería,Pan de molde y otras especialidades,,Pan de sándwich cereales La Familia,2020-07-30 04:00:00
351616,Panadería y Pastelería,Pan tostado y rallado,,Crackers 30% integral Galbusera,2020-07-30 04:00:00
351625,Panadería y Pastelería,Picos rosquilletas y picatostes,,Regañá,2020-07-30 04:00:00
351644,Panadería y Pastelería,Picos rosquilletas y picatostes,,Palitos de pan con sabor a sobrasada Anitin,2020-07-30 04:00:00
351867,Lácteos y Huevos,Bifidus,,Bífidus cremoso natural azucarado con cereales y fresas deshidratadas,2020-07-30 04:00:00
351870,Lácteos y Huevos,Bifidus,,Bífidus cremoso lima & limón,2020-07-30 04:00:00
351877,Lácteos y Huevos,Bifidus,,Bífidus natural azucarado,2020-07-30 04:00:00
351971,Lácteos y Huevos,Yogures liquidos,,Yogur líquido + proteínas desnatado sabor fresa,2020-07-30 04:00:00
352016,Lácteos y Huevos,Yogures naturales y sabores,,Yogur cremoso con frutos silvestres,2020-07-30 04:00:00
352067,Frescos,Fruta variada,Hacendado,Zumo fresh maracuyá & chía,2020-07-30 04:00:00
352223,Despensa,Mayonesa ketchup y mostaza,,Mayonesa,2020-07-30 16:00:00
352285,Despensa,Otras salsas,,Chili con carne La Fondita,2020-07-30 16:00:00
352379,Bebidas,Isotonico y energetico,,Bebida energética sabor cereza Energy Drink,2020-07-30 16:00:00
352447,Bebidas,Refresco de naranja y de limon,,Refresco lima limón fresh gas,2020-07-30 16:00:00
352527,Bebidas,Refresco de te y sin gas,,Refresco de naranja Gold Spring sin gas y sin azúcares añadidos,2020-07-30 16:00:00
352553,Despensa,Aceitunas y encurtidos,,Aceitunas con salsa mojo picón Iruela sin hueso,2020-07-30 16:00:00
352705,Aperitivos,Patatas fritas y snacks,,Stars de maíz sabor queso Tosfrit,2020-07-30 16:00:00
352752,Despensa,Legumbres,,Lenteja pelada,2020-07-30 16:00:00
352877,Desayuno y Dulces,Chicles y caramelos,,Caramelos con palo 4 sabores Chupa Chups,2020-07-30 16:00:00
352976,Desayuno y Dulces,Chocolate,,Crema de cacahuete 100%,2020-07-30 16:00:00
353027,Desayuno y Dulces,Mermelada y miel,,Miel de flores monodosis,2020-07-30 16:00:00
353223,Bodega,Cerveza,,Cerveza,2020-07-30 16:00:00
353230,Bodega,Cerveza,,Cerveza Suave Steinburg,2020-07-30 16:00:00
353282,Bodega,Cerveza,,Cerveza doble malta sin gluten Belgian Blonde Birra & Blues,2020-07-30 16:00:00
353405,Bodega,Licores,,Licor de hierbas Puente Pazos,2020-07-30 16:00:00
353564,Bodega,Vino tinto,,Vino tinto D.O Ribera del Duero Abadía Mantrús reserva,2020-07-30 16:00:00
353625,Bebidas Calientes,Cafe capsula y monodosis,,Café en cápsula cappuccino Dolce Gusto,2020-07-30 16:00:00
353722,Bebidas Calientes,Te e infusiones,,Infusión Dormir,2020-07-30 16:00:00
353870,Carnicería,Cerdo,,Lomo de cerdo ibérico adobado,2020-07-30 16:00:00
354137,Carnicería,Aves y jamon cocido,Hacendado,Pechuga de pavo bajo en sal finas lonchas,2020-07-30 16:00:00
354165,Carnicería,Aves y jamon cocido,Hacendado,Cabeza de cerdo finas lonchas,2020-07-30 16:00:00
354166,Carnicería,Aves y jamon cocido,Hacendado,Cabeza de cerdo trufa con pistachos finas lonchas,2020-07-30 16:00:00
354186,Charcutería y Quesos,Bacon y salchichas,,Bacón Oscar Mayer lonchas,2020-07-30 16:00:00
354285,Charcutería y Quesos,Jamon serrano,,Jamón cebo ibérico cortado a máquina,2020-07-30 16:00:00
354344,Charcutería y Quesos,Pate y sobrasada,,Sobrasada picante de Mallorca Can Pere Joan,2020-07-30 16:00:00
354364,Charcutería y Quesos,Queso curado semicurado y tierno,,Queso curado en cavas añejo Sa Madona,2020-07-30 16:00:00
354513,Carnicería,Carne,,Jamoncitos de pavo duplo congelados,2020-07-30 16:00:00
354625,Pescadería,Marisco,,Camarón boreal cocido y pelado Royal Greenland ultracongelado,2020-07-30 16:00:00
354689,Pescadería,Pescado,Hacendado,Mini empanadillas de atún ultracongeladas,2020-07-30 16:00:00
354937,Frescos,Conservas de verdura y frutas,Hacendado,Menestra con aceite,2020-07-30 16:00:00
355080,Cuidado Personal,Acondicionador y mascarilla,,Loción Intense & Gold cabello rubio,2020-07-30 16:00:00
355284,Cuidado Personal,Fijacion cabello,,Gel fijador perfect fix extra fuerte Giorgi fijación 3,2020-07-30 16:00:00
355462,Cuidado Personal,Cuidado e higiene facial,,Desmaquillador de ojos todo tipo de pieles,2020-07-30 16:00:00
355510,Cuidado Personal,Cuidado e higiene facial,,Lote facial mujer 24 K Gold progress,2020-07-30 16:00:00
355584,Cuidado Personal,Desodorante,,Desodorante roll-on mujer protección plus,2020-07-30 16:00:00
355662,Cuidado Personal,Gel y jabon de manos,,Jabón de manos natural de glicerina líquido,2020-07-30 16:00:00
355821,Cuidado Personal,Higiene intima,,Tampones regular con aplicador clásico,2020-07-30 16:00:00
356028,Cuidado Personal,Perfume y colonia,,Eau de toilette hombre Como tú Viento,2020-07-30 16:00:00
356267,Frescos,Fruta,,Naranja,2020-07-30 16:00:00
356353,Frescos,Verdura,,Tomate valenciano,2020-07-30 16:00:00
356438,Lácteos y Huevos,Leche y bebidas vegetales,,Leche semidesnatada calcio,2020-07-30 16:00:00
356657,Limpieza y Hogar,Detergente y suavizante ropa,,Activador del lavado oxy blanco puro Neutrex líquido,2020-07-30 16:00:00
356770,Limpieza y Hogar,Insecticida y ambientador,,Ambientador automático infantil,2020-07-30 16:00:00
356836,Limpieza y Hogar,Lejia y liquidos fuertes,,Cloro rápido granulado Productos QQ para piscina,2020-07-30 16:00:00
356847,Limpieza y Hogar,Limpiacristales,,Limpiacristales perfumado,2020-07-30 16:00:00
356939,Limpieza y Hogar,Limpieza muebles y multiusos,,Limpiador plata y metales en crema,2020-07-30 16:00:00
357040,Limpieza y Hogar,Papel higienico y celulosa,,Papel multiusos resistente,2020-07-30 16:00:00
357097,Limpieza y Hogar,Utensilios de limpieza y calzado,,Cepillo fibras duras,2020-07-30 16:00:00
357125,Limpieza y Hogar,Utensilios de limpieza y calzado,,Cepillo para lavar con asa,2020-07-30 16:00:00
357240,Maquillaje,Colorete y polvos,,Colorete compacto 03,2020-07-30 16:00:00
357392,Maquillaje,Ojos,,Sombra de ojos metálica Eye Lovers 03 marrón,2020-07-30 16:00:00
357622,Pescadería,Sushi,,Bento box,2020-07-30 16:00:00
357632,Pescadería,Sushi,,Kit sushi,2020-07-30 16:00:00
357705,Mascotas,Perro,,Paté perro adulto Delikuit con cordero y verduras,2020-07-30 16:00:00
357810,Panadería y Pastelería,Bolleria de horno,,Mini saladas,2020-07-30 16:00:00
357853,Panadería y Pastelería,Bolleria envasada,,Bizcocho de chocolate sin gluten,2020-07-30 16:00:00
357953,Panadería y Pastelería,Pan de horno,,Baguette sin gluten,2020-07-30 16:00:00
358180,Platos Preparados,Pizzas,,Pizza atún ultracongelada,2020-07-30 16:00:00
358182,Platos Preparados,Pizzas,,Pizza americana rellena de cheddar ultracongelada,2020-07-30 16:00:00
358189,Platos Preparados,Pizzas,,Bases de pizza sin gluten sin lactosa ultracongeladas,2020-07-30 16:00:00
358365,Lácteos y Huevos,Yogures desnatados,,Yogur cremoso natural edulcorado,2020-07-30 16:00:00
358451,Lácteos y Huevos,Yogures naturales y sabores,,Yogur sabor macedonia,2020-07-30 16:00:00
358463,Lácteos y Huevos,Yogures y postres infantiles,,Danonino sabor fresa y plátano,2020-07-30 16:00:00
358512,Otros,Melocoton y pina,,Néctar de melocotón sin azúcares añadidos,2020-07-30 16:00:00
358902,Bebidas,Tonica y bitter,,Tónica original,2020-07-31 04:00:00
359012,Despensa,Aceitunas y encurtidos,,Alcaparrones en vinagre,2020-07-31 04:00:00
359152,Despensa,Arroz,,Arroz basmati aromático,2020-07-31 04:00:00
359166,Despensa,Legumbres,,Garbanzo lechoso,2020-07-31 04:00:00
359232,Despensa,Pasta y fideos,,Spaghetti sin gluten con quinoa Felicia,2020-07-31 04:00:00
359287,Desayuno y Dulces,Chicles y caramelos,,Chicle menta fuerte gragea,2020-07-31 04:00:00
359347,Desayuno y Dulces,Chocolate,,Chocolate con leche,2020-07-31 04:00:00
359407,Desayuno y Dulces,Chocolate,,Crema al cacao y leche con avellanas,2020-07-31 04:00:00
359449,Desayuno y Dulces,Mermelada y miel,,Mermelada de naranja amarga,2020-07-31 04:00:00
359484,Bebé,Alimentacion infantil,,Papilla fresa y plátano +8 meses,2020-07-31 04:00:00
359850,Bodega,Licores,,Licor dulce Amaretto Del Patriarca,2020-07-31 04:00:00
359871,Bodega,Sidra y cava,,Cava brut Cabré & Sabaté,2020-07-31 04:00:00
360003,Bodega,Vino tinto,,Vino tinto selección Armónico,2020-07-31 04:00:00
360062,Bebidas Calientes,Cafe capsula y monodosis,,Café en cápsula cappuccino Dolce Gusto,2020-07-31 04:00:00
360088,Bebidas Calientes,Cafe molido y en grano,,Café molido mezcla fuerte,2020-07-31 04:00:00
360186,Otros,Arreglos,,Osobuco de cerdo,2020-07-31 04:00:00
360248,Carnicería,Aves y pollo,,Patas de pollo,2020-07-31 04:00:00
360259,Carnicería,Carne congelada,,Alas de pollo congeladas,2020-07-31 04:00:00
360274,Carnicería,Carne congelada,,Hamburguesas de vacuno congeladas,2020-07-31 04:00:00
360317,Carnicería,Cerdo,,Lomo de cerdo ibérico,2020-07-31 04:00:00
360370,Carnicería,Hamburguesas y picadas,,Preparado de carne picada vacuno y cerdo,2020-07-31 04:00:00
360452,Desayuno y Dulces,Cereales,,Copos de trigo integral y arroz Special K classic,2020-07-31 04:00:00
360485,Desayuno y Dulces,Cereales,,Barrita sustitutivo de comida Belladieta sabor avena y chocolate con leche,2020-07-31 04:00:00
360486,Desayuno y Dulces,Cereales,,Barritas de frutos secos,2020-07-31 04:00:00
360507,Desayuno y Dulces,Galletas,,Galletas canela,2020-07-31 04:00:00
360567,Desayuno y Dulces,Galletas,,Surtido de galletas,2020-07-31 04:00:00
360585,Carnicería,Aves y jamon cocido,Hacendado,Longaniza de pavo extra lonchas,2020-07-31 04:00:00
360714,Charcutería y Quesos,Embutido curado,,Cabecero de lomo,2020-07-31 04:00:00
360748,Charcutería y Quesos,Jamon serrano,,Jamón de bellota ibérico La Hacienda del ibérico,2020-07-31 04:00:00
360810,Charcutería y Quesos,Queso curado semicurado y tierno,,Queso semicurado,2020-07-31 04:00:00
360936,Carnicería,Carne,Hacendado,Croquetas de jamón ultracongeladas,2020-07-31 04:00:00
361013,Congelados,Helados,,"Mini helado de sorbete Hipnotic naranja, limón, piña y fresa",2020-07-31 04:00:00
361035,Congelados,Helados,,Helado vegetal de avena sabor vainilla,2020-07-31 04:00:00
361038,Congelados,Helados,,"Barra de helado sabor vainilla, chocolate y nata",2020-07-31 04:00:00
361177,Panadería y Pastelería,Tartas y churros,,Tarta selva negra congelada,2020-07-31 04:00:00
361372,Frescos,Conservas de verdura y frutas,Hacendado,Brotes germinados,2020-07-31 04:00:00
361427,Despensa,Gazpacho y cremas,,Crema de setas del bosque Knorr con champiñones,2020-07-31 04:00:00
361458,Despensa,Sopa y caldo,,Caldo de carne en pastillas,2020-07-31 04:00:00
361626,Cuidado Personal,Coloracion cabello,,Coloración sin amoníaco L'Oréal 354 caoba efecto henna,2020-07-31 04:00:00
361748,Cuidado Personal,Peines y accesorios,,Gomas negras,2020-07-31 04:00:00
361975,Cuidado Personal,Depilacion,,"Bandas de cera especial brazos, ingles y axilas piel sensible",2020-07-31 04:00:00
362004,Cuidado Personal,Depilacion,,Recambios maquinilla depilación Venus Breeze comfortglide,2020-07-31 04:00:00
362027,Cuidado Personal,Desodorante,,Desodorante roll-on hombre invisible antimanchas,2020-07-31 04:00:00
362031,Cuidado Personal,Desodorante,,Desodorante en crema original,2020-07-31 04:00:00
362313,Cuidado Personal,Manicura y pedicura,,Laca de uñas secado rápido 940 glitter,2020-07-31 04:00:00
362368,Cuidado Personal,Perfume y colonia,,Body spray citronela,2020-07-31 04:00:00
362555,Cuidado Personal,Perfume y colonia,,Lote infantil Disney Fancy Nancy Clancy,2020-07-31 04:00:00
362645,Salud,Parafarmacia,,Pulsera de citronela talla S,2020-07-31 04:00:00
362714,Frescos,Fruta,,Kiwi verde,2020-07-31 04:00:00
362733,Frescos,Fruta,,Arándanos,2020-07-31 04:00:00
362779,Frescos,Verdura,,Cebollas,2020-07-31 04:00:00
362796,Frescos,Verdura,,Tomates,2020-07-31 04:00:00
362822,Frescos,Verdura,,Seta laminada,2020-07-31 04:00:00
362924,Lácteos y Huevos,Leche y bebidas vegetales,,Leche entera,2020-07-31 04:00:00
362969,Lácteos y Huevos,Leche y bebidas vegetales,,Bebida de arroz y coco,2020-07-31 04:00:00
363251,Limpieza y Hogar,Insecticida y ambientador,,Absorbeolores en gel para frigorífico,2020-07-31 04:00:00
363255,Limpieza y Hogar,Lejia y liquidos fuertes,,Lejía normal,2020-07-31 04:00:00
363282,Limpieza y Hogar,Lejia y liquidos fuertes,,Cloro tabletas Productos QQ disolución lenta para piscina,2020-07-31 04:00:00
363368,Limpieza y Hogar,Limpieza muebles y multiusos,,Limpia tapicerías y alfombras con espuma activa,2020-07-31 04:00:00
363387,Limpieza y Hogar,Limpieza muebles y multiusos,,Toallitas multiusos limpieza higiénica,2020-07-31 04:00:00
363453,Despensa,Menaje y conservacion de alimentos,,Mantel de papel blanco Papermon,2020-07-31 04:00:00
363483,Limpieza y Hogar,Papel higienico y celulosa,,Servilleta papel,2020-07-31 04:00:00
363732,Maquillaje,Labios,,Pintalabios dúo fijo 04,2020-07-31 04:00:00
363747,Maquillaje,Labios,,Pintalabios cremoso 04,2020-07-31 04:00:00
363790,Maquillaje,Ojos,,Perfilador de ojos 03 verde,2020-07-31 04:00:00
363950,Pescadería,Pescado congelado,,Croquetas de bacalao minis Camós congeladas,2020-07-31 04:00:00
364110,Mascotas,Gato,,Comida gatos júnior con arroz y leche,2020-07-31 04:00:00
364195,Mascotas,Perro,,Snack perro mix galletas con aroma de vainilla,2020-07-31 04:00:00
364202,Mascotas,Perro,,Snack perro barritas con pollo e hígado,2020-07-31 04:00:00
364240,Panadería y Pastelería,Bolleria de horno,,Magdalenas con pepitas de chocolate,2020-07-31 04:00:00
364315,Panadería y Pastelería,Bolleria envasada,,Hojaldre de Astorga Dulma,2020-07-31 04:00:00
364380,Panadería y Pastelería,Harina y preparado reposteria,,Masa fresca hojaldre con mantequilla,2020-07-31 04:00:00
364401,Panadería y Pastelería,Pan de horno,,Pan integral 100%,2020-07-31 04:00:00
364504,Panadería y Pastelería,Pan tostado y rallado,,Mini tartaletas Confiletas,2020-07-31 04:00:00
364592,Otros,Velas y decoracion,,Almendra cubitos,2020-07-31 04:00:00
364782,Cuidado Personal,Gelatina y otros postres,,Gelatina + proteínas sabor a frutos silvestres,2020-07-31 04:00:00
364934,Frescos,Fruta variada,Hacendado,Fruta + leche Mediterráneo,2020-07-31 04:00:00
365097,Despensa,Especias,,Sazonador ensalada,2020-07-31 16:00:00
365289,Bebidas,Refresco de cola,,Refresco Zero Zero,2020-07-31 16:00:00
365590,Aperitivos,Patatas fritas y snacks,,Nachos Padrísimos sabor guacamole,2020-07-31 16:00:00
365626,Despensa,Legumbres,,Alubia blanca,2020-07-31 16:00:00
365668,Despensa,Pasta y fideos,,Fusilli Armando,2020-07-31 16:00:00
365748,Desayuno y Dulces,Chicles y caramelos,,Chicle regaliz y menta gragea,2020-07-31 16:00:00
365753,Desayuno y Dulces,Chicles y caramelos,,Caramelos sabor eucalipto y mentol Dolis 0% azúcares,2020-07-31 16:00:00
366214,Bodega,Cerveza sin alcohol,,Cerveza sin alcohol Steinburg,2020-07-31 16:00:00
366236,Bodega,Licores,,Bebida espirituosa centenario Terry,2020-07-31 16:00:00
366345,Bodega,Tinto de verano y sangria,,Tinto de verano zero limón Casón Histórico,2020-07-31 16:00:00
366394,Bodega,Vino blanco,,Manzanilla La Bailaora D.O Sanlúcar de Barrameda,2020-07-31 16:00:00
366425,Bodega,Vino tinto,,Vino tinto D.O Rioja Faustino VII cosecha,2020-07-31 16:00:00
366458,Bodega,Vino tinto,,Vino tinto D.O Ribera del Duero Abadía Mantrús roble,2020-07-31 16:00:00
366532,Bebidas Calientes,Cafe capsula y monodosis,,Café monodosis natural Espresso,2020-07-31 16:00:00
366705,Carnicería,Aves y pollo,,Sangre hervida de pollo,2020-07-31 16:00:00
366744,Carnicería,Cerdo,,Lomo de cerdo trozo,2020-07-31 16:00:00
366898,Desayuno y Dulces,Cereales,,Anillos de cereales Colors sabor a frutas,2020-07-31 16:00:00
366917,Desayuno y Dulces,Cereales,,"Copos de arroz, trigo integral y cebada con frutos rojos",2020-07-31 16:00:00
367004,Desayuno y Dulces,Galletas,,Galletas crujientes sin gluten rellenas de crema de cacao,2020-07-31 16:00:00
367029,Carnicería,Aves y jamon cocido,Hacendado,Pechuga de pavo bajo en sal finas lonchas,2020-07-31 16:00:00
367082,Charcutería y Quesos,Bacon y salchichas,,Salchichas cocidas estilo Frankfurt,2020-07-31 16:00:00
367145,Charcutería y Quesos,Embutido curado,,Chorizo de bellota ibérico cortado a máquina,2020-07-31 16:00:00
367198,Charcutería y Quesos,Jamon serrano,,Jamón de cebo ibérico La Hacienda del ibérico,2020-07-31 16:00:00
367366,Despensa,Arroz y pasta,,Arroz tres delicias ultracongelado,2020-07-31 16:00:00
367499,Congelados,Hielo,,Cubos de hielo,2020-07-31 16:00:00
367585,Pescadería,Pescado,Hacendado,Anillas a la romana ultracongeladas,2020-07-31 16:00:00
367593,Pescadería,Pescado,,Croquetas de merluza y gambas Preli ultracongeladas,2020-07-31 16:00:00
367741,Pescadería,Atun y otras conservas de pescado,Hacendado,Filetes de caballa del sur en aceite de girasol,2020-07-31 16:00:00
367780,Despensa,Berberechos y mejillones,,Concha fina al natural Marinara,2020-07-31 16:00:00
367866,Despensa,Gazpacho y cremas,,Gazpacho andaluz,2020-07-31 16:00:00
367889,Despensa,Sopa y caldo,,Sopa de pollo con fideos finos,2020-07-31 16:00:00
367895,Despensa,Sopa y caldo,,Sopa de miso,2020-07-31 16:00:00
368061,Cuidado Personal,Coloracion cabello,,Coloración sin amoníaco L'Oréal 503 castaño dorado,2020-07-31 16:00:00
368102,Cuidado Personal,Coloracion cabello,,Coloración permanente 100 rubio platino natural,2020-07-31 16:00:00
368185,Cuidado Personal,Fijacion cabello,,Pasta matificante todo tipo de cabello fijación 3,2020-07-31 16:00:00
368460,Cuidado Personal,Depilacion,,Recambios maquinilla Venus snap,2020-07-31 16:00:00
368490,Cuidado Personal,Desodorante,,Desodorante cuidado aloe,2020-07-31 16:00:00
368553,Cuidado Personal,Gel y jabon de manos,,Jabón de manos agua termal pastilla,2020-07-31 16:00:00
368563,Cuidado Personal,Gel y jabon de manos,,Gel de manos higienizante P Beauty Everyday hidroalcohólico,2020-07-31 16:00:00
368933,Cuidado Personal,Perfume y colonia,,Eau de toilette hombre Sesgo,2020-07-31 16:00:00
368938,Cuidado Personal,Perfume y colonia,,Eau de toilette hombre Como tú Triunfo,2020-07-31 16:00:00
368980,Cuidado Personal,Perfume y colonia,,Lote hombre Alejandro Sanz Mi acorde,2020-07-31 16:00:00
369013,Cuidado Personal,Perfume y colonia,,Lote infantil Marvel Hulk,2020-07-31 16:00:00
369041,Cuidado Personal,Protector solar y aftersun,,Crema protección solar rostro y labios Sun Med FPS 30,2020-07-31 16:00:00
369390,Lácteos y Huevos,Leche y bebidas vegetales,,Horchata fresca,2020-07-31 16:00:00
369545,Limpieza y Hogar,Detergente y suavizante ropa,,Quitamanchas de desteñidos La Nave sin lejía,2020-07-31 16:00:00
369636,Limpieza y Hogar,Insecticida y ambientador,,Raticida cebo fresco,2020-07-31 16:00:00
369675,Limpieza y Hogar,Insecticida y ambientador,,Ambientador coche exótico,2020-07-31 16:00:00
369726,Limpieza y Hogar,Lejia y liquidos fuertes,,Sosa caústica,2020-07-31 16:00:00
369811,Limpieza y Hogar,Limpieza cocina,,Limpiador microondas y frigoríficos,2020-07-31 16:00:00
370134,Maquillaje,Labios,,Pintalabios cremoso 04,2020-07-31 16:00:00
370217,Maquillaje,Labios,,Brillo de labios 10,2020-07-31 16:00:00
370235,Maquillaje,Labios,,Pintalabios mate 16,2020-07-31 16:00:00
370291,Maquillaje,Ojos,,Sombra de ojos larga duración 05,2020-07-31 16:00:00
370399,Pescadería,Pescado congelado,Hacendado,Empanadillas de atún ultracongeladas,2020-07-31 16:00:00
370407,Pescadería,Pescado congelado,Hacendado,Filetes de boquerón en tempura ultracongelado,2020-07-31 16:00:00
370606,Mascotas,Perro,,Paté perro adulto Delikuit con ternera y pollo,2020-07-31 16:00:00
370631,Mascotas,Perro,,Comida perro adulto Supreme con pollo y arroz,2020-07-31 16:00:00
370671,Mascotas,Pez y otros,,Tratamiento para el agua del grifo Dr. Wu Tetra,2020-07-31 16:00:00
370685,Panadería y Pastelería,Bolleria de horno,,Pastel de crema,2020-07-31 16:00:00
370697,Panadería y Pastelería,Bolleria de horno,,Muffin chocolate,2020-07-31 16:00:00
370778,Panadería y Pastelería,Bolleria envasada,,Palmera de cacao sin azúcar añadido,2020-07-31 16:00:00
370851,Panadería y Pastelería,Pan de horno,,"Pan con semillas 4,5%",2020-07-31 16:00:00
371020,Panadería y Pastelería,Tartas y pasteles,,Tarta infantil Peppa Pig congelada,2020-07-31 16:00:00
371028,Otros,Velas y decoracion,,Vela de cumpleaños 0,2020-07-31 16:00:00
371062,Platos Preparados,Pizzas,,Pizza carbonara,2020-07-31 16:00:00
371124,Platos Preparados,Platos preparados calientes,,"Pollo asado Tradigust relleno con ciruelas, pasas y nueces",2020-07-31 16:00:00
371240,Cuidado Personal,Gelatina y otros postres,,Yogur sabor vainilla YogoMix con disquitos chocolateados,2020-07-31 16:00:00
371250,Cuidado Personal,Gelatina y otros postres,,Copa de avellana,2020-07-31 16:00:00
371887,Despensa,Aceitunas y encurtidos,,Aceitunas rellenas de jalapeño,2020-08-01 04:00:00
371933,Frescos,Frutos secos y fruta desecada,Hacendado,Almendra tostada con sal,2020-08-01 04:00:00
372000,Aperitivos,Patatas fritas y snacks,,Patatas light,2020-08-01 04:00:00
372263,Desayuno y Dulces,Chocolate,,Chocolate con leche Swiss almendra troceada y miel,2020-08-01 04:00:00
372324,Desayuno y Dulces,Golosinas,,Golosinas Nubi Mallow,2020-08-01 04:00:00
372610,Bodega,Cerveza,,Cerveza Pils Krombacher,2020-08-01 04:00:00
373231,Carnicería,Conejo y cordero,,Chuletas de cordero palo y riñonada,2020-08-01 04:00:00
373379,Desayuno y Dulces,Cereales,,"Muesli con quinoa, chía y chocolate negro",2020-08-01 04:00:00
373451,Desayuno y Dulces,Galletas,,Galletas gofre rellenas de caramelo,2020-08-01 04:00:00
373474,Desayuno y Dulces,Galletas,,Galletas de mantequilla Belgas,2020-08-01 04:00:00
373483,Desayuno y Dulces,Tortitas,,Tortitas de avena y arroz,2020-08-01 04:00:00
373559,Charcutería y Quesos,Chopped y mortadela,,Mortadela lonchas,2020-08-01 04:00:00
373608,Charcutería y Quesos,Embutido curado,,Chorizo cular ibérico extra La Hacienda del ibérico,2020-08-01 04:00:00
373611,Charcutería y Quesos,Embutido curado,,Lomo embuchado lonchas,2020-08-01 04:00:00
373693,Charcutería y Quesos,Queso curado semicurado y tierno,,Queso curado cortado en cuñitas,2020-08-01 04:00:00
373761,Charcutería y Quesos,Queso lonchas rallado y en porciones,,Queso rallado sin lactosa,2020-08-01 04:00:00
373918,Congelados,Helados,,Helado de vainilla,2020-08-01 04:00:00
373979,Pescadería,Marisco,Hacendado,Mejillón de Chile entero cocido ultracongelado,2020-08-01 04:00:00
374004,Pescadería,Pescado,Hacendado,Rodaja de potón del pacífico cocido congelado,2020-08-01 04:00:00
374041,Pescadería,Pescado,Hacendado,Langostino caballitos rebozados ultracongelados,2020-08-01 04:00:00
374130,Frescos,Verdura,Hacendado,Brócoli,2020-08-01 04:00:00
374139,Frescos,Verdura,Hacendado,Croquetas de setas ultracongeladas,2020-08-01 04:00:00
374142,Frescos,Verdura,Hacendado,Espinaca picada en porciones ultracongelada,2020-08-01 04:00:00
374159,Frescos,Verdura,Hacendado,Acelga hoja en porciones ultracongelada,2020-08-01 04:00:00
374164,Frescos,Verdura,Hacendado,Patatas gajo ultracongeladas,2020-08-01 04:00:00
374193,Pescadería,Atun y otras conservas de pescado,Hacendado,Filetes de melva en aceite de oliva,2020-08-01 04:00:00
374388,Cuidado Personal,Acondicionador y mascarilla,,Acondicionador Liss Frizz Control cabello rebelde,2020-08-01 04:00:00
374537,Cuidado Personal,Coloracion cabello,,Coloración permanente 7.1 rubio medio ceniza,2020-08-01 04:00:00
374559,Cuidado Personal,Coloracion cabello,,Coloración permanente 110 rubio extra claro ceniza,2020-08-01 04:00:00
374582,Cuidado Personal,Coloracion cabello,,Coloración permanente sin amoníaco 8.31 rubio miel,2020-08-01 04:00:00
374667,Cuidado Personal,Peines y accesorios,,Rulo 20 mm,2020-08-01 04:00:00
374795,Cuidado Personal,Cuidado e higiene facial,,Toallitas desmaquillantes cara y ojos piel seca y sensible,2020-08-01 04:00:00
374903,Cuidado Personal,Depilacion,,Maquinillas depilación mujer,2020-08-01 04:00:00
375110,Cuidado Personal,Higiene intima,,Compresa con alas normal cotton like,2020-08-01 04:00:00
375145,Cuidado Personal,Higiene intima,,Protegeslip Cotton flexiform Carefree regular + tanga,2020-08-01 04:00:00
375235,Cuidado Personal,Manicura y pedicura,,Cepillo de uñas,2020-08-01 04:00:00
375305,Cuidado Personal,Perfume y colonia,,Eau de toilette mujer Anouk,2020-08-01 04:00:00
375329,Cuidado Personal,Perfume y colonia,,Eau de toilette mujer Shakira Dance,2020-08-01 04:00:00
375361,Cuidado Personal,Perfume y colonia,,Lote mujer Victorio & Lucchino Viva!,2020-08-01 04:00:00
375449,Cuidado Personal,Perfume y colonia,,Colonia corporal infantil Disney Minnie,2020-08-01 04:00:00
375614,Frescos,Fruta,,Naranjas,2020-08-01 04:00:00
375734,Frescos,Verdura,,Setas al plato con perejil,2020-08-01 04:00:00
376135,Limpieza y Hogar,Insecticida y ambientador,,Ambientador perlas tiernos recuerdos,2020-08-01 04:00:00
376379,Despensa,Menaje y conservacion de alimentos,,Vela blanca hogar Roura,2020-08-01 04:00:00
376395,Limpieza y Hogar,Papel higienico y celulosa,,Papel multiusos resistente,2020-08-01 04:00:00
376507,Limpieza y Hogar,Utensilios de limpieza y calzado,,Cordones negros zapato de vestir,2020-08-01 04:00:00
376549,Maquillaje,Bases de maquillaje y corrector,,Maquillaje fluido lasting performance 108 honey beige,2020-08-01 04:00:00
376661,Maquillaje,Labios,,Pintalabios cremoso 13,2020-08-01 04:00:00
376693,Maquillaje,Ojos,,Perfilador de ojos 02 marrón,2020-08-01 04:00:00
376696,Maquillaje,Ojos,,Perfilador de ojos 02 hazel,2020-08-01 04:00:00
376808,Pescadería,Marisco,,Berberechos,2020-08-01 04:00:00
377040,Mascotas,Gato,,Arena para gato antibacterias Nuske perfumada,2020-08-01 04:00:00
377058,Mascotas,Perro,,"Paté perro adulto Delikuit con ternera, hígado y verduras",2020-08-01 04:00:00
377247,Panadería y Pastelería,Harina y preparado reposteria,,Preparado para rebozar Harinera del Mar sin huevo y tempura,2020-08-01 04:00:00
377347,Panadería y Pastelería,Pan de horno,,Barra de pan sin sal añadida rebanada,2020-08-01 04:00:00
377650,Otros,Platos preparados frios,,Tofu firme Frias,2020-08-01 04:00:00
377704,Cuidado Personal,Gelatina y otros postres,,Cuajada,2020-08-01 04:00:00
377892,Bebidas,Naranja,,Zumo pura naranja con pulpa,2020-08-01 04:00:00
377995,Despensa,Especias,,Comino en grano,2020-08-01 16:00:00
378049,Despensa,Otras salsas,,Salsa barbacoa,2020-08-01 16:00:00
378118,Bebidas,Agua,,Agua mineral grande,2020-08-01 16:00:00
378262,Bebidas,Refresco de naranja y de limon,,Refresco de naranja fresh gas,2020-08-01 16:00:00
378362,Despensa,Aceitunas y encurtidos,,Cóctel de encurtidos en vinagre,2020-08-01 16:00:00
378433,Frescos,Frutos secos y fruta desecada,Hacendado,Cocktail fruta deshidratada,2020-08-01 16:00:00
378450,Aperitivos,Patatas fritas y snacks,,Patatas fritas receta churrería,2020-08-01 16:00:00
378770,Desayuno y Dulces,Chocolate,,Crema al cacao con avellanas original,2020-08-01 16:00:00
379129,Bodega,Cerveza sin alcohol,,"Cerveza 0,0% sin alcohol Falke",2020-08-01 16:00:00
379198,Bodega,Licores,,Bebida espirituosa a base de vodka Knebep violeta,2020-08-01 16:00:00
379261,Bodega,Tinto de verano y sangria,,Tinto de verano clásico Sandevid,2020-08-01 16:00:00
379413,Bebidas Calientes,Cafe capsula y monodosis,,Café en cápsula descafeinado ristretto L'Or Espresso,2020-08-01 16:00:00
379528,Bebidas Calientes,Te e infusiones,,Infusión Tomillo,2020-08-01 16:00:00
379712,Charcutería y Quesos,Embutido,,Morcilla de arroz y cebolla,2020-08-01 16:00:00
379813,Desayuno y Dulces,Cereales,,Copos de trigo con chocolate Chocodays,2020-08-01 16:00:00
379923,Desayuno y Dulces,Galletas,,Barquillos mini rolls bañados con chocolate con leche,2020-08-01 16:00:00
379984,Carnicería,Aves y jamon cocido,Hacendado,Jamón cocido bajo en sal finas lonchas,2020-08-01 16:00:00
380100,Charcutería y Quesos,Jamon serrano,,Taco paleta curada Marpa,2020-08-01 16:00:00
380211,Charcutería y Quesos,Queso lonchas rallado y en porciones,,Queso provolone Zanetti en loncha,2020-08-01 16:00:00
380533,Panadería y Pastelería,Tartas y churros,,Mousse de queso congelado,2020-08-01 16:00:00
380688,Despensa,Berberechos y mejillones,,Zamburiñas en salsa de vieira,2020-08-01 16:00:00
380774,Despensa,Gazpacho y cremas,,Gazpacho fresco,2020-08-01 16:00:00
381063,Cuidado Personal,Fijacion cabello,,Laca cabello ultra fuerte fijación 5,2020-08-01 16:00:00
381069,Cuidado Personal,Fijacion cabello,,Espuma ondas flexibles fijación fuerte Stylius cabello ondulado,2020-08-01 16:00:00
381086,Cuidado Personal,Fijacion cabello,,Gel fijador X-trem todo tipo de cabello fijación 4,2020-08-01 16:00:00
381110,Cuidado Personal,Peines y accesorios,,Coleteros varios colores,2020-08-01 16:00:00
381159,Cuidado Personal,Afeitado y cuidado para hombre,,Recambios maquinilla de afeitar Fusion,2020-08-01 16:00:00
381200,Otros,Cuidado corporal,,Aceite corporal de romero 100% natural,2020-08-01 16:00:00
381274,Cuidado Personal,Desodorante,,Desodorante stick cuidado dermo antimanchas,2020-08-01 16:00:00
381441,Cuidado Personal,Gel y jabon de manos,,Gel de baño hidratación profunda,2020-08-01 16:00:00
381569,Cuidado Personal,Higiene intima,,Compresa con alas normal Dry,2020-08-01 16:00:00
381630,Cuidado Personal,Higiene intima,,Protector cama tamaño 60 x 90 cm,2020-08-01 16:00:00
381640,Cuidado Personal,Higiene intima,,Toallitas íntimas cuidado diario monodosis,2020-08-01 16:00:00
381933,Cuidado Personal,Protector solar y aftersun,,Protector solar transparente Seesee FPS 50+,2020-08-01 16:00:00
381984,Salud,Fitoterapia,,Lecitina de soja en gránulos,2020-08-01 16:00:00
382092,Frescos,Fruta,,Melocotón amarillo,2020-08-01 16:00:00
382114,Frescos,Lechuga y ensalada preparada,,Ensalada mezcla fresca,2020-08-01 16:00:00
382361,Lácteos y Huevos,Leche y bebidas vegetales,,Preparado lácteo con cereales crecimiento Peques 3,2020-08-01 16:00:00
382383,Lácteos y Huevos,Leche y bebidas vegetales,,Crema de leche para café Campina,2020-08-01 16:00:00
382597,Limpieza y Hogar,Insecticida y ambientador,,Vela perfumada frutos silvestres,2020-08-01 16:00:00
382623,Limpieza y Hogar,Lejia y liquidos fuertes,,Lejía con detergente limón,2020-08-01 16:00:00
382780,Despensa,Menaje y conservacion de alimentos,,"Recipiente de plástico rectangular 1,3L",2020-08-01 16:00:00
382905,Limpieza y Hogar,Utensilios de limpieza y calzado,,Fregona resistente y absorbente,2020-08-01 16:00:00
382927,Limpieza y Hogar,Utensilios de limpieza y calzado,,Escurridor para cubo redondo,2020-08-01 16:00:00
382996,Maquillaje,Bases de maquillaje y corrector,,Maquillaje fluido larga duración 03,2020-08-01 16:00:00
383154,Maquillaje,Ojos,,Perfilador de ojos 01 negro,2020-08-01 16:00:00
383192,Maquillaje,Ojos,,Máscara de pestañas resistente al agua Beauty eyes,2020-08-01 16:00:00
383311,Pescadería,Pescado congelado,Pescanova,Aritos de surimi a la romana ultracongelados,2020-08-01 16:00:00
383385,Pescadería,Pescado fresco,,Dorada a filetes sin cabeza y sin espina,2020-08-01 16:00:00
383393,Pescadería,Pescado fresco,,Trucha abierta en libro con cabeza,2020-08-01 16:00:00
383831,Panadería y Pastelería,Pan de molde y otras especialidades,,Hogaza sin gluten,2020-08-01 16:00:00
383857,Panadería y Pastelería,Pan tostado y rallado,,Mini tostas de trigo integrales Minigrill extra finas,2020-08-01 16:00:00
383898,Panadería y Pastelería,Picos rosquilletas y picatostes,,Palitos de pan con sabor a sobrasada Anitin,2020-08-01 16:00:00
384007,Platos Preparados,Pizzas,,Bases de pizza sin gluten sin lactosa ultracongeladas,2020-08-01 16:00:00
384329,Otros,Melocoton y pina,,Zumo de melocotón y uva,2020-08-01 16:00:00
384392,Despensa,Aceite vinagre y sal,,Crema de vinagre balsámico de Módena,2020-08-02 04:00:00
384397,Despensa,Aceite vinagre y sal,,"Aceite de oliva, vinagre y sal Merry",2020-08-02 04:00:00
384506,Despensa,Otras salsas,,Tomate frito sin azúcares añadidos,2020-08-02 04:00:00
384540,Despensa,Otras salsas,,Salsa miel y mostaza,2020-08-02 04:00:00
384650,Bebidas,Refresco de cola,,Refresco cola,2020-08-02 04:00:00
384697,Bebidas,Refresco de naranja y de limon,,Refresco de limón zero azúcar fresh gas,2020-08-02 04:00:00
384818,Despensa,Aceitunas y encurtidos,,Banderillas dulces en vinagre,2020-08-02 04:00:00
384865,Frescos,Frutos secos y fruta desecada,Hacendado,Semillas chía,2020-08-02 04:00:00
384947,Aperitivos,Patatas fritas y snacks,,Bombitas de maíz sabor mantequilla,2020-08-02 04:00:00
385017,Despensa,Pasta y fideos,,Pasta estrellas,2020-08-02 04:00:00
385026,Despensa,Pasta y fideos,,Fideo sin gluten con quinoa Felicia,2020-08-02 04:00:00
385105,Desayuno y Dulces,Azucar y edulcorante,,Edulcorante granulado aspartamo,2020-08-02 04:00:00
385110,Desayuno y Dulces,Chicles y caramelos,,Chicle menta fuerte gragea,2020-08-02 04:00:00
385271,Desayuno y Dulces,Mermelada y miel,,Mermelada de melocotón,2020-08-02 04:00:00
385332,Bebé,Alimentacion infantil,,Yogur líquido infantil con cereales y miel Go-Lácteo +8 meses,2020-08-02 04:00:00
385404,Bebé,Biberon chupete y menaje,,Mordedor silicona,2020-08-02 04:00:00
385574,Bodega,Cerveza,,Bebida cider con gas Wild panther sabor a mora,2020-08-02 04:00:00
385631,Bodega,Licores,,Ron añejo Negrita,2020-08-02 04:00:00
385667,Bodega,Licores,,Licor de limoncello Franzini,2020-08-02 04:00:00
385790,Bodega,Vino tinto,,Vino tinto D.O Rioja Cune crianza,2020-08-02 04:00:00
385810,Bodega,Vino tinto,,Vino tinto D.O Valencia Castillo de Liria,2020-08-02 04:00:00
385813,Bodega,Vino tinto,,Vino tinto D.O La Mancha Fidencio,2020-08-02 04:00:00
385834,Bodega,Vino tinto,,Vino tinto D.O Campo de Borja Borsao,2020-08-02 04:00:00
385849,Desayuno y Dulces,Cacao soluble y chocolate a la taza,,Cacao soluble instantáneo,2020-08-02 04:00:00
386091,Carnicería,Carne congelada,,Chuletas de cordero palo o riñonada congeladas,2020-08-02 04:00:00
386181,Carnicería,Hamburguesas y picadas,,Mini burgers de vacuno y cerdo,2020-08-02 04:00:00
386190,Carnicería,Hamburguesas y picadas,,Hamburguesa de vacuno congelada,2020-08-02 04:00:00
386285,Cuidado Personal,Neceseres,,Neceser Sporty mediano,2020-08-02 04:00:00
386312,Desayuno y Dulces,Cereales,,Barrita almendras y chocolate Enervit Sport,2020-08-02 04:00:00
386351,Desayuno y Dulces,Galletas,,Galletas mini caritas con crema de cacao,2020-08-02 04:00:00
386429,Carnicería,Aves y jamon cocido,Hacendado,Cabeza de cerdo trufa con pistachos finas lonchas,2020-08-02 04:00:00
386803,Congelados,Helados,,Helado crocan choc vainilla con lengua sabor chocolate,2020-08-02 04:00:00
386828,Congelados,Helados,,Helado lima limón,2020-08-02 04:00:00
387235,Despensa,Gazpacho y cremas,,Salmorejo fresco,2020-08-02 04:00:00
387428,Cuidado Personal,Coloracion cabello,,Coloración sin amoníaco L'Oréal 634 castaño miel,2020-08-02 04:00:00
387494,Cuidado Personal,Coloracion cabello,,Coloración permanente sin amoníaco 6.0 rubio oscuro,2020-08-02 04:00:00
387700,Otros,Cuidado corporal,,Toallitas desmaquillantes cara y ojos piel seca y sensible,2020-08-02 04:00:00
387709,Cuidado Personal,Cuidado e higiene facial,,Discos desmaquillantes redondos,2020-08-02 04:00:00
387881,Cuidado Personal,Desodorante,,Desodorante original Heno de Pravia,2020-08-02 04:00:00
387889,Cuidado Personal,Desodorante,,Polvos desodorantes para pies,2020-08-02 04:00:00
388070,Cuidado Personal,Higiene intima,,Protegeslip maxi Cotton,2020-08-02 04:00:00
388174,Cuidado Personal,Neceseres,,Neceser dinosaurio grande con asas,2020-08-02 04:00:00
388251,Cuidado Personal,Perfume y colonia,,Eau de toilette mujer Soplo,2020-08-02 04:00:00
388346,Cuidado Personal,Perfume y colonia,,Lote hombre Adidas duplo,2020-08-02 04:00:00
388348,Cuidado Personal,Perfume y colonia,,Lote hombre Brummel,2020-08-02 04:00:00
388442,Salud,Fitoterapia,,Polen,2020-08-02 04:00:00
388473,Salud,Parafarmacia,,Gel de manos higienizante sin aclarado 70% alcohol,2020-08-02 04:00:00
388499,Salud,Parafarmacia,,Preservativos fun On colores y aromas,2020-08-02 04:00:00
388545,Frescos,Fruta,,Ciruelas rojas mini,2020-08-02 04:00:00
388589,Frescos,Verdura,,Ajos morados,2020-08-02 04:00:00
388609,Frescos,Verdura,,Tomates en rama,2020-08-02 04:00:00
388632,Frescos,Verdura,,Champiñón pequeño,2020-08-02 04:00:00
388763,Lácteos y Huevos,Leche y bebidas vegetales,,Bebida de arroz Alitey,2020-08-02 04:00:00
388783,Lácteos y Huevos,Leche y bebidas vegetales,,Bebida de arroz y coco,2020-08-02 04:00:00
388793,Lácteos y Huevos,Leche y bebidas vegetales,,Batido de chocolate 90% leche,2020-08-02 04:00:00
388895,Limpieza y Hogar,Detergente y suavizante ropa,,Detergente ropa blanca y de color en polvo,2020-08-02 04:00:00
389020,Limpieza y Hogar,Insecticida y ambientador,,Ambientador eléctrico jardín 6 fragancias,2020-08-02 04:00:00
389058,Limpieza y Hogar,Insecticida y ambientador,Flor,Vela perfumada de vainilla,2020-08-02 04:00:00
389092,Limpieza y Hogar,Lejia y liquidos fuertes,,Cloro rápido granulado para piscina,2020-08-02 04:00:00
389141,Limpieza y Hogar,Limpieza bano y wc,,Gel WC spa,2020-08-02 04:00:00
389193,Limpieza y Hogar,Limpieza muebles y multiusos,,Blanqueador de juntas,2020-08-02 04:00:00
389224,Limpieza y Hogar,Limpieza vajilla,,Ambientador lavavajillas limón,2020-08-02 04:00:00
389248,Despensa,Menaje y conservacion de alimentos,,Papel vegetal,2020-08-02 04:00:00
389668,Maquillaje,Pinceles y brochas,,Pincel colorete,2020-08-02 04:00:00
389835,Pescadería,Pescado fresco,,Dorada abierta en libro sin cabeza y sin espina,2020-08-02 04:00:00
390098,Panadería y Pastelería,Bolleria envasada,,Magdalenas con crema de cacao,2020-08-02 04:00:00
390125,Panadería y Pastelería,Bolleria envasada,,Bracito,2020-08-02 04:00:00
390151,Panadería y Pastelería,Harina y preparado reposteria,,Harina fina de maíz,2020-08-02 04:00:00
390192,Panadería y Pastelería,Harina y preparado reposteria,,Masa de hojaldre sin gluten,2020-08-02 04:00:00
390297,Panadería y Pastelería,Pan tostado y rallado,,Pan tostado con tomate,2020-08-02 04:00:00
390408,Otros,Velas y decoracion,,Almendra laminada,2020-08-02 04:00:00
390567,Lácteos y Huevos,Bifidus,,Bífidus cremoso sabor frutos silvestres,2020-08-02 04:00:00
390755,Frescos,Fruta variada,Hacendado,Fruta + leche melón y sandía,2020-08-02 04:00:00
390927,Despensa,Mayonesa ketchup y mostaza,,Mayonesa Musa,2020-08-02 16:00:00
391088,Bebidas,Refresco de cola,,Refresco,2020-08-02 16:00:00
391197,Bebidas,Refresco de te y sin gas,,Refresco té sabor limón cero,2020-08-02 16:00:00
391222,Bebidas,Refresco de te y sin gas,,Refresco de limón sin gas,2020-08-02 16:00:00
391319,Frescos,Frutos secos y fruta desecada,Hacendado,Semillas lino dorado,2020-08-02 16:00:00
391677,Desayuno y Dulces,Chocolate,,Crema al cacao con avellanas de 2 sabores,2020-08-02 16:00:00
391871,Cuidado Personal,Higiene y cuidado,,Agua de colonia bebé,2020-08-02 16:00:00
391932,Bodega,Cerveza,,Cerveza doble malta Voll-Damm,2020-08-02 16:00:00
392122,Bodega,Licores,,Pacharán Gure,2020-08-02 16:00:00
392203,Bodega,Vino blanco,,Vino dulce Pedro Ximénez Real Tesoro D.O Jerez de la frontera,2020-08-02 16:00:00
392253,Bodega,Vino tinto,,Vino tinto D.O Utiel-Requena Enterizo,2020-08-02 16:00:00
392404,Bebidas Calientes,Cafe soluble y otras bebidas,,Filtros de café para cafeteras tamaño 2 y 4,2020-08-02 16:00:00
392415,Bebidas Calientes,Te e infusiones,,Té matcha en polvo,2020-08-02 16:00:00
392519,Carnicería,Aves y pollo,,Sangre hervida de pollo,2020-08-02 16:00:00
392656,Carnicería,Vacuno,,Entrecot de vacuno fino añojo,2020-08-02 16:00:00
392664,Carnicería,Vacuno,,Entrecot de vacuno angus,2020-08-02 16:00:00
392686,Carnicería,Empanados y elaborados,,Chuletas de pavo al ajillo,2020-08-02 16:00:00
392913,Charcutería y Quesos,Bacon y salchichas,,Salchichas cocidas bocata queso,2020-08-02 16:00:00
392987,Charcutería y Quesos,Embutido curado,,Morcón ibérico La Hacienda del ibérico,2020-08-02 16:00:00
393208,Carnicería,Carne,Hacendado,Croquetas de pollo ultracongeladas,2020-08-02 16:00:00
393232,Carnicería,Carne,,Hamburguesas de vacuno congeladas,2020-08-02 16:00:00
393457,Panadería y Pastelería,Tartas y churros,,Trenza hojaldre de mantequilla congelada,2020-08-02 16:00:00
393495,Frescos,Verdura,Hacendado,Salteado de verduras asadas ultracongeladas,2020-08-02 16:00:00
393615,Frescos,Conservas de verdura y frutas,Hacendado,Champiñón entero,2020-08-02 16:00:00
393685,Despensa,Gazpacho y cremas,,Salmorejo fresco,2020-08-02 16:00:00
393734,Despensa,Tomate,,Tomate triturado,2020-08-02 16:00:00
393750,Despensa,Tomate,,Tomate para untar con aceite de oliva,2020-08-02 16:00:00
393877,Cuidado Personal,Coloracion cabello,,Coloración sin amoníaco L'Oréal 400 castaño,2020-08-02 16:00:00
393943,Cuidado Personal,Coloracion cabello,,Coloración permanente L'Oréal 9.1 rubio claro claro ceniza,2020-08-02 16:00:00
394132,Otros,Cuidado corporal,Flor,Crema de manos de Japón,2020-08-02 16:00:00
394297,Cuidado Personal,Desodorante,,Desodorante roll-on hombre invisible antimanchas,2020-08-02 16:00:00
394312,Cuidado Personal,Desodorante,,Desodorante invisible ice fresh Men,2020-08-02 16:00:00
394424,Cuidado Personal,Higiene bucal,,Dentífrico menta fresca Licor del Polo 2 en 1,2020-08-02 16:00:00
394619,Cuidado Personal,Neceseres,,Neceser Mickey grande con asas,2020-08-02 16:00:00
394729,Cuidado Personal,Perfume y colonia,,Lote mujer Agua de Sevilla,2020-08-02 16:00:00
394847,Cuidado Personal,Protector solar y aftersun,,Stick protector solar transparente FPS 50+,2020-08-02 16:00:00
394856,Cuidado Personal,Protector solar y aftersun,,Crema protección solar rostro y labios Sun Med FPS 30,2020-08-02 16:00:00
394867,Cuidado Personal,Protector solar y aftersun,,Aftersun leche corporal Ecran,2020-08-02 16:00:00
394879,Salud,Fitoterapia,,Ampollas lipo reductor,2020-08-02 16:00:00
394923,Salud,Parafarmacia,,Povidona yodada,2020-08-02 16:00:00
394964,Frescos,Fruta,,Manzana golden,2020-08-02 16:00:00
395019,Frescos,Lechuga y ensalada preparada,,Escarola rizada,2020-08-02 16:00:00
395032,Frescos,Verdura,,Patatas,2020-08-02 16:00:00
395122,Frescos,Verdura,,Mix de verduras paisana,2020-08-02 16:00:00
395166,Lácteos y Huevos,Leche y bebidas vegetales,,Leche desnatada,2020-08-02 16:00:00
395190,Lácteos y Huevos,Leche y bebidas vegetales,,Leche entera,2020-08-02 16:00:00
395582,Limpieza y Hogar,Limpiahogar y friegasuelos,,Limpiahogar con lejía en gel,2020-08-02 16:00:00
395741,Despensa,Menaje y conservacion de alimentos,,Encendedor cocina largo Clipper,2020-08-02 16:00:00
395893,Maquillaje,Bases de maquillaje y corrector,,Maquillaje fluido face finity 75 golden,2020-08-02 16:00:00
395902,Maquillaje,Bases de maquillaje y corrector,,Maquillaje fluido perfección satin 02,2020-08-02 16:00:00
396207,Pescadería,Pescado congelado,Hacendado,Filetes de merluza del cabo grandes sin piel ultracongelados,2020-08-02 16:00:00
396373,Mascotas,Gato,,Gelatina gato selección de pescados,2020-08-02 16:00:00
396383,Mascotas,Gato,,Comida gato adulto con ternera y verduras,2020-08-02 16:00:00
396399,Mascotas,Gato,,Arena para gato antibacterias Nuske perfumada,2020-08-02 16:00:00
396468,Mascotas,Perro,,Snack perro huesitos júnior con leche,2020-08-02 16:00:00
396597,Panadería y Pastelería,Bolleria envasada,,Rosquillas al cacao,2020-08-02 16:00:00
396844,Otros,Velas y decoracion,,Vela de cumpleaños 4,2020-08-02 16:00:00
396867,Platos Preparados,Pizzas,,Pizza jamón y queso,2020-08-02 16:00:00
396885,Platos Preparados,Pizzas,,Pizza pollo y bacón,2020-08-02 16:00:00
397026,Lácteos y Huevos,Bifidus,,Bífidus natural,2020-08-02 16:00:00
397225,Otros,Melocoton y pina,,Zumo de melocotón y uva,2020-08-02 16:00:00
397263,Despensa,Tomate y otros sabores,,Zumo de pomelo,2020-08-02 16:00:00
397272,Despensa,Aceite vinagre y sal,,Aceite de oliva 1º,2020-08-03 04:00:00
397288,Despensa,Aceite vinagre y sal,,Crema de vinagre balsámico de Módena,2020-08-03 04:00:00
397472,Bebidas,Agua,,Agua mineral pequeña tapón infantil,2020-08-03 04:00:00
397656,Bebidas,Refresco de te y sin gas,,Refresco té con limón para diluir,2020-08-03 04:00:00
397676,Bebidas,Refresco de te y sin gas,,Agua de coco Chaokoh 100% natural,2020-08-03 04:00:00
397756,Frescos,Frutos secos y fruta desecada,Hacendado,Pipas calabaza natural,2020-08-03 04:00:00
397859,Aperitivos,Patatas fritas y snacks,,Stars de maíz sabor queso Tosfrit,2020-08-03 04:00:00
397903,Despensa,Legumbres,,Lenteja rápida,2020-08-03 04:00:00
398021,Desayuno y Dulces,Chicles y caramelos,,Caramelos eucaliptus mentol Respiral Halls,2020-08-03 04:00:00
398069,Desayuno y Dulces,Chocolate,,Chocolate con leche Milka caramelo,2020-08-03 04:00:00
398207,Bebé,Alimentacion infantil,,Papilla fruta variada +6 meses,2020-08-03 04:00:00
398246,Bebé,Alimentacion infantil,,Leche para lactantes en polvo 1 Nativa,2020-08-03 04:00:00
398338,Panadería y Pastelería,Toallitas y panales,,Toallitas bebé frescas & perfumadas,2020-08-03 04:00:00
398343,Panadería y Pastelería,Toallitas y panales,,Toallitas bebé cremosas,2020-08-03 04:00:00
398463,Bodega,Cerveza,,Cerveza con sabor a tequila 1897,2020-08-03 04:00:00
398469,Bodega,Cerveza,,Bebida cider con gas Wild panther sabor a mora,2020-08-03 04:00:00
398631,Bodega,Vino blanco,,Vino blanco Chardonnay Indómito,2020-08-03 04:00:00
398764,Bebidas Calientes,Cafe capsula y monodosis,,Café en cápsula descafeinado ristretto L'Or Espresso,2020-08-03 04:00:00
398775,Bebidas Calientes,Cafe capsula y monodosis,,Café en cápsula ristretto ardenza Dolce Gusto,2020-08-03 04:00:00
398858,Bebidas Calientes,Te e infusiones,,Té Chai,2020-08-03 04:00:00
398865,Bebidas Calientes,Te e infusiones,,Té matcha en polvo,2020-08-03 04:00:00
398991,Carnicería,Carne congelada,,Lomo de vacuno congelado,2020-08-03 04:00:00
399071,Carnicería,Hamburguesas y picadas,,Burger de vacuno y cerdo,2020-08-03 04:00:00
399423,Charcutería y Quesos,Embutido curado,,Chorizo de Tarancón Bricio,2020-08-03 04:00:00
399515,Charcutería y Quesos,Queso curado semicurado y tierno,,Queso oveja viejo,2020-08-03 04:00:00
399585,Charcutería y Quesos,Queso untable y fresco,,Queso untar suave blanco pasteurizado,2020-08-03 04:00:00
399766,Pescadería,Marisco,Hacendado,Preparado de paella y sopa ultracongelado,2020-08-03 04:00:00
399767,Pescadería,Marisco,Pescanova,Tronquitos de surimi ultracongelados,2020-08-03 04:00:00
399803,Pescadería,Marisco,Hacendado,Cigala grande ultracongelada,2020-08-03 04:00:00
400100,Frescos,Conservas de verdura y frutas,Hacendado,Piña en su jugo rodaja mediana,2020-08-03 04:00:00
400179,Despensa,Tomate,,Tomate triturado,2020-08-03 04:00:00
400507,Cuidado Personal,Afeitado y cuidado para hombre,,Maquinilla de afeitar Fusion proshield,2020-08-03 04:00:00
400536,Otros,Cuidado corporal,,Crema corporal,2020-08-03 04:00:00
400769,Cuidado Personal,Desodorante,,Desodorante dermo invisible,2020-08-03 04:00:00
400829,Cuidado Personal,Gel y jabon de manos,,Esponja de baño suave,2020-08-03 04:00:00
400843,Cuidado Personal,Higiene bucal,,Dentífrico original Binaca,2020-08-03 04:00:00
400877,Cuidado Personal,Higiene bucal,,Cepillo dental medio todo en uno,2020-08-03 04:00:00
401063,Cuidado Personal,Neceseres,,Neceser Santoro pequeño,2020-08-03 04:00:00
401111,Cuidado Personal,Perfume y colonia,,Eau de toilette mujer Vuela,2020-08-03 04:00:00
401403,Frescos,Fruta,,Plátano macho,2020-08-03 04:00:00
401627,Lácteos y Huevos,Leche y bebidas vegetales,,Leche desnatada,2020-08-03 04:00:00
401642,Lácteos y Huevos,Leche y bebidas vegetales,,Leche entera,2020-08-03 04:00:00
401658,Lácteos y Huevos,Leche y bebidas vegetales,,Bebida de soja calcio,2020-08-03 04:00:00
401854,Limpieza y Hogar,Estropajo bayeta y guantes,,Estropajo baño,2020-08-03 04:00:00
401948,Limpieza y Hogar,Insecticida y ambientador,,Ambientador perlas lima,2020-08-03 04:00:00
401962,Limpieza y Hogar,Insecticida y ambientador,,Barras de incienso Sonata aroma jazmín,2020-08-03 04:00:00
402175,Despensa,Menaje y conservacion de alimentos,,Brochetas de madera,2020-08-03 04:00:00
402206,Limpieza y Hogar,Papel higienico y celulosa,,Papel hogar compacto absorbente,2020-08-03 04:00:00
402285,Limpieza y Hogar,Utensilios de limpieza y calzado,,Cubo de basura pequeño 10L con pedal,2020-08-03 04:00:00
402330,Limpieza y Hogar,Utensilios de limpieza y calzado,,Plantillas invierno talla 22-46,2020-08-03 04:00:00
402372,Maquillaje,Bases de maquillaje y corrector,,Maquillaje fluido natural radiante 04,2020-08-03 04:00:00
402423,Maquillaje,Colorete y polvos,,Iluminador facial Bom Bom creamy 03,2020-08-03 04:00:00
402499,Maquillaje,Labios,,Pintalabios mate 16,2020-08-03 04:00:00
402674,Pescadería,Pescado congelado,Hacendado,Langostino caballitos rebozados ultracongelados,2020-08-03 04:00:00
402785,Pescadería,Sushi,,California rolls crunch de surimi,2020-08-03 04:00:00
402801,Pescadería,Sushi,,Wasabi,2020-08-03 04:00:00
402914,Mascotas,Perro,,Snack perro corazones,2020-08-03 04:00:00
402935,Mascotas,Pez y otros,,Comida peces tropicales Dr. Wu Tetra,2020-08-03 04:00:00
403094,Panadería y Pastelería,Harina y preparado reposteria,,Preparado gelatina limón,2020-08-03 04:00:00
403255,Panadería y Pastelería,Picos rosquilletas y picatostes,,Picatostes fritos,2020-08-03 04:00:00
403314,Otros,Velas y decoracion,,Almendra laminada,2020-08-03 04:00:00
403320,Platos Preparados,Pizzas,,Pizza jamón y queso,2020-08-03 04:00:00
403399,Platos Preparados,Platos preparados calientes,,Fideos orientales Yakisoba classic Maggi,2020-08-03 04:00:00
403650,Lácteos y Huevos,Yogures y postres infantiles,,Yogur infantil cremoso de fresa Go-Lácteo +8 meses,2020-08-03 04:00:00
403727,Despensa,Aceite vinagre y sal,,Aceite de oliva 1º,2020-08-03 16:00:00
403898,Despensa,Otras salsas,,Salsa de trufas,2020-08-03 16:00:00
403921,Bebidas,Agua,,Agua mineral grande,2020-08-03 16:00:00
404003,Bebidas,Refresco de cola,,Refresco Zero azúcar,2020-08-03 16:00:00
404087,Bebidas,Tonica y bitter,,Tónica pink,2020-08-03 16:00:00
404204,Frescos,Frutos secos y fruta desecada,Hacendado,Maíz frito gigante,2020-08-03 16:00:00
404534,Desayuno y Dulces,Chocolate,,Chocolate con leche Crunchie Rocks Cadbury con copos de maíz y trozos de caramelo,2020-08-03 16:00:00
404560,Desayuno y Dulces,Chocolate,,Huevo de chocolate,2020-08-03 16:00:00
404746,Bebé,Biberon chupete y menaje,,Chupete látex anatómico +18 meses,2020-08-03 16:00:00
404766,Cuidado Personal,Higiene y cuidado,,Pomada del pañal sin perfume,2020-08-03 16:00:00
404778,Cuidado Personal,Higiene y cuidado,,"Solución fisiológica salina 0,9 %",2020-08-03 16:00:00
404862,Bodega,Cerveza,,Cerveza reserva,2020-08-03 16:00:00
404897,Bodega,Cerveza,,Cerveza suave Budweiser,2020-08-03 16:00:00
404955,Bodega,Licores,,Brandy de Jerez solera reserva Magno,2020-08-03 16:00:00
405002,Bodega,Licores,,Bebida espirituosa a base de vodka Knebep violeta,2020-08-03 16:00:00
405004,Bodega,Licores,,Vodka premium Vladonof,2020-08-03 16:00:00
405099,Bodega,Vino blanco,,Vino blanco semidulce Diamante D.O Rioja,2020-08-03 16:00:00
405221,Bebidas Calientes,Cafe capsula y monodosis,,Café en cápsula Colombia L'Or Espresso,2020-08-03 16:00:00
405353,Otros,Arreglos,,Pelota de cerdo,2020-08-03 16:00:00
405655,Desayuno y Dulces,Cereales,,Barrita con proteínas Enervit Sport sabor coco y chocolate,2020-08-03 16:00:00
405667,Desayuno y Dulces,Galletas,,Galletas Minis,2020-08-03 16:00:00
405708,Desayuno y Dulces,Galletas,,Barquillos rellenos sabor nata,2020-08-03 16:00:00
405728,Desayuno y Dulces,Galletas,,Chocolate con leche Crunchie Rocks Cadbury con copos de maíz y trozos de caramelo,2020-08-03 16:00:00
405961,Charcutería y Quesos,Queso curado semicurado y tierno,,Queso oveja viejo,2020-08-03 16:00:00
405963,Charcutería y Quesos,Queso curado semicurado y tierno,,Queso oveja curado,2020-08-03 16:00:00
406297,Pescadería,Pescado,Hacendado,Varitas de merluza empanadas ultracongeladas,2020-08-03 16:00:00
406421,Frescos,Verdura,,Wok de verduras asiático Paissano ultracongelado,2020-08-03 16:00:00
406672,Cuidado Personal,Acondicionador y mascarilla,,Mascarilla cabello encrespado liso & sedoso,2020-08-03 16:00:00
406701,Cuidado Personal,Champu,,Champú Color Intense cabello teñido o con mechas,2020-08-03 16:00:00
406812,Cuidado Personal,Coloracion cabello,,Coloración permanente 9.3 rubio clarísimo dorado,2020-08-03 16:00:00
406817,Cuidado Personal,Coloracion cabello,,Coloración permanente 6.0 rubio oscuro,2020-08-03 16:00:00
406982,Cuidado Personal,Afeitado y cuidado para hombre,,Roll-on ojos anti-bolsas y ojeras L'Oréal men expert Hydra energetic,2020-08-03 16:00:00
407148,Cuidado Personal,Depilacion,,Crema depilatoria facial apta para piel sensible,2020-08-03 16:00:00
407216,Cuidado Personal,Desodorante,,Desodorante invisible black & white Men,2020-08-03 16:00:00
407234,Cuidado Personal,Desodorante,,Desodorante zero limits antimanchas,2020-08-03 16:00:00
407236,Cuidado Personal,Desodorante,,Polvos desodorantes para pies,2020-08-03 16:00:00
407297,Cuidado Personal,Higiene bucal,,Dentífrico protección caries,2020-08-03 16:00:00
407303,Cuidado Personal,Higiene bucal,,Dentífrico herbal original,2020-08-03 16:00:00
407389,Cuidado Personal,Higiene intima,,Compresa sin alas super Suave,2020-08-03 16:00:00
407489,Cuidado Personal,Manicura y pedicura,,Laca de uñas Glitter 941 rosa,2020-08-03 16:00:00
407582,Cuidado Personal,Perfume y colonia,,Eau de toilette mujer Como tú Fantasía,2020-08-03 16:00:00
407585,Cuidado Personal,Perfume y colonia,,Fragancia manzana Monogotas,2020-08-03 16:00:00
407931,Frescos,Lechuga y ensalada preparada,,Escarola rizada base para ensalada,2020-08-03 16:00:00
407953,Frescos,Verdura,,Ajos morados,2020-08-03 16:00:00
408030,Frescos,Verdura,,Patata para micro,2020-08-03 16:00:00
408033,Lácteos y Huevos,Huevos,,Huevos super grandes XL,2020-08-03 16:00:00
408391,Limpieza y Hogar,Insecticida y ambientador,,Ambientador varitas bambú,2020-08-03 16:00:00
408493,Limpieza y Hogar,Limpieza bano y wc,,Colgador WC azul efecto lejía,2020-08-03 16:00:00
408504,Limpieza y Hogar,Limpieza bano y wc,,Limpiador ducha,2020-08-03 16:00:00
408515,Limpieza y Hogar,Limpieza cocina,,Quitagrasas KH-7,2020-08-03 16:00:00
408541,Limpieza y Hogar,Limpieza muebles y multiusos,,Multiusos desinfectante antibacterias,2020-08-03 16:00:00
408573,Limpieza y Hogar,Limpieza vajilla,,Sal lavavajillas en pastillas,2020-08-03 16:00:00
408744,Limpieza y Hogar,Utensilios de limpieza y calzado,,Cepillo de ropa,2020-08-03 16:00:00
408873,Maquillaje,Colorete y polvos,,Polvo compacto balm me 01 arena,2020-08-03 16:00:00
408898,Maquillaje,Labios,,Pintalabios color fix 04,2020-08-03 16:00:00
409037,Pescadería,Marisco,,Langostino cocido,2020-08-03 16:00:00
409172,Pescadería,Pescado en bandeja,,Filete de atún,2020-08-03 16:00:00
409197,Pescadería,Pescado fresco,,Lubina a filetes sin cabeza y sin espina,2020-08-03 16:00:00
409218,Pescadería,Pescado fresco,,Rodaballo a filetes,2020-08-03 16:00:00
409242,Pescadería,Sushi,,California rolls sin pescado crudo,2020-08-03 16:00:00
409335,Mascotas,Perro,,Comida cachorros junior con pollo y arroz,2020-08-03 16:00:00
409358,Mascotas,Perro,,Stick dental para perro con menta,2020-08-03 16:00:00
409362,Mascotas,Perro,,Champú perro con aloe vera Krislin,2020-08-03 16:00:00
409367,Mascotas,Perro,,Pipetas anti-insectos para perro Krislin,2020-08-03 16:00:00
409506,Panadería y Pastelería,Harina y preparado reposteria,,Harina de maíz blanco precocida,2020-08-03 16:00:00
409526,Panadería y Pastelería,Harina y preparado reposteria,,Gotas de chocolate para fundir,2020-08-03 16:00:00
409527,Panadería y Pastelería,Harina y preparado reposteria,,Preparado en polvo flan,2020-08-03 16:00:00
409586,Panadería y Pastelería,Pan de horno,,6 Panes pulguitas sin aditivos,2020-08-03 16:00:00
409668,Panadería y Pastelería,Pan tostado y rallado,,Pan rallado con ajo y perejil,2020-08-03 16:00:00
409877,Platos Preparados,Platos preparados calientes,,Alubias con tomate,2020-08-03 16:00:00
409910,Otros,Platos preparados frios,,Tabulé oriental,2020-08-03 16:00:00
410004,Lácteos y Huevos,Yogures griegos,,Yogur griego natural azucarado,2020-08-03 16:00:00
410096,Lácteos y Huevos,Yogures y postres infantiles,,Postre lácteo infantil de fresa Yogolino +8 meses,2020-08-03 16:00:00
410725,Aperitivos,Patatas fritas y snacks,,Patatas fritas onduladas Munchos sabor queso,2020-08-04 04:00:00
410917,Desayuno y Dulces,Chicles y caramelos,,Chicle original sabor frutas gragea,2020-08-04 04:00:00
411026,Desayuno y Dulces,Chocolate,,Crema de cacao y avellanas Pralinutta,2020-08-04 04:00:00
411319,Bodega,Cerveza,,Cerveza Especial Steinburg,2020-08-04 04:00:00
411376,Bodega,Cerveza sin alcohol,,"Cerveza 0,0% sin alcohol",2020-08-04 04:00:00
411380,Bodega,Cerveza sin alcohol,,"Cerveza de trigo 0,0% sin alcohol Holland Bavaria",2020-08-04 04:00:00
411429,Bodega,Licores,,Whisky escocés William Lawson's,2020-08-04 04:00:00
411535,Bodega,Vino blanco,,Vino blanco tierra de Cádiz Barbadillo cosecha,2020-08-04 04:00:00
411643,Bodega,Vino tinto,,Vino tinto D.O Toro Arribeño joven,2020-08-04 04:00:00
411821,Otros,Arreglos,,Hueso blanco de cerdo salado,2020-08-04 04:00:00
411886,Carnicería,Carne congelada,,Alas de pollo congeladas,2020-08-04 04:00:00
412025,Carnicería,Empanados y elaborados,,Flautas de pollo y queso,2020-08-04 04:00:00
412058,Desayuno y Dulces,Cereales,,Mini cereales rellenos de chocolate y avellanas,2020-08-04 04:00:00
412062,Desayuno y Dulces,Cereales,,Copos de maíz Corn Flakes Kellogg's,2020-08-04 04:00:00
412154,Desayuno y Dulces,Galletas,,Bizcochitos Lulu el osito,2020-08-04 04:00:00
412264,Charcutería y Quesos,Bacon y salchichas,,Salchichas cocidas estilo Viena,2020-08-04 04:00:00
412355,Charcutería y Quesos,Jamon serrano,,Taquitos de jamón,2020-08-04 04:00:00
412494,Charcutería y Quesos,Queso untable y fresco,,Queso untar con finas hierbas blanco pasteurizado,2020-08-04 04:00:00
412607,Congelados,Helados,,"Helado espiral vainilla, naranja y fresa",2020-08-04 04:00:00
412667,Congelados,Hielo,,Cubos de hielo,2020-08-04 04:00:00
412780,Platos Preparados,Pizzas,,Pizza 4 quesos sin gluten y sin lactosa ultracongelada,2020-08-04 04:00:00
412878,Frescos,Verdura,Hacendado,Acelga hoja en porciones ultracongelada,2020-08-04 04:00:00
412978,Frescos,Conservas de verdura y frutas,Hacendado,Corazones de alcachofa,2020-08-04 04:00:00
413246,Cuidado Personal,Coloracion cabello,,Coloración sin amoníaco L'Oréal 316 violín,2020-08-04 04:00:00
413328,Cuidado Personal,Fijacion cabello,,Espuma extra fuerte todo tipo de cabello fijación 4,2020-08-04 04:00:00
413489,Otros,Cuidado corporal,,Crema de manos Karité,2020-08-04 04:00:00
413595,Cuidado Personal,Cuidado e higiene facial,,Sérum de pestañas cuida y protege,2020-08-04 04:00:00
413730,Cuidado Personal,Gel y jabon de manos,,Jabón de manos natural de glicerina líquido,2020-08-04 04:00:00
413784,Cuidado Personal,Higiene bucal,,Cepillo dental medio,2020-08-04 04:00:00
414067,Cuidado Personal,Perfume y colonia,,Lote mujer Elección,2020-08-04 04:00:00
414142,Cuidado Personal,Perfume y colonia,,Lote hombre Misty Wood Esencia vital,2020-08-04 04:00:00
414300,Salud,Parafarmacia,,Gel de manos higienizante P Beauty Everyday hidroalcohólico,2020-08-04 04:00:00
414476,Frescos,Verdura,,Chirivía,2020-08-04 04:00:00
414527,Lácteos y Huevos,Leche y bebidas vegetales,,Leche desnatada calcio,2020-08-04 04:00:00
414546,Lácteos y Huevos,Leche y bebidas vegetales,,Leche desnatada alta en proteínas,2020-08-04 04:00:00
414554,Lácteos y Huevos,Leche y bebidas vegetales,,Leche entera,2020-08-04 04:00:00
414690,Limpieza y Hogar,Detergente y suavizante ropa,,Detergente ropa crema prendas delicadas líquido concentrado,2020-08-04 04:00:00
414693,Limpieza y Hogar,Detergente y suavizante ropa,Vernel,Detergente ropa frescor Express líquido,2020-08-04 04:00:00
414772,Limpieza y Hogar,Estropajo bayeta y guantes,,Bayeta polvo microfibra,2020-08-04 04:00:00
414777,Limpieza y Hogar,Estropajo bayeta y guantes,,Guantes de látex talla grande,2020-08-04 04:00:00
414992,Limpieza y Hogar,Limpieza muebles y multiusos,,Vinagre de limpieza concentrado,2020-08-04 04:00:00
415075,Despensa,Menaje y conservacion de alimentos,,Mantel de papel blanco Papermon,2020-08-04 04:00:00
415125,Limpieza y Hogar,Papel higienico y celulosa,,Pañuelos de papel mentol,2020-08-04 04:00:00
415177,Limpieza y Hogar,Utensilios de limpieza y calzado,,Recogedor de mano con cepillo,2020-08-04 04:00:00
415226,Limpieza y Hogar,Utensilios de limpieza y calzado,,Cordones marrones calzado sport,2020-08-04 04:00:00
415413,Maquillaje,Ojos,,Perfilador de ojos 02 marrón,2020-08-04 04:00:00
415434,Maquillaje,Ojos,,Perfilador de ojos Beauty Eyes 302 turquesa,2020-08-04 04:00:00
415437,Maquillaje,Ojos,,Máscara de pestañas maxi volumen negro,2020-08-04 04:00:00
415530,Pescadería,Marisco,,Berberechos,2020-08-04 04:00:00
415839,Mascotas,Pez y otros,,Barritas para canarios de huevo Natura,2020-08-04 04:00:00
415915,Panadería y Pastelería,Bolleria envasada,,Tortas de anís,2020-08-04 04:00:00
415922,Panadería y Pastelería,Bolleria envasada,,Pastel marmolado,2020-08-04 04:00:00
416013,Panadería y Pastelería,Harina y preparado reposteria,,Masa filo,2020-08-04 04:00:00
416083,Panadería y Pastelería,Pan de molde y otras especialidades,,Pan de molde con 30% avena,2020-08-04 04:00:00
416133,Panadería y Pastelería,Pan tostado y rallado,,Crackers con sal Galbusera,2020-08-04 04:00:00
416246,Platos Preparados,Pizzas,,Pizza margarita,2020-08-04 04:00:00
416311,Platos Preparados,Platos preparados calientes,,Fideos orientales Yakisoba sabor pollo,2020-08-04 04:00:00
416368,Otros,Platos preparados frios,,Hummus de aguacate,2020-08-04 04:00:00
416398,Lácteos y Huevos,Flan y natillas,,Flan de queso,2020-08-04 04:00:00
416400,Lácteos y Huevos,Flan y natillas,,Natillas sabor vainilla,2020-08-04 04:00:00
416532,Lácteos y Huevos,Yogures naturales y sabores,,Yogur sabor macedonia,2020-08-04 04:00:00
416656,Despensa,Aceite vinagre y sal,,"Aceite de oliva, vinagre y sal Merry",2020-08-04 16:00:00
416697,Despensa,Especias,,Piñones ibéricos,2020-08-04 16:00:00
416773,Despensa,Otras salsas,,Salsa fresca queso,2020-08-04 16:00:00
416851,Bebidas,Agua,,Gaseosa pequeña,2020-08-04 16:00:00
416870,Bebidas,Isotonico y energetico,,Bebida isotónica azul Powerade,2020-08-04 16:00:00
417608,Bebé,Alimentacion infantil,,Leche de continuación en polvo 2 Nativa,2020-08-04 16:00:00
417635,Bebé,Biberon chupete y menaje,,Biberón 360 ml tetina silicona papilla +4 meses,2020-08-04 16:00:00
417837,Bodega,Cerveza sin alcohol,,"Cerveza 0,0% sin alcohol Falke",2020-08-04 16:00:00
417869,Bodega,Licores,,Brandy de Jerez solera reserva Convidado de Baco,2020-08-04 16:00:00
417905,Bodega,Licores,,Crema di limoncello,2020-08-04 16:00:00
418004,Bodega,Vino blanco,,Vino blanco verdejo D.O Rueda Abadía Mantrús,2020-08-04 16:00:00
418538,Desayuno y Dulces,Cereales,,"Copos de arroz, trigo integral y cebada con chocolate",2020-08-04 16:00:00
418750,Charcutería y Quesos,Embutido curado,,Longaniza de payés lonchas,2020-08-04 16:00:00
418770,Charcutería y Quesos,Embutido curado,,Chorizo picante extra,2020-08-04 16:00:00
418840,Charcutería y Quesos,Pate y sobrasada,,Crema para untar fiambre de jamón york sabor ahumado,2020-08-04 16:00:00
418854,Charcutería y Quesos,Pate y sobrasada,,Paté de cerdo y pollo con trufa y arándanos,2020-08-04 16:00:00
419173,Pescadería,Pescado,Hacendado,Calamar limpio troceado congelado,2020-08-04 16:00:00
419337,Frescos,Verdura,,Patatas bravas ultracongeladas,2020-08-04 16:00:00
419397,Despensa,Berberechos y mejillones,,Berberechos al natural L,2020-08-04 16:00:00
419472,Frescos,Conservas de verdura y frutas,Hacendado,Frutas rojas en zumo de uva,2020-08-04 16:00:00
419598,Cuidado Personal,Acondicionador y mascarilla,,Sérum Anticaída Men,2020-08-04 16:00:00
419676,Cuidado Personal,Coloracion cabello,,Coloración permanente L'Oréal 5 castaño claro,2020-08-04 16:00:00
419696,Cuidado Personal,Coloracion cabello,,Coloración permanente L'Oréal 6.66 rojo escarlata intenso,2020-08-04 16:00:00
419849,Cuidado Personal,Afeitado y cuidado para hombre,,Espuma de afeitar piel normal con aloe vera y vitamina E,2020-08-04 16:00:00
419875,Cuidado Personal,Afeitado y cuidado para hombre,,Recambios maquinilla de afeitar Personna,2020-08-04 16:00:00
420039,Cuidado Personal,Cuidado e higiene facial,,Roll-on ojos todo en uno BB cream tono claro,2020-08-04 16:00:00
420083,Cuidado Personal,Depilacion,,Recambios maquinilla depilación Venus,2020-08-04 16:00:00
420155,Cuidado Personal,Gel y jabon de manos,,Gel de baño tiernos recuerdos piel normal,2020-08-04 16:00:00
420216,Cuidado Personal,Higiene bucal,,Dentífrico crema fluorada Kemphor original,2020-08-04 16:00:00
420261,Cuidado Personal,Higiene bucal,,Enjuague bucal white effect blanqueador,2020-08-04 16:00:00
420273,Cuidado Personal,Higiene bucal,,Enjuague bucal sensitive zero alcohol,2020-08-04 16:00:00
420302,Cuidado Personal,Higiene intima,,Compresa con alas normal Suave,2020-08-04 16:00:00
420303,Cuidado Personal,Higiene intima,,Compresa con alas normal Dry,2020-08-04 16:00:00
420503,Cuidado Personal,Perfume y colonia,,Eau de toilette mujer Simply flowers Azahar,2020-08-04 16:00:00
420536,Cuidado Personal,Perfume y colonia,,Lote mujer Victorio & Lucchino Viva!,2020-08-04 16:00:00
420614,Cuidado Personal,Perfume y colonia,,Lote hombre Antonio Banderas Power of Seduction,2020-08-04 16:00:00
420691,Salud,Fitoterapia,,Ampollas lipo reductor,2020-08-04 16:00:00
420951,Lácteos y Huevos,Huevos,,Huevos grandes L,2020-08-04 16:00:00
421001,Lácteos y Huevos,Leche y bebidas vegetales,,Bebida láctea desnatada omega 3,2020-08-04 16:00:00
421092,Lácteos y Huevos,Leche y bebidas vegetales,,Preparado lácteo crecimiento sabor a cereales Junior,2020-08-04 16:00:00
421143,Limpieza y Hogar,Detergente y suavizante ropa,,Detergente ropa de color líquido,2020-08-04 16:00:00
421265,Limpieza y Hogar,Insecticida y ambientador,,Raticida cebo fresco,2020-08-04 16:00:00
421290,Limpieza y Hogar,Insecticida y ambientador,Brise,Difusor ambientador eléctrico by con recambio,2020-08-04 16:00:00
421521,Despensa,Menaje y conservacion de alimentos,,Vaso grande para bebida fría,2020-08-04 16:00:00
421724,Maquillaje,Bases de maquillaje y corrector,,Maquillaje fluido lasting performance 108 honey beige,2020-08-04 16:00:00
422430,Panadería y Pastelería,Harina y preparado reposteria,,Preparado para bizcocho bolo sin gluten,2020-08-04 16:00:00
422488,Panadería y Pastelería,Pan de horno,,Barra pan de agua,2020-08-04 16:00:00
422585,Panadería y Pastelería,Pan tostado y rallado,,Crackers integrales de espelta Bachman,2020-08-04 16:00:00
422695,Platos Preparados,Pizzas,,Pizza carbonara familiar,2020-08-04 16:00:00
422785,Platos Preparados,Platos preparados calientes,,Alubias a la riojana,2020-08-04 16:00:00
422923,Lácteos y Huevos,Yogures griegos,,Yogur griego natural,2020-08-04 16:00:00
422956,Lácteos y Huevos,Yogures liquidos,,Bebida láctea de fresa y plátano Kids,2020-08-04 16:00:00
423034,Frescos,Fruta variada,,"Bebida de zumo de naranja, mango y zanahoria La Verja sin azúcares añadidos",2020-08-04 16:00:00
423086,Despensa,Tomate y otros sabores,,Zumo de manzana selección,2020-08-04 16:00:00
423119,Despensa,Aceite vinagre y sal,,Sal yodada fina,2020-08-05 04:00:00
423318,Bebidas,Isotonico y energetico,,Bebida para deportistas sabor cítrico,2020-08-05 04:00:00
423420,Bebidas,Refresco de naranja y de limon,,Refresco lima limón zero azúcar fresh gas,2020-08-05 04:00:00
423502,Despensa,Aceitunas y encurtidos,,Aceitunas rellenas de anchoa reducido en sal,2020-08-05 04:00:00
423512,Despensa,Aceitunas y encurtidos,,Aceitunas rellenas de limón,2020-08-05 04:00:00
423735,Despensa,Pasta y fideos,,Fideo integral,2020-08-05 04:00:00
423793,Despensa,Pasta y fideos,,Fideos orientales Yakisoba classic Maggi,2020-08-05 04:00:00
423796,Despensa,Pasta y fideos,,Fideos orientales Yakisoba sabor pollo,2020-08-05 04:00:00
423974,Desayuno y Dulces,Golosinas,,Golosinas spaguetti fresa,2020-08-05 04:00:00
424859,Carnicería,Cerdo,,Pinchos de cerdo sin varilla,2020-08-05 04:00:00
425060,Desayuno y Dulces,Galletas,,"Galletas de cereales con miel, avellana y chocolate Belvita",2020-08-05 04:00:00
425308,Charcutería y Quesos,Pate y sobrasada,,Bloc foie gras de pato Martiko,2020-08-05 04:00:00
425352,Charcutería y Quesos,Queso curado semicurado y tierno,,Queso semicurado,2020-08-05 04:00:00
425438,Charcutería y Quesos,Queso untable y fresco,,Requesón Montesinos,2020-08-05 04:00:00
425560,Congelados,Helados,,Helado vainilla y nueces de macadamia,2020-08-05 04:00:00
425586,Pescadería,Marisco,Hacendado,Preparado de paella y sopa ultracongelado,2020-08-05 04:00:00
425663,Pescadería,Pescado,Pescanova,Aritos de surimi a la romana ultracongelados,2020-08-05 04:00:00
425670,Pescadería,Pescado,Hacendado,Anillas a la romana ultracongeladas,2020-08-05 04:00:00
425751,Frescos,Verdura,Hacendado,"Relleno fajitas pollo, pimientos y cebolla ultracongelado",2020-08-05 04:00:00
425780,Frescos,Verdura,Hacendado,Coles de Bruselas ultracongeladas,2020-08-05 04:00:00
425787,Frescos,Verdura,,Espárrago verde entero Jv ultracongelado,2020-08-05 04:00:00
425867,Despensa,Berberechos y mejillones,,Mejillones en escabeche pequeños,2020-08-05 04:00:00
425922,Frescos,Conservas de verdura y frutas,Hacendado,Piña en su jugo rodajas,2020-08-05 04:00:00
425949,Despensa,Gazpacho y cremas,,Gazpacho fresco,2020-08-05 04:00:00
426193,Cuidado Personal,Coloracion cabello,,Coloración permanente sin amoníaco Azalea 7 rubio,2020-08-05 04:00:00
426200,Cuidado Personal,Coloracion cabello,,Coloración permanente L'Oréal 7.1 rubio ceniza,2020-08-05 04:00:00
426203,Cuidado Personal,Coloracion cabello,,Coloración permanente L'Oréal 8 rubio claro,2020-08-05 04:00:00
426229,Cuidado Personal,Coloracion cabello,,Retoca raíces instantáneo L'Oréal castaño caoba,2020-08-05 04:00:00
426345,Cuidado Personal,Afeitado y cuidado para hombre,,Crema facial hidratante 24H Vído hombre,2020-08-05 04:00:00
426471,Cuidado Personal,Cuidado e higiene facial,,Crema facial antioxidante y regenerante Beauté Mediterranea Dragon's blood,2020-08-05 04:00:00
426529,Cuidado Personal,Depilacion,,Crema depilatoria Veet for men piel normal,2020-08-05 04:00:00
426552,Cuidado Personal,Desodorante,,Desodorante roll-on cuidado aloe,2020-08-05 04:00:00
426554,Cuidado Personal,Desodorante,,Desodorante roll-on mujer cuidado seda,2020-08-05 04:00:00
426787,Cuidado Personal,Higiene intima,,Protegeslip normal Dry,2020-08-05 04:00:00
426790,Cuidado Personal,Higiene intima,,Protegeslip maxi Cotton,2020-08-05 04:00:00
426881,Cuidado Personal,Manicura y pedicura,,Esponja pómez suave manos y pies Luxor,2020-08-05 04:00:00
426975,Cuidado Personal,Perfume y colonia,,Eau de toilette mujer Alejandro Sanz Mi acorde,2020-08-05 04:00:00
427050,Cuidado Personal,Perfume y colonia,,Eau de toilette hombre Adidas Dare edition,2020-08-05 04:00:00
427100,Cuidado Personal,Perfume y colonia,,Lote infantil Studio Pets,2020-08-05 04:00:00
427239,Frescos,Fruta,,Uva negra sin semillas,2020-08-05 04:00:00
427388,Frescos,Verdura,,Berenjena,2020-08-05 04:00:00
427522,Lácteos y Huevos,Leche y bebidas vegetales,,Bebida de espelta,2020-08-05 04:00:00
427666,Limpieza y Hogar,Detergente y suavizante ropa,,Suavizante ropa hipoalergénico concentrado,2020-08-05 04:00:00
427680,Limpieza y Hogar,Detergente y suavizante ropa,,Decolorante de tejidos sin lejía La Nave,2020-08-05 04:00:00
427784,Limpieza y Hogar,Insecticida y ambientador,,Ambientador perlas paradise,2020-08-05 04:00:00
427816,Limpieza y Hogar,Lejia y liquidos fuertes,,Lejía densa,2020-08-05 04:00:00
427903,Limpieza y Hogar,Limpieza cocina,,Quitagrasas KH-7,2020-08-05 04:00:00
428145,Limpieza y Hogar,Utensilios de limpieza y calzado,,Limpiador de calzado negro,2020-08-05 04:00:00
428203,Maquillaje,Bases de maquillaje y corrector,,Maquillaje fluido lasting performance 108 honey beige,2020-08-05 04:00:00
428320,Maquillaje,Labios,,Brillo de labios 08,2020-08-05 04:00:00
428369,Maquillaje,Ojos,,Perfilador de ojos Beauty Eyes 303 azul,2020-08-05 04:00:00
428377,Maquillaje,Ojos,,Máscara de pestañas scandaleyes negro,2020-08-05 04:00:00
428481,Pescadería,Pescado congelado,,Lomos de atún aleta amarilla Escuris ultracongelados,2020-08-05 04:00:00
428537,Pescadería,Pescado en bandeja,,Filetes lomo de merluza,2020-08-05 04:00:00
428618,Pescadería,Salazones y ahumados,,Bacalao seco y salado Ubago,2020-08-05 04:00:00
428654,Mascotas,Gato,,Paté gato adulto Delikuit con pollo y pavo,2020-08-05 04:00:00
428848,Panadería y Pastelería,Bolleria envasada,,Tortas de anís,2020-08-05 04:00:00
428853,Panadería y Pastelería,Bolleria envasada,,Muffins con chips de chocolate Horno de San Juan,2020-08-05 04:00:00
428871,Panadería y Pastelería,Bolleria envasada,,Bracito,2020-08-05 04:00:00
428874,Panadería y Pastelería,Bolleria envasada,,Espiral al cacao,2020-08-05 04:00:00
428939,Panadería y Pastelería,Harina y preparado reposteria,,Masa de hojaldre sin gluten,2020-08-05 04:00:00
429098,Panadería y Pastelería,Picos rosquilletas y picatostes,,Picatostes tostados,2020-08-05 04:00:00
429155,Otros,Velas y decoracion,,Almendra cubitos,2020-08-05 04:00:00
429247,Platos Preparados,Platos preparados calientes,,Fideos orientales Yakisoba curry,2020-08-05 04:00:00
429271,Platos Preparados,Platos preparados calientes,,Patatas bravas con allioli y salsa picante,2020-08-05 04:00:00
429427,Lácteos y Huevos,Yogures liquidos,,Bebida láctea de fresa L-casei 0% materia grasa 0% azúcares añadidos,2020-08-05 04:00:00
429527,Otros,Melocoton y pina,,Zumo de piña y uva,2020-08-05 04:00:00
429592,Despensa,Aceite vinagre y sal,,Sal fina de mesa,2020-08-05 16:00:00
429611,Despensa,Especias,,Romero,2020-08-05 16:00:00
429626,Despensa,Especias,,Pimienta negra en grano,2020-08-05 16:00:00
429698,Despensa,Otras salsas,,Salsa roquefort,2020-08-05 16:00:00
429737,Bebidas,Agua,,Agua mineral Bronchales,2020-08-05 16:00:00
429904,Bebidas,Refresco de naranja y de limon,,Refresco de naranja fresh gas,2020-08-05 16:00:00
429926,Bebidas,Tonica y bitter,,Bitter sin alcohol,2020-08-05 16:00:00
430125,Aperitivos,Patatas fritas y snacks,,Cuquitos sabor queso,2020-08-05 16:00:00
430387,Desayuno y Dulces,Chocolate,,Cacahuetes Chocoiris bañados de chocolate con leche coloreados,2020-08-05 16:00:00
430401,Desayuno y Dulces,Chocolate,,Barritas de chocolate blanco con galleta rellena de caramelo y cereales,2020-08-05 16:00:00
430427,Desayuno y Dulces,Golosinas,,Golosinas Nubi Mallow,2020-08-05 16:00:00
430439,Desayuno y Dulces,Golosinas,,Regaliz roja rellena con zumo de fruta,2020-08-05 16:00:00
430449,Desayuno y Dulces,Mermelada y miel,,Mermelada de fresa,2020-08-05 16:00:00
430557,Bebé,Alimentacion infantil,,Papilla 8 cereales con galleta baby +6 meses,2020-08-05 16:00:00
430605,Cuidado Personal,Higiene y cuidado,,Crema protectora para pañal 's,2020-08-05 16:00:00
430606,Cuidado Personal,Higiene y cuidado,,Loción corporal infantil hidratante,2020-08-05 16:00:00
430623,Cuidado Personal,Higiene y cuidado,,Recambios recarga aspirador nasal anatómico,2020-08-05 16:00:00
430643,Panadería y Pastelería,Toallitas y panales,,Pañales bebé talla 2 de 4-8 kg,2020-08-05 16:00:00
430722,Bodega,Cerveza,,Cerveza de trigo tostada Paulaner,2020-08-05 16:00:00
430798,Bodega,Licores,,Whisky escocés Chivas Regal 12 años,2020-08-05 16:00:00
430962,Bodega,Vino rosado,,Vino rosado Dominio de Borgia,2020-08-05 16:00:00
430983,Bodega,Vino tinto,,Vino tinto D.O Rioja Arteso reserva,2020-08-05 16:00:00
431160,Bebidas Calientes,Te e infusiones,,Infusión Tila,2020-08-05 16:00:00
431212,Carnicería,Aves y pollo,,Codornices,2020-08-05 16:00:00
431231,Carnicería,Aves y pollo,,Flautas de pollo y queso,2020-08-05 16:00:00
431244,Carnicería,Aves y pollo,,Carcasa de pollo rural,2020-08-05 16:00:00
431285,Carnicería,Cerdo,,Chuletas de cerdo sajonia,2020-08-05 16:00:00
431325,Carnicería,Conejo y cordero,,Conejo entero troceado,2020-08-05 16:00:00
431367,Carnicería,Hamburguesas y picadas,,Burger de cerdo y vacuno con barbacoa,2020-08-05 16:00:00
431379,Carnicería,Vacuno,,Tacos de vacuno añojo,2020-08-05 16:00:00
431505,Desayuno y Dulces,Galletas,,Galletas Oceanix,2020-08-05 16:00:00
431651,Charcutería y Quesos,Chopped y mortadela,,Chopped,2020-08-05 16:00:00
431708,Charcutería y Quesos,Embutido curado,,Lomo de bellota ibérico cortado a máquina,2020-08-05 16:00:00
431929,Despensa,Arroz y pasta,,Lasaña de carne a la barbacoa ultracongelada,2020-08-05 16:00:00
432011,Congelados,Helados,,Granizado agua de cebada,2020-08-05 16:00:00
432066,Pescadería,Marisco,Hacendado,Gamba blanca cocida ultracongelada,2020-08-05 16:00:00
432084,Pescadería,Marisco,Hacendado,Buey de mar cocido congelado,2020-08-05 16:00:00
432209,Frescos,Verdura,Hacendado,Espinaca en porciones ultracongelada,2020-08-05 16:00:00
432531,Cuidado Personal,Champu,,Champú Liss Frizz Control cabello rebelde,2020-08-05 16:00:00
432664,Cuidado Personal,Coloracion cabello,,Coloración permanente L'Oréal 8 rubio claro,2020-08-05 16:00:00
432710,Cuidado Personal,Fijacion cabello,,Espuma máximo volumen cabello fino y sin volúmen fijación 3,2020-08-05 16:00:00
432770,Cuidado Personal,Afeitado y cuidado para hombre,,Crema de afeitar piel sensible Lea,2020-08-05 16:00:00
432771,Cuidado Personal,Afeitado y cuidado para hombre,,Jabón de afeitar en roll-on Lea,2020-08-05 16:00:00
432783,Cuidado Personal,Afeitado y cuidado para hombre,,Maquinillas de afeitar Speed 3 Personna,2020-08-05 16:00:00
432914,Cuidado Personal,Cuidado e higiene facial,,Mascarilla facial peeling árbol de té Montagne Jeunesse,2020-08-05 16:00:00
432965,Cuidado Personal,Cuidado e higiene facial,,Ampollas faciales proteoglicanos,2020-08-05 16:00:00
433457,Cuidado Personal,Perfume y colonia,,Lote mujer Adolfo Dominguez Azahar,2020-08-05 16:00:00
433528,Cuidado Personal,Perfume y colonia,,Lote hombre,2020-08-05 16:00:00
433530,Cuidado Personal,Perfume y colonia,,Lote hombre Antonio Banderas The secret,2020-08-05 16:00:00
433594,Cuidado Personal,Protector solar y aftersun,,Leche corporal autobronceadora,2020-08-05 16:00:00
433668,Salud,Parafarmacia,,Roll-on alivio picaduras,2020-08-05 16:00:00
433719,Frescos,Fruta,,Limones,2020-08-05 16:00:00
433846,Frescos,Verdura,,Jengibre,2020-08-05 16:00:00
433975,Lácteos y Huevos,Leche y bebidas vegetales,,Bebida de almendras Soymilk,2020-08-05 16:00:00
433991,Lácteos y Huevos,Leche y bebidas vegetales,,Batido de chocolate 90% leche,2020-08-05 16:00:00
434111,Limpieza y Hogar,Detergente y suavizante ropa,,Limpia lavadoras líquido,2020-08-05 16:00:00
434171,Limpieza y Hogar,Estropajo bayeta y guantes,,Guantes 100% nitrilo talla mediana,2020-08-05 16:00:00
434266,Limpieza y Hogar,Insecticida y ambientador,,Absorbeolores en gel para frigorífico,2020-08-05 16:00:00
434271,Limpieza y Hogar,Lejia y liquidos fuertes,,Lejía con detergente,2020-08-05 16:00:00
434279,Limpieza y Hogar,Lejia y liquidos fuertes,,Pastillas desinfectantes multiusos Orache,2020-08-05 16:00:00
434400,Limpieza y Hogar,Limpieza muebles y multiusos,,Limpiador plata y metales en crema,2020-08-05 16:00:00
434452,Despensa,Menaje y conservacion de alimentos,,Bolsa isotérmica Bolsaterm,2020-08-05 16:00:00
434472,Despensa,Menaje y conservacion de alimentos,,Mantel de papel blanco Papermon,2020-08-05 16:00:00
434769,Maquillaje,Labios,,Pintalabios cremoso 09,2020-08-05 16:00:00
434778,Maquillaje,Labios,,Brillo de labios 07,2020-08-05 16:00:00
434890,Pescadería,Marisco,Hacendado,Alistado pequeño congelado,2020-08-05 16:00:00
434917,Pescadería,Marisco,Hacendado,Mejillón de Chile entero cocido ultracongelado,2020-08-05 16:00:00
434930,Pescadería,Marisco,Pescanova,Palitos de surimi,2020-08-05 16:00:00
435012,Pescadería,Pescado en bandeja,Pescanova,Anguriñas al ajillo,2020-08-05 16:00:00
435079,Pescadería,Salazones y ahumados,,Salmón ahumado Ubago,2020-08-05 16:00:00
435174,Mascotas,Perro,,Paté perro adulto Delikuit con cordero y verduras,2020-08-05 16:00:00
435210,Mascotas,Perro,,Spray anti-insectos para perros y gatos Krislin,2020-08-05 16:00:00
435306,Panadería y Pastelería,Bolleria envasada,,Tortas de anís,2020-08-05 16:00:00
435309,Panadería y Pastelería,Bolleria envasada,,Bizcocho con cobertura de cacao Phoskitos relleno de leche,2020-08-05 16:00:00
435370,Panadería y Pastelería,Harina y preparado reposteria,,Gelatina neutra en láminas,2020-08-05 16:00:00
435420,Panadería y Pastelería,Pan de horno,,Pan campeón del mundo,2020-08-05 16:00:00
435666,Platos Preparados,Platos preparados calientes,,Lasaña boloñesa familiar,2020-08-05 16:00:00
436172,Despensa,Otras salsas,,Salsa thai chili dulce J-Lek,2020-08-06 04:00:00
436272,Bebidas,Isotonico y energetico,,Bebida energética Red Bull,2020-08-06 04:00:00
436288,Bebidas,Refresco de cola,,Refresco cola,2020-08-06 04:00:00
436355,Bebidas,Refresco de naranja y de limon,,Refresco naranja,2020-08-06 04:00:00
436463,Despensa,Aceitunas y encurtidos,,Pepinillos pequeños,2020-08-06 04:00:00
436775,Desayuno y Dulces,Chicles y caramelos,,Caramelos blandos rellenos Dolis,2020-08-06 04:00:00
436843,Desayuno y Dulces,Chocolate,,Cacahuetes chocolate con leche,2020-08-06 04:00:00
437205,Bodega,Cerveza,,Cerveza con sabor a tequila 1897,2020-08-06 04:00:00
437257,Bodega,Licores,,Whisky escocés Cardhu 12 años,2020-08-06 04:00:00
437498,Desayuno y Dulces,Cacao soluble y chocolate a la taza,,Cacao en polvo instantáneo a la taza,2020-08-06 04:00:00
437595,Bebidas Calientes,Cafe soluble y otras bebidas,,Filtros de café para cafeteras tamaño 2 y 4,2020-08-06 04:00:00
437708,Carnicería,Aves y pollo,,Alas de pollo rural partidas,2020-08-06 04:00:00
437786,Carnicería,Conejo y cordero,,Chuletas de cordero mixtas,2020-08-06 04:00:00
438027,Desayuno y Dulces,Galletas,,Galletas rellenas de coco,2020-08-06 04:00:00
438116,Charcutería y Quesos,Chopped y mortadela,,Mortadela con aceitunas lonchas,2020-08-06 04:00:00
438143,Charcutería y Quesos,Embutido curado,,Salchichón cular ibérico extra La Hacienda del ibérico,2020-08-06 04:00:00
438174,Charcutería y Quesos,Embutido curado,,Morcilla ibérica La Hacienda del ibérico,2020-08-06 04:00:00
438228,Charcutería y Quesos,Pate y sobrasada,,Paté olivada,2020-08-06 04:00:00
438250,Charcutería y Quesos,Queso curado semicurado y tierno,,Queso grana padano Zanetti,2020-08-06 04:00:00
438362,Charcutería y Quesos,Queso untable y fresco,,Queso ricotta,2020-08-06 04:00:00
438485,Congelados,Helados,,Helado sabor huevo de chocolate,2020-08-06 04:00:00
438565,Pescadería,Pescado,Hacendado,Cola de rape del cabo congelada,2020-08-06 04:00:00
438667,Frescos,Verdura,Hacendado,Judía verde redonda ultracongelada,2020-08-06 04:00:00
439002,Cuidado Personal,Champu,,Champú total repair Elvive cabello dañado,2020-08-06 04:00:00
439265,Cuidado Personal,Afeitado y cuidado para hombre,,Gel limpiador facial 9.60 hombre,2020-08-06 04:00:00
439374,Cuidado Personal,Cuidado e higiene facial,,Mascarilla facial peeling árbol de té Montagne Jeunesse,2020-08-06 04:00:00
439427,Cuidado Personal,Cuidado e higiene facial,,Tratamiento facial intensivo regenerador Sisbela,2020-08-06 04:00:00
439470,Cuidado Personal,Depilacion,,Recambios maquinilla depilación Hydro silk,2020-08-06 04:00:00
439552,Cuidado Personal,Gel y jabon de manos,,Gel de baño natural piel normal,2020-08-06 04:00:00
439576,Cuidado Personal,Gel y jabon de manos,,Esponja de baño suave,2020-08-06 04:00:00
439639,Cuidado Personal,Higiene bucal,,Enjuague bucal fresh 0% alcohol,2020-08-06 04:00:00
439747,Cuidado Personal,Manicura y pedicura,,Tratamiento para uñas gel quita-cutículas,2020-08-06 04:00:00
440071,Salud,Fitoterapia,,Batido sabor chocolate y galletas sustitutivo,2020-08-06 04:00:00
440190,Frescos,Fruta,,Aguacates,2020-08-06 04:00:00
440234,Frescos,Lechuga y ensalada preparada,,Espinaca baby base para ensalada,2020-08-06 04:00:00
440324,Frescos,Verdura,,Calabaza cacahuete,2020-08-06 04:00:00
440533,Limpieza y Hogar,Detergente y suavizante ropa,,Detergente ropa blanca y de color líquido concentrado,2020-08-06 04:00:00
440646,Limpieza y Hogar,Insecticida y ambientador,,Bolsitas antipolillas lavanda,2020-08-06 04:00:00
440717,Limpieza y Hogar,Insecticida y ambientador,,Vela perfumada pasión floral,2020-08-06 04:00:00
441025,Limpieza y Hogar,Utensilios de limpieza y calzado,,Recambio mopa microfibra pequeño,2020-08-06 04:00:00
441106,Maquillaje,Bases de maquillaje y corrector,,Maquillaje fluido larga duración 04,2020-08-06 04:00:00
441117,Maquillaje,Bases de maquillaje y corrector,,Maquillaje fluido lasting performance 105 soft beige,2020-08-06 04:00:00
441260,Maquillaje,Ojos,,Perfilador de ojos 02 marrón,2020-08-06 04:00:00
441353,Pescadería,Marisco,Pescanova,Langostino cocido y pelado ultracongelado,2020-08-06 04:00:00
441434,Pescadería,Pescado congelado,Hacendado,Tubo de pota congelado,2020-08-06 04:00:00
441496,Pescadería,Pescado fresco,,Dorada sin limpiar,2020-08-06 04:00:00
441651,Mascotas,Perro,,"Comida perro sénior light Supreme con pollo, cebada y arroz",2020-08-06 04:00:00
441672,Mascotas,Perro,,Snack perro mix galletas con aroma de vainilla,2020-08-06 04:00:00
441855,Panadería y Pastelería,Harina y preparado reposteria,,Masa fresca hojaldre con mantequilla,2020-08-06 04:00:00
442082,Platos Preparados,Pizzas,,Pizza serrana,2020-08-06 04:00:00
442133,Platos Preparados,Platos preparados calientes,,Risotto de setas,2020-08-06 04:00:00
442670,Bebidas,Agua,,Agua mineral Cortes pequeña,2020-08-06 16:00:00
442700,Bebidas,Agua,,Gaseosa grande,2020-08-06 16:00:00
442824,Bebidas,Refresco de naranja y de limon,,Refresco de naranja zero fresh gas,2020-08-06 16:00:00
442831,Bebidas,Tonica y bitter,,Tónica,2020-08-06 16:00:00
442838,Bebidas,Tonica y bitter,,Tónica Nordic Mist,2020-08-06 16:00:00
442848,Bebidas,Refresco de te y sin gas,,Refresco al limón,2020-08-06 16:00:00
442903,Despensa,Aceitunas y encurtidos,,Aceitunas chupadedos Huerta de Barros partidas aliñadas con hueso,2020-08-06 16:00:00
442914,Despensa,Aceitunas y encurtidos,,Aceitunas negras sin hueso,2020-08-06 16:00:00
443000,Frescos,Frutos secos y fruta desecada,Hacendado,Manzana roja deshidratada,2020-08-06 16:00:00
443145,Despensa,Pasta y fideos,,Fusilli sin gluten vegetales Felicia,2020-08-06 16:00:00
443320,Desayuno y Dulces,Chocolate,,Barritas de chocolate blanco con galleta rellena de caramelo y cereales,2020-08-06 16:00:00
443337,Desayuno y Dulces,Chocolate,,Crema al cacao y leche con avellanas,2020-08-06 16:00:00
443342,Desayuno y Dulces,Golosinas,,Golosinas pica mix,2020-08-06 16:00:00
443377,Desayuno y Dulces,Mermelada y miel,,Mermelada de melocotón 0% azúcares añadidos,2020-08-06 16:00:00
443480,Bebé,Biberon chupete y menaje,,Biberón 270 ml tetina silicona tres posiciones +1 mes,2020-08-06 16:00:00
443679,Bodega,Cerveza sin alcohol,,"Cerveza 0,0% sin alcohol",2020-08-06 16:00:00
443686,Bodega,Cerveza sin alcohol,,Cerveza sin alcohol Steinburg,2020-08-06 16:00:00
443700,Bodega,Licores,,Ginebra London dry gin Beefeater,2020-08-06 16:00:00
443786,Bodega,Licores,,Concentrado de granadina sin alcohol Dama De Baza,2020-08-06 16:00:00
443818,Bodega,Tinto de verano y sangria,,Sangría,2020-08-06 16:00:00
443873,Bodega,Vino lambrusco y espumoso,,Lambrusco Dell'Emilia rojo espumoso Piccolo Giovanni,2020-08-06 16:00:00
443947,Desayuno y Dulces,Cacao soluble y chocolate a la taza,,Cacao soluble instantáneo,2020-08-06 16:00:00
444264,Charcutería y Quesos,Embutido,,Longaniza fresca de pollo,2020-08-06 16:00:00
444282,Carnicería,Hamburguesas y picadas,,Burger de pollo con queso,2020-08-06 16:00:00
444285,Carnicería,Hamburguesas y picadas,,"Burger de pollo, cerdo y verdura",2020-08-06 16:00:00
444303,Carnicería,Vacuno,,Tacos de vacuno añojo,2020-08-06 16:00:00
444339,Carnicería,Empanados y elaborados,,Alas de pollo adobadas,2020-08-06 16:00:00
444391,Desayuno y Dulces,Cereales,,"Copos de arroz, trigo integral y cebada con frutos rojos",2020-08-06 16:00:00
444486,Desayuno y Dulces,Galletas,,Chocolate con leche Crunchie Rocks Cadbury con copos de maíz y trozos de caramelo,2020-08-06 16:00:00
444532,Carnicería,Aves y jamon cocido,Hacendado,Cabeza de cerdo finas lonchas,2020-08-06 16:00:00
444770,Charcutería y Quesos,Queso lonchas rallado y en porciones,,Queso oveja lonchas,2020-08-06 16:00:00
444775,Charcutería y Quesos,Queso lonchas rallado y en porciones,,Queso fundido light lonchas,2020-08-06 16:00:00
444983,Pescadería,Marisco,Hacendado,Alistado mediano congelado,2020-08-06 16:00:00
445103,Panadería y Pastelería,Tartas y churros,,Tarta de galleta 2 congelada,2020-08-06 16:00:00
445501,Cuidado Personal,Coloracion cabello,,Coloración permanente sin amoníaco 4.15 chocolate,2020-08-06 16:00:00
445533,Cuidado Personal,Coloracion cabello,,Coloración permanente 4.5 caoba oscuro,2020-08-06 16:00:00
445550,Cuidado Personal,Coloracion cabello,,Coloración sin amoníaco L'Oréal 630 caramelo,2020-08-06 16:00:00
445635,Cuidado Personal,Fijacion cabello,,Espuma máximo volumen cabello fino y sin volúmen fijación 3,2020-08-06 16:00:00
445664,Cuidado Personal,Peines y accesorios,,Cepillo cabello térmico iónico 44 mm,2020-08-06 16:00:00
445829,Cuidado Personal,Cuidado e higiene facial,,Mascarilla facial hidratante matificante,2020-08-06 16:00:00
445831,Cuidado Personal,Cuidado e higiene facial,,Agua facial de avena dermik pieles sensibles,2020-08-06 16:00:00
445955,Cuidado Personal,Desodorante,,Desodorante roll-on mineral de alumbre Deonat,2020-08-06 16:00:00
446102,Cuidado Personal,Higiene bucal,,Cepillos interdentales cónicos extrafinos,2020-08-06 16:00:00
446111,Cuidado Personal,Higiene bucal,,Enjuague bucal infantil previene las caries sin alcohol,2020-08-06 16:00:00
446600,Salud,Parafarmacia,,Gasas esterilizadas de algodón 100%,2020-08-06 16:00:00
446712,Frescos,Verdura,,Pepino holandés,2020-08-06 16:00:00
446796,Lácteos y Huevos,Leche y bebidas vegetales,,Leche semidesnatada,2020-08-06 16:00:00
446826,Lácteos y Huevos,Leche y bebidas vegetales,,Leche desnatada calcio,2020-08-06 16:00:00
446846,Lácteos y Huevos,Leche y bebidas vegetales,,Leche entera calcio,2020-08-06 16:00:00
446877,Lácteos y Huevos,Leche y bebidas vegetales,,Bebida de soja sabor vainilla,2020-08-06 16:00:00
446882,Lácteos y Huevos,Leche y bebidas vegetales,,Bebida de arroz y coco,2020-08-06 16:00:00
446925,Lácteos y Huevos,Leche y bebidas vegetales,,Leche condensada entera Nutricia,2020-08-06 16:00:00
446969,Limpieza y Hogar,Detergente y suavizante ropa,,Detergente ropa de color líquido,2020-08-06 16:00:00
446974,Limpieza y Hogar,Detergente y suavizante ropa,,Detergente ropa de color líquido,2020-08-06 16:00:00
447033,Limpieza y Hogar,Detergente y suavizante ropa,,Planchado fácil,2020-08-06 16:00:00
447050,Limpieza y Hogar,Estropajo bayeta y guantes,,Borrador mágico,2020-08-06 16:00:00
447094,Limpieza y Hogar,Insecticida y ambientador,,Vela antimoscas Roura perfume geranio,2020-08-06 16:00:00
447166,Limpieza y Hogar,Insecticida y ambientador,,Set antihumedad con aromas cítricos,2020-08-06 16:00:00
447178,Limpieza y Hogar,Lejia y liquidos fuertes,,Pastillas desinfectantes multiusos Orache,2020-08-06 16:00:00
447190,Limpieza y Hogar,Lejia y liquidos fuertes,,Limpiador fosas sépticas bolsitas solubles,2020-08-06 16:00:00
447211,Limpieza y Hogar,Limpiacristales,,Limpiagafas con gamuza Disop,2020-08-06 16:00:00
447297,Limpieza y Hogar,Limpieza muebles y multiusos,,Desincrustante de cementos y limpiajuntas,2020-08-06 16:00:00
447356,Despensa,Menaje y conservacion de alimentos,,Bolsas para asar,2020-08-06 16:00:00
447523,Limpieza y Hogar,Utensilios de limpieza y calzado,,Plantillas sport talla 35-40,2020-08-06 16:00:00
447540,Maquillaje,Bases de maquillaje y corrector,,Maquillaje fluido fijo & cubriente 06,2020-08-06 16:00:00
447632,Maquillaje,Labios,,Perfilador de labios 03 terracota,2020-08-06 16:00:00
447640,Maquillaje,Labios,,Perfilador de labios Bom Bom creamy 210 rojo,2020-08-06 16:00:00
447667,Maquillaje,Labios,,Pintalabios cremoso 06,2020-08-06 16:00:00
447700,Maquillaje,Labios,,Pintalabios Lasting Lips mate 03,2020-08-06 16:00:00
447709,Maquillaje,Ojos,,Perfilador de ojos 07 blue jeans,2020-08-06 16:00:00
447731,Maquillaje,Ojos,,Máscara de pestañas scandaleyes negro,2020-08-06 16:00:00
447890,Pescadería,Pescado en bandeja,,Escalopines de salmón sin espinas,2020-08-06 16:00:00
447892,Pescadería,Pescado en bandeja,Pescanova,Anguriñas de surimi,2020-08-06 16:00:00
447895,Pescadería,Pescado en bandeja,,Bacalao al punto de sal,2020-08-06 16:00:00
447922,Pescadería,Pescado fresco,,Sepia descongelada,2020-08-06 16:00:00
447934,Pescadería,Pescado fresco,,Dorada limpia con cabeza,2020-08-06 16:00:00
447941,Pescadería,Pescado fresco,,Lubina a filetes sin cabeza y sin espina,2020-08-06 16:00:00
448044,Mascotas,Gato,,Comida gato adulto delicias crujientes con pescado,2020-08-06 16:00:00
448054,Mascotas,Gato,,Spray anti-insectos para perros y gatos Krislin,2020-08-06 16:00:00
448172,Panadería y Pastelería,Bolleria de horno,,Coca de crema de avellana,2020-08-06 16:00:00
448291,Panadería y Pastelería,Harina y preparado reposteria,,Preparado gelatina limón,2020-08-06 16:00:00
448337,Panadería y Pastelería,Pan de horno,,Pan Viena,2020-08-06 16:00:00
448361,Panadería y Pastelería,Pan de molde y otras especialidades,,Pan de molde blanco natural 100%,2020-08-06 16:00:00
448390,Panadería y Pastelería,Pan de molde y otras especialidades,,Tortillas de maíz sin gluten Old El Paso,2020-08-06 16:00:00
448426,Panadería y Pastelería,Picos rosquilletas y picatostes,,Picos 30% integrales,2020-08-06 16:00:00
448493,Otros,Velas y decoracion,,Vela de cumpleaños 2,2020-08-06 16:00:00
448502,Otros,Velas y decoracion,,Almendra molida,2020-08-06 16:00:00
448687,Lácteos y Huevos,Flan y natillas,,Natillas sabor vainilla,2020-08-06 16:00:00
448747,Lácteos y Huevos,Yogures desnatados,,Postre lácteo + proteínas chocolate,2020-08-06 16:00:00
448848,Frescos,Fruta variada,Hacendado,Fruta + leche Mediterráneo,2020-08-06 16:00:00
448905,Despensa,Tomate y otros sabores,,Zumo de manzana,2020-08-06 16:00:00
448975,Despensa,Especias,,Pimentón picante,2020-08-07 04:00:00
449059,Despensa,Otras salsas,,Salsa estilo argentino,2020-08-07 04:00:00
449212,Bebidas,Refresco de cola,,Refresco cola Zero azúcar Zero cafeína,2020-08-07 04:00:00
449452,Aperitivos,Patatas fritas y snacks,,Patatas fritas receta churrería,2020-08-07 04:00:00
449563,Despensa,Pasta y fideos,,Fideo al huevo,2020-08-07 04:00:00
449617,Despensa,Pasta y fideos,,Pasta oriental sabor pollo frango Maggi,2020-08-07 04:00:00
449647,Desayuno y Dulces,Azucar y edulcorante,,Edulcorante en sobres stevia,2020-08-07 04:00:00
449724,Desayuno y Dulces,Chocolate,,Chocolate con leche Milka galleta Oreo,2020-08-07 04:00:00
449742,Desayuno y Dulces,Chocolate,,Cacahuetes chocolate negro,2020-08-07 04:00:00
449835,Desayuno y Dulces,Mermelada y miel,,Miel de eucalipto,2020-08-07 04:00:00
449846,Bebé,Alimentacion infantil,,Papilla verduritas con pescadilla a la crema baby buenas noches +8 meses,2020-08-07 04:00:00
449871,Bebé,Alimentacion infantil,,Yogur líquido infantil natural Go-Lácteo +6 meses,2020-08-07 04:00:00
450137,Bodega,Licores,,Vermouth bianco Martini,2020-08-07 04:00:00
450223,Bodega,Licores,,Licor de piruleta Pi.omka,2020-08-07 04:00:00
450310,Bodega,Vino blanco,,Mosto tinto Casón Histórico,2020-08-07 04:00:00
450322,Bodega,Vino lambrusco y espumoso,,Vino rosado afrutado espumoso Peñascal,2020-08-07 04:00:00
450348,Bodega,Vino tinto,,Vino tinto D.O Rioja Arteso crianza,2020-08-07 04:00:00
450529,Bebidas Calientes,Te e infusiones,,Infusión Tila,2020-08-07 04:00:00
450553,Bebidas Calientes,Te e infusiones,,Infusión Detox,2020-08-07 04:00:00
450634,Carnicería,Carne congelada,,Jamoncitos de pollo congelados,2020-08-07 04:00:00
450816,Desayuno y Dulces,Cereales,,Cereales de trigo inflado con miel,2020-08-07 04:00:00
451000,Charcutería y Quesos,Bacon y salchichas,,Bacón ahumado La Selva lonchas,2020-08-07 04:00:00
451170,Charcutería y Quesos,Queso curado semicurado y tierno,,Queso oveja curado,2020-08-07 04:00:00
451186,Charcutería y Quesos,Queso curado semicurado y tierno,,Queso semicurado cortado en cuñitas,2020-08-07 04:00:00
451295,Despensa,Arroz y pasta,,Arroz con pollo asado ultracongelado,2020-08-07 04:00:00
451380,Congelados,Helados,,Granizado de limón,2020-08-07 04:00:00
451460,Pescadería,Pescado,Hacendado,Filetes de merluza del cabo sin piel ultracongelados,2020-08-07 04:00:00
451740,Frescos,Conservas de verdura y frutas,Hacendado,Tallos de espárragos,2020-08-07 04:00:00
451742,Frescos,Conservas de verdura y frutas,,Habas fritas Peña torcal mini baby extra,2020-08-07 04:00:00
451779,Despensa,Gazpacho y cremas,,Gazpacho suave,2020-08-07 04:00:00
451818,Despensa,Sopa y caldo,,Caldo de pescado,2020-08-07 04:00:00
451910,Cuidado Personal,Champu,,Champú purificante para todo tipo de cabello,2020-08-07 04:00:00
451939,Cuidado Personal,Champu,,Champú infantil Kids,2020-08-07 04:00:00
452009,Cuidado Personal,Coloracion cabello,,Coloración permanente 8 rubio claro,2020-08-07 04:00:00
452055,Cuidado Personal,Coloracion cabello,,Retoca raíces instantáneo L'Oréal rubio claro,2020-08-07 04:00:00
452112,Cuidado Personal,Peines y accesorios,,Gomas negras,2020-08-07 04:00:00
452221,Otros,Cuidado corporal,,Loción corporal de almendras,2020-08-07 04:00:00
452239,Otros,Cuidado corporal,,Crema de manos con aceite de oliva,2020-08-07 04:00:00
452288,Cuidado Personal,Cuidado e higiene facial,,Mascarilla facial de burbujas Montagne Jeunesse,2020-08-07 04:00:00
452433,Cuidado Personal,Desodorante,,Desodorante cuidado aloe,2020-08-07 04:00:00
452499,Cuidado Personal,Higiene bucal,,Dentífrico original Binaca,2020-08-07 04:00:00
452502,Cuidado Personal,Higiene bucal,,Dentífrico herbal original,2020-08-07 04:00:00
452806,Cuidado Personal,Perfume y colonia,,Mini eau de parfum mujer de Mayo Flower boom,2020-08-07 04:00:00
452864,Cuidado Personal,Perfume y colonia,,Eau de toilette hombre Adolfo Dominguez Agua fresca,2020-08-07 04:00:00
452879,Cuidado Personal,Perfume y colonia,,Eau de toilette hombre Alejandro Sanz Mi acorde,2020-08-07 04:00:00
453081,Frescos,Fruta,,Limas,2020-08-07 04:00:00
453297,Lácteos y Huevos,Leche y bebidas vegetales,,Leche entera,2020-08-07 04:00:00
453337,Lácteos y Huevos,Leche y bebidas vegetales,,Bebida de almendras Soymilk,2020-08-07 04:00:00
453338,Lácteos y Huevos,Leche y bebidas vegetales,,Bebida de almendras Soymilk,2020-08-07 04:00:00
453372,Lácteos y Huevos,Leche y bebidas vegetales,,Preparado lácteo con cereales crecimiento Peques 3,2020-08-07 04:00:00
453400,Lácteos y Huevos,Mantequilla y margarina,,Mantequilla sin sal añadida,2020-08-07 04:00:00
453469,Limpieza y Hogar,Detergente y suavizante ropa,,Quitamanchas de desteñidos La Nave sin lejía,2020-08-07 04:00:00
453515,Limpieza y Hogar,Estropajo bayeta y guantes,,Estropajo baño fibra blanca,2020-08-07 04:00:00
453540,Limpieza y Hogar,Insecticida y ambientador,,Insecticida ácaros especial tejidos,2020-08-07 04:00:00
453563,Limpieza y Hogar,Insecticida y ambientador,,Ambientador spray pasión floral,2020-08-07 04:00:00
453707,Limpieza y Hogar,Limpieza bano y wc,,Colgador WC azul efecto lejía,2020-08-07 04:00:00
453787,Limpieza y Hogar,Limpieza vajilla,,Lavavajillas classic en pastillas,2020-08-07 04:00:00
453901,Limpieza y Hogar,Pilas y bolsas de basura,,Pila micro alcalina LRV08 Panasonic,2020-08-07 04:00:00
454032,Maquillaje,Bases de maquillaje y corrector,,Maquillaje fluido acción global 04,2020-08-07 04:00:00
454158,Maquillaje,Labios,,Pintalabios mate 09,2020-08-07 04:00:00
454224,Maquillaje,Ojos,,Paleta sombras de ojos perladas My Soul,2020-08-07 04:00:00
454259,Pescadería,Marisco,Hacendado,Gamba blanca cocida ultracongelada,2020-08-07 04:00:00
454271,Pescadería,Marisco,Hacendado,Buey de mar cocido congelado,2020-08-07 04:00:00
454289,Pescadería,Marisco,Pescanova,Tronquitos de surimi ultracongelados,2020-08-07 04:00:00
454524,Mascotas,Gato,,Snack gato barritas de pollo e hígado,2020-08-07 04:00:00
454565,Mascotas,Perro,,Comida perro júnior con pollo y arroz,2020-08-07 04:00:00
454583,Mascotas,Perro,,Snack perro salchichas,2020-08-07 04:00:00
454618,Panadería y Pastelería,Bolleria de horno,,Bizcocho tradicional,2020-08-07 04:00:00
455067,Platos Preparados,Platos preparados calientes,,Fideos orientales Yakisoba soja,2020-08-07 04:00:00
455565,Bebidas,Agua,,Agua mineral Bronchales pequeña,2020-08-07 16:00:00
455593,Bebidas,Agua,,Agua mineral con gas Cortes grande,2020-08-07 16:00:00
455608,Bebidas,Agua,,Gaseosa La Casera grande,2020-08-07 16:00:00
455744,Bebidas,Tonica y bitter,,Ginger ale,2020-08-07 16:00:00
455893,Frescos,Frutos secos y fruta desecada,Hacendado,Cocktail rodeo,2020-08-07 16:00:00
455976,Despensa,Arroz,,Arroz cocido basmati Brillante,2020-08-07 16:00:00
456031,Despensa,Pasta y fideos,,Sémola de trigo fina Nurture,2020-08-07 16:00:00
456225,Desayuno y Dulces,Chocolate,,Barritas de chocolate blanco con galleta rellena de caramelo y cereales,2020-08-07 16:00:00
456291,Desayuno y Dulces,Mermelada y miel,,Mermelada de ciruela 0% azúcares añadidos,2020-08-07 16:00:00
456306,Bebé,Alimentacion infantil,,Papilla crema de bechamel con lenguado baby +8 meses,2020-08-07 16:00:00
456537,Bodega,Cerveza,,Cerveza Especial Steinburg,2020-08-07 16:00:00
456707,Bodega,Sidra y cava,,Cava brut nature Jaume Serra,2020-08-07 16:00:00
456899,Bebidas Calientes,Cafe capsula y monodosis,,Café en cápsula cappuccino Dolce Gusto,2020-08-07 16:00:00
456985,Bebidas Calientes,Te e infusiones,,Mezcla de 3 tés,2020-08-07 16:00:00
457019,Otros,Arreglos,,Hueso garrón,2020-08-07 16:00:00
457082,Carnicería,Aves y pollo,,Mollejas de pollo,2020-08-07 16:00:00
457417,Carnicería,Aves y jamon cocido,Hacendado,Tiras de pechuga pollo al horno,2020-08-07 16:00:00
457458,Charcutería y Quesos,Bacon y salchichas,,Panceta sin corteza La Selva lonchas,2020-08-07 16:00:00
457585,Charcutería y Quesos,Pate y sobrasada,,Paté de cerdo con finas hierbas,2020-08-07 16:00:00
457610,Charcutería y Quesos,Pate y sobrasada,,Mousse de salmón,2020-08-07 16:00:00
457739,Charcutería y Quesos,Queso untable y fresco,,Queso azul,2020-08-07 16:00:00
457847,Congelados,Helados,,Helado de leche merengada,2020-08-07 16:00:00
457985,Platos Preparados,Pizzas,,Pizza jamón y queso sin gluten y sin lactosa ultracongelada,2020-08-07 16:00:00
458191,Frescos,Conservas de verdura y frutas,Hacendado,Menestra,2020-08-07 16:00:00
458216,Frescos,Conservas de verdura y frutas,Hacendado,Dulce de membrillo categoría primera,2020-08-07 16:00:00
458239,Despensa,Gazpacho y cremas,,Gazpacho andaluz,2020-08-07 16:00:00
458322,Cuidado Personal,Acondicionador y mascarilla,,Mascarilla Repair & Nutrition cabello seco y dañado,2020-08-07 16:00:00
458340,Cuidado Personal,Acondicionador y mascarilla,,Mascarilla Restructuring cabello extremadamente dañado,2020-08-07 16:00:00
458391,Cuidado Personal,Champu,,Champú anticaspa Pure Fresh cabello normal,2020-08-07 16:00:00
458493,Cuidado Personal,Coloracion cabello,,Coloración permanente L'Oréal 7.3 rubio dorado,2020-08-07 16:00:00
458532,Cuidado Personal,Fijacion cabello,,Espuma ondas marcadas cabello rizado fijación 3,2020-08-07 16:00:00
458835,Cuidado Personal,Depilacion,,Maquinilla depilación Venus snap,2020-08-07 16:00:00
459047,Cuidado Personal,Higiene intima,,Compresa sin alas super Suave,2020-08-07 16:00:00
459062,Cuidado Personal,Higiene intima,,Copa menstrual íntima talla L,2020-08-07 16:00:00
459165,Cuidado Personal,Manicura y pedicura,,Palitos de naranjo,2020-08-07 16:00:00
459387,Cuidado Personal,Perfume y colonia,,Lote infantil Disney Fancy Nancy Clancy,2020-08-07 16:00:00
459404,Cuidado Personal,Protector solar y aftersun,,Protector solar transparente Seesee FPS 50+,2020-08-07 16:00:00
459425,Cuidado Personal,Protector solar y aftersun,,Leche corporal autobronceadora,2020-08-07 16:00:00
459443,Salud,Fitoterapia,,Barrita sustitutivo de comida Belladieta sabor avena y chocolate con leche,2020-08-07 16:00:00
459460,Salud,Fitoterapia,,Lecitina de soja en gránulos,2020-08-07 16:00:00
459618,Frescos,Verdura,,Picada de ajo y Perejil,2020-08-07 16:00:00
459664,Frescos,Verdura,,Jengibre,2020-08-07 16:00:00
459871,Lácteos y Huevos,Mantequilla y margarina,,Margarina ligera,2020-08-07 16:00:00
459941,Limpieza y Hogar,Detergente y suavizante ropa,,Blanqueador de ropa La Nave en polvo,2020-08-07 16:00:00
460012,Limpieza y Hogar,Insecticida y ambientador,,Pulsera de citronela talla S,2020-08-07 16:00:00
460075,Limpieza y Hogar,Insecticida y ambientador,,Vela perfumada canela,2020-08-07 16:00:00
460180,Limpieza y Hogar,Limpieza bano y wc,,Colgador WC limón Bref,2020-08-07 16:00:00
460279,Despensa,Menaje y conservacion de alimentos,,Vasos grandes de plástico,2020-08-07 16:00:00
460403,Limpieza y Hogar,Utensilios de limpieza y calzado,,Escurridor para cubo ovalado,2020-08-07 16:00:00
460614,Maquillaje,Labios,,Pintalabios Bom Bom creamy 01,2020-08-07 16:00:00
460665,Maquillaje,Ojos,,Máscara de pestañas precisión & curva negro,2020-08-07 16:00:00
460692,Maquillaje,Pinceles y brochas,,Esponja maquillaje triángulos,2020-08-07 16:00:00
460698,Maquillaje,Pinceles y brochas,,Pincel colorete,2020-08-07 16:00:00
460762,Pescadería,Pescado congelado,Hacendado,Medallones de merluza del cabo ultracongelados,2020-08-07 16:00:00
460924,Pescadería,Sushi,,Gyozas de pollo Sushita,2020-08-07 16:00:00
460967,Mascotas,Gato,,Arena para gato antibacterias Nuske,2020-08-07 16:00:00
461187,Panadería y Pastelería,Harina y preparado reposteria,,Chocolate negro fundir,2020-08-07 16:00:00
461275,Panadería y Pastelería,Pan de horno,,Barra de pan sin sal añadida rebanada,2020-08-07 16:00:00
461306,Panadería y Pastelería,Pan de molde y otras especialidades,,Tortillas de trigo,2020-08-07 16:00:00
461363,Panadería y Pastelería,Picos rosquilletas y picatostes,,Palitos de pan con cereales y trigo espelta 25% Anitin,2020-08-07 16:00:00
461423,Otros,Velas y decoracion,,Velas de cumpleaños,2020-08-07 16:00:00
461488,Platos Preparados,Platos preparados calientes,,Lasaña de espinacas y requesón,2020-08-07 16:00:00
461562,Otros,Platos preparados frios,,Salmorejo fresco,2020-08-07 16:00:00
461590,Lácteos y Huevos,Bifidus,,Bífidus cremoso natural azucarado con cereales y fresas deshidratadas,2020-08-07 16:00:00
461683,Lácteos y Huevos,Yogures liquidos,,Yogur líquido desnatado de fresa 0% materia grasa 0% azúcares añadidos,2020-08-07 16:00:00
461996,Despensa,Otras salsas,,Guacamole,2020-08-08 04:00:00
462067,Bebidas,Isotonico y energetico,,Bebida isotónica limón,2020-08-08 04:00:00
462106,Bebidas,Refresco de cola,,Refresco,2020-08-08 04:00:00
462117,Bebidas,Refresco de cola,,Refresco Zero azúcar,2020-08-08 04:00:00
462118,Bebidas,Refresco de cola,,Refresco Zero azúcar,2020-08-08 04:00:00
462272,Despensa,Aceitunas y encurtidos,,Aceitunas manzanilla sabor anchoa con hueso,2020-08-08 04:00:00
462813,Bebé,Alimentacion infantil,,Preparado lácteo crecimiento Junior,2020-08-08 04:00:00
463340,Bebidas Calientes,Cafe capsula y monodosis,,Café en cápsula Colombia Espresso,2020-08-08 04:00:00
463392,Bebidas Calientes,Cafe molido y en grano,,Café molido mezcla Espresso,2020-08-08 04:00:00
463437,Bebidas Calientes,Te e infusiones,,Té negro con canela,2020-08-08 04:00:00
463611,Carnicería,Cerdo,,Solomillo de cerdo marinado con setas,2020-08-08 04:00:00
464025,Charcutería y Quesos,Jamon serrano,,Jamón de Trevélez Antonio Álvarez lonchas extra finas,2020-08-08 04:00:00
464036,Charcutería y Quesos,Jamon serrano,,Jamón de Teruel El Ontanar lonchas,2020-08-08 04:00:00
464097,Charcutería y Quesos,Queso curado semicurado y tierno,,Queso Gruyère Natual,2020-08-08 04:00:00
464123,Charcutería y Quesos,Queso curado semicurado y tierno,,Queso Gouda tierno Holland,2020-08-08 04:00:00
464203,Charcutería y Quesos,Queso untable y fresco,,Queso camembert Marcillat,2020-08-08 04:00:00
464509,Frescos,Verdura,Hacendado,Salteado de setas ultracongeladas,2020-08-08 04:00:00
464516,Frescos,Verdura,Hacendado,Salteado de verduras asadas ultracongeladas,2020-08-08 04:00:00
464752,Despensa,Sopa y caldo,,Doble caldo sabor clásico carne Knorr en pastillas,2020-08-08 04:00:00
464825,Cuidado Personal,Champu,,Champú Hydra cabello normal,2020-08-08 04:00:00
465032,Cuidado Personal,Peines y accesorios,,Cepillo cabello antitirones,2020-08-08 04:00:00
465312,Cuidado Personal,Desodorante,,Desodorante roll-on sensitive Byly,2020-08-08 04:00:00
465361,Cuidado Personal,Desodorante,,Desodorante Zero %,2020-08-08 04:00:00
465414,Cuidado Personal,Gel y jabon de manos,,Manopla rizo suave,2020-08-08 04:00:00
465573,Cuidado Personal,Higiene intima,,Toallitas íntimas cuidado diario,2020-08-08 04:00:00
465700,Cuidado Personal,Perfume y colonia,,Eau de toilette mujer Victorio & Lucchino Nº 4 Peonia imperial,2020-08-08 04:00:00
465823,Cuidado Personal,Perfume y colonia,,Lote hombre,2020-08-08 04:00:00
465848,Cuidado Personal,Perfume y colonia,,Lote infantil Disney Bingo y Rolly,2020-08-08 04:00:00
465933,Salud,Fitoterapia,,Cápsulas antiox colágeno,2020-08-08 04:00:00
466000,Frescos,Fruta,,Uva sabores sin semillas,2020-08-08 04:00:00
466190,Lácteos y Huevos,Leche y bebidas vegetales,,Leche semidesnatada sin lactosa,2020-08-08 04:00:00
466418,Limpieza y Hogar,Detergente y suavizante ropa,,Apresto Zelco instantáneo,2020-08-08 04:00:00
466460,Limpieza y Hogar,Insecticida y ambientador,,Insecticida avispas,2020-08-08 04:00:00
466518,Limpieza y Hogar,Insecticida y ambientador,,Ambientador coche frutos silvestres,2020-08-08 04:00:00
466527,Limpieza y Hogar,Insecticida y ambientador,,Ambientador perlas paradise,2020-08-08 04:00:00
466614,Limpieza y Hogar,Limpiahogar y friegasuelos,,Limpiahogar desinfectante,2020-08-08 04:00:00
466648,Limpieza y Hogar,Limpieza cocina,,Limpiador cocinas con amoniaco esencias cítricas,2020-08-08 04:00:00
466689,Limpieza y Hogar,Limpieza vajilla,,Lavavajillas ultra original líquido,2020-08-08 04:00:00
466789,Limpieza y Hogar,Papel higienico y celulosa,,Papel hogar super absorbente,2020-08-08 04:00:00
466851,Limpieza y Hogar,Utensilios de limpieza y calzado,,Recogedor de mano con cepillo,2020-08-08 04:00:00
467004,Maquillaje,Colorete y polvos,,Iluminador facial Bom Bom creamy 03,2020-08-08 04:00:00
467020,Maquillaje,Labios,,Perfilador de labios Bom Bom creamy 211 fucsia,2020-08-08 04:00:00
467144,Maquillaje,Ojos,,Paleta sombras ojos resistente al agua Beauty eyes,2020-08-08 04:00:00
467146,Maquillaje,Pinceles y brochas,,Esponja maquillaje triángulos,2020-08-08 04:00:00
467179,Pescadería,Marisco,,Langostino en su nido Vdfoodltd congelado,2020-08-08 04:00:00
467215,Pescadería,Pescado congelado,,Lomos de atún aleta amarilla Escuris ultracongelados,2020-08-08 04:00:00
467316,Pescadería,Pescado fresco,,Dorada a filetes sin cabeza y sin espina,2020-08-08 04:00:00
467455,Mascotas,Perro,,"Trozos en salsa perro adulto Delikuit con cordero, pollo y verduras",2020-08-08 04:00:00
467565,Panadería y Pastelería,Bolleria de horno,,Empanada de verduras,2020-08-08 04:00:00
467590,Panadería y Pastelería,Bolleria envasada,,Bizcochos,2020-08-08 04:00:00
467619,Panadería y Pastelería,Bolleria envasada,,Magdalena al chocolate,2020-08-08 04:00:00
467647,Panadería y Pastelería,Harina y preparado reposteria,,Levadura en polvo,2020-08-08 04:00:00
467860,Panadería y Pastelería,Tartas y pasteles,,Tarta infantil Peppa Pig congelada,2020-08-08 04:00:00
468220,Lácteos y Huevos,Yogures y postres infantiles,,Yogur infantil cremoso de fresa Go-Lácteo +8 meses,2020-08-08 04:00:00
468359,Despensa,Especias,,Cebolla frita crujiente,2020-08-08 16:00:00
468491,Bebidas,Agua,,Agua mineral Cortes pequeña tapón infantil,2020-08-08 16:00:00
468537,Bebidas,Isotonico y energetico,,Bebida isotónica blue Iso drink,2020-08-08 16:00:00
468631,Bebidas,Refresco de naranja y de limon,,Refresco lima limón zero azúcar fresh gas,2020-08-08 16:00:00
468696,Bebidas,Refresco de te y sin gas,,Bebida Florida Sunny Delight,2020-08-08 16:00:00
469044,Desayuno y Dulces,Chicles y caramelos,,Chicle regaliz y menta gragea,2020-08-08 16:00:00
469066,Desayuno y Dulces,Chocolate,,Chocolatinas chocolate extrafino negro,2020-08-08 16:00:00
469174,Desayuno y Dulces,Golosinas,,Golosinas boca fruit,2020-08-08 16:00:00
469203,Desayuno y Dulces,Mermelada y miel,,Mermelada de frambuesa Helios,2020-08-08 16:00:00
469205,Desayuno y Dulces,Mermelada y miel,,Mermelada de albaricoque light,2020-08-08 16:00:00
469223,Bebé,Alimentacion infantil,,Papilla verduritas con merluza baby +8 meses,2020-08-08 16:00:00
469378,Panadería y Pastelería,Toallitas y panales,,Pañales bebé talla 0 hasta 3 kg,2020-08-08 16:00:00
469448,Bodega,Cerveza,,Cerveza abadía Tongerlo,2020-08-08 16:00:00
469497,Bodega,Cerveza,,Bebida cider con gas Wild panther sabor a fresa y lima,2020-08-08 16:00:00
469647,Bodega,Tinto de verano y sangria,,Tinto de verano sabor limón Casón Histórico,2020-08-08 16:00:00
469705,Bodega,Vino rosado,,Vino rosado D.O Rioja Comportillo cosecha,2020-08-08 16:00:00
469807,Bebidas Calientes,Cafe capsula y monodosis,,Café con leche en cápsula Cocatech,2020-08-08 16:00:00
469828,Bebidas Calientes,Cafe capsula y monodosis,,Café monodosis descafeinado natural,2020-08-08 16:00:00
469846,Bebidas Calientes,Cafe molido y en grano,,Café molido mezcla Espresso,2020-08-08 16:00:00
469869,Bebidas Calientes,Cafe soluble y otras bebidas,,Café soluble cappuccino,2020-08-08 16:00:00
470191,Desayuno y Dulces,Cereales,,Copos de trigo con chocolate Chocodays,2020-08-08 16:00:00
470271,Desayuno y Dulces,Galletas,,Galletas Príncipe con crema de chocolate,2020-08-08 16:00:00
470298,Desayuno y Dulces,Galletas,,Galletas de cacao sin gluten rellenas de crema,2020-08-08 16:00:00
470326,Carnicería,Aves y jamon cocido,Hacendado,Pechuga de pavo finas lonchas,2020-08-08 16:00:00
470598,Charcutería y Quesos,Queso lonchas rallado y en porciones,,Queso rallado mozzarella pizza-Roma,2020-08-08 16:00:00
470612,Charcutería y Quesos,Queso untable y fresco,,Queso brie marcillat Plaisir de Roy,2020-08-08 16:00:00
470852,Pescadería,Pescado,Hacendado,Filetes de abadejo de Alaska sin piel ultracongelados,2020-08-08 16:00:00
471241,Cuidado Personal,Acondicionador y mascarilla,,Mascarilla cabello rizado Fructis hidra rizos fortificante,2020-08-08 16:00:00
471323,Cuidado Personal,Coloracion cabello,,Coloración permanente 4 castaño medio,2020-08-08 16:00:00
471371,Cuidado Personal,Coloracion cabello,,Coloración permanente 6.4 rubio oscuro cobrizo,2020-08-08 16:00:00
471404,Cuidado Personal,Coloracion cabello,,Coloración permanente L'Oréal 7 rubio,2020-08-08 16:00:00
471551,Cuidado Personal,Afeitado y cuidado para hombre,,Crema facial hidratante stop arrugas L'Oréal men expert,2020-08-08 16:00:00
471714,Cuidado Personal,Depilacion,,Bandas de cera especial piernas piel sensible,2020-08-08 16:00:00
471937,Cuidado Personal,Higiene bucal,,Arcos dentales para higiene interdental,2020-08-08 16:00:00
472045,Cuidado Personal,Manicura y pedicura,,Laca de uñas alto brillo 36 atardecer rosa,2020-08-08 16:00:00
472108,Cuidado Personal,Perfume y colonia,,Body spray citronela,2020-08-08 16:00:00
472127,Cuidado Personal,Perfume y colonia,,Eau de toilette mujer Luz de,2020-08-08 16:00:00
472206,Cuidado Personal,Perfume y colonia,,Eau de toilette hombre 9.60 Sport water acción,2020-08-08 16:00:00
472257,Cuidado Personal,Perfume y colonia,,Lote hombre Misty Wood Esencia vital,2020-08-08 16:00:00
472563,Frescos,Verdura,,Champiñón pequeño,2020-08-08 16:00:00
472604,Frescos,Verdura,,Sopa juliana para micro,2020-08-08 16:00:00
472823,Bodega,Cerveza,,Cerveza Clásica Steinburg,2020-08-09 04:00:00
472847,Limpieza y Hogar,Detergente y suavizante ropa,,Pastillas antical para lavadora,2020-08-08 16:00:00
472912,Limpieza y Hogar,Insecticida y ambientador,,Insecticida avispas,2020-08-08 16:00:00
472950,Limpieza y Hogar,Insecticida y ambientador,,Ambientador eléctrico spa 6 fragancias,2020-08-08 16:00:00
473127,Limpieza y Hogar,Limpieza muebles y multiusos,,Blanqueador de juntas,2020-08-08 16:00:00
473136,Limpieza y Hogar,Limpieza muebles y multiusos,,Aceite multiusos,2020-08-08 16:00:00
473148,Limpieza y Hogar,Limpieza vajilla,,Limpiador desengrasante en polvo,2020-08-08 16:00:00
473178,Despensa,Menaje y conservacion de alimentos,,Papel de aluminio,2020-08-08 16:00:00
473196,Despensa,Menaje y conservacion de alimentos,,Bol biodegradable,2020-08-08 16:00:00
473296,Limpieza y Hogar,Utensilios de limpieza y calzado,,Escoba para exteriores,2020-08-08 16:00:00
473331,Limpieza y Hogar,Utensilios de limpieza y calzado,,Plumero atrapa polvo Zeppilin electroestático,2020-08-08 16:00:00
473453,Maquillaje,Colorete y polvos,,Polvo compacto matificante universal,2020-08-08 16:00:00
473636,Pescadería,Marisco,,Langostino cocido,2020-08-08 16:00:00
473645,Pescadería,Marisco,Hacendado,Buey de mar cocido congelado,2020-08-08 16:00:00
474076,Panadería y Pastelería,Bolleria envasada,,Coquito El Cateto,2020-08-08 16:00:00
474128,Panadería y Pastelería,Harina y preparado reposteria,,Levadura en polvo,2020-08-08 16:00:00
474153,Panadería y Pastelería,Pan de horno,,Pan campeón del mundo,2020-08-08 16:00:00
474342,Otros,Velas y decoracion,,Fondant pasta de azúcar blanca Voilà,2020-08-08 16:00:00
474432,Platos Preparados,Platos preparados calientes,,Fideos orientales Yakisoba curry,2020-08-08 16:00:00
474597,Lácteos y Huevos,Yogures liquidos,,Bebida láctea natural azucarada,2020-08-08 16:00:00
474667,Lácteos y Huevos,Yogures y postres infantiles,,Yogur líquido infantil natural Go-Lácteo +6 meses,2020-08-08 16:00:00
474720,Bebidas,Naranja,,Zumo de naranja recién exprimido,2020-08-08 16:00:00
474742,Despensa,Tomate y otros sabores,,Zumo de pomelo,2020-08-08 16:00:00
474863,Despensa,Mayonesa ketchup y mostaza,,Ketchup light,2020-08-09 04:00:00
474966,Bebidas,Agua,,Agua de soda con sifón La Casa,2020-08-09 04:00:00
474969,Bebidas,Agua,,Soda cero calorías,2020-08-09 04:00:00
475031,Bebidas,Refresco de cola,,Refresco Zero azúcar,2020-08-09 04:00:00
475076,Bebidas,Refresco de naranja y de limon,,Refresco lima limón,2020-08-09 04:00:00
475114,Bebidas,Tonica y bitter,,Tónica pink,2020-08-09 04:00:00
475132,Bebidas,Refresco de te y sin gas,,Refresco té sabor melocotón cero,2020-08-09 04:00:00
475182,Despensa,Aceitunas y encurtidos,,Aceitunas rellenas de pimiento,2020-08-09 04:00:00
475315,Aperitivos,Patatas fritas y snacks,,Galletitas saladas,2020-08-09 04:00:00
475451,Despensa,Pasta y fideos,,Fideos orientales sabor pollo Yum Yum,2020-08-09 04:00:00
475550,Desayuno y Dulces,Chocolate,,Chocolate con leche Milka caramelo,2020-08-09 04:00:00
475574,Desayuno y Dulces,Chocolate,,Cacahuetes chocolate negro,2020-08-09 04:00:00
475745,Bebé,Alimentacion infantil,,Papilla 8 cereales baby +6 meses,2020-08-09 04:00:00
475815,Cuidado Personal,Higiene y cuidado,,Recambios recarga aspirador nasal anatómico,2020-08-09 04:00:00
475919,Bodega,Cerveza,,Cerveza IPA aromática & amarga Especialidades 1897,2020-08-09 04:00:00
475941,Bodega,Cerveza,,Cerveza con sabor a tequila 1897,2020-08-09 04:00:00
476015,Bodega,Licores,,Licor crema de whisky Baileys,2020-08-09 04:00:00
476096,Bodega,Tinto de verano y sangria,,Tinto de verano zero limón Casón Histórico,2020-08-09 04:00:00
476158,Bodega,Vino tinto,,Vino tinto,2020-08-09 04:00:00
476370,Bebidas Calientes,Te e infusiones,,Infusión Valeriana,2020-08-09 04:00:00
476508,Carnicería,Cerdo,,Pinchos de cerdo sin varilla,2020-08-09 04:00:00
476566,Carnicería,Hamburguesas y picadas,,Preparado de carne picada vacuno,2020-08-09 04:00:00
476643,Desayuno y Dulces,Cereales,,Cereales rellenos de crema de cacao y avellana sin gluten,2020-08-09 04:00:00
476946,Charcutería y Quesos,Jamon serrano,,Caja jamonera grande soporta 12 kg,2020-08-09 04:00:00
477087,Charcutería y Quesos,Queso untable y fresco,,Queso en dados para ensaladas,2020-08-09 04:00:00
477249,Pescadería,Marisco,Pescanova,Tronquitos de surimi ultracongelados,2020-08-09 04:00:00
477327,Pescadería,Pescado,,Croquetas de bacalao minis Camós congeladas,2020-08-09 04:00:00
477415,Frescos,Verdura,Hacendado,Espárrago verde troceado ultracongelado,2020-08-09 04:00:00
477693,Cuidado Personal,Acondicionador y mascarilla,,Mascarilla sin aclarado Repair & Nutrition cabello seco y dañado,2020-08-09 04:00:00
477695,Cuidado Personal,Acondicionador y mascarilla,,Mascarilla cabello dañado Elvive total repair,2020-08-09 04:00:00
477700,Cuidado Personal,Acondicionador y mascarilla,,Mascarilla cabello Elvive color vive,2020-08-09 04:00:00
477797,Cuidado Personal,Coloracion cabello,,Coloración permanente sin amoníaco 5.3 capuccino,2020-08-09 04:00:00
477866,Cuidado Personal,Coloracion cabello,,Coloración permanente sin amoníaco 6.0 rubio oscuro,2020-08-09 04:00:00
477994,Cuidado Personal,Afeitado y cuidado para hombre,,Crema facial antiarrugas y antiedad 9.60 hombre,2020-08-09 04:00:00
478083,Cuidado Personal,Cuidado e higiene facial,,Desmaquillador de ojos y labios bifásico todo tipo de pieles,2020-08-09 04:00:00
478162,Cuidado Personal,Cuidado e higiene facial,,Sérum de pestañas cuida y protege,2020-08-09 04:00:00
478389,Cuidado Personal,Higiene intima,,Compresa con alas noche Suave,2020-08-09 04:00:00
478637,Cuidado Personal,Perfume y colonia,,Lote mujer Victorio & Lucchino Hechizo,2020-08-09 04:00:00
479060,Lácteos y Huevos,Huevos,,Huevos super grandes XL,2020-08-09 04:00:00
479061,Lácteos y Huevos,Huevos,,Huevos grandes L,2020-08-09 04:00:00
479062,Lácteos y Huevos,Huevos,,Huevos grandes L,2020-08-09 04:00:00
479064,Lácteos y Huevos,Huevos,,Huevos medianos M,2020-08-09 04:00:00
479098,Lácteos y Huevos,Leche y bebidas vegetales,,Leche desnatada,2020-08-09 04:00:00
479152,Lácteos y Huevos,Leche y bebidas vegetales,,Bebida de soja con chocolate,2020-08-09 04:00:00
479154,Lácteos y Huevos,Leche y bebidas vegetales,,Bebida de soja Vivesoy,2020-08-09 04:00:00
479166,Lácteos y Huevos,Leche y bebidas vegetales,,Bebida de soja ligera,2020-08-09 04:00:00
479231,Lácteos y Huevos,Mantequilla y margarina,,Margarina con sal,2020-08-09 04:00:00
479333,Limpieza y Hogar,Estropajo bayeta y guantes,,Estropajo inox,2020-08-09 04:00:00
479450,Limpieza y Hogar,Insecticida y ambientador,,Ambientador eliminador de olores ropa limpia,2020-08-09 04:00:00
479750,Limpieza y Hogar,Utensilios de limpieza y calzado,,Mopa atrapa polvo multiusos,2020-08-09 04:00:00
479907,Maquillaje,Colorete y polvos,,Iluminador facial Bom Bom creamy 02,2020-08-09 04:00:00
479925,Maquillaje,Labios,,Perfilador de labios Bom Bom creamy 211 fucsia,2020-08-09 04:00:00
480145,Pescadería,Pescado congelado,,Albóndigas de bacalao Camós congeladas,2020-08-09 04:00:00
480195,Pescadería,Pescado en bandeja,,Arreglo para paella de marisco,2020-08-09 04:00:00
480295,Mascotas,Gato,,Paté gato adulto Delikuit con pollo y pavo,2020-08-09 04:00:00
480558,Panadería y Pastelería,Harina y preparado reposteria,,Base de tarta,2020-08-09 04:00:00
480608,Panadería y Pastelería,Pan de horno,,Panecillo de 6 cereales,2020-08-09 04:00:00
480639,Panadería y Pastelería,Pan de molde y otras especialidades,,Pan de molde blanco,2020-08-09 04:00:00
480644,Panadería y Pastelería,Pan de molde y otras especialidades,,Pan de molde 100% integral 0% azúcares añadidos,2020-08-09 04:00:00
480653,Panadería y Pastelería,Pan de molde y otras especialidades,,Pan de molde con 30% avena,2020-08-09 04:00:00
480709,Panadería y Pastelería,Picos rosquilletas y picatostes,,Regañá,2020-08-09 04:00:00
480720,Panadería y Pastelería,Picos rosquilletas y picatostes,,Palitos de pan con cacahuete Anitin,2020-08-09 04:00:00
480778,Otros,Velas y decoracion,,Vela de cumpleaños 6,2020-08-09 04:00:00
480813,Platos Preparados,Pizzas,,Pizza romana con champiñones salteados,2020-08-09 04:00:00
481024,Lácteos y Huevos,Yogures desnatados,,Yogur sin lactosa con trozos de piña,2020-08-09 04:00:00
481028,Lácteos y Huevos,Yogures griegos,,Yogur griego natural azucarado,2020-08-09 04:00:00
481029,Lácteos y Huevos,Yogures griegos,,Yogur griego natural,2020-08-09 04:00:00
481030,Lácteos y Huevos,Yogures griegos,,Yogur griego stracciatella,2020-08-09 04:00:00
481032,Lácteos y Huevos,Yogures griegos,,Yogur griego natural,2020-08-09 04:00:00
481093,Lácteos y Huevos,Yogures naturales y sabores,,Yogur sabor fresa,2020-08-09 04:00:00
481122,Lácteos y Huevos,Yogures y postres infantiles,,Yogur infantil cremoso de manzana y pera Go-Lácteo +6 meses,2020-08-09 04:00:00
481196,Despensa,Aceite vinagre y sal,,Aceite de oliva virgen extra,2020-08-09 16:00:00
481211,Despensa,Aceite vinagre y sal,,Aceite de coco virgen,2020-08-09 16:00:00
481269,Despensa,Especias,,Cebolla en polvo,2020-08-09 16:00:00
481343,Despensa,Otras salsas,,Salsa fresca trufa,2020-08-09 16:00:00
481349,Despensa,Otras salsas,,Salsa pesto rosso,2020-08-09 16:00:00
481416,Bebidas,Agua,,Agua mineral con gas San Pellegrino grande,2020-08-09 16:00:00
481628,Despensa,Aceitunas y encurtidos,,Aceitunas rellenas con pepinillo,2020-08-09 16:00:00
481655,Despensa,Aceitunas y encurtidos,,Picadillo de variantes,2020-08-09 16:00:00
481704,Frescos,Frutos secos y fruta desecada,Hacendado,Cacahuete garrapiñado,2020-08-09 16:00:00
481978,Desayuno y Dulces,Chocolate,,Chocolate extrafino negro avellanas enteras,2020-08-09 16:00:00
482006,Desayuno y Dulces,Chocolate,,Chocolate con leche Swiss almendra troceada y miel,2020-08-09 16:00:00
482057,Desayuno y Dulces,Chocolate,,Crema al cacao con avellanas de 2 sabores,2020-08-09 16:00:00
482230,Bebé,Biberon chupete y menaje,,Cuchara bebé de silicona +4 meses,2020-08-09 16:00:00
482249,Cuidado Personal,Higiene y cuidado,,Bálsamo facial infantil pieles atópicas,2020-08-09 16:00:00
482523,Bodega,Sidra y cava,,Cava brut nature Juvé & Camps,2020-08-09 16:00:00
482545,Bodega,Tinto de verano y sangria,,Tinto de verano sabor limón Casón Histórico,2020-08-09 16:00:00
482557,Bodega,Vino blanco,,Vino blanco tierra de Cádiz Barbadillo cosecha,2020-08-09 16:00:00
482624,Bodega,Vino tinto,,Vino tinto D.O Rioja Reservado reserva,2020-08-09 16:00:00
482697,Bebidas Calientes,Cafe capsula y monodosis,,Café en cápsula espresso intenso Dolce Gusto,2020-08-09 16:00:00
482969,Carnicería,Conejo y cordero,,Conejo entero troceado,2020-08-09 16:00:00
483011,Carnicería,Hamburguesas y picadas,,Burger de cerdo y vacuno con barbacoa,2020-08-09 16:00:00
483047,Carnicería,Empanados y elaborados,,Brochetas de pollo,2020-08-09 16:00:00
483298,Charcutería y Quesos,Chopped y mortadela,,Chopped,2020-08-09 16:00:00
483394,Charcutería y Quesos,Jamon serrano,,Jamón de bellota ibérico La Hacienda del ibérico,2020-08-09 16:00:00
483449,Charcutería y Quesos,Queso curado semicurado y tierno,,Queso curado en cavas añejo Sa Madona,2020-08-09 16:00:00
483520,Charcutería y Quesos,Queso untable y fresco,,Crema de queso sabor suave,2020-08-09 16:00:00
483605,Carnicería,Carne,,Rabo de vacuno añojo congelado,2020-08-09 16:00:00
483616,Congelados,Helados,,Helado mini bombón sin azúcares añadidos,2020-08-09 16:00:00
483770,Pescadería,Pescado,Hacendado,Varitas de merluza empanadas ultracongeladas,2020-08-09 16:00:00
483780,Pescadería,Pescado,Hacendado,Langostino caballitos rebozados ultracongelados,2020-08-09 16:00:00
483930,Pescadería,Atun y otras conservas de pescado,Hacendado,Filetes de melva en aceite de oliva,2020-08-09 16:00:00
483980,Frescos,Conservas de verdura y frutas,Hacendado,Espárragos medianos,2020-08-09 16:00:00
484033,Frescos,Conservas de verdura y frutas,Hacendado,Macedonia de frutas en almíbar,2020-08-09 16:00:00
484118,Despensa,Tomate,,Tomate frito con cebolla,2020-08-09 16:00:00
484180,Cuidado Personal,Champu,,Champú liso & sedoso cabello encrespado o seco,2020-08-09 16:00:00
484227,Cuidado Personal,Coloracion cabello,,Coloración permanente 5.3 castaño claro dorado,2020-08-09 16:00:00
484284,Cuidado Personal,Coloracion cabello,,Coloración permanente 8.31 nude arena,2020-08-09 16:00:00
484288,Cuidado Personal,Coloracion cabello,,Coloración permanente 9.3 rubio clarísimo dorado,2020-08-09 16:00:00
484322,Cuidado Personal,Coloracion cabello,,Aclarante crema color L'Oréal 01 rubio ultra claro natural,2020-08-09 16:00:00
484329,Cuidado Personal,Coloracion cabello,,Retoca raíces instantáneo L'Oréal castaño,2020-08-09 16:00:00
484446,Cuidado Personal,Afeitado y cuidado para hombre,,Crema facial antiarrugas y antiedad 9.60 hombre,2020-08-09 16:00:00
484923,Cuidado Personal,Higiene intima,,Toallitas íntimas cuidado diario,2020-08-09 16:00:00
485100,Cuidado Personal,Perfume y colonia,,Lote mujer Adolfo Dominguez Love Live,2020-08-09 16:00:00
485179,Cuidado Personal,Perfume y colonia,,Lote hombre Pacha Ibiza 24/7,2020-08-09 16:00:00
485221,Cuidado Personal,Protector solar y aftersun,,Leche protección solar Sun Med FPS 50+,2020-08-09 16:00:00
485236,Cuidado Personal,Protector solar y aftersun,,Aceite protector FPS 30,2020-08-09 16:00:00
485288,Salud,Fitoterapia,,Fibra 24h soluble,2020-08-09 16:00:00
485324,Salud,Parafarmacia,,Protectores para los oídos de cera Doctor San para el agua,2020-08-09 16:00:00
485363,Frescos,Fruta,,Melón piel de sapo,2020-08-09 16:00:00
485451,Frescos,Verdura,,Tomates kumato,2020-08-09 16:00:00
485470,Frescos,Verdura,,"Pimientos tricolor rojo, amarillo y verde",2020-08-09 16:00:00
485605,Lácteos y Huevos,Leche y bebidas vegetales,,Bebida de almendras Almendrola,2020-08-09 16:00:00
485630,Lácteos y Huevos,Leche y bebidas vegetales,,Bebida de avena con café,2020-08-09 16:00:00
485838,Limpieza y Hogar,Insecticida y ambientador,,Parches aromáticos con citronela Directsalud,2020-08-09 16:00:00
485907,Limpieza y Hogar,Insecticida y ambientador,,Ambientador eliminador de olores ropa limpia,2020-08-09 16:00:00
486032,Limpieza y Hogar,Limpieza muebles y multiusos,,Multiusos desinfectante antibacterias,2020-08-09 16:00:00
486105,Despensa,Menaje y conservacion de alimentos,,Cucharas de plástico,2020-08-09 16:00:00
486321,Maquillaje,Bases de maquillaje y corrector,,Maquillaje fluido hydra-confort 02 beige rosado,2020-08-09 16:00:00
486405,Maquillaje,Labios,,Pintalabios cremoso 03,2020-08-09 16:00:00
486519,Maquillaje,Pinceles y brochas,,Pincel sombra,2020-08-09 16:00:00
486813,Mascotas,Perro,,Paté perro adulto Delikuit con ternera y pollo,2020-08-09 16:00:00
486859,Mascotas,Perro,,Snack perro huesitos júnior con leche,2020-08-09 16:00:00
486938,Panadería y Pastelería,Bolleria envasada,,Pan de leche,2020-08-09 16:00:00
486963,Panadería y Pastelería,Bolleria envasada,,Mantecadas,2020-08-09 16:00:00
487047,Panadería y Pastelería,Pan de horno,,3 Barras de pan aceite de oliva,2020-08-09 16:00:00
487071,Panadería y Pastelería,Pan de horno,,Panecillo de 6 cereales,2020-08-09 16:00:00
487131,Panadería y Pastelería,Pan de molde y otras especialidades,,Maxi tortillas de trigo,2020-08-09 16:00:00
487134,Panadería y Pastelería,Pan de molde y otras especialidades,,Tortillas de maíz sin gluten Old El Paso,2020-08-09 16:00:00
487274,Platos Preparados,Pizzas,,Pizza pollo,2020-08-09 16:00:00
487426,Lácteos y Huevos,Flan y natillas,,Flan de vainilla con caramelo,2020-08-09 16:00:00
487559,Lácteos y Huevos,Yogures naturales y sabores,,Yogur cremoso con frutos silvestres,2020-08-09 16:00:00
487563,Lácteos y Huevos,Yogures naturales y sabores,,Yogur con mermelada de fresas Nutricia,2020-08-09 16:00:00
487778,Despensa,Mayonesa ketchup y mostaza,,Mostaza de Dijon,2020-08-10 04:00:00
487853,Bebidas,Agua,,Agua mineral Cortes pequeña,2020-08-10 04:00:00
487971,Bebidas,Refresco de naranja y de limon,,Refresco limón,2020-08-10 04:00:00
487984,Bebidas,Refresco de naranja y de limon,,Refresco de limón con gas,2020-08-10 04:00:00
488240,Aperitivos,Patatas fritas y snacks,,Cortezas,2020-08-10 04:00:00
488406,Desayuno y Dulces,Chicles y caramelos,,Chicle sandía lámina,2020-08-10 04:00:00
488471,Desayuno y Dulces,Chocolate,,Chocolate con leche fundir,2020-08-10 04:00:00
488594,Bebé,Alimentacion infantil,,Papilla zanahorias con arroz en caldito de pollo baby +6 meses,2020-08-10 04:00:00
488710,Cuidado Personal,Higiene y cuidado,,Leche corporal bebé hidratante,2020-08-10 04:00:00
488937,Bodega,Licores,,Bebida espirituosa a base de vodka Knebep azul,2020-08-10 04:00:00
489222,Bebidas Calientes,Cafe soluble y otras bebidas,,Café soluble descafeinado,2020-08-10 04:00:00
489244,Bebidas Calientes,Te e infusiones,,Té verde,2020-08-10 04:00:00
489457,Carnicería,Hamburguesas y picadas,,Burger de pollo,2020-08-10 04:00:00
489663,Desayuno y Dulces,Galletas,,Galletas rellenas de frambuesa bañadas de chocolate,2020-08-10 04:00:00
490005,Charcutería y Quesos,Queso untable y fresco,,Queso fresco Burgos bajo en sal,2020-08-10 04:00:00
490012,Charcutería y Quesos,Queso untable y fresco,,Queso camembert Marcillat,2020-08-10 04:00:00
490231,Pescadería,Pescado,Hacendado,Empanadillas de atún ultracongeladas,2020-08-10 04:00:00
490489,Frescos,Conservas de verdura y frutas,Hacendado,Melocotón en almíbar,2020-08-10 04:00:00
490690,Cuidado Personal,Coloracion cabello,,Coloración permanente 6.15 marrón macadamia,2020-08-10 04:00:00
490726,Cuidado Personal,Coloracion cabello,,Coloración sin amoníaco L'Oréal 354 caoba efecto henna,2020-08-10 04:00:00
490730,Cuidado Personal,Coloracion cabello,,Coloración permanente 6 rubio oscuro,2020-08-10 04:00:00
490754,Cuidado Personal,Coloracion cabello,,Coloración permanente 6.35 rubio caramelo,2020-08-10 04:00:00
490766,Cuidado Personal,Coloracion cabello,,Coloración permanente L'Oréal 7.1 rubio ceniza,2020-08-10 04:00:00
490921,Cuidado Personal,Afeitado y cuidado para hombre,,Exfoliante facial hombre,2020-08-10 04:00:00
490996,Cuidado Personal,Cuidado e higiene facial,,Tónico facial hidratante todo tipo de pieles,2020-08-10 04:00:00
491241,Cuidado Personal,Higiene bucal,,Dentífrico bicarbonato blanqueador con flúor,2020-08-10 04:00:00
491337,Cuidado Personal,Higiene intima,,Compresa con alas para pérdidas de orina Depend normal,2020-08-10 04:00:00
491460,Cuidado Personal,Neceseres,,Neceser Miffy pequeño,2020-08-10 04:00:00
491662,Cuidado Personal,Perfume y colonia,,Lote infantil Marvel Hulk,2020-08-10 04:00:00
491673,Cuidado Personal,Perfume y colonia,,Lote infantil My Unicorn,2020-08-10 04:00:00
491674,Cuidado Personal,Protector solar y aftersun,,Crema protección solar infantil Sun Med FPS 50+,2020-08-10 04:00:00
491699,Cuidado Personal,Protector solar y aftersun,,Protector solar coco FPS 6,2020-08-10 04:00:00
491867,Frescos,Lechuga y ensalada preparada,,Rúcula base para ensalada,2020-08-10 04:00:00
491880,Frescos,Lechuga y ensalada preparada,,Ensalada ensalight,2020-08-10 04:00:00
491936,Frescos,Verdura,,Champiñón pequeño,2020-08-10 04:00:00
492158,Lácteos y Huevos,Mantequilla y margarina,,Bechamel,2020-08-10 04:00:00
492298,Limpieza y Hogar,Insecticida y ambientador,,Parches aromáticos con citronela Directsalud,2020-08-10 04:00:00
492351,Limpieza y Hogar,Insecticida y ambientador,,Ambientador líquido concentrado Foresan WC,2020-08-10 04:00:00
492435,Limpieza y Hogar,Limpiahogar y friegasuelos,,Limpiahogar desinfectante,2020-08-10 04:00:00
492647,Limpieza y Hogar,Pilas y bolsas de basura,,Bolsa de basura mini 10L cubo pequeño,2020-08-10 04:00:00
492661,Limpieza y Hogar,Utensilios de limpieza y calzado,,Escoba fibras cruzadas,2020-08-10 04:00:00
492712,Limpieza y Hogar,Utensilios de limpieza y calzado,,Esponja de calzado Yak,2020-08-10 04:00:00
492778,Maquillaje,Bases de maquillaje y corrector,,Gotas de maquillaje 03 bronceado,2020-08-10 04:00:00
492892,Maquillaje,Labios,,Pintalabios Bom Bom creamy 03,2020-08-10 04:00:00
493133,Pescadería,Pescado fresco,,Corvina limpia con cabeza,2020-08-10 04:00:00
493161,Pescadería,Pescado fresco,,Rape sin piel y sin cabeza,2020-08-10 04:00:00
493278,Mascotas,Perro,,"Trozos en salsa perro adulto Delikuit con cordero, pollo y verduras",2020-08-10 04:00:00
493390,Panadería y Pastelería,Bolleria de horno,,Empanada rellena de pollo y setas con crema de queso,2020-08-10 04:00:00
493404,Bodega,Cerveza,,Cerveza Amstel,2020-08-10 16:00:00
493562,Panadería y Pastelería,Pan de molde y otras especialidades,,Pan de molde blanco,2020-08-10 04:00:00
494006,Lácteos y Huevos,Yogures naturales y sabores,,Yogur cremoso natural azucarado,2020-08-10 04:00:00
494026,Lácteos y Huevos,Yogures naturales y sabores,,Yogur sabor limón,2020-08-10 04:00:00
494098,Bebidas,Naranja,,Zumo de naranja selección,2020-08-10 04:00:00
494184,Despensa,Especias,,Pimienta blanca molida,2020-08-10 16:00:00
494285,Despensa,Otras salsas,,Salsa miel y mostaza,2020-08-10 16:00:00
494619,Frescos,Frutos secos y fruta desecada,Hacendado,Nuez natural,2020-08-10 16:00:00
494693,Aperitivos,Patatas fritas y snacks,,Torreznos sabor barbacoa,2020-08-10 16:00:00
494762,Despensa,Pasta y fideos,,Pasta maravilla,2020-08-10 16:00:00
494819,Despensa,Pasta y fideos,,Fideos orientales Yakisoba classic,2020-08-10 16:00:00
494828,Despensa,Pasta y fideos,,Pasta oriental sabor gamba camarao Maggi,2020-08-10 16:00:00
494850,Desayuno y Dulces,Azucar y edulcorante,,Edulcorante en pastillas aspartamo,2020-08-10 16:00:00
494853,Desayuno y Dulces,Chicles y caramelos,,Chicle menta fuerte gragea,2020-08-10 16:00:00
495027,Desayuno y Dulces,Mermelada y miel,,Mermelada de albaricoque light,2020-08-10 16:00:00
495070,Bebé,Alimentacion infantil,,Papilla dúo de frutas +4 meses,2020-08-10 16:00:00
495147,Bebé,Biberon chupete y menaje,,Chupete silicona anatómico +18 meses,2020-08-10 16:00:00
495339,Bodega,Licores,,Vermouth blanco Maronti,2020-08-10 16:00:00
495364,Bodega,Licores,,Whisky escocés Chivas Regal 12 años,2020-08-10 16:00:00
495539,Bodega,Vino tinto,,Vino tinto D.O Rioja Reservado crianza,2020-08-10 16:00:00
495549,Bodega,Vino tinto,,Vino tinto D.O Utiel-Requena Torre Oria crianza,2020-08-10 16:00:00
495566,Bodega,Vino tinto,,Vino tinto D.O Valdepeñas Viña Albali reserva,2020-08-10 16:00:00
495727,Bebidas Calientes,Te e infusiones,,Infusión Relax,2020-08-10 16:00:00
495780,Carnicería,Aves y pollo,,Filetes pechuga de pollo corte fino,2020-08-10 16:00:00
495925,Carnicería,Hamburguesas y picadas,,Burger de vacuno y cerdo gruesas,2020-08-10 16:00:00
496033,Desayuno y Dulces,Cereales,,Copos de trigo integral fruta & fibra,2020-08-10 16:00:00
496151,Carnicería,Aves y jamon cocido,Hacendado,Longaniza de pavo extra lonchas,2020-08-10 16:00:00
496431,Charcutería y Quesos,Queso untable y fresco,,Queso untar light blanco pasteurizado,2020-08-10 16:00:00
496592,Congelados,Helados,,Helado nata montada,2020-08-10 16:00:00
496623,Pescadería,Marisco,Hacendado,Caracoles precocidos ultracongelados,2020-08-10 16:00:00
496627,Pescadería,Marisco,Pescanova,Langostino cocido ultracongelado,2020-08-10 16:00:00
496701,Pescadería,Pescado,,Croquetas de merluza y gambas Preli ultracongeladas,2020-08-10 16:00:00
496714,Platos Preparados,Pizzas,,Pizza americana rellena de cheddar ultracongelada,2020-08-10 16:00:00
496775,Frescos,Verdura,Hacendado,Haba fina ultracongelada,2020-08-10 16:00:00
496944,Frescos,Conservas de verdura y frutas,Hacendado,Piña en su jugo rodaja mediana,2020-08-10 16:00:00
497190,Cuidado Personal,Coloracion cabello,,Coloración permanente 6.4 rubio oscuro cobrizo,2020-08-10 16:00:00
497303,Cuidado Personal,Peines y accesorios,,Cepillo cabello antitirones,2020-08-10 16:00:00
497442,Otros,Cuidado corporal,,Toallitas refrescantes monodosis,2020-08-10 16:00:00
497515,Frescos,Verdura,,Medio repollo liso,2020-08-10 16:00:00
497607,Cuidado Personal,Desodorante,,Desodorante mujer invisible antimanchas,2020-08-10 16:00:00
497649,Cuidado Personal,Gel y jabon de manos,,Gel de baño aqua marina piel normal,2020-08-10 16:00:00
497787,Cuidado Personal,Higiene intima,,Compresa con alas normal Dry,2020-08-10 16:00:00
497813,Cuidado Personal,Higiene intima,,Tampones super plus,2020-08-10 16:00:00
498019,Cuidado Personal,Perfume y colonia,,Lote mujer Victorio & Lucchino Viva!,2020-08-10 16:00:00
498033,Cuidado Personal,Perfume y colonia,,Eau de toilette hombre Como tú Viento,2020-08-10 16:00:00
498100,Cuidado Personal,Perfume y colonia,,Lote hombre Marc Márquez sport,2020-08-10 16:00:00
498119,Cuidado Personal,Perfume y colonia,,Lote infantil Disney Fancy Nancy Clancy,2020-08-10 16:00:00
498127,Cuidado Personal,Perfume y colonia,,Lote infantil LOL Surprise,2020-08-10 16:00:00
498202,Salud,Fitoterapia,,Cápsulas equinácea,2020-08-10 16:00:00
498351,Frescos,Verdura,,Batata,2020-08-10 16:00:00
498375,Frescos,Verdura,,Tomates en rama,2020-08-10 16:00:00
498398,Frescos,Verdura,,Seta shiitake,2020-08-10 16:00:00
498416,Frescos,Verdura,,Remolacha cocida y pelada,2020-08-10 16:00:00
498497,Lácteos y Huevos,Leche y bebidas vegetales,,Leche entera sin lactosa,2020-08-10 16:00:00
498648,Limpieza y Hogar,Detergente y suavizante ropa,,Detergente ropa Elena en polvo,2020-08-10 16:00:00
498675,Limpieza y Hogar,Detergente y suavizante ropa,,Activador quitamanchas ropa color en polvo,2020-08-10 16:00:00
498716,Limpieza y Hogar,Estropajo bayeta y guantes,,Bayeta grande clásica multiusos microfibra,2020-08-10 16:00:00
498745,Limpieza y Hogar,Insecticida y ambientador,,Pulsera de citronela talla L,2020-08-10 16:00:00
498754,Limpieza y Hogar,Insecticida y ambientador,,Raticida cebo fresco,2020-08-10 16:00:00
499024,Despensa,Menaje y conservacion de alimentos,,Palillos redondos,2020-08-10 16:00:00
499118,Limpieza y Hogar,Utensilios de limpieza y calzado,,Mopa atrapa polvo multiusos,2020-08-10 16:00:00
499199,Maquillaje,Bases de maquillaje y corrector,,Maquillaje fluido larga duración 01,2020-08-10 16:00:00
499379,Maquillaje,Ojos,,Máscara de cejas marrón,2020-08-10 16:00:00
499428,Maquillaje,Pinceles y brochas,,Pincel polvos,2020-08-10 16:00:00
499746,Mascotas,Perro,,"Comida perro sénior light Supreme con pollo, cebada y arroz",2020-08-10 16:00:00
499798,Panadería y Pastelería,Bolleria de horno,,Berlina glacé,2020-08-10 16:00:00
499844,Panadería y Pastelería,Bolleria envasada,,Fartons tradicionales Polo,2020-08-10 16:00:00
499930,Panadería y Pastelería,Harina y preparado reposteria,,Preparado en polvo natillas,2020-08-10 16:00:00
500018,Panadería y Pastelería,Pan de molde y otras especialidades,,Pan de molde sin gluten multicereales Beiker,2020-08-10 16:00:00
500021,Panadería y Pastelería,Pan de molde y otras especialidades,,Pan redondo 5 semillas,2020-08-10 16:00:00
500092,Panadería y Pastelería,Picos rosquilletas y picatostes,,Palitos de pan con cacahuete Anitin,2020-08-10 16:00:00
500158,Otros,Velas y decoracion,,Sirope de chocolate,2020-08-10 16:00:00
500176,Platos Preparados,Pizzas,,Pizza 4 quesos,2020-08-10 16:00:00
500196,Platos Preparados,Pizzas,,Pizza salmón y gambas ultracongelada,2020-08-10 16:00:00
500274,Platos Preparados,Platos preparados calientes,,Callos con garbanzos La Nora,2020-08-10 16:00:00
500443,Lácteos y Huevos,Yogures liquidos,,Bebida láctea de fresa 0% materia grasa,2020-08-10 16:00:00
500602,Despensa,Aceite vinagre y sal,,Bicarbonato sódico,2020-08-11 04:00:00
500608,Despensa,Aceite vinagre y sal,,Sal 60% menos de sodio,2020-08-11 04:00:00
500613,Despensa,Especias,,Orégano,2020-08-11 04:00:00
500620,Despensa,Especias,,Eneldo hojas,2020-08-11 04:00:00
500671,Despensa,Mayonesa ketchup y mostaza,,Mayonesa,2020-08-11 04:00:00
500694,Despensa,Mayonesa ketchup y mostaza,,Allioli en sobres individuales,2020-08-11 04:00:00
500840,Bebidas,Refresco de cola,,Refresco,2020-08-11 04:00:00
501051,Frescos,Frutos secos y fruta desecada,Hacendado,Cacahuete frito con piel,2020-08-11 04:00:00
501099,Frescos,Frutos secos y fruta desecada,Hacendado,Ciruelas desecadas sin hueso,2020-08-11 04:00:00
501102,Frescos,Frutos secos y fruta desecada,Hacendado,Orejones albaricoque,2020-08-11 04:00:00
501195,Despensa,Legumbres,,Alubia blanca,2020-08-11 04:00:00
501576,Bebé,Alimentacion infantil,,Papilla líquida leche y cereales sin gluten +6 meses,2020-08-11 04:00:00
501713,Bodega,Cerveza,,Cerveza de trigo Franziskaner,2020-08-11 04:00:00
501862,Bodega,Licores,,Licor de hierbas Ruavieja,2020-08-11 04:00:00
501887,Bodega,Sidra y cava,,Sidra sin alcohol El Lagar,2020-08-11 04:00:00
501921,Bodega,Tinto de verano y sangria,,Tinto de verano zero limón Casón Histórico 0% alcohol 0% azúcares,2020-08-11 04:00:00
502001,Bodega,Vino tinto,,Vino tinto D.O Utiel-Requena Torre Oria crianza,2020-08-11 04:00:00
502027,Bodega,Vino tinto,,Vino tinto D.O Campo de Borja Borsao barrica,2020-08-11 04:00:00
502281,Carnicería,Carne congelada,,Alas de pollo congeladas,2020-08-11 04:00:00
502351,Carnicería,Conejo y cordero,,Paletilla de cordero lechal asado fácil,2020-08-11 04:00:00
502450,Desayuno y Dulces,Cereales,,Cereales rellenos de leche,2020-08-11 04:00:00
502523,Desayuno y Dulces,Galletas,,Galletas Oceanix,2020-08-11 04:00:00
502665,Charcutería y Quesos,Bacon y salchichas,,Salchichas cocidas estilo Viena con jamón,2020-08-11 04:00:00
502678,Charcutería y Quesos,Chopped y mortadela,,Mortadela de pavo finas lonchas,2020-08-11 04:00:00
502727,Charcutería y Quesos,Embutido curado,,Morcón cebo ibérico cortado a máquina,2020-08-11 04:00:00
503099,Pescadería,Marisco,Hacendado,Cigala grande ultracongelada,2020-08-11 04:00:00
503213,Frescos,Verdura,Hacendado,Verdura para paella ultracongelada,2020-08-11 04:00:00
503307,Pescadería,Atun y otras conservas de pescado,Hacendado,Sardinas en salsa de tomate,2020-08-11 04:00:00
503430,Despensa,Gazpacho y cremas,,Salmorejo fresco,2020-08-11 04:00:00
503558,Cuidado Personal,Champu,,Champú Intense & Gold cabello rubio,2020-08-11 04:00:00
503932,Cuidado Personal,Cuidado e higiene facial,,Mascarilla facial peeling árbol de té Montagne Jeunesse,2020-08-11 04:00:00
503949,Cuidado Personal,Cuidado e higiene facial,,Crema facial hidratante equilibrante piel normal a grasa,2020-08-11 04:00:00
503967,Cuidado Personal,Cuidado e higiene facial,,Crema facial anti-rojeces dermik,2020-08-11 04:00:00
504140,Cuidado Personal,Gel y jabon de manos,,Esponja de baño infantil Disney Frozen,2020-08-11 04:00:00
504172,Cuidado Personal,Higiene bucal,,Dentífrico blanqueador avanzado Licor del Polo 2 en 1,2020-08-11 04:00:00
504829,Frescos,Verdura,,Pimiento verde,2020-08-11 04:00:00
504856,Frescos,Verdura,,Puerros,2020-08-11 04:00:00
504900,Lácteos y Huevos,Leche y bebidas vegetales,,Leche semidesnatada,2020-08-11 04:00:00
504904,Lácteos y Huevos,Leche y bebidas vegetales,,Leche semidesnatada calcio,2020-08-11 04:00:00
504966,Lácteos y Huevos,Leche y bebidas vegetales,,Bebida de arroz Alitey,2020-08-11 04:00:00
505117,Limpieza y Hogar,Detergente y suavizante ropa,,Pastillas antical para lavadora,2020-08-11 04:00:00
505143,Limpieza y Hogar,Detergente y suavizante ropa,,Tinte para ropa azul marino La Nave,2020-08-11 04:00:00
505348,Limpieza y Hogar,Limpieza bano y wc,,Toallitas limpiadoras de baños,2020-08-11 04:00:00
505378,Limpieza y Hogar,Limpieza cocina,,Rasqueta vitrocerámicas,2020-08-11 04:00:00
505950,Pescadería,Pescado congelado,Hacendado,Fritura de pescado ultracongelada,2020-08-11 04:00:00
506038,Pescadería,Pescado fresco,,Lenguado sin cabeza y sin piel,2020-08-11 04:00:00
506065,Pescadería,Pescado fresco,,Rape abierto en libro sin espina,2020-08-11 04:00:00
506147,Mascotas,Gato,,Comida gato adulto Supreme salmón y arroz,2020-08-11 04:00:00
506206,Mascotas,Perro,,"Comida perro sénior light Supreme con pollo, cebada y arroz",2020-08-11 04:00:00
506400,Panadería y Pastelería,Harina y preparado reposteria,,Masa de hojaldre sin gluten,2020-08-11 04:00:00
506562,Panadería y Pastelería,Tartas y pasteles,,Tarta dúo sabores congelada,2020-08-11 04:00:00
506645,Platos Preparados,Pizzas,,Pizza 4 quesos rellena de gorgonzola ultracongelada,2020-08-11 04:00:00
507271,Bebidas,Isotonico y energetico,,Bebida energética energy ultra Monster,2020-08-11 16:00:00
507277,Bebidas,Isotonico y energetico,,Bebida energética Energy Drink,2020-08-11 16:00:00
507389,Bebidas,Tonica y bitter,,Tónica pink,2020-08-11 16:00:00
507412,Bebidas,Refresco de te y sin gas,,Té verde japonés Kyoko,2020-08-11 16:00:00
507444,Despensa,Aceitunas y encurtidos,,Aceitunas manzanilla sin hueso,2020-08-11 16:00:00
507622,Despensa,Arroz,,Arroz largo,2020-08-11 16:00:00
507829,Desayuno y Dulces,Chocolate,,Chocolate con leche Swiss almendra troceada y miel,2020-08-11 16:00:00
507963,Bebé,Alimentacion infantil,,Papilla manzana y plátano +6 meses,2020-08-11 16:00:00
508141,Bodega,Cerveza,,Cerveza especial,2020-08-11 16:00:00
508152,Bodega,Cerveza,,Cerveza sin gluten Steinburg,2020-08-11 16:00:00
508154,Bodega,Cerveza,,Cerveza negra Black 1897,2020-08-11 16:00:00
508159,Bodega,Cerveza,,Cerveza reserva 1925,2020-08-11 16:00:00
508255,Bodega,Licores,,Whisky escocés Cutty Sark,2020-08-11 16:00:00
508272,Bodega,Licores,,Ron añejo Negrita,2020-08-11 16:00:00
508482,Bodega,Vino tinto,,Vino tinto sin sulfitos añadidos Davida D.O. Navarra,2020-08-11 16:00:00
508534,Bebidas Calientes,Cafe capsula y monodosis,,Cortado en cápsula descafeinado Cocatech,2020-08-11 16:00:00
508848,Carnicería,Vacuno,,Carpaccio de vacuno,2020-08-11 16:00:00
508889,Carnicería,Empanados y elaborados,,Tacos de pavo al ajillo,2020-08-11 16:00:00
509000,Desayuno y Dulces,Galletas,,Galletas crujientes chocolate y avena,2020-08-11 16:00:00
509016,Desayuno y Dulces,Galletas,,Galletas Choco leche con chocolatina,2020-08-11 16:00:00
509044,Desayuno y Dulces,Tortitas,,Tortitas de avena y arroz,2020-08-11 16:00:00
509594,Frescos,Fruta,,Melón Galia,2020-08-11 16:00:00
509652,Panadería y Pastelería,Tartas y churros,,Tarta infantil El Rey León congelada,2020-08-11 16:00:00
509691,Frescos,Verdura,Hacendado,Salteado de patata y salchicha ultracongelado,2020-08-11 16:00:00
509733,Pescadería,Atun y otras conservas de pescado,Hacendado,Atún claro en aceite de oliva,2020-08-11 16:00:00
509999,Cuidado Personal,Champu,,Champú Liss Frizz Control cabello rebelde,2020-08-11 16:00:00
510008,Cuidado Personal,Champu,,Champú Intense & Gold cabello rubio,2020-08-11 16:00:00
510035,Cuidado Personal,Coloracion cabello,,Coloración permanente 2.10 negro azul,2020-08-11 16:00:00
510289,Otros,Cuidado corporal,,Gel corporal aloe vera,2020-08-11 16:00:00
510344,Otros,Cuidado corporal,,Toallitas dermo higiene corporal tamaño gigantes,2020-08-11 16:00:00
510582,Cuidado Personal,Gel y jabon de manos,,Esponja de baño vegetal fibras naturales,2020-08-11 16:00:00
510668,Cuidado Personal,Higiene intima,,Compresa sin alas super plegada Classic,2020-08-11 16:00:00
510695,Cuidado Personal,Higiene intima,,Copa menstrual íntima talla L,2020-08-11 16:00:00
510918,Cuidado Personal,Perfume y colonia,,Lote mujer Victorio & Lucchino Viva!,2020-08-11 16:00:00
510954,Cuidado Personal,Perfume y colonia,,Eau de toilette hombre Pacha Ibiza Clandestine,2020-08-11 16:00:00
511147,Salud,Parafarmacia,,Preservativos sensitivo suave Durex,2020-08-11 16:00:00
511148,Salud,Parafarmacia,,Preservativos natural On,2020-08-11 16:00:00
511159,Frescos,Fruta,,Plátano macho,2020-08-11 16:00:00
511241,Frescos,Verdura,,Batata,2020-08-11 16:00:00
511752,Limpieza y Hogar,Lejia y liquidos fuertes,,Mantenimiento de invierno para piscina,2020-08-11 16:00:00
511862,Limpieza y Hogar,Limpieza vajilla,,Lavavajillas aloe concentrado,2020-08-11 16:00:00
512030,Limpieza y Hogar,Utensilios de limpieza y calzado,,Escurridor para cubo ovalado,2020-08-11 16:00:00
512053,Limpieza y Hogar,Utensilios de limpieza y calzado,,Limpiador de calzado burdeos,2020-08-11 16:00:00
512100,Maquillaje,Bases de maquillaje y corrector,,Maquillaje fluido larga duración 04,2020-08-11 16:00:00
512134,Maquillaje,Bases de maquillaje y corrector,,Maquillaje fluido hydra-confort 03 beige medio,2020-08-11 16:00:00
512295,Maquillaje,Ojos,,Máscara de pestañas resistente al agua Beauty eyes,2020-08-11 16:00:00
512312,Maquillaje,Ojos,,Sombra de ojos larga duración 05,2020-08-11 16:00:00
512352,Pescadería,Marisco,,Langostino cocido,2020-08-11 16:00:00
512364,Pescadería,Marisco,Hacendado,Mejillón de Chile cocido media concha ultracongelado,2020-08-11 16:00:00
512534,Pescadería,Salazones y ahumados,,Bacalao ahumado Ubago en aceite de girasol,2020-08-11 16:00:00
512595,Mascotas,Gato,,Comida gato sénior Supreme con pollo y arroz,2020-08-11 16:00:00
513000,Panadería y Pastelería,Picos rosquilletas y picatostes,,Picatostes fritos,2020-08-11 16:00:00
513047,Otros,Velas y decoracion,,Vela de cumpleaños 6,2020-08-11 16:00:00
513058,Otros,Velas y decoracion,,Almendra crocanti,2020-08-11 16:00:00
513160,Platos Preparados,Platos preparados calientes,,Callos a la madrileña La Nora,2020-08-11 16:00:00
513208,Lácteos y Huevos,Bifidus,,Bífidus desnatado con nueces y cereales,2020-08-11 16:00:00
513324,Lácteos y Huevos,Yogures liquidos,,Bebida láctea de fresa L-casei,2020-08-11 16:00:00
513331,Lácteos y Huevos,Yogures liquidos,,Bebida láctea de fresa Danacol 0% azúcares añadidos,2020-08-11 16:00:00
513572,Despensa,Mayonesa ketchup y mostaza,,Salsa ligera,2020-08-12 04:00:00
513593,Despensa,Otras salsas,,Tomate frito con aceite de oliva,2020-08-12 04:00:00
513778,Bebidas,Refresco de naranja y de limon,,Refresco de limón fresh gas,2020-08-12 04:00:00
513811,Bebidas,Refresco de naranja y de limon,,Refresco de naranja zero fresh gas,2020-08-12 04:00:00
513833,Bebidas,Refresco de te y sin gas,,Refresco al limón,2020-08-12 04:00:00
513834,Bebidas,Refresco de te y sin gas,,Refresco al limón,2020-08-12 04:00:00
513915,Despensa,Aceitunas y encurtidos,,Cebolla roja Corbí en vinagre,2020-08-12 04:00:00
513919,Despensa,Aceitunas y encurtidos,,Cebollitas sabor anchoa,2020-08-12 04:00:00
514033,Aperitivos,Patatas fritas y snacks,,Torreznos,2020-08-12 04:00:00
514283,Desayuno y Dulces,Chocolate,,Cacahuetes chocolate con leche,2020-08-12 04:00:00
514508,Cuidado Personal,Higiene y cuidado,,Bálsamo facial infantil pieles atópicas,2020-08-12 04:00:00
514560,Panadería y Pastelería,Toallitas y panales,,Pañal bebé braguita talla XL de 16-28 kg,2020-08-12 04:00:00
514602,Bodega,Cerveza,,Cerveza reserva 1925,2020-08-12 04:00:00
514786,Bodega,Sidra y cava,,Cava brut nature Jaume Serra,2020-08-12 04:00:00
514853,Bodega,Vino blanco,,Mosto blanco Casón Histórico,2020-08-12 04:00:00
514857,Bodega,Vino lambrusco y espumoso,,Lambrusco dell'Emilia rosado espumoso Piccolo Giovanni,2020-08-12 04:00:00
514999,Bebidas Calientes,Cafe molido y en grano,,Café molido natural Bonka,2020-08-12 04:00:00
515070,Bebidas Calientes,Te e infusiones,,Infusión Menta Poleo,2020-08-12 04:00:00
515074,Bebidas Calientes,Te e infusiones,,Infusión Relax,2020-08-12 04:00:00
515205,Carnicería,Cerdo,,Lomo de cerdo trozo,2020-08-12 04:00:00
515367,Desayuno y Dulces,Cereales,,Copos de trigo integral y arroz Special K dark chocolate,2020-08-12 04:00:00
515434,Desayuno y Dulces,Galletas,,Galletas mini Oreo,2020-08-12 04:00:00
515849,Carnicería,Carne,Hacendado,Delicias de pollo ultracongeladas,2020-08-12 04:00:00
515926,Congelados,Helados,,Helado de chocolate,2020-08-12 04:00:00
516097,Panadería y Pastelería,Tartas y churros,,Tarta infantil El Rey León congelada,2020-08-12 04:00:00
516123,Frescos,Verdura,Hacendado,Habitas muy tiernas ultracongeladas,2020-08-12 04:00:00
516162,Frescos,Verdura,Hacendado,Espinacas a la crema ultracongeladas,2020-08-12 04:00:00
516165,Frescos,Verdura,Hacendado,Patatas corte fino ultracongeladas,2020-08-12 04:00:00
516326,Despensa,Gazpacho y cremas,,Salmorejo fresco,2020-08-12 04:00:00
516456,Cuidado Personal,Champu,,Champú nutri rizos fortificante Fructis cabello rizado u ondulado,2020-08-12 04:00:00
516707,Cuidado Personal,Afeitado y cuidado para hombre,,Recambios maquinilla de afeitar Personna,2020-08-12 04:00:00
516832,Cuidado Personal,Cuidado e higiene facial,,Crema facial antiarrugas pieles maduras FPS 15,2020-08-12 04:00:00
516978,Cuidado Personal,Desodorante,,Desodorante zero limits antimanchas,2020-08-12 04:00:00
517006,Cuidado Personal,Gel y jabon de manos,,Gel de baño espuma bouquet,2020-08-12 04:00:00
517094,Cuidado Personal,Higiene bucal,,Enjuague bucal total action,2020-08-12 04:00:00
517133,Cuidado Personal,Higiene intima,,Compresa sin alas de incontinencia mini,2020-08-12 04:00:00
517186,Cuidado Personal,Higiene intima,,Pañal adulto talla G,2020-08-12 04:00:00
517398,Cuidado Personal,Perfume y colonia,,Eau de toilette hombre Complicity,2020-08-12 04:00:00
517415,Cuidado Personal,Perfume y colonia,,Eau de parfum hombre Él,2020-08-12 04:00:00
517460,Cuidado Personal,Perfume y colonia,,Lote infantil Ugly dolls,2020-08-12 04:00:00
517461,Cuidado Personal,Perfume y colonia,,Colonia corporal infantil Marvel Spiderman,2020-08-12 04:00:00
517875,Lácteos y Huevos,Leche y bebidas vegetales,,Bebida de soja ligera Vivesoy,2020-08-12 04:00:00
517884,Lácteos y Huevos,Leche y bebidas vegetales,,Bebida de arroz y coco,2020-08-12 04:00:00
518083,Limpieza y Hogar,Insecticida y ambientador,,Colgador antipolillas ropa limpia,2020-08-12 04:00:00
518282,Limpieza y Hogar,Limpieza muebles y multiusos,,Limpia tapicerías espuma seca,2020-08-12 04:00:00
518544,Maquillaje,Bases de maquillaje y corrector,,Maquillaje fluido face finity 85 caramel,2020-08-12 04:00:00
518561,Maquillaje,Bases de maquillaje y corrector,,Maquillaje fluido lasting performance 108 honey beige,2020-08-12 04:00:00
518704,Maquillaje,Ojos,,Perfilador de ojos 03 marrón,2020-08-12 04:00:00
518934,Pescadería,Pescado fresco,,Dorada abierta en libro sin cabeza y sin espina,2020-08-12 04:00:00
518941,Pescadería,Pescado fresco,,Trucha abierta en libro con cabeza,2020-08-12 04:00:00
518963,Pescadería,Salazones y ahumados,Hacendado,Migas de bacalao desaladas,2020-08-12 04:00:00
519070,Mascotas,Perro,,Paté perro adulto Delikuit con ternera y verduras,2020-08-12 04:00:00
519118,Mascotas,Perro,,Snack perro salmones tiernos con salmón fresco,2020-08-12 04:00:00
519170,Panadería y Pastelería,Bolleria de horno,,Bollo Suizo,2020-08-12 04:00:00
519598,Platos Preparados,Platos preparados calientes,,Fabada,2020-08-12 04:00:00
519695,Cuidado Personal,Gelatina y otros postres,,Mousse de chocolate,2020-08-12 04:00:00
519699,Cuidado Personal,Gelatina y otros postres,,Panna Cotta con caramelo,2020-08-12 04:00:00
519777,Lácteos y Huevos,Yogures liquidos,,Bebida láctea de fresa y plátano Kids,2020-08-12 04:00:00
519855,Frescos,Fruta variada,,"Bebida de zumo de naranja, mango y zanahoria La Verja sin azúcares añadidos",2020-08-12 04:00:00
519994,Despensa,Especias,,Sazonador para fajitas sabor tex-mex,2020-08-12 16:00:00
520035,Despensa,Mayonesa ketchup y mostaza,,Allioli Chovi,2020-08-12 16:00:00
520101,Bebidas,Agua,,Agua mineral Cortes grande,2020-08-12 16:00:00
520180,Bebidas,Refresco de cola,,Refresco,2020-08-12 16:00:00
520368,Despensa,Aceitunas y encurtidos,,Picadillo de variantes,2020-08-12 16:00:00
520381,Frescos,Frutos secos y fruta desecada,Hacendado,Pistacho tostado 0% sal añadida,2020-08-12 16:00:00
520514,Despensa,Arroz,,Arroz integral redondo,2020-08-12 16:00:00
520615,Despensa,Pasta y fideos,,Fideos orientales Yatekomo de pollo,2020-08-12 16:00:00
520682,Desayuno y Dulces,Chocolate,,Chocolate extrafino negro con pepitas de cacao tostadas,2020-08-12 16:00:00
520686,Desayuno y Dulces,Chocolate,,Chocolate negro Valor puro almendras enteras,2020-08-12 16:00:00
520691,Desayuno y Dulces,Chocolate,,Chocolate extrafino negro avellanas enteras,2020-08-12 16:00:00
520711,Desayuno y Dulces,Chocolate,,Chocolate extrafino con leche 0% azúcares añadidos,2020-08-12 16:00:00
520821,Desayuno y Dulces,Mermelada y miel,,Mermelada de ciruela 0% azúcares añadidos,2020-08-12 16:00:00
520834,Desayuno y Dulces,Mermelada y miel,,Confitura de ciruela,2020-08-12 16:00:00
520906,Bebé,Alimentacion infantil,,Papilla 8 cereales baby +6 meses,2020-08-12 16:00:00
520915,Bebé,Biberon chupete y menaje,,Biberón 270 ml tetina silicona tres posiciones +1 mes,2020-08-12 16:00:00
520919,Bebé,Biberon chupete y menaje,,Tetina látex tres posiciones +1 mes,2020-08-12 16:00:00
520948,Bebé,Biberon chupete y menaje,,Recipiente de alimentos bebé,2020-08-12 16:00:00
521114,Bodega,Cerveza,,Bebida cider con gas Wild panther sabor a mango y maracuyá,2020-08-12 16:00:00
521230,Bodega,Sidra y cava,,Sidra natural Polían,2020-08-12 16:00:00
521242,Bodega,Sidra y cava,,Cava brut rosado Cabré & Sabaté,2020-08-12 16:00:00
521256,Bodega,Tinto de verano y sangria,,Tinto de verano clásico Sandevid,2020-08-12 16:00:00
521261,Bodega,Tinto de verano y sangria,,Tinto de verano classic Casón Histórico,2020-08-12 16:00:00
521267,Bodega,Vino blanco,,Vino blanco chardonnay airén,2020-08-12 16:00:00
521271,Bodega,Vino blanco,,Vino blanco Marina Alta D.O Alicante,2020-08-12 16:00:00
521289,Bodega,Vino blanco,,Vino blanco verdejo D.O Rueda Condado Teón,2020-08-12 16:00:00
521360,Bodega,Vino tinto,,Vino tinto D.O Valdepeñas Pata Negra gran reserva,2020-08-12 16:00:00
521484,Bebidas Calientes,Cafe soluble y otras bebidas,,Café soluble cappuccino,2020-08-12 16:00:00
521503,Bebidas Calientes,Te e infusiones,,Té Chai,2020-08-12 16:00:00
521517,Bebidas Calientes,Te e infusiones,,Infusión Laxsen sabor menta,2020-08-12 16:00:00
521582,Carnicería,Aves y pollo,,Muslos de pollo deshuesados con piel,2020-08-12 16:00:00
521626,Carnicería,Carne congelada,,Cuartos traseros de pollo congelados,2020-08-12 16:00:00
521715,Carnicería,Hamburguesas y picadas,,Burger de vacuno y cerdo con jamón y cebolla caramelizada,2020-08-12 16:00:00
521759,Carnicería,Empanados y elaborados,Hacendado,Delicias de pollo ultracongeladas,2020-08-12 16:00:00
521784,Carnicería,Empanados y elaborados,,Nuggets de pollo,2020-08-12 16:00:00
521829,Desayuno y Dulces,Cereales,,Cereales y semillas granola con frutos secos,2020-08-12 16:00:00
522103,Charcutería y Quesos,Jamon serrano,,Jamón de Teruel El Ontanar lonchas,2020-08-12 16:00:00
522220,Charcutería y Quesos,Queso lonchas rallado y en porciones,,Palitos con queso fundido La vaca que ríe,2020-08-12 16:00:00
522246,Carnicería,Carne,,Yemas de gallina congeladas,2020-08-12 16:00:00
522460,Pescadería,Pescado,Hacendado,Lomo de bacalao sin espinas congelado,2020-08-12 16:00:00
522523,Panadería y Pastelería,Tartas y churros,,Tarta de tiramisú congelada,2020-08-12 16:00:00
522636,Pescadería,Atun y otras conservas de pescado,Hacendado,Bonito del norte en escabeche,2020-08-12 16:00:00
522659,Pescadería,Atun y otras conservas de pescado,Hacendado,Calamar en salsa americana,2020-08-12 16:00:00
522918,Cuidado Personal,Champu,,Champú anticaspa H&S clásico,2020-08-12 16:00:00
522948,Cuidado Personal,Coloracion cabello,,Coloración permanente 5.0 castaño luminoso,2020-08-12 16:00:00
523072,Cuidado Personal,Fijacion cabello,,Bálsamo alta nutrición potion todo tipo de cabello fijación 1,2020-08-12 16:00:00
523156,Cuidado Personal,Afeitado y cuidado para hombre,,Recambios maquinilla de afeitar Hydro 5 sense,2020-08-12 16:00:00
523168,Cuidado Personal,Afeitado y cuidado para hombre,,Crema contorno de ojos 9.60 hombre,2020-08-12 16:00:00
523259,Cuidado Personal,Cuidado e higiene facial,,Pinza de cejas recta,2020-08-12 16:00:00
523368,Cuidado Personal,Desodorante,,Desodorante roll-on cuidado aloe,2020-08-12 16:00:00
523405,Cuidado Personal,Desodorante,,Desodorante aloe vera,2020-08-12 16:00:00
523510,Cuidado Personal,Higiene bucal,,Dentífrico gel infantil +6 años Justice league,2020-08-12 16:00:00
523701,Cuidado Personal,Manicura y pedicura,,Lima durezas,2020-08-12 16:00:00
523703,Cuidado Personal,Manicura y pedicura,,Separador dedos,2020-08-12 16:00:00
523855,Cuidado Personal,Perfume y colonia,,Eau de cologne hombre Agua Brava,2020-08-12 16:00:00
524104,Frescos,Lechuga y ensalada preparada,,Ensalada mezcla 4 estaciones,2020-08-12 16:00:00
524153,Frescos,Verdura,,Tomate canario,2020-08-12 16:00:00
524178,Frescos,Verdura,,"Pimientos tricolor rojo, amarillo y verde",2020-08-12 16:00:00
524286,Lácteos y Huevos,Leche y bebidas vegetales,,Leche entera sin lactosa,2020-08-12 16:00:00
524556,Limpieza y Hogar,Insecticida y ambientador,,Ambientador eléctrico brisa azul,2020-08-12 16:00:00
524587,Limpieza y Hogar,Insecticida y ambientador,,Ambientador varitas jazmín de medianoche,2020-08-12 16:00:00
524656,Limpieza y Hogar,Limpiahogar y friegasuelos,,Friegasuelos pino líquido,2020-08-12 16:00:00
524675,Limpieza y Hogar,Limpiahogar y friegasuelos,,Limpiahogar desinfectante,2020-08-12 16:00:00
524798,Despensa,Menaje y conservacion de alimentos,,Bolsas para asar,2020-08-12 16:00:00
524853,Limpieza y Hogar,Papel higienico y celulosa,,Papel higiénico doble rollo,2020-08-12 16:00:00
524953,Limpieza y Hogar,Utensilios de limpieza y calzado,,Esponja de calzado incoloro brillo,2020-08-12 16:00:00
525031,Maquillaje,Bases de maquillaje y corrector,,Maquillaje compacto 02,2020-08-12 16:00:00
525296,Pescadería,Pescado congelado,Hacendado,Filete de fletán negro congelado,2020-08-12 16:00:00
525381,Pescadería,Pescado fresco,,Dorada limpia con cabeza,2020-08-12 16:00:00
525496,Mascotas,Gato,,Perlas sílice para gato Single,2020-08-12 16:00:00
525594,Panadería y Pastelería,Bolleria de horno,,Mini croissants de mantequilla,2020-08-12 16:00:00
525624,Panadería y Pastelería,Bolleria de horno,,Mini saladas,2020-08-12 16:00:00
525688,Panadería y Pastelería,Bolleria envasada,,Mojicón sin azúcares añadidos Gloria,2020-08-12 16:00:00
525828,Panadería y Pastelería,Pan de molde y otras especialidades,,Tortillas de trigo,2020-08-12 16:00:00
525941,Otros,Velas y decoracion,,Vela de cumpleaños 6,2020-08-12 16:00:00
526059,Platos Preparados,Platos preparados calientes,,Garbanzos a la jardinera,2020-08-12 16:00:00
526117,Lácteos y Huevos,Bifidus,,Bífidus natural edulcorado 0% materia grasa,2020-08-12 16:00:00
526227,Lácteos y Huevos,Yogures liquidos,,Bebida láctea de fresa Danacol 0% azúcares añadidos,2020-08-12 16:00:00
526230,Lácteos y Huevos,Yogures liquidos,,Bebida láctea natural L-casei 0% materia grasa 0% azúcares añadidos,2020-08-12 16:00:00
526428,Despensa,Especias,,Canela molida,2020-08-13 04:00:00
526565,Bebidas,Agua,,Agua mineral con gas grande,2020-08-13 04:00:00
526662,Bebidas,Refresco de cola,,Refresco light sin cafeína,2020-08-13 04:00:00
526703,Bebidas,Refresco de naranja y de limon,,Refresco de naranja zero fresh gas,2020-08-13 04:00:00
526904,Aperitivos,Patatas fritas y snacks,,Pringles sabor crema agria y cebolla,2020-08-13 04:00:00
527002,Despensa,Pasta y fideos,,Pasta infantil con vegetales,2020-08-13 04:00:00
527093,Desayuno y Dulces,Chicles y caramelos,,Chicle hierbabuena gragea,2020-08-13 04:00:00
527129,Desayuno y Dulces,Chocolate,,Chocolate negro Valor puro,2020-08-13 04:00:00
527142,Desayuno y Dulces,Chocolate,,Chocolate extrafino negro con trozos de naranja,2020-08-13 04:00:00
527143,Desayuno y Dulces,Chocolate,,Chocolate extrafino negro 0% azúcares añadidos,2020-08-13 04:00:00
527386,Bebé,Biberon chupete y menaje,,Portachupetes,2020-08-13 04:00:00
527414,Cuidado Personal,Higiene y cuidado,,Gasas para bebé no tejidas,2020-08-13 04:00:00
527425,Cuidado Personal,Higiene y cuidado,,Cepillo para bebé con fibras suaves,2020-08-13 04:00:00
527537,Bodega,Cerveza,,Bebida cider con gas Wild panther sabor a manzana,2020-08-13 04:00:00
527729,Bodega,Vino blanco,,Vino blanco verdejo D.O Rueda Abadía Mantrús,2020-08-13 04:00:00
527802,Bodega,Vino tinto,,Vino tinto D.O Valdepeñas Pata Negra gran reserva,2020-08-13 04:00:00
527811,Bodega,Vino tinto,,Vino tinto D.O Ribera del Duero Abadía Mantrús roble,2020-08-13 04:00:00
527911,Bebidas Calientes,Cafe molido y en grano,,Café en grano mezcla suave,2020-08-13 04:00:00
527987,Otros,Arreglos,,"Arreglo para puchero vacuno, cerdo y pollo",2020-08-13 04:00:00
528023,Carnicería,Aves y pollo,,Cuartos traseros familiar de pollo,2020-08-13 04:00:00
528102,Carnicería,Cerdo,,Fiambre de magro de cerdo adobado,2020-08-13 04:00:00
528201,Carnicería,Empanados y elaborados,Hacendado,Delicias de pollo ultracongeladas,2020-08-13 04:00:00
528469,Charcutería y Quesos,Embutido curado,,Salchichón extra lonchas,2020-08-13 04:00:00
528495,Charcutería y Quesos,Embutido curado,,Chorizo ibérico La Hacienda del ibérico lonchas,2020-08-13 04:00:00
528643,Charcutería y Quesos,Queso lonchas rallado y en porciones,,Queso tierno de vaca lonchas,2020-08-13 04:00:00
528705,Charcutería y Quesos,Queso untable y fresco,,Queso fresco Burgos bajo en sal,2020-08-13 04:00:00
528709,Charcutería y Quesos,Queso untable y fresco,,Burrata fresca,2020-08-13 04:00:00
528775,Congelados,Helados,,Helado mini cucurucho nata,2020-08-13 04:00:00
528783,Congelados,Helados,,Helado mini nocciola,2020-08-13 04:00:00
528916,Pescadería,Pescado,Hacendado,Anillas de pota Argentina congeladas,2020-08-13 04:00:00
528952,Platos Preparados,Pizzas,,Pizza estacione rellena de queso ultracongelada,2020-08-13 04:00:00
529125,Despensa,Berberechos y mejillones,,Concha fina al natural Marinara,2020-08-13 04:00:00
529147,Frescos,Conservas de verdura y frutas,Hacendado,Guisantes extra,2020-08-13 04:00:00
529420,Cuidado Personal,Coloracion cabello,,Coloración permanente 3.16 violín intenso,2020-08-13 04:00:00
529471,Cuidado Personal,Coloracion cabello,,Coloración permanente L'Oréal 8 rubio claro,2020-08-13 04:00:00
529501,Cuidado Personal,Fijacion cabello,,Espuma rizos definidos fijación 5,2020-08-13 04:00:00
529676,Otros,Cuidado corporal,,Crema exfoliante para pies anti-durezas,2020-08-13 04:00:00
529784,Cuidado Personal,Depilacion,,Crema decolorante rostro y cuerpo todo tipo de pieles,2020-08-13 04:00:00
530267,Cuidado Personal,Perfume y colonia,,Lote mujer Pacha Ibiza Sexy,2020-08-13 04:00:00
530339,Cuidado Personal,Perfume y colonia,,Lote hombre Enrique Iglesias Adrenaline,2020-08-13 04:00:00
530347,Cuidado Personal,Perfume y colonia,,Lote hombre de Mayo Mr. Perfect,2020-08-13 04:00:00
530374,Cuidado Personal,Protector solar y aftersun,,Crema protección solar infantil Sun Med FPS 50+,2020-08-13 04:00:00
530441,Salud,Fitoterapia,,Cápsulas huesos y articulaciones,2020-08-13 04:00:00
530442,Salud,Fitoterapia,,Sticks depurat,2020-08-13 04:00:00
530448,Salud,Fitoterapia,,Cápsulas hipérico,2020-08-13 04:00:00
530489,Salud,Parafarmacia,,Mascarillas higiénicas no reutilizables,2020-08-13 04:00:00
530644,Frescos,Verdura,,Brócoli,2020-08-13 04:00:00
530651,Frescos,Verdura,,Judía verde redonda,2020-08-13 04:00:00
530717,Lácteos y Huevos,Leche y bebidas vegetales,,Leche desnatada calcio,2020-08-13 04:00:00
530836,Lácteos y Huevos,Mantequilla y margarina,,Margarina Tulipán,2020-08-13 04:00:00
530839,Lácteos y Huevos,Mantequilla y margarina,,Margarina original Flora,2020-08-13 04:00:00
530924,Limpieza y Hogar,Detergente y suavizante ropa,,Agua destilada,2020-08-13 04:00:00
530933,Limpieza y Hogar,Detergente y suavizante ropa,,Tinte para ropa marrón La Nave,2020-08-13 04:00:00
530947,Limpieza y Hogar,Estropajo bayeta y guantes,,Bayeta grande microfibra,2020-08-13 04:00:00
531005,Limpieza y Hogar,Insecticida y ambientador,Flor,Ambientador eléctrico de orquídea,2020-08-13 04:00:00
531313,Despensa,Especias,,Sal de ajo,2020-08-13 16:00:00
531472,Maquillaje,Bases de maquillaje y corrector,,Maquillaje fluido hydra-confort 04 moka,2020-08-13 04:00:00
531577,Maquillaje,Labios,,Pintalabios Bom Bom creamy 02,2020-08-13 04:00:00
531606,Maquillaje,Ojos,,Perfilador de ojos eyeliner gel 02,2020-08-13 04:00:00
531710,Pescadería,Marisco,Hacendado,Carne de almeja ultracongelada,2020-08-13 04:00:00
531724,Pescadería,Pescado congelado,,Lomos de atún aleta amarilla Escuris ultracongelados,2020-08-13 04:00:00
531769,Pescadería,Pescado congelado,Hacendado,Sepia limpia pequeña congelada,2020-08-13 04:00:00
531799,Pescadería,Pescado en bandeja,,Mejillón vivo y limpio,2020-08-13 04:00:00
531822,Pescadería,Pescado fresco,,Dorada abierta a la espalda con espinas y con cabeza,2020-08-13 04:00:00
532042,Panadería y Pastelería,Bolleria de horno,,Caracola con pasas,2020-08-13 04:00:00
532140,Panadería y Pastelería,Harina y preparado reposteria,,Harina fina de maíz,2020-08-13 04:00:00
532277,Panadería y Pastelería,Pan de molde y otras especialidades,,Mini tortillas de trigo,2020-08-13 04:00:00
532356,Panadería y Pastelería,Tartas y pasteles,,Tarta de galleta 3 congelada,2020-08-13 04:00:00
532444,Platos Preparados,Pizzas,,Rosca jamón serrano y queso emmental,2020-08-13 04:00:00
532534,Otros,Platos preparados frios,,Hummus de garbanzos receta clásica,2020-08-13 04:00:00
532593,Cuidado Personal,Gelatina y otros postres,,Panna Cotta con caramelo,2020-08-13 04:00:00
532757,Frescos,Fruta variada,Hacendado,Smoothie fresa,2020-08-13 04:00:00
533004,Bebidas,Agua,,Agua mineral grande,2020-08-13 16:00:00
533089,Bebidas,Refresco de cola,,Refresco cola Zero azúcar,2020-08-13 16:00:00
533094,Bebidas,Refresco de cola,,Refresco cola Zero azúcar,2020-08-13 16:00:00
533313,Frescos,Frutos secos y fruta desecada,Hacendado,Cocktail rodeo,2020-08-13 16:00:00
533536,Desayuno y Dulces,Chicles y caramelos,,Chicle menta fuerte gragea,2020-08-13 16:00:00
533782,Bebé,Alimentacion infantil,,Leche de continuación en polvo 2 Nidina,2020-08-13 16:00:00
533876,Panadería y Pastelería,Toallitas y panales,,Toallitas bebé pieles sensibles,2020-08-13 16:00:00
533913,Bodega,Cerveza,,Cerveza Amstel,2020-08-13 16:00:00
533973,Bodega,Cerveza,,Cerveza sin gluten Ambar,2020-08-13 16:00:00
534070,Bodega,Licores,,Ron añejo Cacique,2020-08-13 16:00:00
534354,Bebidas Calientes,Cafe molido y en grano,,Café molido natural fuerte,2020-08-13 16:00:00
534622,Carnicería,Hamburguesas y picadas,,Preparado de carne picada vacuno y cerdo,2020-08-13 16:00:00
534697,Desayuno y Dulces,Cereales,,Copos de trigo con chocolate Chocodays,2020-08-13 16:00:00
534764,Desayuno y Dulces,Galletas,,Galletas mini de espelta 0% azúcares añadidos,2020-08-13 16:00:00
534887,Charcutería y Quesos,Bacon y salchichas,,Salchichas cocidas pollo y pavo con queso,2020-08-13 16:00:00
534896,Charcutería y Quesos,Bacon y salchichas,,Salchichas cocidas de pollo,2020-08-13 16:00:00
534913,Charcutería y Quesos,Embutido curado,,Salchichón de pavo lonchas,2020-08-13 16:00:00
534931,Charcutería y Quesos,Embutido curado,,Mini salchichón ibérico extra La Hacienda del ibérico,2020-08-13 16:00:00
534962,Charcutería y Quesos,Embutido curado,,Lomo,2020-08-13 16:00:00
535138,Charcutería y Quesos,Queso untable y fresco,,Queso fresco de vaca,2020-08-13 16:00:00
535216,Congelados,Helados,,Helado mini sándwich nata,2020-08-13 16:00:00
535219,Congelados,Helados,,Helado mini bombón sin azúcares añadidos,2020-08-13 16:00:00
535292,Congelados,Helados,,Cono de barquillo,2020-08-13 16:00:00
535294,Pescadería,Marisco,Hacendado,Preparado de paella y sopa ultracongelado,2020-08-13 16:00:00
535523,Pescadería,Atun y otras conservas de pescado,Hacendado,Filetes de bonito del norte en aceite de oliva,2020-08-13 16:00:00
535544,Pescadería,Atun y otras conservas de pescado,Hacendado,Sardinas en salsa de escabeche,2020-08-13 16:00:00
535580,Frescos,Conservas de verdura y frutas,Hacendado,Espárragos delgados,2020-08-13 16:00:00
535585,Frescos,Conservas de verdura y frutas,Hacendado,Champiñones laminados,2020-08-13 16:00:00
535609,Frescos,Conservas de verdura y frutas,Hacendado,Ensalada china con mazorquitas,2020-08-13 16:00:00
535783,Cuidado Personal,Champu,,Champú color vive Elvive cabello teñido o con mechas,2020-08-13 16:00:00
535973,Cuidado Personal,Fijacion cabello,,Cera extra mate todo tipo de cabello fijación 5,2020-08-13 16:00:00
535975,Cuidado Personal,Fijacion cabello,,Gel fijador ondas rizadas todo tipo de cabello fijación 3,2020-08-13 16:00:00
536049,Cuidado Personal,Afeitado y cuidado para hombre,,Crema facial hidratante protectora 9.60 hombre,2020-08-13 16:00:00
536298,Cuidado Personal,Desodorante,,Desodorante hombre black,2020-08-13 16:00:00
536439,Cuidado Personal,Higiene bucal,,Enjuague bucal sensitive zero alcohol,2020-08-13 16:00:00
536445,Cuidado Personal,Higiene intima,,Compresa con alas normal Suave,2020-08-13 16:00:00
536484,Cuidado Personal,Higiene intima,,Protegeslip Cotton flexiform Carefree regular + tanga,2020-08-13 16:00:00
536538,Cuidado Personal,Manicura y pedicura,,Laca de uñas efecto gel 660 granate,2020-08-13 16:00:00
536622,Cuidado Personal,Perfume y colonia,,Eau de toilette mujer Melodía,2020-08-13 16:00:00
536661,Cuidado Personal,Perfume y colonia,,Eau de parfum mujer Oud Noir,2020-08-13 16:00:00
536682,Cuidado Personal,Perfume y colonia,,Lote mujer Soplo,2020-08-13 16:00:00
536962,Frescos,Fruta,,Aguacates,2020-08-13 16:00:00
537111,Frescos,Verdura,,Batata para micro,2020-08-13 16:00:00
537255,Lácteos y Huevos,Leche y bebidas vegetales,,Preparado lácteo crecimiento sabor a cereales Junior,2020-08-13 16:00:00
537507,Limpieza y Hogar,Lejia y liquidos fuertes,,Lejía normal,2020-08-13 16:00:00
537766,Limpieza y Hogar,Pilas y bolsas de basura,,Pila micro alcalina LRV08 Panasonic,2020-08-13 16:00:00
537775,Limpieza y Hogar,Pilas y bolsas de basura,,Bolsa de basura mini 10L cubo pequeño,2020-08-13 16:00:00
537784,Limpieza y Hogar,Utensilios de limpieza y calzado,,Fregona algodón,2020-08-13 16:00:00
537837,Limpieza y Hogar,Utensilios de limpieza y calzado,,Betún azul autobrillante Búfalo,2020-08-13 16:00:00
537872,Maquillaje,Bases de maquillaje y corrector,,Maquillaje fluido face finity 80 bronze,2020-08-13 16:00:00
537922,Maquillaje,Bases de maquillaje y corrector,,Corrector pincel iluminador 01 luz rosada,2020-08-13 16:00:00
538014,Maquillaje,Labios,,Brillo de labios transparente 11,2020-08-13 16:00:00
538090,Maquillaje,Ojos,,Sombra de ojos larga duración 05,2020-08-13 16:00:00
538229,Pescadería,Pescado en bandeja,Hacendado,Salmón al curry,2020-08-13 16:00:00
538503,Panadería y Pastelería,Bolleria de horno,,Bollo Suizo,2020-08-13 16:00:00
538569,Panadería y Pastelería,Bolleria envasada,,Hojaldre relleno de cacao,2020-08-13 16:00:00
538648,Panadería y Pastelería,Pan de horno,,"4 Panes chapata de cristal masa madre, sin aditivos y con aceite de oliva",2020-08-13 16:00:00
538723,Panadería y Pastelería,Pan tostado y rallado,,Mini tostadas de trigo Minigrill extra finas,2020-08-13 16:00:00
538837,Otros,Velas y decoracion,,Decoraciones de colores,2020-08-13 16:00:00
538858,Platos Preparados,Pizzas,,Pizza jamón y queso sin gluten y sin lactosa,2020-08-13 16:00:00
538883,Platos Preparados,Pizzas,,"Rosca lomo, bacón y queso emmental",2020-08-13 16:00:00
539109,Lácteos y Huevos,Yogures liquidos,,Bebida láctea de fresa y plátano Kids,2020-08-13 16:00:00
539323,Despensa,Especias,,Vainilla en rama,2020-08-14 04:00:00
539366,Despensa,Mayonesa ketchup y mostaza,,Allioli Chovi,2020-08-14 04:00:00
539368,Despensa,Mayonesa ketchup y mostaza,,Allioli en sobres individuales,2020-08-14 04:00:00
539630,Bebidas,Refresco de te y sin gas,,Refresco té sabor melocotón cero,2020-08-14 04:00:00
539721,Frescos,Frutos secos y fruta desecada,Hacendado,Almendra tostada con sal,2020-08-14 04:00:00
539863,Despensa,Legumbres,,Alubia cocida blanca,2020-08-14 04:00:00
539869,Despensa,Legumbres,,Alubia negra,2020-08-14 04:00:00
539891,Despensa,Pasta y fideos,,Sémola de arroz,2020-08-14 04:00:00
539961,Desayuno y Dulces,Azucar y edulcorante,,Azúcar blanco,2020-08-14 04:00:00
540214,Bebé,Alimentacion infantil,,Preparado lácteo crecimiento +1 año,2020-08-14 04:00:00
540299,Cuidado Personal,Higiene y cuidado,,Agua de colonia bebé,2020-08-14 04:00:00
540458,Bodega,Cerveza sin alcohol,,"Cerveza sin gluten Steinburg 0,0% sin alcohol",2020-08-14 04:00:00
540798,Bebidas Calientes,Cafe molido y en grano,,Café en grano mezcla suave,2020-08-14 04:00:00
541020,Carnicería,Conejo y cordero,,Chuletas de cordero paletilla,2020-08-14 04:00:00
541060,Carnicería,Hamburguesas y picadas,,Preparado de carne picada vacuno y cerdo,2020-08-14 04:00:00
541121,Carnicería,Empanados y elaborados,,Callos preparados de ternera Rogusa,2020-08-14 04:00:00
541258,Desayuno y Dulces,Galletas,,Galletas rellenas de coco,2020-08-14 04:00:00
541349,Charcutería y Quesos,Chopped y mortadela,,Mortadela veggie con aceitunas Noel,2020-08-14 04:00:00
541446,Charcutería y Quesos,Pate y sobrasada,,Paté de cerdo con pimienta,2020-08-14 04:00:00
541500,Charcutería y Quesos,Queso curado semicurado y tierno,,Queso Arzúa-Ulloa Punteiro,2020-08-14 04:00:00
541568,Charcutería y Quesos,Queso untable y fresco,,Queso untar sin lactosa blanco pasteurizado,2020-08-14 04:00:00
541605,Charcutería y Quesos,Queso untable y fresco,,Queso azul hojas,2020-08-14 04:00:00
541680,Congelados,Helados,,Medios cocos helados,2020-08-14 04:00:00
541739,Pescadería,Marisco,Pescanova,Tronquitos de surimi ultracongelados,2020-08-14 04:00:00
542009,Despensa,Berberechos y mejillones,,Concha fina al natural Marinara,2020-08-14 04:00:00
542026,Frescos,Conservas de verdura y frutas,Cidacos,Espárragos blancos extra gruesos,2020-08-14 04:00:00
542210,Cuidado Personal,Acondicionador y mascarilla,,Perfume capilar Hair Mist,2020-08-14 04:00:00
542351,Cuidado Personal,Coloracion cabello,,Coloración permanente L'Oréal 7.1 rubio ceniza,2020-08-14 04:00:00
542590,Cuidado Personal,Cuidado e higiene facial,,Pinza de cejas recta,2020-08-14 04:00:00
542716,Cuidado Personal,Desodorante,,Desodorante en crema pieles delicadas,2020-08-14 04:00:00
542944,Cuidado Personal,Higiene intima,,Tampones super plus,2020-08-14 04:00:00
542985,Cuidado Personal,Manicura y pedicura,,Laca de uñas alto brillo 18 suave peonia,2020-08-14 04:00:00
542987,Cuidado Personal,Manicura y pedicura,,Laca de uñas alto brillo 22 granate sublime,2020-08-14 04:00:00
543026,Cuidado Personal,Manicura y pedicura,,Alicate uñas,2020-08-14 04:00:00
543147,Cuidado Personal,Perfume y colonia,,Eau de toilette hombre 9.60 Sport water,2020-08-14 04:00:00
543155,Cuidado Personal,Perfume y colonia,,Eau de toilette hombre Afán,2020-08-14 04:00:00
543228,Cuidado Personal,Perfume y colonia,,Eau de toilette infantil Superman,2020-08-14 04:00:00
543238,Cuidado Personal,Perfume y colonia,,Lote infantil My Unicorn,2020-08-14 04:00:00
543296,Salud,Fitoterapia,,Gel energético con cafeína Enervit Sport sabor cítricos,2020-08-14 04:00:00
543662,Lácteos y Huevos,Leche y bebidas vegetales,,Horchata de chufa,2020-08-14 04:00:00
543722,Lácteos y Huevos,Mantequilla y margarina,,Margarina original Flora,2020-08-14 04:00:00
543837,Limpieza y Hogar,Estropajo bayeta y guantes,,Paño seca vajillas,2020-08-14 04:00:00
543852,Limpieza y Hogar,Insecticida y ambientador,,Spray repelente de insectos fuerte,2020-08-14 04:00:00
543943,Limpieza y Hogar,Lejia y liquidos fuertes,,Lejía con detergente,2020-08-14 04:00:00
544030,Limpieza y Hogar,Limpieza cocina,,Quitagrasas KH-7,2020-08-14 04:00:00
544062,Limpieza y Hogar,Limpieza muebles y multiusos,,Limpiador de mopas,2020-08-14 04:00:00
544080,Limpieza y Hogar,Limpieza vajilla,,Lavavajillas aloe vera y pepino líquido,2020-08-14 04:00:00
544116,Despensa,Menaje y conservacion de alimentos,,Bolsas congelación medianas,2020-08-14 04:00:00
544117,Despensa,Menaje y conservacion de alimentos,,Bolsas congelación medianas,2020-08-14 04:00:00
544128,Despensa,Menaje y conservacion de alimentos,,Plato llano biodegradable,2020-08-14 04:00:00
544149,Despensa,Menaje y conservacion de alimentos,,Pastillas enciende fuegos,2020-08-14 04:00:00
544442,Maquillaje,Labios,,Pintalabios cremoso 13,2020-08-14 04:00:00
544496,Maquillaje,Ojos,,Perfilador de ojos Beauty Eyes 304 verde,2020-08-14 04:00:00
544689,Pescadería,Pescado fresco,,Calamar grande limpio descongelado sin barquilla y sin tripa,2020-08-14 04:00:00
544712,Pescadería,Pescado fresco,,Trucha abierta en libro con cabeza,2020-08-14 04:00:00
544822,Mascotas,Gato,,Agua de colonia para perros y gatos Krislin,2020-08-14 04:00:00
544884,Mascotas,Perro,,Snack perro tiras sabor bacon,2020-08-14 04:00:00
545068,Panadería y Pastelería,Pan de horno,,Barra de pan,2020-08-14 04:00:00
545181,Panadería y Pastelería,Pan tostado y rallado,,Crackers integrales de espelta Bachman,2020-08-14 04:00:00
545352,Platos Preparados,Platos preparados calientes,,Pollo al curry con arroz basmati,2020-08-14 04:00:00
545407,Otros,Platos preparados frios,,Tortilla de patata,2020-08-14 04:00:00
545430,Despensa,Otras salsas,,Salsa burger,2020-08-14 16:00:00
545537,Bebidas,Agua,,Agua mineral Cortes pequeña,2020-08-14 16:00:00
545542,Lácteos y Huevos,Yogures liquidos,,Bebida láctea + proteínas sabor vainilla,2020-08-14 04:00:00
545702,Despensa,Aceite vinagre y sal,,Vinagre de vino blanco,2020-08-14 16:00:00
545751,Despensa,Especias,,Cebolla frita crujiente,2020-08-14 16:00:00
545865,Bebidas,Agua,,Agua mineral Bronchales grande,2020-08-14 16:00:00
545925,Bebidas,Isotonico y energetico,,Bebida isotónica soluble Enervit Sport sabor limón,2020-08-14 16:00:00
546396,Desayuno y Dulces,Azucar y edulcorante,,Azúcar blanco,2020-08-14 16:00:00
546447,Desayuno y Dulces,Chocolate,,Chocolate negro fundir,2020-08-14 16:00:00
546564,Desayuno y Dulces,Golosinas,,Golosinas regaliz negro,2020-08-14 16:00:00
546588,Desayuno y Dulces,Mermelada y miel,,Mermelada de ciruela 0% azúcares añadidos,2020-08-14 16:00:00
546699,Bebé,Biberon chupete y menaje,,Chupete látex anatómico +6 a 18 meses luminiscente,2020-08-14 16:00:00
546757,Panadería y Pastelería,Toallitas y panales,,Toallitas bebé pieles con tendencia atópica,2020-08-14 16:00:00
546830,Bodega,Cerveza,,Cerveza Especial Steinburg,2020-08-14 16:00:00
547039,Bodega,Vino blanco,,Vino blanco airén verdejo Elegido,2020-08-14 16:00:00
547369,Carnicería,Aves y pollo,,Alas de pollo,2020-08-14 16:00:00
547458,Carnicería,Conejo y cordero,,Filetes hígado de cordero,2020-08-14 16:00:00
547496,Carnicería,Hamburguesas y picadas,,Hamburguesas de vacuno congeladas,2020-08-14 16:00:00
547788,Charcutería y Quesos,Chopped y mortadela,,Mortadela,2020-08-14 16:00:00
547822,Charcutería y Quesos,Embutido curado,,Chorizo lonchas Revilla,2020-08-14 16:00:00
548201,Pescadería,Marisco,,Nécora cocida Errigal Bay congelada,2020-08-14 16:00:00
548243,Pescadería,Pescado,,Rodajas de rape del cabo sin piel Mascato congeladas,2020-08-14 16:00:00
548260,Pescadería,Pescado,Hacendado,Filetes de boquerón en tempura ultracongelado,2020-08-14 16:00:00
548271,Platos Preparados,Pizzas,,Pizza atún ultracongelada,2020-08-14 16:00:00
548311,Panadería y Pastelería,Tartas y churros,,Tarta infantil Minions congelada,2020-08-14 16:00:00
548406,Pescadería,Atun y otras conservas de pescado,Hacendado,Filetes de caballa del sur en tomate,2020-08-14 16:00:00
548448,Despensa,Berberechos y mejillones,,Almejas blancas Cono sur en salsa gallega,2020-08-14 16:00:00
548574,Despensa,Sopa y caldo,,Caldo para fideuá o arroz negro con sofrito,2020-08-14 16:00:00
548712,Cuidado Personal,Coloracion cabello,,Coloración permanente 6.25 marrón avellana,2020-08-14 16:00:00
548775,Cuidado Personal,Coloracion cabello,,Coloración permanente 6.35 rubio caramelo,2020-08-14 16:00:00
548827,Cuidado Personal,Fijacion cabello,,Espuma ultrafuerte cabello con ondas y rizos Giorgi fijación 4,2020-08-14 16:00:00
548891,Cuidado Personal,Afeitado y cuidado para hombre,,Gel de afeitar piel sensible con aloe vera y alantoína,2020-08-14 16:00:00
548926,Cuidado Personal,Afeitado y cuidado para hombre,,Crema facial antiarrugas y antiedad 9.60 hombre,2020-08-14 16:00:00
548996,Otros,Cuidado corporal,,Stick para pies anti-rozaduras,2020-08-14 16:00:00
549127,Cuidado Personal,Depilacion,,Recambios maquinilla depilación Venus Breeze comfortglide,2020-08-14 16:00:00
549246,Cuidado Personal,Gel y jabon de manos,,Esponja de baño infantil Disney Frozen,2020-08-14 16:00:00
549282,Cuidado Personal,Higiene bucal,,Dentífrico gingival con flúor,2020-08-14 16:00:00
549302,Cuidado Personal,Higiene bucal,,Cepillo dental técnico especial prótesis Sp.Berner,2020-08-14 16:00:00
549474,Cuidado Personal,Neceseres,,Neceser Miffy grande con asas,2020-08-14 16:00:00
549616,Cuidado Personal,Perfume y colonia,,Eau de toilette hombre Limite Action Water,2020-08-14 16:00:00
549635,Cuidado Personal,Perfume y colonia,,Mini eau de parfum hombre de Mayo Silver dream,2020-08-14 16:00:00
549655,Cuidado Personal,Perfume y colonia,,Lote hombre Antonio Banderas Power of Seduction,2020-08-14 16:00:00
549880,Frescos,Lechuga y ensalada preparada,,Ensalada mezcla primavera,2020-08-14 16:00:00
549928,Frescos,Verdura,,Zanahorias,2020-08-14 16:00:00
549951,Frescos,Verdura,,Seta laminada,2020-08-14 16:00:00
550181,Limpieza y Hogar,Detergente y suavizante ropa,,Detergente ropa frescor de colonia líquido,2020-08-14 16:00:00
550435,Limpieza y Hogar,Limpiahogar y friegasuelos,,Cera suelos parquet y laminados,2020-08-14 16:00:00
550443,Limpieza y Hogar,Limpiahogar y friegasuelos,,Limpiahogar desinfectante,2020-08-14 16:00:00
550468,Limpieza y Hogar,Limpieza bano y wc,,Recambio limpiador WC discos de gel activos lime zest Pato,2020-08-14 16:00:00
550656,Limpieza y Hogar,Pilas y bolsas de basura,,Bolsa de basura no compostables 10L cubo pequeño,2020-08-14 16:00:00
550669,Limpieza y Hogar,Utensilios de limpieza y calzado,,Escoba pequeña,2020-08-14 16:00:00
550678,Limpieza y Hogar,Utensilios de limpieza y calzado,,Toallitas limpiadoras de suelo,2020-08-14 16:00:00
550707,Limpieza y Hogar,Utensilios de limpieza y calzado,,Limpiador de calzado blanco,2020-08-14 16:00:00
550822,Maquillaje,Colorete y polvos,,Polvo compacto seda 02,2020-08-14 16:00:00
550996,Pescadería,Marisco,,Langostino crudo ultracongelado,2020-08-14 16:00:00
551040,Pescadería,Pescado congelado,Hacendado,Filetes de merluza del cabo sin piel ultracongelados,2020-08-14 16:00:00
551146,Pescadería,Pescado fresco,,Lubina abierta a la espalda con espinas y con cabeza,2020-08-14 16:00:00
551401,Panadería y Pastelería,Bolleria envasada,,Sobaos,2020-08-14 16:00:00
551537,Panadería y Pastelería,Pan de horno,,Panecillo campeón del mundo,2020-08-14 16:00:00
551739,Platos Preparados,Pizzas,,Pizza margarita,2020-08-14 16:00:00
551823,Platos Preparados,Platos preparados calientes,,Albóndigas de pollo La Nora,2020-08-14 16:00:00
551931,Otros,Postres de soja,,Postre de soja sabor mango Alpro sin azúcares añadidos,2020-08-14 16:00:00
552042,Lácteos y Huevos,Yogures y postres infantiles,,Yogur líquido infantil de fresa y plátano Go-Lácteo +8 meses,2020-08-14 16:00:00
552066,Frescos,Fruta variada,Hacendado,Bebida Bahamas,2020-08-14 16:00:00
552353,Bebidas,Agua,,Gaseosa La Casera grande,2020-08-15 04:00:00
552433,Bebidas,Refresco de cola,,Refresco light sin cafeína,2020-08-15 04:00:00
552564,Despensa,Aceitunas y encurtidos,,Aceitunas negras sin hueso,2020-08-15 04:00:00
552581,Despensa,Aceitunas y encurtidos,,Picadillo de variantes,2020-08-15 04:00:00
552663,Aperitivos,Patatas fritas y snacks,,Patatas fritas crujientes a la sartén,2020-08-15 04:00:00
552696,Aperitivos,Patatas fritas y snacks,,Triángulos de maíz con legumbres,2020-08-15 04:00:00
552801,Despensa,Pasta y fideos,,Nidos vegetales,2020-08-15 04:00:00
552834,Despensa,Pasta y fideos,,Pasta oriental sabor gamba camarao Maggi,2020-08-15 04:00:00
552866,Desayuno y Dulces,Chicles y caramelos,,Chicle fresa gragea,2020-08-15 04:00:00
552906,Desayuno y Dulces,Chocolate,,Chocolatinas Royal Mints chocolate negro,2020-08-15 04:00:00
553064,Bebé,Alimentacion infantil,,Papilla fruta variada +4 meses,2020-08-15 04:00:00
553130,Bebé,Biberon chupete y menaje,,Biberón 360 ml tetina silicona papilla +4 meses,2020-08-15 04:00:00
553214,Panadería y Pastelería,Toallitas y panales,,Pañales bebé talla 4 de 9-14 kg,2020-08-15 04:00:00
553218,Panadería y Pastelería,Toallitas y panales,,Pañales bebé talla 6 de 17-28 kg,2020-08-15 04:00:00
553254,Bodega,Cerveza,,Cerveza Pilsen Sabor a Sur Steinburg,2020-08-15 04:00:00
553326,Bodega,Cerveza,,Bebida cider con gas Wild panther sabor a mango y maracuyá,2020-08-15 04:00:00
553430,Bodega,Licores,,Ponche Convidado de Baco,2020-08-15 04:00:00
553536,Bodega,Vino tinto,,Vino tinto Casón Histórico,2020-08-15 04:00:00
554006,Carnicería,Empanados y elaborados,,Callos preparados de ternera Rogusa,2020-08-15 04:00:00
554088,Desayuno y Dulces,Galletas,,Galletas Cereales & fibra,2020-08-15 04:00:00
554133,Desayuno y Dulces,Galletas,,Barquillos mini rolls bañados con chocolate con leche,2020-08-15 04:00:00
554213,Charcutería y Quesos,Bacon y salchichas,,Salchichas cocidas todo ave pavo Oscar Mayer,2020-08-15 04:00:00
554261,Charcutería y Quesos,Embutido curado,,Salchichón de bellota ibérico cular Covap,2020-08-15 04:00:00
554336,Charcutería y Quesos,Pate y sobrasada,,Paté de pato,2020-08-15 04:00:00
554339,Charcutería y Quesos,Pate y sobrasada,,Surtido mousse de pato Martiko,2020-08-15 04:00:00
554348,Charcutería y Quesos,Pate y sobrasada,,Paté de cerdo Argal,2020-08-15 04:00:00
554514,Carnicería,Carne,Hacendado,Croquetas de ibérico ultracongeladas,2020-08-15 04:00:00
554523,Carnicería,Carne,,Medallones preparado de solomillo cerdo congelados marinados,2020-08-15 04:00:00
554531,Carnicería,Carne,,Paletilla de cordero entera congelada,2020-08-15 04:00:00
554778,Frescos,Verdura,Hacendado,Guisante fino ultracongelado,2020-08-15 04:00:00
554943,Frescos,Conservas de verdura y frutas,Hacendado,Brotes germinados,2020-08-15 04:00:00
554967,Frescos,Conservas de verdura y frutas,Hacendado,Macedonia de frutas en zumo de uva,2020-08-15 04:00:00
555183,Cuidado Personal,Coloracion cabello,,Coloración sin amoníaco L'Oréal 503 castaño dorado,2020-08-15 04:00:00
555279,Cuidado Personal,Fijacion cabello,,Espuma extra fuerte todo tipo de cabello fijación 4,2020-08-15 04:00:00
555297,Cuidado Personal,Fijacion cabello,,Cera mate todo tipo de cabello fijación 4,2020-08-15 04:00:00
555518,Cuidado Personal,Cuidado e higiene facial,,Gel-crema facial Hydrafresh L'Oréal pieles normales a mixtas,2020-08-15 04:00:00
555520,Cuidado Personal,Cuidado e higiene facial,,Sérum facial reparador anti-age,2020-08-15 04:00:00
555561,Cuidado Personal,Depilacion,,Bandas de cera facial Veet piel normal,2020-08-15 04:00:00
555567,Cuidado Personal,Depilacion,,Crema depilatoria Veet for men piel normal,2020-08-15 04:00:00
555855,Cuidado Personal,Higiene intima,,Pañal adulto talla G,2020-08-15 04:00:00
555958,Cuidado Personal,Perfume y colonia,,Eau de parfum mujer Elección,2020-08-15 04:00:00
555991,Cuidado Personal,Perfume y colonia,,Eau de toilette mujer Agua de Luna,2020-08-15 04:00:00
556103,Cuidado Personal,Perfume y colonia,,Lote hombre Alejandro Sanz Mi acorde,2020-08-15 04:00:00
556165,Cuidado Personal,Protector solar y aftersun,,Leche protección solar Sun Med FPS 30+,2020-08-15 04:00:00
556317,Frescos,Lechuga y ensalada preparada,,Ensalada mezcla brotes tiernos,2020-08-15 04:00:00
556521,Lácteos y Huevos,Leche y bebidas vegetales,,Bebida de arroz Alitey,2020-08-15 04:00:00
556666,Limpieza y Hogar,Detergente y suavizante ropa,,Quitamanchas de desteñidos La Nave sin lejía,2020-08-15 04:00:00
556671,Limpieza y Hogar,Detergente y suavizante ropa,,Pastillas antical para lavadora,2020-08-15 04:00:00
556717,Limpieza y Hogar,Estropajo bayeta y guantes,,Bayeta cristales y espejos microfibra,2020-08-15 04:00:00
556846,Limpieza y Hogar,Lejia y liquidos fuertes,,Amoníaco muy fuerte con detergente,2020-08-15 04:00:00
556902,Limpieza y Hogar,Limpieza bano y wc,,Limpiador potente,2020-08-15 04:00:00
557073,Limpieza y Hogar,Papel higienico y celulosa,,Toallitas refrescantes,2020-08-15 04:00:00
557173,Limpieza y Hogar,Utensilios de limpieza y calzado,,Cordones marrones calzado sport,2020-08-15 04:00:00
557186,Limpieza y Hogar,Utensilios de limpieza y calzado,,Plantillas piel talla 22-46,2020-08-15 04:00:00
557236,Maquillaje,Bases de maquillaje y corrector,,Maquillaje fluido hydra-confort 04 moka,2020-08-15 04:00:00
557303,Maquillaje,Labios,,Pintalabios dúo fijo 04,2020-08-15 04:00:00
557334,Maquillaje,Labios,,Brillo de labios 09,2020-08-15 04:00:00
557411,Maquillaje,Ojos,,Sombra de ojos larga duración 03,2020-08-15 04:00:00
557477,Pescadería,Marisco,Pescanova,Palitos de surimi,2020-08-15 04:00:00
557563,Pescadería,Pescado en bandeja,,Mejillón vivo y limpio,2020-08-15 04:00:00
557716,Mascotas,Perro,,Paté perro júnior Delikuit con ternera y leche,2020-08-15 04:00:00
557942,Panadería y Pastelería,Harina y preparado reposteria,,Preparado gelatina limón,2020-08-15 04:00:00
558207,Platos Preparados,Pizzas,,Piadinas pan estilo italiano,2020-08-15 04:00:00
558231,Platos Preparados,Platos preparados calientes,,Alitas de pollo asadas,2020-08-15 04:00:00
558315,Lácteos y Huevos,Bifidus,,Bífidus cereales y fibras,2020-08-15 04:00:00
558331,Lácteos y Huevos,Bifidus,,Bífidus natural 0% materia grasa,2020-08-15 04:00:00
558594,Despensa,Aceite vinagre y sal,,Reducción de vinagre Pedro Ximénez,2020-08-15 16:00:00
558675,Despensa,Mayonesa ketchup y mostaza,,Salsa ligera Ligeresa,2020-08-15 16:00:00
558849,Bebidas,Refresco de cola,,Refresco cola,2020-08-15 16:00:00
558955,Bebidas,Refresco de te y sin gas,,Refresco té sabor limón,2020-08-15 16:00:00
559106,Aperitivos,Patatas fritas y snacks,,Patatas fritas corte ondulado,2020-08-15 16:00:00
559155,Aperitivos,Patatas fritas y snacks,,Snack de alga con arroz,2020-08-15 16:00:00
559316,Desayuno y Dulces,Chicles y caramelos,,Chicle regaliz y menta gragea,2020-08-15 16:00:00
559339,Desayuno y Dulces,Chocolate,,Chocolate extrafino negro,2020-08-15 16:00:00
559494,Bebé,Alimentacion infantil,,Papilla verduritas con pollo y ternera baby +6 meses,2020-08-15 16:00:00
559697,Bodega,Cerveza,,Cerveza sin gluten Steinburg,2020-08-15 16:00:00
560172,Bebidas Calientes,Te e infusiones,,Infusión Laxsen sabor menta,2020-08-15 16:00:00
560514,Desayuno y Dulces,Galletas,,Galletas Minis,2020-08-15 16:00:00
560559,Desayuno y Dulces,Galletas,,Galletas rellenas de naranja bañadas de chocolate,2020-08-15 16:00:00
560746,Charcutería y Quesos,Jamon serrano,,Jamón bellota ibérico 100% cortado a cuchillo,2020-08-15 16:00:00
560906,Charcutería y Quesos,Queso untable y fresco,,Queso fresco Burgo de Arias 0% materia grasa,2020-08-15 16:00:00
561052,Congelados,Helados,,Barra de helado turrón,2020-08-15 16:00:00
561207,Panadería y Pastelería,Tartas y churros,,Porras congeladas,2020-08-15 16:00:00
561257,Frescos,Verdura,Hacendado,Zanahoria rodajas ultracongelada,2020-08-15 16:00:00
561269,Frescos,Verdura,,Patatas bravas ultracongeladas,2020-08-15 16:00:00
561344,Frescos,Conservas de verdura y frutas,Hacendado,Maíz dulce,2020-08-15 16:00:00
561478,Despensa,Tomate,,Tomate frito receta artesana,2020-08-15 16:00:00
561498,Cuidado Personal,Acondicionador y mascarilla,,Acondicionador instantáneo Repair & Nutrition cabello seco y dañado,2020-08-15 16:00:00
561643,Cuidado Personal,Coloracion cabello,,Coloración permanente 7.1 rubio medio ceniza,2020-08-15 16:00:00
561656,Cuidado Personal,Coloracion cabello,,Coloración permanente 9.3 rubio clarísimo dorado,2020-08-15 16:00:00
561666,Cuidado Personal,Coloracion cabello,,Coloración permanente sin amoníaco Azalea 6.6 rubio oscuro rojizo,2020-08-15 16:00:00
561903,Cuidado Personal,Cuidado e higiene facial,,Mascarilla facial peeling de alga negra Montagne Jeunesse,2020-08-15 16:00:00
561932,Cuidado Personal,Cuidado e higiene facial,,Crema facial antiedad revitalizante Sisbela reestructuradora,2020-08-15 16:00:00
561948,Cuidado Personal,Cuidado e higiene facial,,"Crema facial noche 24K Gold progress multirreparadora rostro, cuello y escote",2020-08-15 16:00:00
562061,Cuidado Personal,Desodorante,,Desodorante mujer cuidado seda,2020-08-15 16:00:00
562117,Cuidado Personal,Gel y jabon de manos,,Jabón de manos dermoprotector líquido,2020-08-15 16:00:00
562221,Cuidado Personal,Higiene intima,,Compresa con alas super Suave,2020-08-15 16:00:00
562309,Cuidado Personal,Manicura y pedicura,,Laca de uñas manicura francesa rosa 03,2020-08-15 16:00:00
562356,Cuidado Personal,Manicura y pedicura,,Cuchillas corta callos,2020-08-15 16:00:00
562410,Cuidado Personal,Perfume y colonia,,Eau de toilette mujer Como tú Astucia,2020-08-15 16:00:00
562424,Cuidado Personal,Perfume y colonia,,Eau de toilette mujer Agatha Ruiz de la Prada Gotas de color,2020-08-15 16:00:00
562516,Cuidado Personal,Perfume y colonia,,Eau de toilette hombre Pacha Ibiza 24/7,2020-08-15 16:00:00
562527,Cuidado Personal,Perfume y colonia,,Mini eau de parfum hombre de Mayo Mr. Perfect,2020-08-15 16:00:00
562686,Salud,Parafarmacia,,Venda elástica cohesiva fijación fuerte,2020-08-15 16:00:00
562709,Frescos,Fruta,,Banana,2020-08-15 16:00:00
562783,Frescos,Verdura,,Cebollas nuevas,2020-08-15 16:00:00
562844,Frescos,Verdura,,Brócoli,2020-08-15 16:00:00
562863,Frescos,Verdura,,Chirivía,2020-08-15 16:00:00
562895,Lácteos y Huevos,Leche y bebidas vegetales,,Leche semidesnatada,2020-08-15 16:00:00
562999,Lácteos y Huevos,Leche y bebidas vegetales,,Bebida láctea crecimiento y desarrollo Max,2020-08-15 16:00:00
563099,Limpieza y Hogar,Detergente y suavizante ropa,,Eliminador de olores,2020-08-15 16:00:00
563140,Limpieza y Hogar,Detergente y suavizante ropa,,Decolorante de tejidos sin lejía La Nave,2020-08-15 16:00:00
563293,Limpieza y Hogar,Lejia y liquidos fuertes,,Cloro 5 acciones tabletas disolución lenta para piscina,2020-08-15 16:00:00
563532,Limpieza y Hogar,Pilas y bolsas de basura,,Kit cargador pilas AA y AAA Premio incluye 4 pilas AA,2020-08-15 16:00:00
563869,Maquillaje,Pinceles y brochas,,Pincel difuminador,2020-08-15 16:00:00
564047,Pescadería,Pescado fresco,,Rodaballo a filetes,2020-08-15 16:00:00
564080,Pescadería,Sushi,,Surtido sushi salmón sin gluten,2020-08-15 16:00:00
564086,Pescadería,Sushi,,Salsa de soja sin gluten,2020-08-15 16:00:00
564157,Mascotas,Perro,,Salchicha perro adulto Delikuit con pollo y arroz,2020-08-15 16:00:00
564248,Panadería y Pastelería,Bolleria de horno,,Muffin chocolate,2020-08-15 16:00:00
564263,Panadería y Pastelería,Bolleria de horno,,Napolitana mixta jamón york y queso,2020-08-15 16:00:00
564365,Panadería y Pastelería,Harina y preparado reposteria,,Preparado en polvo para crepes,2020-08-15 16:00:00
564431,Panadería y Pastelería,Pan de horno,,Barra de pan 41% integral rebanada,2020-08-15 16:00:00
564449,Panadería y Pastelería,Pan de molde y otras especialidades,,Pan redondo 5 semillas,2020-08-15 16:00:00
564734,Otros,Platos preparados frios,,Hummus de garbanzos con pimiento del piquillo asado,2020-08-15 16:00:00
564780,Cuidado Personal,Gelatina y otros postres,,Gelatina + proteínas sabor a frutos silvestres,2020-08-15 16:00:00
564790,Cuidado Personal,Gelatina y otros postres,,Cuajada,2020-08-15 16:00:00
564856,Lácteos y Huevos,Yogures liquidos,,Yogur líquido + proteínas desnatado sabor plátano,2020-08-15 16:00:00
564878,Lácteos y Huevos,Yogures liquidos,,Bebida láctea natural Danacol 0% azúcares añadidos,2020-08-15 16:00:00
565067,Despensa,Especias,,Piñones ibéricos,2020-08-16 04:00:00
565253,Bebidas,Isotonico y energetico,,Bebida energética energy Monster,2020-08-16 04:00:00
565262,Bebidas,Isotonico y energetico,,Bebida energética sabor guaraná Energy Drink,2020-08-16 04:00:00
565564,Aperitivos,Patatas fritas y snacks,,Conos sabor bacón y queso,2020-08-16 04:00:00
565664,Despensa,Pasta y fideos,,Hélices,2020-08-16 04:00:00
565725,Desayuno y Dulces,Azucar y edulcorante,,Edulcorante en sobres sacarina,2020-08-16 04:00:00
565771,Desayuno y Dulces,Chocolate,,Chocolate negro Valor 70% chocolate negro,2020-08-16 04:00:00
565950,Bebé,Alimentacion infantil,,Papilla fruta variada con queso fresco +6 meses,2020-08-16 04:00:00
565988,Bebé,Alimentacion infantil,,Papilla líquida leche y cereales con miel Pijama +6 meses,2020-08-16 04:00:00
566036,Bebé,Biberon chupete y menaje,,Recipiente de alimentos bebé,2020-08-16 04:00:00
566045,Cuidado Personal,Higiene y cuidado,,Aceite corporal bebé con aloe vera 's,2020-08-16 04:00:00
566059,Desayuno y Dulces,Galletas,,Galletas Oreo,2020-08-16 04:00:00
566269,Bodega,Licores,,Ron viejo Almirante,2020-08-16 04:00:00
566390,Bodega,Vino blanco,,Mistela muy dulce de moscatel Mig Segle D.O Valencia,2020-08-16 04:00:00
566643,Otros,Arreglos,,Costilla de vacuno,2020-08-16 04:00:00
566659,Carnicería,Aves y pollo,,Codornices,2020-08-16 04:00:00
566670,Carnicería,Aves y pollo,,Pechugas de pollo enteras,2020-08-16 04:00:00
566785,Charcutería y Quesos,Embutido,,Longaniza fresca d' Ontinyent,2020-08-16 04:00:00
566852,Carnicería,Empanados y elaborados,,Lomo de cerdo adobado,2020-08-16 04:00:00
566885,Desayuno y Dulces,Cereales,,Cereales de arroz inflado con chocolate,2020-08-16 04:00:00
566913,Desayuno y Dulces,Cereales,,"Copos de arroz, trigo integral y cebada con frutos rojos",2020-08-16 04:00:00
566964,Desayuno y Dulces,Galletas,,"Galletas de cereales con miel, avellana y chocolate Belvita",2020-08-16 04:00:00
567149,Charcutería y Quesos,Embutido curado,,Chorizo de bellota ibérico cular Covap,2020-08-16 04:00:00
567166,Charcutería y Quesos,Jamon serrano,,Jamón serrano lonchas extrafinas,2020-08-16 04:00:00
567185,Charcutería y Quesos,Jamon serrano,,Jamón de pato curado Martiko lonchas,2020-08-16 04:00:00
567283,Charcutería y Quesos,Queso lonchas rallado y en porciones,,Queso cheddar lonchas,2020-08-16 04:00:00
567306,Charcutería y Quesos,Queso untable y fresco,,Queso untar suave blanco pasteurizado,2020-08-16 04:00:00
567345,Charcutería y Quesos,Queso untable y fresco,,Burrata fresca,2020-08-16 04:00:00
567376,Carnicería,Carne,Hacendado,Croquetas de cocido ultracongeladas,2020-08-16 04:00:00
567398,Carnicería,Carne,,Paletilla de cordero entera congelada,2020-08-16 04:00:00
567629,Panadería y Pastelería,Tartas y churros,,Tarta infantil Minions congelada,2020-08-16 04:00:00
567861,Despensa,Gazpacho y cremas,,Crema de verduras,2020-08-16 04:00:00
567936,Cuidado Personal,Acondicionador y mascarilla,,Mascarilla Color Intense cabello teñido o con mechas,2020-08-16 04:00:00
568716,Cuidado Personal,Higiene intima,,Toallitas íntimas cuidado diario,2020-08-16 04:00:00
568954,Cuidado Personal,Perfume y colonia,,Lote hombre Extra Time,2020-08-16 04:00:00
568964,Cuidado Personal,Perfume y colonia,,Lote hombre Antonio Banderas The secret,2020-08-16 04:00:00
569247,Frescos,Verdura,,Palitos de zanahoria,2020-08-16 04:00:00
569252,Frescos,Verdura,,Calabacín blanco,2020-08-16 04:00:00
569261,Frescos,Verdura,,Media col lombarda,2020-08-16 04:00:00
569451,Lácteos y Huevos,Leche y bebidas vegetales,,Preparado lácteo con cereales crecimiento +1 año,2020-08-16 04:00:00
569491,Lácteos y Huevos,Mantequilla y margarina,,Leche de coco Dee Thai,2020-08-16 04:00:00
569671,Limpieza y Hogar,Insecticida y ambientador,,Ambientador coche happy,2020-08-16 04:00:00
569709,Limpieza y Hogar,Lejia y liquidos fuertes,,Lejía perfumada Neutrex frescor verde,2020-08-16 04:00:00
569941,Limpieza y Hogar,Papel higienico y celulosa,,Pañuelos de papel extra suaves,2020-08-16 04:00:00
570077,Maquillaje,Bases de maquillaje y corrector,,Maquillaje fluido perfección satin 04,2020-08-16 04:00:00
570184,Maquillaje,Labios,,Pintalabios larga duración No transfer 02 rojo,2020-08-16 04:00:00
570248,Maquillaje,Ojos,,Lápiz de cejas dúo rellena e ilumina,2020-08-16 04:00:00
570270,Maquillaje,Ojos,,Sombra de ojos Seco & mojado dúo 07,2020-08-16 04:00:00
570304,Maquillaje,Pinceles y brochas,,Pincel pestañas y cejas,2020-08-16 04:00:00
570312,Pescadería,Marisco,,Alistado mediano congelado,2020-08-16 04:00:00
570403,Pescadería,Pescado congelado,Hacendado,Sepia limpia troceada congelada,2020-08-16 04:00:00
570419,Pescadería,Pescado en bandeja,,Bacalao al punto de sal,2020-08-16 04:00:00
570526,Mascotas,Gato,,"Bocaditos en salsa gato adulto Delikuit con pollo, pavo y verduras",2020-08-16 04:00:00
570533,Mascotas,Gato,,Paté gato adulto Delikut con salmón y trucha,2020-08-16 04:00:00
570539,Mascotas,Gato,,Bocaditos en salsa gato adulto Delikuit,2020-08-16 04:00:00
570578,Mascotas,Gato,,Snacks gato rellenos con salmón,2020-08-16 04:00:00
570754,Panadería y Pastelería,Bolleria envasada,,Pasta de almendra,2020-08-16 04:00:00
571167,Otros,Platos preparados frios,,Hummus de garbanzos con olivas de kalamata,2020-08-16 04:00:00
571206,Lácteos y Huevos,Flan y natillas,,Natillas de vainilla Danet,2020-08-16 04:00:00
571315,Lácteos y Huevos,Yogures naturales y sabores,,Yogur natural azucarado,2020-08-16 04:00:00
571471,Despensa,Aceite vinagre y sal,,Sal 60% menos de sodio,2020-08-16 16:00:00
571499,Despensa,Especias,,Ajo granulado,2020-08-16 16:00:00
571549,Despensa,Mayonesa ketchup y mostaza,,Mostaza dulce,2020-08-16 16:00:00
571583,Despensa,Otras salsas,,Salsa napolitana,2020-08-16 16:00:00
571682,Bebidas,Isotonico y energetico,,Bebida energética energy Monster,2020-08-16 16:00:00
571771,Bebidas,Refresco de naranja y de limon,,Refresco naranja,2020-08-16 16:00:00
571979,Aperitivos,Patatas fritas y snacks,,Patata snack crema y cebolla,2020-08-16 16:00:00
572079,Despensa,Pasta y fideos,,Fideo integral,2020-08-16 16:00:00
572136,Despensa,Pasta y fideos,,Fideos orientales Yakisoba curry,2020-08-16 16:00:00
572257,Desayuno y Dulces,Chocolate,,Cacahuetes chocolate con leche,2020-08-16 16:00:00
572348,Desayuno y Dulces,Mermelada y miel,,Cebolla caramelizada,2020-08-16 16:00:00
572621,Bodega,Cerveza,,Cerveza con sabor a tequila 1897,2020-08-16 16:00:00
572805,Bodega,Vino blanco,,Vino blanco D.O Rueda Abadía Mantrús Sauvignon blanc,2020-08-16 16:00:00
572891,Bodega,Vino tinto,,Vino tinto tempranillo Fin del Río Fariña,2020-08-16 16:00:00
572913,Desayuno y Dulces,Cacao soluble y chocolate a la taza,,Cacao puro en polvo La Chocolatera,2020-08-16 16:00:00
572950,Bebidas Calientes,Cafe capsula y monodosis,,Café en cápsula largo Tassimo,2020-08-16 16:00:00
572951,Bebidas Calientes,Cafe capsula y monodosis,,Café en cápsula cortado Tassimo,2020-08-16 16:00:00
573098,Carnicería,Aves y pollo,,Pechugas de pollo enteras,2020-08-16 16:00:00
573140,Charcutería y Quesos,Embutido,,Longaniza fresca sin tripa,2020-08-16 16:00:00
573222,Charcutería y Quesos,Embutido,,Morcilla de arroz y cebolla,2020-08-16 16:00:00
573340,Desayuno y Dulces,Cereales,,Cereales choco All-Bran Kellogg's,2020-08-16 16:00:00
573435,Desayuno y Dulces,Galletas,,Chocolate con leche Crunchie Rocks Cadbury con copos de maíz y trozos de caramelo,2020-08-16 16:00:00
573460,Carnicería,Aves y jamon cocido,Hacendado,Lomo de pavo lonchas,2020-08-16 16:00:00
573487,Carnicería,Aves y jamon cocido,Hacendado,Jamón cocido extra sándwich lonchas,2020-08-16 16:00:00
573492,Carnicería,Aves y jamon cocido,,Jamón cocido Noel lonchas,2020-08-16 16:00:00
573552,Charcutería y Quesos,Embutido curado,,Salchichón ibérico La Hacienda del ibérico lonchas,2020-08-16 16:00:00
573869,Congelados,Helados,,Helado bombón de soja Bretona cobertura al chocolate,2020-08-16 16:00:00
574140,Pescadería,Atun y otras conservas de pescado,Hacendado,Atún claro en aceite de oliva,2020-08-16 16:00:00
574186,Pescadería,Atun y otras conservas de pescado,Hacendado,Chipirones rellenos enteros en aceite de girasol,2020-08-16 16:00:00
574211,Frescos,Conservas de verdura y frutas,Cidacos,Espárragos blancos extra gruesos,2020-08-16 16:00:00
574234,Frescos,Conservas de verdura y frutas,Ybarra,Espinacas,2020-08-16 16:00:00
574324,Despensa,Sopa y caldo,,Caldo para fideuá o arroz negro con sofrito,2020-08-16 16:00:00
574352,Despensa,Tomate,,Tomate con pimiento verde,2020-08-16 16:00:00
574388,Cuidado Personal,Acondicionador y mascarilla,,Sérum Repair & Nutrition cabello seco y dañado,2020-08-16 16:00:00
574440,Cuidado Personal,Champu,,Champú infantil Kids,2020-08-16 16:00:00
574454,Cuidado Personal,Coloracion cabello,,Coloración permanente 4.15 chocolate helado,2020-08-16 16:00:00
574518,Cuidado Personal,Coloracion cabello,,Coloración permanente 100 rubio platino natural,2020-08-16 16:00:00
574683,Cuidado Personal,Afeitado y cuidado para hombre,,Crema contorno de ojos 9.60 hombre,2020-08-16 16:00:00
574791,Cuidado Personal,Cuidado e higiene facial,,Crema facial antiedad revitalizante Sisbela reestructuradora,2020-08-16 16:00:00
575055,Cuidado Personal,Higiene bucal,,Cepillos interdentales cónicos extrafinos,2020-08-16 16:00:00
575157,Cuidado Personal,Higiene intima,,Gel de higiene íntima hidratante,2020-08-16 16:00:00
575439,Cuidado Personal,Perfume y colonia,,Lote infantil My Unicorn,2020-08-16 16:00:00
575502,Salud,Fitoterapia,,Natilla sabor yogur con fresa troceada sustitutivo,2020-08-16 16:00:00
575619,Frescos,Lechuga y ensalada preparada,,Cogollos corazón de lechuga,2020-08-16 16:00:00
575625,Frescos,Lechuga y ensalada preparada,,Escarola rizada,2020-08-16 16:00:00
575673,Frescos,Verdura,,Palitos de zanahoria,2020-08-16 16:00:00
576017,Limpieza y Hogar,Estropajo bayeta y guantes,,Bayeta cristales y espejos microfibra,2020-08-16 16:00:00
576405,Limpieza y Hogar,Utensilios de limpieza y calzado,,Fregona algodón,2020-08-16 16:00:00
576422,Limpieza y Hogar,Utensilios de limpieza y calzado,,Recogedor de mano con cepillo,2020-08-16 16:00:00
576492,Maquillaje,Bases de maquillaje y corrector,,Maquillaje fluido fijo & cubriente 08,2020-08-16 16:00:00
576537,Maquillaje,Bases de maquillaje y corrector,,Maquillaje mat mousse 30 sand,2020-08-16 16:00:00
576539,Maquillaje,Bases de maquillaje y corrector,,Maquillaje mat mousse 50 sun bronze,2020-08-16 16:00:00
576649,Maquillaje,Labios,,Pintalabios mate 16,2020-08-16 16:00:00
576699,Maquillaje,Ojos,,Sombra de ojos mate 02,2020-08-16 16:00:00
576840,Pescadería,Pescado en bandeja,,Filetes lomo de merluza,2020-08-16 16:00:00
576996,Mascotas,Gato,,Pipetas anti-insectos para gato Krislin,2020-08-16 16:00:00
577002,Mascotas,Gato,,Snacks gato rellenos con pollo y malta,2020-08-16 16:00:00
577551,Platos Preparados,Platos preparados calientes,,Fabada Litoral,2020-08-16 16:00:00
577636,Cuidado Personal,Gelatina y otros postres,,Gelatina 0% azúcar sabor fresa,2020-08-16 16:00:00
577638,Cuidado Personal,Gelatina y otros postres,,Gelatina + proteínas sabor a frutos silvestres,2020-08-16 16:00:00
577921,Despensa,Especias,,Molinillo pimienta negra,2020-08-17 04:00:00
577950,Despensa,Especias,,Sazonador para burritos,2020-08-17 04:00:00
577963,Despensa,Mayonesa ketchup y mostaza,,Mayonesa 's,2020-08-17 04:00:00
578247,Bebidas,Refresco de te y sin gas,,Refresco té sabor melocotón cero,2020-08-17 04:00:00
578424,Aperitivos,Patatas fritas y snacks,,Triángulos de maíz tex-mex Doritos,2020-08-17 04:00:00
578550,Despensa,Pasta y fideos,,Tortellini con tres quesos Pagani,2020-08-17 04:00:00
578724,Desayuno y Dulces,Chocolate,,Crema al cacao con avellanas de 2 sabores,2020-08-17 04:00:00
578727,Desayuno y Dulces,Chocolate,,Crema de cacahuete 100%,2020-08-17 04:00:00
578883,Bebé,Biberon chupete y menaje,,Chupete silicona anatómico +0 a 6 meses,2020-08-17 04:00:00
579054,Bodega,Cerveza,,Cerveza Shandy sabor limón Steinburg,2020-08-17 04:00:00
579324,Bodega,Vino tinto,,Vino tinto selección Armónico,2020-08-17 04:00:00
579356,Desayuno y Dulces,Cacao soluble y chocolate a la taza,,Cacao en polvo instantáneo a la taza,2020-08-17 04:00:00
579433,Bebidas Calientes,Cafe soluble y otras bebidas,,Café soluble descafeinado,2020-08-17 04:00:00
579462,Bebidas Calientes,Te e infusiones,,Té matcha en polvo,2020-08-17 04:00:00
579498,Otros,Arreglos,,Arreglo para arroz al horno,2020-08-17 04:00:00
579524,Carnicería,Aves y pollo,,Medallones solomillo de pavo,2020-08-17 04:00:00
579583,Carnicería,Carne congelada,,Paletilla de lechal entera congelada,2020-08-17 04:00:00
580156,Charcutería y Quesos,Queso lonchas rallado y en porciones,,Queso fundido light lonchas,2020-08-17 04:00:00
580297,Congelados,Helados,,Medios cocos helados,2020-08-17 04:00:00
580345,Congelados,Helados,,"Helado 3 sabores chocolate, vainilla y fresa",2020-08-17 04:00:00
580394,Pescadería,Pescado,,Lomos de atún aleta amarilla Escuris ultracongelados,2020-08-17 04:00:00
580560,Frescos,Verdura,Hacendado,Salteado de verduras ultracongelado,2020-08-17 04:00:00
580582,Pescadería,Atun y otras conservas de pescado,Hacendado,Trozos de bonito del norte en aceite de oliva,2020-08-17 04:00:00
580772,Despensa,Tomate,,Tomate frito,2020-08-17 04:00:00
580788,Despensa,Tomate,,Tomate seco en aceite,2020-08-17 04:00:00
580912,Cuidado Personal,Coloracion cabello,,Coloración sin amoníaco L'Oréal 400 castaño,2020-08-17 04:00:00
581030,Cuidado Personal,Fijacion cabello,,Gel fijador efecto mojado todo tipo de cabello fijación 2,2020-08-17 04:00:00
581072,Cuidado Personal,Peines y accesorios,,Pinza cabello varios colores mediana,2020-08-17 04:00:00
581144,Otros,Cuidado corporal,,Leche corporal nutritiva piel seca,2020-08-17 04:00:00
581271,Cuidado Personal,Cuidado e higiene facial,,Ampollas faciales spray flash,2020-08-17 04:00:00
581284,Cuidado Personal,Depilacion,,Crema depilatoria piel normal,2020-08-17 04:00:00
581690,Cuidado Personal,Perfume y colonia,,Body spray té verde fresco,2020-08-17 04:00:00
581745,Cuidado Personal,Perfume y colonia,,Eau de toilette Capítulo Floral,2020-08-17 04:00:00
581903,Cuidado Personal,Protector solar y aftersun,,Leche corporal autobronceadora,2020-08-17 04:00:00
582127,Frescos,Verdura,,Champiñón pequeño,2020-08-17 04:00:00
582150,Frescos,Verdura,,Maíz dulce en mazorca cocido,2020-08-17 04:00:00
582350,Lácteos y Huevos,Mantequilla y margarina,,Nata ligera para cocinar sin lactosa,2020-08-17 04:00:00
582437,Limpieza y Hogar,Estropajo bayeta y guantes,,Estropajo limpieza delicada,2020-08-17 04:00:00
582572,Limpieza y Hogar,Lejia y liquidos fuertes,,Salfumant,2020-08-17 04:00:00
582674,Limpieza y Hogar,Limpieza muebles y multiusos,,Limpia mopas,2020-08-17 04:00:00
582716,Despensa,Menaje y conservacion de alimentos,,Recipiente de plástico redondo 1L,2020-08-17 04:00:00
582755,Despensa,Menaje y conservacion de alimentos,,Mantel de papel blanco Papermon,2020-08-17 04:00:00
583084,Maquillaje,Ojos,,Perfilador de ojos 02 marrón,2020-08-17 04:00:00
583101,Maquillaje,Ojos,,Perfilador de cejas marrón,2020-08-17 04:00:00
583416,Mascotas,Gato,,Comida gato bolas de pelo Supreme con pollo y arroz,2020-08-17 04:00:00
583608,Panadería y Pastelería,Bolleria envasada,,Magdalena al chocolate,2020-08-17 04:00:00
583609,Panadería y Pastelería,Bolleria envasada,,Coquito El Cateto,2020-08-17 04:00:00
583797,Panadería y Pastelería,Picos rosquilletas y picatostes,,Regañá,2020-08-17 04:00:00
583874,Otros,Velas y decoracion,,Caramelo líquido,2020-08-17 04:00:00
584168,Lácteos y Huevos,Yogures naturales y sabores,,Yogur natural azucarado,2020-08-17 04:00:00
584185,Lácteos y Huevos,Yogures naturales y sabores,,Yogur sabor fresa,2020-08-17 04:00:00
584347,Despensa,Especias,,Molinillo pimienta negra,2020-08-17 16:00:00
584416,Despensa,Otras salsas,,Tomate frito con aceite de oliva,2020-08-17 16:00:00
584532,Bebidas,Isotonico y energetico,,Bebida energética energy Monster,2020-08-17 16:00:00
584645,Bebidas,Tonica y bitter,,Ginger ale,2020-08-17 16:00:00
584676,Bebidas,Refresco de te y sin gas,,Refresco fusión de frutas Gold Spring cero sin gas,2020-08-17 16:00:00
584817,Aperitivos,Patatas fritas y snacks,,Patatas fritas receta churrería,2020-08-17 16:00:00
585006,Desayuno y Dulces,Azucar y edulcorante,,Edulcorante en sobres sacarina,2020-08-17 16:00:00
585007,Desayuno y Dulces,Azucar y edulcorante,,Sirope de agave,2020-08-17 16:00:00
585058,Desayuno y Dulces,Chocolate,,Chocolate negro mousse,2020-08-17 16:00:00
585289,Bebé,Biberon chupete y menaje,,Tetina látex tres posiciones +1 mes,2020-08-17 16:00:00
585307,Bebé,Biberon chupete y menaje,,Chupete silicona anatómico +18 meses,2020-08-17 16:00:00
585366,Panadería y Pastelería,Toallitas y panales,,Pañales bebé talla 3 de 4-10 kg,2020-08-17 16:00:00
585387,Bodega,Cerveza,,Cerveza Clásica Steinburg,2020-08-17 16:00:00
585393,Bodega,Cerveza,,Cerveza especial,2020-08-17 16:00:00
585478,Bodega,Cerveza,,Bebida cider con gas Wild panther sabor a fresa y lima,2020-08-17 16:00:00
585790,Bebidas Calientes,Cafe capsula y monodosis,,Café en cápsula ristretto ardenza Dolce Gusto,2020-08-17 16:00:00
585980,Carnicería,Aves y pollo,,Alas de pollo rural partidas,2020-08-17 16:00:00
586148,Carnicería,Empanados y elaborados,,Brochetas de pavo,2020-08-17 16:00:00
586348,Carnicería,Aves y jamon cocido,Hacendado,Fiambre magro sándwich lonchas,2020-08-17 16:00:00
586404,Charcutería y Quesos,Embutido curado,,Salchichón de cebo ibérico cortado a máquina,2020-08-17 16:00:00
586422,Charcutería y Quesos,Embutido curado,,Taquitos de chorizo Revilla,2020-08-17 16:00:00
586468,Charcutería y Quesos,Jamon serrano,,Cecina ahumada natural Embutidos Pajariel lonchas,2020-08-17 16:00:00
586620,Charcutería y Quesos,Queso untable y fresco,,Mozzarella di bufala campana,2020-08-17 16:00:00
586731,Congelados,Helados,,Helado sabor chocolate,2020-08-17 16:00:00
586801,Pescadería,Marisco,Hacendado,Navaja cruda congelada,2020-08-17 16:00:00
586966,Frescos,Verdura,Hacendado,Alcachofa corazones ultracongelada,2020-08-17 16:00:00
587054,Despensa,Berberechos y mejillones,,Almejas rosadas machas al natural,2020-08-17 16:00:00
587061,Despensa,Berberechos y mejillones,,Mejillones picantes en escabeche pequeños,2020-08-17 16:00:00
587309,Cuidado Personal,Coloracion cabello,,Coloración permanente sin amoníaco 1.0 negro ebano,2020-08-17 16:00:00
587400,Cuidado Personal,Coloracion cabello,,Coloración permanente L'Oréal 8.1 rubio claro ceniza,2020-08-17 16:00:00
587469,Cuidado Personal,Peines y accesorios,,Cepillo cabello de madera,2020-08-17 16:00:00
587478,Cuidado Personal,Peines y accesorios,,Clip rubio,2020-08-17 16:00:00
587565,Otros,Cuidado corporal,,Loción corporal reafirmante,2020-08-17 16:00:00
587598,Otros,Cuidado corporal,,Crema de manos delhi rose,2020-08-17 16:00:00
587784,Cuidado Personal,Desodorante,,Desodorante mujer perfume afrutado,2020-08-17 16:00:00
587816,Cuidado Personal,Gel y jabon de manos,,Gel de baño classic original Magno,2020-08-17 16:00:00
587913,Cuidado Personal,Higiene bucal,,Enjuague bucal total action,2020-08-17 16:00:00
588201,Cuidado Personal,Perfume y colonia,,Eau de toilette hombre Ikiru,2020-08-17 16:00:00
588278,Cuidado Personal,Perfume y colonia,,Lote infantil My Unicorn,2020-08-17 16:00:00
588359,Salud,Fitoterapia,,Cápsulas antiox colágeno,2020-08-17 16:00:00
588404,Salud,Parafarmacia,,Lágrimas hidratantes para ojos secos,2020-08-17 16:00:00
588502,Frescos,Verdura,,Yuca,2020-08-17 16:00:00
588703,Lácteos y Huevos,Leche y bebidas vegetales,,Batido de chocolate,2020-08-17 16:00:00
588780,Limpieza y Hogar,Detergente y suavizante ropa,,Detergente ropa de color líquido,2020-08-17 16:00:00
588798,Limpieza y Hogar,Detergente y suavizante ropa,,Detergente ropa blanca Puntomatic en pastillas,2020-08-17 16:00:00
588818,Limpieza y Hogar,Detergente y suavizante ropa,,Quitamanchas en seco,2020-08-17 16:00:00
589019,Limpieza y Hogar,Limpiahogar y friegasuelos,,Friegasuelos pino líquido,2020-08-17 16:00:00
589020,Limpieza y Hogar,Limpiahogar y friegasuelos,,Friegasuelos spa líquido,2020-08-17 16:00:00
589093,Limpieza y Hogar,Limpieza muebles y multiusos,,Vinagre de limpieza concentrado,2020-08-17 16:00:00
589096,Limpieza y Hogar,Limpieza muebles y multiusos,,Multiusos desinfectante antibacterias,2020-08-17 16:00:00
589192,Despensa,Menaje y conservacion de alimentos,,Mini mechero Clipper,2020-08-17 16:00:00
589285,Limpieza y Hogar,Utensilios de limpieza y calzado,,Barreño ovalado 8L,2020-08-17 16:00:00
589343,Maquillaje,Bases de maquillaje y corrector,,Maquillaje fluido fijo & cubriente 04,2020-08-17 16:00:00
589400,Maquillaje,Bases de maquillaje y corrector,,Corrector stick 01,2020-08-17 16:00:00
589467,Maquillaje,Labios,,Pintalabios larga duración No transfer 03 rosa,2020-08-17 16:00:00
589517,Maquillaje,Ojos,,Perfilador de ojos 05 graphitti,2020-08-17 16:00:00
589636,Pescadería,Marisco,Pescanova,Tallarimis,2020-08-17 16:00:00
589819,Mascotas,Gato,,Bocaditos en salsa gato adulto Delikuit,2020-08-17 16:00:00
589844,Mascotas,Gato,,Comida gato bolas de pelo Supreme con pollo y arroz,2020-08-17 16:00:00
590020,Panadería y Pastelería,Bolleria envasada,,Tortas de aceite Inés Rosales sin azúcar,2020-08-17 16:00:00
590028,Panadería y Pastelería,Bolleria envasada,,Magdalenas integrales 0% azúcares añadidos,2020-08-17 16:00:00
590049,Panadería y Pastelería,Harina y preparado reposteria,,Harina de fuerza,2020-08-17 16:00:00
590146,Panadería y Pastelería,Pan de horno,,Barra de pan 41% integral rebanada,2020-08-17 16:00:00
590397,Platos Preparados,Platos preparados calientes,,Fideos orientales Yatekomo,2020-08-17 16:00:00
590419,Platos Preparados,Platos preparados calientes,,Oreja guisada La Nora,2020-08-17 16:00:00
590474,Lácteos y Huevos,Bifidus,,Bífidus natural,2020-08-17 16:00:00
590495,Cuidado Personal,Gelatina y otros postres,,Gelatina + proteínas sabor a frutos silvestres,2020-08-17 16:00:00
590656,Frescos,Fruta variada,Hacendado,Fruta + leche melón y sandía,2020-08-17 16:00:00
590724,Despensa,Aceite vinagre y sal,,"Aceite de girasol refinado 0,2º",2020-08-18 04:00:00
590830,Despensa,Mayonesa ketchup y mostaza,,Mostaza,2020-08-18 04:00:00
590931,Bebidas,Agua,,Soda cero calorías,2020-08-18 04:00:00
591018,Bebidas,Refresco de cola,,Refresco cola Zero azúcar Zero cafeína,2020-08-18 04:00:00
591095,Bebidas,Refresco de te y sin gas,,Refresco té sabor melocotón cero,2020-08-18 04:00:00
591187,Frescos,Frutos secos y fruta desecada,Hacendado,Almendra frita,2020-08-18 04:00:00
591234,Frescos,Frutos secos y fruta desecada,Hacendado,Dátiles sin hueso,2020-08-18 04:00:00
591249,Aperitivos,Patatas fritas y snacks,,Patatinas extra crujientes,2020-08-18 04:00:00
591310,Despensa,Arroz,,Arroz integral redondo,2020-08-18 04:00:00
591331,Despensa,Legumbres,,Alubia negra,2020-08-18 04:00:00
591405,Despensa,Pasta y fideos,,Pasta oriental sabor pollo frango Maggi,2020-08-18 04:00:00
591590,Desayuno y Dulces,Golosinas,,Golosinas animalitos de pica pica,2020-08-18 04:00:00
591878,Bodega,Cerveza,,Cerveza sin gluten Ambar,2020-08-18 04:00:00
591957,Bodega,Licores,,Whiskey bourbon Black County,2020-08-18 04:00:00
591959,Bodega,Licores,,Whiskey irlandés Seven Heads,2020-08-18 04:00:00
592056,Bodega,Tinto de verano y sangria,,Tinto de verano sabor limón Casón Histórico,2020-08-18 04:00:00
592275,Bebidas Calientes,Cafe soluble y otras bebidas,,Café soluble cappuccino caramelo,2020-08-18 04:00:00
592277,Bebidas Calientes,Cafe soluble y otras bebidas,,Café soluble selección,2020-08-18 04:00:00
592281,Bebidas Calientes,Cafe soluble y otras bebidas,,Café con leche light sin lactosa,2020-08-18 04:00:00
592324,Bebidas Calientes,Te e infusiones,,Infusión Valeriana,2020-08-18 04:00:00
592338,Otros,Arreglos,,Trozo de vacuno para cocido,2020-08-18 04:00:00
592393,Carnicería,Aves y pollo,,Carcasa de pollo rural,2020-08-18 04:00:00
592602,Desayuno y Dulces,Cereales,,Cereales rellenos de crema de cacao y avellana sin gluten,2020-08-18 04:00:00
592617,Desayuno y Dulces,Cereales,,Cereales choco All-Bran Kellogg's,2020-08-18 04:00:00
592667,Desayuno y Dulces,Galletas,,Galletas tostadas al horno Flora,2020-08-18 04:00:00
592709,Desayuno y Dulces,Galletas,,Barquillos mini rolls bañados con chocolate con leche,2020-08-18 04:00:00
593013,Charcutería y Quesos,Queso lonchas rallado y en porciones,,Palitos con queso fundido La vaca que ríe,2020-08-18 04:00:00
593298,Platos Preparados,Pizzas,,Pizza salmón y gambas ultracongelada,2020-08-18 04:00:00
593511,Frescos,Conservas de verdura y frutas,Hacendado,Ensalada china con mazorquitas,2020-08-18 04:00:00
593573,Despensa,Gazpacho y cremas,,Crema de calabacín Knorr con queso de cabra,2020-08-18 04:00:00
593584,Despensa,Sopa y caldo,,Tallarines a la parmesana,2020-08-18 04:00:00
593606,Despensa,Sopa y caldo,,Caldo de verduras en pastillas,2020-08-18 04:00:00
593801,Cuidado Personal,Coloracion cabello,,Coloración permanente sin amoníaco Azalea 6.6 rubio oscuro rojizo,2020-08-18 04:00:00
593824,Cuidado Personal,Coloracion cabello,,Mechas Nordic de rubio medio a castaño oscuro M1,2020-08-18 04:00:00
594081,Cuidado Personal,Cuidado e higiene facial,,Hidratante facial todo en uno BB cream tono medio FPS 15,2020-08-18 04:00:00
594162,Cuidado Personal,Desodorante,,Desodorante roll-on mujer invisible,2020-08-18 04:00:00
594164,Cuidado Personal,Desodorante,,Desodorante roll-on cuidado avena,2020-08-18 04:00:00
594218,Cuidado Personal,Gel y jabon de manos,,Gel de baño frutal piel normal,2020-08-18 04:00:00
594405,Cuidado Personal,Higiene intima,,Tampones super,2020-08-18 04:00:00
595099,Lácteos y Huevos,Leche y bebidas vegetales,,Bebida de soja Vivesoy,2020-08-18 04:00:00
595249,Limpieza y Hogar,Detergente y suavizante ropa,,Azulete La Nave líquido,2020-08-18 04:00:00
595389,Limpieza y Hogar,Insecticida y ambientador,,Vela perfumada lavanda,2020-08-18 04:00:00
595476,Limpieza y Hogar,Limpieza bano y wc,,Limpiador WC polvo activo,2020-08-18 04:00:00
595529,Limpieza y Hogar,Limpieza vajilla,,Lavavajillas ultra original líquido,2020-08-18 04:00:00
595566,Despensa,Menaje y conservacion de alimentos,,Film transparente,2020-08-18 04:00:00
595911,Maquillaje,Labios,,Pintalabios mate 04,2020-08-18 04:00:00
596043,Pescadería,Marisco,,Mejillón gordo,2020-08-18 04:00:00
596124,Pescadería,Pescado en bandeja,,Filete de salmón,2020-08-18 04:00:00
596486,Panadería y Pastelería,Harina y preparado reposteria,,Chocolate negro fundir,2020-08-18 04:00:00
596555,Panadería y Pastelería,Pan de horno,,Panecillo campeón del mundo,2020-08-18 04:00:00
596815,Platos Preparados,Platos preparados calientes,,Fideos orientales Yakisoba de pollo,2020-08-18 04:00:00
596936,Cuidado Personal,Gelatina y otros postres,,Arroz con leche,2020-08-18 04:00:00
597000,Lácteos y Huevos,Yogures liquidos,,Bebida láctea de fresa Cuidacol 0% azúcares añadidos,2020-08-18 04:00:00
597129,Despensa,Tomate y otros sabores,,Zumo de manzana,2020-08-18 04:00:00
597209,Despensa,Especias,,Canela molida,2020-08-18 16:00:00
597227,Despensa,Especias,,Sazonador al horno y microondas pollo y costillas a las hierbas provenzales,2020-08-18 16:00:00
597341,Bebidas,Agua,,Agua mineral grande,2020-08-18 16:00:00
597445,Bebidas,Refresco de cola,,Refresco Zero Zero,2020-08-18 16:00:00
597493,Bebidas,Tonica y bitter,,Tónica original,2020-08-18 16:00:00
597557,Despensa,Aceitunas y encurtidos,,Aceitunas manzanilla rellenas de anchoa reducidas en sal,2020-08-18 16:00:00
597668,Frescos,Frutos secos y fruta desecada,Hacendado,Piña deshidratada,2020-08-18 16:00:00
597743,Despensa,Arroz,,Arroz integral redondo,2020-08-18 16:00:00
598131,Bebé,Alimentacion infantil,,Papilla instantánea 8 cereales con miel +6 meses,2020-08-18 16:00:00
598188,Cuidado Personal,Higiene y cuidado,,Aceite corporal bebé con aloe vera 's,2020-08-18 16:00:00
598189,Cuidado Personal,Higiene y cuidado,,Crema protectora para pañal 's,2020-08-18 16:00:00
598204,Cuidado Personal,Higiene y cuidado,,Discos absorbentes lactancia,2020-08-18 16:00:00
598285,Bodega,Cerveza,,Cerveza reserva,2020-08-18 16:00:00
598299,Bodega,Cerveza,,Cerveza El Águila sin filtrar,2020-08-18 16:00:00
598447,Bodega,Licores,,Concentrado de granadina sin alcohol Dama De Baza,2020-08-18 16:00:00
598878,Carnicería,Cerdo,,Lomo de cerdo trozo,2020-08-18 16:00:00
599034,Desayuno y Dulces,Cereales,,Anillos de cereales Colors sabor a frutas,2020-08-18 16:00:00
599072,Desayuno y Dulces,Cereales,,Barrita sustitutivo de comida Belladieta sabor avena y chocolate con leche,2020-08-18 16:00:00
599189,Carnicería,Aves y jamon cocido,Hacendado,Pechuga de pollo toque braseado,2020-08-18 16:00:00
599263,Charcutería y Quesos,Embutido curado,,Longaniza de pavo imperial extra,2020-08-18 16:00:00
599267,Charcutería y Quesos,Embutido curado,,Salami montañés,2020-08-18 16:00:00
599276,Charcutería y Quesos,Embutido curado,,Chorizo ibérico La Hacienda del ibérico lonchas,2020-08-18 16:00:00
599318,Charcutería y Quesos,Jamon serrano,,Paleta curada lonchas Paletas Marpa,2020-08-18 16:00:00
599462,Charcutería y Quesos,Queso untable y fresco,,Queso untar sin lactosa blanco pasteurizado,2020-08-18 16:00:00
599533,Carnicería,Carne,,Alas de pollo congeladas,2020-08-18 16:00:00
599566,Congelados,Helados,,Helado mini nocciola,2020-08-18 16:00:00
599604,Congelados,Helados,,Helado de leche merengada,2020-08-18 16:00:00
599687,Pescadería,Pescado,Hacendado,Rodaja de potón del pacífico cocido congelado,2020-08-18 16:00:00
599885,Pescadería,Atun y otras conservas de pescado,Hacendado,Sardinillas al limón en aceite de girasol,2020-08-18 16:00:00
599895,Pescadería,Atun y otras conservas de pescado,Hacendado,Agujas en aceite de oliva,2020-08-18 16:00:00
599939,Frescos,Conservas de verdura y frutas,Hacendado,Zanahoria en tiras,2020-08-18 16:00:00
599946,Frescos,Conservas de verdura y frutas,Ybarra,Patata entera,2020-08-18 16:00:00
599987,Frescos,Conservas de verdura y frutas,,Dulce de frutas El membrillero,2020-08-18 16:00:00
600049,Despensa,Tomate,,Tomate triturado,2020-08-18 16:00:00
600085,Cuidado Personal,Acondicionador y mascarilla,,Mascarilla Color Intense cabello teñido o con mechas,2020-08-18 16:00:00
600136,Cuidado Personal,Champu,,Champú Extra Suave todo tipo de cabello,2020-08-18 16:00:00
600242,Cuidado Personal,Coloracion cabello,,Coloración permanente sin amoníaco Azalea 6.6 rubio oscuro rojizo,2020-08-18 16:00:00
600278,Cuidado Personal,Coloracion cabello,,Retoca raíces instantáneo L'Oréal castaño,2020-08-18 16:00:00
600441,Otros,Cuidado corporal,,Spray refrescante mentol para pies y piernas,2020-08-18 16:00:00
600478,Otros,Cuidado corporal,,Toallitas hidroalcohólicas 75% Alcohol,2020-08-18 16:00:00
600558,Cuidado Personal,Cuidado e higiene facial,,Ampollas faciales ácido hialurónico concentrado,2020-08-18 16:00:00
600674,Cuidado Personal,Gel y jabon de manos,,Gel de baño con sales minerales La Toja,2020-08-18 16:00:00
600741,Cuidado Personal,Higiene bucal,,Dentífrico protección caries maximum menta fresca,2020-08-18 16:00:00
600786,Cuidado Personal,Higiene bucal,,Cinta dental con cera y sabor menta,2020-08-18 16:00:00
600831,Cuidado Personal,Higiene intima,,Protegeslip maxi Suave,2020-08-18 16:00:00
600987,Cuidado Personal,Perfume y colonia,,Eau de toilette mujer Vuela,2020-08-18 16:00:00
601160,Cuidado Personal,Protector solar y aftersun,,Fluido solar facial antiedad Sisbela FPS 50+,2020-08-18 16:00:00
601247,Salud,Parafarmacia,,Gel de manos higienizante sin aclarado 70% alcohol,2020-08-18 16:00:00
601346,Frescos,Verdura,,Batata,2020-08-18 16:00:00
601672,Limpieza y Hogar,Detergente y suavizante ropa,,Quitamanchas de desteñidos La Nave sin lejía,2020-08-18 16:00:00
601929,Limpieza y Hogar,Limpieza cocina,,Limpiador placas de inducción líquido,2020-08-18 16:00:00
602059,Limpieza y Hogar,Papel higienico y celulosa,,Servilleta papel decorada suavidad y absorción,2020-08-18 16:00:00
602104,Limpieza y Hogar,Pilas y bolsas de basura,,Bolsa de basura mini 10L cubo pequeño,2020-08-18 16:00:00
602358,Maquillaje,Labios,,Pintalabios mate 12,2020-08-18 16:00:00
602446,Pescadería,Marisco,Hacendado,Preparado paella de marisco ultracongelado,2020-08-18 16:00:00
602487,Pescadería,Marisco,Pescanova,Muslitos de surimi ultracongelados,2020-08-18 16:00:00
602526,Pescadería,Pescado congelado,Hacendado,Palitos de merluza a la romana ultracongelados,2020-08-18 16:00:00
602610,Pescadería,Pescado fresco,,Bacalao abierto en libro sin cabeza y sin espina,2020-08-18 16:00:00
602902,Panadería y Pastelería,Bolleria envasada,,Hojaldre relleno de cacao,2020-08-18 16:00:00
602936,Panadería y Pastelería,Harina y preparado reposteria,,Preparado en polvo flanes y natillas Maizena Potax,2020-08-18 16:00:00
603312,Otros,Platos preparados frios,,Tofu firme Frias,2020-08-18 16:00:00
603319,Lácteos y Huevos,Bifidus,,Bífidus desnatado con nueces y cereales,2020-08-18 16:00:00
603368,Cuidado Personal,Gelatina y otros postres,,Panna Cotta de café con leche,2020-08-18 16:00:00
603459,Lácteos y Huevos,Yogures naturales y sabores,,Yogur natural azucarado,2020-08-18 16:00:00
603575,Despensa,Aceite vinagre y sal,,"Aceite de oliva 0,4º",2020-08-19 04:00:00
604363,Desayuno y Dulces,Chocolate,,Chocolate extrafino negro con arándanos y sésamo,2020-08-19 04:00:00
604408,Desayuno y Dulces,Chocolate,,Cacahuetes Chocoiris bañados de chocolate con leche coloreados,2020-08-19 04:00:00
604447,Desayuno y Dulces,Golosinas,,Golosinas fruit mix,2020-08-19 04:00:00
604870,Bodega,Licores,,Licor de anís dulce La Castellana,2020-08-19 04:00:00
605059,Desayuno y Dulces,Cacao soluble y chocolate a la taza,,Cacao soluble instantáneo,2020-08-19 04:00:00
605274,Carnicería,Aves y pollo,,Alas de pollo rural partidas,2020-08-19 04:00:00
605340,Carnicería,Cerdo,,Solomillo de cerdo ibérico,2020-08-19 04:00:00
605504,Desayuno y Dulces,Cereales,,Barritas de sésamo Schock's,2020-08-19 04:00:00
606032,Congelados,Helados,,Granizado de horchata,2020-08-19 04:00:00
606280,Frescos,Verdura,,Patatas bravas ultracongeladas,2020-08-19 04:00:00
606318,Pescadería,Atun y otras conservas de pescado,Hacendado,Sardinillas en escabeche,2020-08-19 04:00:00
606579,Cuidado Personal,Champu,,Champú y acondicionador anticaspa H&S clásico,2020-08-19 04:00:00
606580,Cuidado Personal,Champu,,Champú anticaspa H&S clásico,2020-08-19 04:00:00
606587,Cuidado Personal,Champu,,Champú infantil Kids,2020-08-19 04:00:00
606768,Cuidado Personal,Peines y accesorios,,Toalla turbante seca pelo microfibra,2020-08-19 04:00:00
606829,Cuidado Personal,Afeitado y cuidado para hombre,,Sérum anti-edad Vído hombre,2020-08-19 04:00:00
606915,Cuidado Personal,Cuidado e higiene facial,,Desmaquillador de ojos y labios bifásico todo tipo de pieles,2020-08-19 04:00:00
607086,Cuidado Personal,Desodorante,,Desodorante mujer pure natural 9.60,2020-08-19 04:00:00
607102,Cuidado Personal,Gel y jabon de manos,,Gel de baño hidratación profunda,2020-08-19 04:00:00
607140,Cuidado Personal,Gel y jabon de manos,,Esponja de baño exfoliación intensa,2020-08-19 04:00:00
607245,Cuidado Personal,Higiene intima,,Compresa sin alas de incontinencia mini,2020-08-19 04:00:00
607250,Cuidado Personal,Higiene intima,,Compresa con alas normal Suave,2020-08-19 04:00:00
607306,Cuidado Personal,Higiene intima,,Gel de higiene íntima hidratante,2020-08-19 04:00:00
607315,Cuidado Personal,Manicura y pedicura,,Aceite cutículas bifásico 956 sandía,2020-08-19 04:00:00
607425,Cuidado Personal,Perfume y colonia,,Eau de cologne Royale Ambree,2020-08-19 04:00:00
607543,Cuidado Personal,Perfume y colonia,,Lote hombre Brummel,2020-08-19 04:00:00
607616,Salud,Fitoterapia,,Cápsulas kaptogras,2020-08-19 04:00:00
607633,Salud,Fitoterapia,,Perlas femenina con onagra y borraja,2020-08-19 04:00:00
607648,Salud,Fitoterapia,,Cápsulas fucus y spirulina,2020-08-19 04:00:00
607726,Frescos,Fruta,,Melón piel de sapo,2020-08-19 04:00:00
607785,Frescos,Lechuga y ensalada preparada,,Ensalada jamón,2020-08-19 04:00:00
607836,Frescos,Verdura,,Seta laminada,2020-08-19 04:00:00
607918,Lácteos y Huevos,Leche y bebidas vegetales,,Bebida láctea desnatada omega 3,2020-08-19 04:00:00
607924,Lácteos y Huevos,Leche y bebidas vegetales,,Bebida láctea desnatada omega 3,2020-08-19 04:00:00
607930,Lácteos y Huevos,Leche y bebidas vegetales,,Leche desnatada alta en proteínas,2020-08-19 04:00:00
607944,Lácteos y Huevos,Leche y bebidas vegetales,,Leche entera calcio,2020-08-19 04:00:00
608225,Limpieza y Hogar,Insecticida y ambientador,Brise,Difusor ambientador eléctrico by con recambio,2020-08-19 04:00:00
608403,Limpieza y Hogar,Limpieza muebles y multiusos,,Toallitas multiusos limpieza higiénica,2020-08-19 04:00:00
608498,Limpieza y Hogar,Papel higienico y celulosa,,Servilleta papel decorada suavidad y absorción,2020-08-19 04:00:00
608574,Limpieza y Hogar,Utensilios de limpieza y calzado,,Mango escoba/fregona 140 cm,2020-08-19 04:00:00
608728,Maquillaje,Labios,,Perfilador de labios 01 rojo,2020-08-19 04:00:00
608744,Maquillaje,Labios,,Pintalabios color fix 05,2020-08-19 04:00:00
608838,Maquillaje,Ojos,,Máscara de pestañas wonder'luxe volume negro,2020-08-19 04:00:00
608912,Pescadería,Marisco,,Almeja japonesa,2020-08-19 04:00:00
609175,Mascotas,Perro,,"Trozos en salsa perro adulto Delikuit con cordero, pollo y verduras",2020-08-19 04:00:00
609268,Panadería y Pastelería,Bolleria de horno,,Xuxu rayado relleno de chocolate,2020-08-19 04:00:00
609548,Panadería y Pastelería,Picos rosquilletas y picatostes,,Panes especiales sabor pizza con queso,2020-08-19 04:00:00
609775,Lácteos y Huevos,Bifidus,,Bífidus natural 0% materia grasa,2020-08-19 04:00:00
609903,Lácteos y Huevos,Yogures naturales y sabores,,Yogur natural,2020-08-19 04:00:00
610014,Despensa,Aceite vinagre y sal,,Aceite de oliva virgen extra,2020-08-19 16:00:00
610108,Despensa,Especias,,Mezcla de especias para gazpacho manchego,2020-08-19 16:00:00
610471,Despensa,Aceitunas y encurtidos,,Pepinillos agridulces,2020-08-19 16:00:00
610477,Despensa,Aceitunas y encurtidos,,Alcaparrones en vinagre,2020-08-19 16:00:00
610644,Despensa,Legumbres,,Lenteja cocida pardina,2020-08-19 16:00:00
610904,Desayuno y Dulces,Golosinas,,Golosinas watermelon,2020-08-19 16:00:00
611449,Bodega,Vino tinto,,Vino tinto Ostras Pedrín!,2020-08-19 16:00:00
611531,Bebidas Calientes,Cafe capsula y monodosis,,Cortado en cápsula descafeinado Cocatech,2020-08-19 16:00:00
611581,Bebidas Calientes,Cafe soluble y otras bebidas,,Café soluble espresso crema,2020-08-19 16:00:00
611798,Charcutería y Quesos,Embutido,,Longaniza fresca sin tripa,2020-08-19 16:00:00
611799,Charcutería y Quesos,Embutido,,Chistorra,2020-08-19 16:00:00
612100,Charcutería y Quesos,Bacon y salchichas,,Salchichas cocidas Frankfurt La Selva,2020-08-19 16:00:00
612197,Charcutería y Quesos,Jamon serrano,,Paleta de cebo ibérica La Hacienda del ibérico,2020-08-19 16:00:00
612303,Charcutería y Quesos,Queso lonchas rallado y en porciones,,Queso fundido burger lonchas,2020-08-19 16:00:00
612338,Charcutería y Quesos,Queso untable y fresco,,Queso fresco Burgos desnatado 0% materia grasa,2020-08-19 16:00:00
612394,Carnicería,Carne,Hacendado,Croquetas de ibérico ultracongeladas,2020-08-19 16:00:00
612630,Panadería y Pastelería,Tartas y churros,,Tarta de galleta 2 congelada,2020-08-19 16:00:00
612652,Frescos,Verdura,Hacendado,Arándanos enteros ultracongelados,2020-08-19 16:00:00
612671,Frescos,Verdura,Hacendado,Pimiento rojo y verde ultracongelado,2020-08-19 16:00:00
612799,Frescos,Conservas de verdura y frutas,Hacendado,Pimientos rojos asados en tiras extra,2020-08-19 16:00:00
612869,Despensa,Gazpacho y cremas,,Gazpacho blanco de almendras con ajo blanco,2020-08-19 16:00:00
612904,Despensa,Sopa y caldo,,Caldo casero de carne,2020-08-19 16:00:00
612937,Cuidado Personal,Acondicionador y mascarilla,,Acondicionador suavidad y brillo todo tipo de cabello,2020-08-19 16:00:00
613017,Cuidado Personal,Champu,,Champú anticaspa Nutritive cabello normal,2020-08-19 16:00:00
613376,Cuidado Personal,Cuidado e higiene facial,,Mascarilla facial arcilla verde pieles grasas y con tendencia acneica,2020-08-19 16:00:00
613482,Cuidado Personal,Desodorante,,Desodorante roll-on Lactovit,2020-08-19 16:00:00
613602,Cuidado Personal,Higiene bucal,,Dentífrico acción total con flúor,2020-08-19 16:00:00
613912,Cuidado Personal,Perfume y colonia,,Lote mujer Pacha Ibiza Sexy,2020-08-19 16:00:00
613938,Cuidado Personal,Perfume y colonia,,Eau de toilette hombre Desafío Sport,2020-08-19 16:00:00
613967,Cuidado Personal,Perfume y colonia,,Lote hombre Don Algodon,2020-08-19 16:00:00
613985,Cuidado Personal,Perfume y colonia,,Lote hombre Pacha Ibiza 24/7,2020-08-19 16:00:00
614127,Salud,Parafarmacia,,Protectores para los oídos de cera Doctor San para el agua,2020-08-19 16:00:00
614320,Frescos,Verdura,,Floretas de brócoli para micro,2020-08-19 16:00:00
614342,Lácteos y Huevos,Leche y bebidas vegetales,,Leche semidesnatada sin lactosa,2020-08-19 16:00:00
614479,Lácteos y Huevos,Leche y bebidas vegetales,,Bebida láctea sabor canela y limón,2020-08-19 16:00:00
614775,Limpieza y Hogar,Limpiahogar y friegasuelos,,Limpiahogar ph neutro delicado,2020-08-19 16:00:00
614899,Despensa,Menaje y conservacion de alimentos,,Bolsa isotérmica Bolsaterm,2020-08-19 16:00:00
614929,Despensa,Menaje y conservacion de alimentos,,Velote blanco Roura,2020-08-19 16:00:00
614954,Limpieza y Hogar,Papel higienico y celulosa,,Papel higiénico doble rollo,2020-08-19 16:00:00
614973,Limpieza y Hogar,Pilas y bolsas de basura,,Pila super alcalina AA-LR6 Premio,2020-08-19 16:00:00
614997,Limpieza y Hogar,Utensilios de limpieza y calzado,,Fregona microfibra absorbente,2020-08-19 16:00:00
614999,Limpieza y Hogar,Utensilios de limpieza y calzado,,Fregona resistente y absorbente,2020-08-19 16:00:00
615284,Maquillaje,Ojos,,Rizador de pestañas,2020-08-19 16:00:00
615312,Maquillaje,Pinceles y brochas,,Sacapuntas doble lápiz fino y grueso,2020-08-19 16:00:00
615413,Pescadería,Pescado congelado,Hacendado,Langostino caballitos rebozados ultracongelados,2020-08-19 16:00:00
615431,Pescadería,Pescado congelado,Hacendado,Chipirón puntilla congelado,2020-08-19 16:00:00
615501,Pescadería,Pescado fresco,,Rape a rodajas,2020-08-19 16:00:00
615693,Panadería y Pastelería,Bolleria de horno,,Trenza con nueces de Pecán,2020-08-19 16:00:00
615696,Panadería y Pastelería,Bolleria de horno,,Pastel de crema,2020-08-19 16:00:00
615787,Panadería y Pastelería,Bolleria envasada,,Palmera de cacao sin azúcar añadido,2020-08-19 16:00:00
615846,Panadería y Pastelería,Pan de horno,,3 Barras de pan,2020-08-19 16:00:00
615871,Panadería y Pastelería,Pan de horno,,"4 Panes chapata de cristal masa madre, sin aditivos y con aceite de oliva",2020-08-19 16:00:00
615909,Panadería y Pastelería,Pan de molde y otras especialidades,,Pan de molde blanco rebanada gruesa,2020-08-19 16:00:00
615932,Panadería y Pastelería,Pan de molde y otras especialidades,,Maxi tortillas de trigo,2020-08-19 16:00:00
615980,Panadería y Pastelería,Picos rosquilletas y picatostes,,Rosquilletas tradicionales,2020-08-19 16:00:00
615990,Panadería y Pastelería,Picos rosquilletas y picatostes,,Palitos de pan con pimentón Anitin,2020-08-19 16:00:00
616002,Panadería y Pastelería,Tartas y pasteles,,Tarta bombón crujiente congelada,2020-08-19 16:00:00
616155,Platos Preparados,Platos preparados calientes,,Callos a la madrileña La Nora,2020-08-19 16:00:00
616314,Lácteos y Huevos,Yogures liquidos,,Yogur líquido + proteínas desnatado sabor plátano,2020-08-19 16:00:00
616705,Bebidas,Isotonico y energetico,,Bebida isotónica de naranja Iso drink,2020-08-20 04:00:00
616749,Bebidas,Refresco de cola,,Refresco Zero Zero,2020-08-20 04:00:00
617027,Aperitivos,Patatas fritas y snacks,,Tiras de maíz frito sabor barbacoa,2020-08-20 04:00:00
617039,Aperitivos,Patatas fritas y snacks,,Torreznos sabor barbacoa,2020-08-20 04:00:00
617228,Desayuno y Dulces,Chicles y caramelos,,Caramelos mantequilla y nata Werther's original,2020-08-20 04:00:00
617411,Bebé,Alimentacion infantil,,Papilla cinco frutas +4 meses,2020-08-20 04:00:00
617618,Bodega,Cerveza,,Cerveza Suave Steinburg,2020-08-20 04:00:00
617703,Bodega,Licores,,Brandy de Jerez solera gran reserva Cardenal Mendoza,2020-08-20 04:00:00
617777,Bodega,Licores,,Cocktail mojito sin alcohol Pi.omka,2020-08-20 04:00:00
617787,Bodega,Sidra y cava,,Cava brut Cabré & Sabaté,2020-08-20 04:00:00
617830,Bodega,Vino blanco,,Vino blanco D.O Rioja El Coto,2020-08-20 04:00:00
617865,Bodega,Vino lambrusco y espumoso,,Vino dulce Blue moscato V.Cristina espumoso,2020-08-20 04:00:00
617900,Bodega,Vino tinto,,Vino tinto Monastrell Torre Oria,2020-08-20 04:00:00
618032,Bebidas Calientes,Cafe soluble y otras bebidas,,Café soluble espresso crema,2020-08-20 04:00:00
618054,Bebidas Calientes,Te e infusiones,,Té verde con limón,2020-08-20 04:00:00
618210,Carnicería,Cerdo,,Media careta de cerdo sin oreja,2020-08-20 04:00:00
618296,Carnicería,Vacuno,,Solomillo de vacuno añojo,2020-08-20 04:00:00
618390,Desayuno y Dulces,Cereales,,Cereal mix 0% azúcares añadidos,2020-08-20 04:00:00
618512,Carnicería,Aves y jamon cocido,Hacendado,Jamón de pavo,2020-08-20 04:00:00
618559,Charcutería y Quesos,Bacon y salchichas,,Salchichas cocidas de pollo,2020-08-20 04:00:00
618769,Charcutería y Quesos,Queso lonchas rallado y en porciones,,Mini Babybel,2020-08-20 04:00:00
618791,Charcutería y Quesos,Queso untable y fresco,,Mozzarella fresca,2020-08-20 04:00:00
618924,Congelados,Helados,,"Mini helado de sorbete Hipnotic naranja, limón, piña y fresa",2020-08-20 04:00:00
618986,Pescadería,Marisco,,Cuerpos chicos de cangrejo Dimarosa congelados,2020-08-20 04:00:00
619056,Platos Preparados,Pizzas,,Pizza 4 quesos rellena de gorgonzola ultracongelada,2020-08-20 04:00:00
619183,Pescadería,Atun y otras conservas de pescado,Hacendado,Atún claro en aceite de oliva,2020-08-20 04:00:00
619184,Pescadería,Atun y otras conservas de pescado,Hacendado,Atún claro bajo en sal en aceite de oliva,2020-08-20 04:00:00
619306,Frescos,Conservas de verdura y frutas,Hacendado,Macedonia de frutas en zumo de uva,2020-08-20 04:00:00
619529,Cuidado Personal,Coloracion cabello,,Coloración permanente 8.6 rojo intenso,2020-08-20 04:00:00
619663,Cuidado Personal,Peines y accesorios,,Cepillo cabello antitirones,2020-08-20 04:00:00
619719,Cuidado Personal,Afeitado y cuidado para hombre,,Recambios maquinilla de afeitar Fusion proshield,2020-08-20 04:00:00
619740,Otros,Cuidado corporal,,Loción corporal aloe vera,2020-08-20 04:00:00
619779,Otros,Cuidado corporal,,Lote corporal mujer,2020-08-20 04:00:00
619810,Cuidado Personal,Cuidado e higiene facial,,Discos ovalados,2020-08-20 04:00:00
619832,Cuidado Personal,Cuidado e higiene facial,,Exfocepillo facial pieles grasas,2020-08-20 04:00:00
619950,Cuidado Personal,Desodorante,,Desodorante en crema pieles delicadas,2020-08-20 04:00:00
620049,Cuidado Personal,Higiene bucal,,Dentífrico protección caries,2020-08-20 04:00:00
620054,Cuidado Personal,Higiene bucal,,Dentífrico dientes blancos Cosmética Dental antimanchas,2020-08-20 04:00:00
620125,Cuidado Personal,Higiene intima,,Compresa sin alas de incontinencia extra,2020-08-20 04:00:00
620143,Cuidado Personal,Higiene intima,,Compresa sin alas de incontinencia mini,2020-08-20 04:00:00
620190,Cuidado Personal,Higiene intima,,Tampones mini con aplicador suave,2020-08-20 04:00:00
620267,Cuidado Personal,Neceseres,,Neceser Miffy grande con asas,2020-08-20 04:00:00
620304,Cuidado Personal,Perfume y colonia,,Eau de toilette mujer Chanson d'Eau,2020-08-20 04:00:00
620399,Cuidado Personal,Perfume y colonia,,Eau de toilette hombre Sport Man Go for it,2020-08-20 04:00:00
620447,Cuidado Personal,Perfume y colonia,,Lote hombre Él,2020-08-20 04:00:00
620450,Cuidado Personal,Perfume y colonia,,Lote hombre 9.60 Acción,2020-08-20 04:00:00
620501,Cuidado Personal,Protector solar y aftersun,,Protector solar coco FPS 6,2020-08-20 04:00:00
620512,Salud,Fitoterapia,,Barrita con proteínas Enervit Sport sabor yogur y vainilla,2020-08-20 04:00:00
620601,Salud,Parafarmacia,,Preservativos stimulating On texturados,2020-08-20 04:00:00
620688,Frescos,Verdura,,Tomates,2020-08-20 04:00:00
620769,Lácteos y Huevos,Huevos,,Claras de huevo líquidas pasteurizadas,2020-08-20 04:00:00
620998,Limpieza y Hogar,Detergente y suavizante ropa,,Pastillas antical para lavadora,2020-08-20 04:00:00
621113,Limpieza y Hogar,Insecticida y ambientador,Brise,Difusor ambientador eléctrico by con recambio,2020-08-20 04:00:00
621139,Limpieza y Hogar,Insecticida y ambientador,,Ambientador líquido concentrado Foresan WC,2020-08-20 04:00:00
621193,Limpieza y Hogar,Limpiacristales,,Limpiacristales y multiusos,2020-08-20 04:00:00
621424,Limpieza y Hogar,Pilas y bolsas de basura,,Pila recargable AAA-P03 Premio,2020-08-20 04:00:00
621515,Limpieza y Hogar,Utensilios de limpieza y calzado,,Plantillas memory talla 22-46,2020-08-20 04:00:00
621589,Maquillaje,Bases de maquillaje y corrector,,Corrector fluido acción global 02,2020-08-20 04:00:00
621644,Maquillaje,Labios,,Pintalabios Superstay 24H 510 red pasion,2020-08-20 04:00:00
621695,Maquillaje,Ojos,,Perfilador de ojos 03 marrón,2020-08-20 04:00:00
621990,Pescadería,Sushi,,Kit sushi,2020-08-20 04:00:00
622130,Panadería y Pastelería,Bolleria de horno,,Fartons,2020-08-20 04:00:00
622254,Panadería y Pastelería,Harina y preparado reposteria,,Levadura en polvo,2020-08-20 04:00:00
622256,Panadería y Pastelería,Harina y preparado reposteria,,Gelatina neutra en láminas,2020-08-20 04:00:00
622364,Panadería y Pastelería,Pan de molde y otras especialidades,,Pan de molde 12 cereales y semillas,2020-08-20 04:00:00
622403,Panadería y Pastelería,Pan tostado y rallado,,Pan rallado sin gluten,2020-08-20 04:00:00
622587,Platos Preparados,Platos preparados calientes,,Fideos orientales Yakisoba sabor pollo,2020-08-20 04:00:00
622655,Lácteos y Huevos,Bifidus,,Bífidus con frutas,2020-08-20 04:00:00
622744,Lácteos y Huevos,Yogures griegos,,Yogur griego natural con azúcar de caña,2020-08-20 04:00:00
622803,Lácteos y Huevos,Yogures naturales y sabores,,Yogur sabor macedonia,2020-08-20 04:00:00
622807,Lácteos y Huevos,Yogures naturales y sabores,,Yogur sabor macedonia,2020-08-20 04:00:00
622869,Otros,Melocoton y pina,,Zumo de piña y uva,2020-08-20 04:00:00
622952,Despensa,Especias,,Albahaca,2020-08-20 16:00:00
623090,Bebidas,Agua,,Agua mineral Bronchales pequeña tapón infantil,2020-08-20 16:00:00
623237,Bebidas,Refresco de naranja y de limon,,Refresco lima limón fresh gas,2020-08-20 16:00:00
623241,Bebidas,Refresco de naranja y de limon,,Refresco lima limón zero azúcar fresh gas,2020-08-20 16:00:00
623247,Bebidas,Refresco de naranja y de limon,,Refresco naranja zero azúcares añadidos,2020-08-20 16:00:00
623282,Bebidas,Refresco de te y sin gas,,Refresco té sabor limón cero,2020-08-20 16:00:00
623779,Desayuno y Dulces,Golosinas,,Golosinas colours,2020-08-20 16:00:00
624008,Panadería y Pastelería,Toallitas y panales,,Pañal bebé braguita talla XL de 16-28 kg,2020-08-20 16:00:00
624025,Bodega,Cerveza,,Cerveza Especial Steinburg,2020-08-20 16:00:00
624210,Bodega,Licores,,Licor 43,2020-08-20 16:00:00
624385,Desayuno y Dulces,Cacao soluble y chocolate a la taza,,Cacao soluble 0% azúcares añadidos,2020-08-20 16:00:00
624479,Bebidas Calientes,Cafe soluble y otras bebidas,,Café soluble mocha,2020-08-20 16:00:00
624549,Carnicería,Aves y pollo,,Filetes pechuga de pavo,2020-08-20 16:00:00
624708,Carnicería,Hamburguesas y picadas,,Mini burgers de vacuno y cerdo,2020-08-20 16:00:00
624764,Carnicería,Empanados y elaborados,,Chuletas de pavo al ajillo,2020-08-20 16:00:00
625038,Charcutería y Quesos,Embutido curado,,Chorizo picante extra,2020-08-20 16:00:00
625073,Charcutería y Quesos,Jamon serrano,,Jamón cebo ibérico cortado a máquina,2020-08-20 16:00:00
625143,Charcutería y Quesos,Queso curado semicurado y tierno,,Queso oveja curado,2020-08-20 16:00:00
625154,Charcutería y Quesos,Queso curado semicurado y tierno,,Queso oveja curado ahumado Valle de San Juan,2020-08-20 16:00:00
625311,Carnicería,Carne,,Chuletas cordero de lechal congeladas,2020-08-20 16:00:00
625481,Pescadería,Pescado,Hacendado,Chipirones enharinados ultracongelado,2020-08-20 16:00:00
625503,Platos Preparados,Pizzas,,Bases de pizza sin gluten sin lactosa ultracongeladas,2020-08-20 16:00:00
625707,Frescos,Conservas de verdura y frutas,Hacendado,Menestra,2020-08-20 16:00:00
625753,Despensa,Gazpacho y cremas,,Gazpacho suave,2020-08-20 16:00:00
625810,Despensa,Tomate,,Tomate frito,2020-08-20 16:00:00
625888,Cuidado Personal,Champu,,Champú total repair Elvive cabello dañado,2020-08-20 16:00:00
625922,Cuidado Personal,Coloracion cabello,,Coloración sin amoníaco L'Oréal 210 negro azulado,2020-08-20 16:00:00
626071,Cuidado Personal,Fijacion cabello,,Gel fijador X-trem todo tipo de cabello fijación 4,2020-08-20 16:00:00
626153,Cuidado Personal,Afeitado y cuidado para hombre,,Crema facial hidratante 24H Vído hombre,2020-08-20 16:00:00
626224,Otros,Cuidado corporal,,Papel higiénico húmedo WC,2020-08-20 16:00:00
626468,Cuidado Personal,Gel y jabon de manos,,Esponja de baño exfoliación intensa,2020-08-20 16:00:00
626529,Cuidado Personal,Higiene bucal,,Cepillo dental técnico especial prótesis Sp.Berner,2020-08-20 16:00:00
626896,Cuidado Personal,Perfume y colonia,,Lote infantil My Unicorn,2020-08-20 16:00:00
626994,Salud,Parafarmacia,,Bastoncillos de algodón 100%,2020-08-20 16:00:00
627076,Frescos,Fruta,,Moras,2020-08-20 16:00:00
627522,Limpieza y Hogar,Insecticida y ambientador,,Difusor insecticida antimosquitos eléctrico,2020-08-20 16:00:00
627919,Limpieza y Hogar,Utensilios de limpieza y calzado,,Barreño ovalado 8L,2020-08-20 16:00:00
628002,Maquillaje,Bases de maquillaje y corrector,,Maquillaje fluido lasting performance 111 deep beige,2020-08-20 16:00:00
628028,Maquillaje,Bases de maquillaje y corrector,,Maquillaje compacto 01,2020-08-20 16:00:00
628089,Maquillaje,Labios,,Pintalabios dúo fijo 03,2020-08-20 16:00:00
628143,Maquillaje,Labios,,Pintalabios Lasting Lips mate 02,2020-08-20 16:00:00
628207,Maquillaje,Ojos,,Fijador Primer sombras de ojos,2020-08-20 16:00:00
628234,Pescadería,Marisco,Hacendado,Gamba pelada cruda tamaño mediano ultracongelada,2020-08-20 16:00:00
628436,Pescadería,Sushi,,Surtido sushi salmón sin gluten,2020-08-20 16:00:00
628441,Pescadería,Sushi,,Salsa de soja,2020-08-20 16:00:00
628521,Mascotas,Perro,,"Trozos en salsa perro adulto Delikuit con cordero, pollo y verduras",2020-08-20 16:00:00
628606,Panadería y Pastelería,Bolleria de horno,,Magdalenas 100% integrales sin azúcares añadidos,2020-08-20 16:00:00
628673,Panadería y Pastelería,Bolleria envasada,,Espiral al cacao,2020-08-20 16:00:00
628676,Panadería y Pastelería,Bolleria envasada,,Bizcocho rosa Gloria Pinky's,2020-08-20 16:00:00
629007,Platos Preparados,Platos preparados calientes,,Arroz cocido integral Brillante,2020-08-20 16:00:00
629103,Lácteos y Huevos,Bifidus,,Bífidus cremoso sabor frutos silvestres,2020-08-20 16:00:00
629199,Lácteos y Huevos,Yogures liquidos,,Bebida láctea de fresa,2020-08-20 16:00:00
629345,Despensa,Tomate y otros sabores,,Zumo de manzana,2020-08-20 16:00:00
629430,Despensa,Especias,,Sal de ajo,2020-08-21 04:00:00
629587,Bebidas,Isotonico y energetico,,Bebida para deportistas sabor cítrico,2020-08-21 04:00:00
629610,Bebidas,Isotonico y energetico,,Bebida energética Red Bull,2020-08-21 04:00:00
629806,Despensa,Aceitunas y encurtidos,,Altramuces,2020-08-21 04:00:00
629853,Frescos,Frutos secos y fruta desecada,Hacendado,Semillas sésamo tostado,2020-08-21 04:00:00
629920,Aperitivos,Patatas fritas y snacks,,Nachos tex-mex sabor queso,2020-08-21 04:00:00
629922,Aperitivos,Patatas fritas y snacks,,Combinado de aperitivos,2020-08-21 04:00:00
629929,Aperitivos,Patatas fritas y snacks,,Snack de gamba,2020-08-21 04:00:00
629954,Despensa,Arroz,,Arroz bomba,2020-08-21 04:00:00
629988,Despensa,Legumbres,,Lenteja pardina,2020-08-21 04:00:00
630446,Panadería y Pastelería,Toallitas y panales,,Pañales bebé talla 4 de 9-15 kg,2020-08-21 04:00:00
630645,Bodega,Licores,,Anís seco Regio,2020-08-21 04:00:00
630816,Bodega,Vino tinto,,Vino tinto dulce de aguja Sangue di Giuda Cueva peccato,2020-08-21 04:00:00
630972,Bebidas Calientes,Te e infusiones,,Infusión Digest,2020-08-21 04:00:00
631051,Carnicería,Aves y pollo,,Mollejas de pollo,2020-08-21 04:00:00
631186,Carnicería,Vacuno,,Cadera de vacuno añojo,2020-08-21 04:00:00
631249,Desayuno y Dulces,Cereales,,Anillos de cereales Colors sabor a frutas,2020-08-21 04:00:00
631265,Desayuno y Dulces,Cereales,,Muesli crujiente con fruta,2020-08-21 04:00:00
631298,Desayuno y Dulces,Galletas,,Galletas tostadas,2020-08-21 04:00:00
631360,Desayuno y Dulces,Galletas,,Galletas Roditas bañadas con chocolate negro,2020-08-21 04:00:00
631447,Charcutería y Quesos,Bacon y salchichas,,Salchichas cocidas Vegana,2020-08-21 04:00:00
631512,Charcutería y Quesos,Embutido curado,,Morcón cebo ibérico cortado a máquina,2020-08-21 04:00:00
631588,Charcutería y Quesos,Queso curado semicurado y tierno,,Queso curado,2020-08-21 04:00:00
631599,Charcutería y Quesos,Queso curado semicurado y tierno,,Queso oveja viejo de Esgueva,2020-08-21 04:00:00
631826,Congelados,Helados,,Helado de nata y galleta cacao,2020-08-21 04:00:00
631865,Pescadería,Marisco,Hacendado,Mejillón de Chile cocido media concha ultracongelado,2020-08-21 04:00:00
632008,Frescos,Verdura,Hacendado,"Relleno fajitas pollo, pimientos y cebolla ultracongelado",2020-08-21 04:00:00
632028,Frescos,Verdura,Hacendado,Pimientos del piquillo rellenos de bacalao ultracongelados,2020-08-21 04:00:00
632060,Pescadería,Atun y otras conservas de pescado,Hacendado,Atún claro en aceite de girasol,2020-08-21 04:00:00
632071,Pescadería,Atun y otras conservas de pescado,Hacendado,Ventresca de atún claro en aceite de oliva,2020-08-21 04:00:00
632148,Frescos,Conservas de verdura y frutas,Cidacos,Corazones de alcachofa,2020-08-21 04:00:00
632212,Despensa,Gazpacho y cremas,,Salmorejo fresco,2020-08-21 04:00:00
632312,Cuidado Personal,Acondicionador y mascarilla,,Mascarilla sin aclarado Hydra cabello normal,2020-08-21 04:00:00
632328,Cuidado Personal,Champu,,Champú Argan Oil cabello seco y dañado,2020-08-21 04:00:00
632331,Cuidado Personal,Champu,,Champú Hydra cabello normal,2020-08-21 04:00:00
632419,Cuidado Personal,Coloracion cabello,,Coloración sin amoníaco L'Oréal 316 violín,2020-08-21 04:00:00
632580,Cuidado Personal,Afeitado y cuidado para hombre,,After shave gel piel normal de aloe vera,2020-08-21 04:00:00
632602,Cuidado Personal,Afeitado y cuidado para hombre,,Recambios maquinilla de afeitar Hydro 5 sense,2020-08-21 04:00:00
632644,Otros,Cuidado corporal,,Gel reductor abdomen 9.60 hombre,2020-08-21 04:00:00
632746,Cuidado Personal,Cuidado e higiene facial,,Crema facial hidra-sensitive dermik con activo calmante,2020-08-21 04:00:00
632795,Cuidado Personal,Depilacion,,Crema depilatoria Veet for men piel normal,2020-08-21 04:00:00
633000,Cuidado Personal,Higiene bucal,,Enjuague bucal gingival con clorhexidina,2020-08-21 04:00:00
633018,Cuidado Personal,Higiene intima,,Compresa con alas normal Dry,2020-08-21 04:00:00
633052,Cuidado Personal,Higiene intima,,Protegeslip Cotton flexiform Carefree regular + tanga,2020-08-21 04:00:00
633253,Cuidado Personal,Perfume y colonia,,Lote mujer Jovan Musk,2020-08-21 04:00:00
633264,Cuidado Personal,Perfume y colonia,,Eau de toilette hombre 9.60 Sport water acción,2020-08-21 04:00:00
633343,Cuidado Personal,Perfume y colonia,,Eau de toilette infantil Peppa Pig,2020-08-21 04:00:00
633347,Cuidado Personal,Perfume y colonia,,Colonia corporal infantil Marvel Spiderman,2020-08-21 04:00:00
633348,Cuidado Personal,Perfume y colonia,,Lote infantil Disney Bingo y Rolly,2020-08-21 04:00:00
633365,Cuidado Personal,Perfume y colonia,,Lote infantil My Unicorn,2020-08-21 04:00:00
633551,Frescos,Lechuga y ensalada preparada,,Cogollos corazón de lechuga,2020-08-21 04:00:00
633694,Lácteos y Huevos,Leche y bebidas vegetales,,Leche desnatada sin lactosa,2020-08-21 04:00:00
633870,Limpieza y Hogar,Detergente y suavizante ropa,,Detergente ropa blanca Puntomatic en pastillas,2020-08-21 04:00:00
633952,Limpieza y Hogar,Estropajo bayeta y guantes,,Guantes de látex talla pequeña-mediana,2020-08-21 04:00:00
633974,Limpieza y Hogar,Insecticida y ambientador,,Bolsitas antipolillas lavanda,2020-08-21 04:00:00
634010,Limpieza y Hogar,Insecticida y ambientador,Brise,Difusor ambientador eléctrico by con recambio,2020-08-21 04:00:00
634106,Limpieza y Hogar,Limpiahogar y friegasuelos,,Renovador suelos,2020-08-21 04:00:00
634403,Limpieza y Hogar,Utensilios de limpieza y calzado,,Plantillas sport talla 35-40,2020-08-21 04:00:00
634495,Maquillaje,Colorete y polvos,,Polvo compacto seda 02,2020-08-21 04:00:00
634578,Maquillaje,Labios,,Pintalabios mate 12,2020-08-21 04:00:00
634768,Pescadería,Pescado congelado,Hacendado,Pulpo crudo grande congelado,2020-08-21 04:00:00
634782,Pescadería,Pescado en bandeja,Hacendado,Salmón al curry,2020-08-21 04:00:00
634913,Mascotas,Gato,,Croquetas gato crujientes Brekkies delicias,2020-08-21 04:00:00
635083,Panadería y Pastelería,Bolleria envasada,,Rosegones pasta de almendras,2020-08-21 04:00:00
635158,Panadería y Pastelería,Harina y preparado reposteria,,Preparado en polvo gelatina sandía,2020-08-21 04:00:00
635369,Otros,Velas y decoracion,,Vela de cumpleaños 5,2020-08-21 04:00:00
635398,Platos Preparados,Pizzas,,Pizza carbonara familiar,2020-08-21 04:00:00
635465,Platos Preparados,Platos preparados calientes,,Fideos orientales Yakisoba classic Maggi,2020-08-21 04:00:00
635575,Cuidado Personal,Gelatina y otros postres,,"Yogur azucarado YogoMix variado de copos maíz, bolitas y disquitos chocolateados",2020-08-21 04:00:00
635675,Lácteos y Huevos,Yogures naturales y sabores,,Yogur sin lactosa natural azucarado,2020-08-21 04:00:00
635706,Lácteos y Huevos,Yogures y postres infantiles,,Yogur líquido infantil de fresa y plátano Go-Lácteo +8 meses,2020-08-21 04:00:00
635726,Frescos,Fruta variada,Hacendado,Fruta + leche melón y sandía,2020-08-21 04:00:00
635776,Despensa,Tomate y otros sabores,,Zumo de manzana,2020-08-21 04:00:00
635804,Despensa,Aceite vinagre y sal,,Vinagre balsámico de Módena,2020-08-21 16:00:00
635974,Bebidas,Agua,,Agua mineral Cortes,2020-08-21 16:00:00
636405,Despensa,Legumbres,,Alubia cocida blanca,2020-08-21 16:00:00
636890,Panadería y Pastelería,Toallitas y panales,,Pañal junior braguita noche infantil de 27-57 kg,2020-08-21 16:00:00
636993,Bodega,Cerveza sin alcohol,,Cerveza sin alcohol Steinburg,2020-08-21 16:00:00
637121,Bodega,Sidra y cava,,Cava semi seco Cabré & Sabaté,2020-08-21 16:00:00
637386,Bebidas Calientes,Te e infusiones,,Té negro Tetley,2020-08-21 16:00:00
637395,Bebidas Calientes,Te e infusiones,,Infusión Tila,2020-08-21 16:00:00
637488,Carnicería,Aves y pollo,,Sangre hervida de pollo,2020-08-21 16:00:00
637558,Carnicería,Conejo y cordero,,Conejo entero,2020-08-21 16:00:00
637592,Carnicería,Hamburguesas y picadas,,Burger de pavo y pollo,2020-08-21 16:00:00
637626,Carnicería,Vacuno,,Churrasco marinado,2020-08-21 16:00:00
637758,Desayuno y Dulces,Galletas,,Galletas Digestive chocolate con leche,2020-08-21 16:00:00
637829,Carnicería,Aves y jamon cocido,Hacendado,Pechuga de pavo a las finas hierbas finas lonchas,2020-08-21 16:00:00
637858,Charcutería y Quesos,Bacon y salchichas,,Bacón ahumado La Selva lonchas,2020-08-21 16:00:00
637882,Charcutería y Quesos,Chopped y mortadela,,Chopped veggie Noel lonchas,2020-08-21 16:00:00
637947,Charcutería y Quesos,Embutido curado,,Cabecero de lomo,2020-08-21 16:00:00
638188,Carnicería,Carne,,Rabo de vacuno añojo congelado,2020-08-21 16:00:00
638200,Congelados,Helados,,Helado mini bombón sin azúcares añadidos,2020-08-21 16:00:00
638266,Congelados,Helados,,Barra de helado turrón,2020-08-21 16:00:00
638297,Pescadería,Marisco,Pescanova,Langostino crudo ultracongelado,2020-08-21 16:00:00
638396,Panadería y Pastelería,Tartas y churros,,Tarta de la abuela congelada,2020-08-21 16:00:00
638497,Pescadería,Atun y otras conservas de pescado,Hacendado,Atún claro bajo en sal en aceite de oliva,2020-08-21 16:00:00
638556,Despensa,Berberechos y mejillones,,Mejillones en escabeche medianos,2020-08-21 16:00:00
638585,Frescos,Conservas de verdura y frutas,,Ensalada de bacalaos y pimientos asados Ubago estilo esgarraet,2020-08-21 16:00:00
638627,Frescos,Conservas de verdura y frutas,Hacendado,Cerezas en almíbar denso,2020-08-21 16:00:00
638674,Despensa,Sopa y caldo,,Caldo de pescado,2020-08-21 16:00:00
638771,Cuidado Personal,Champu,,Champú total repair Elvive cabello dañado,2020-08-21 16:00:00
638773,Cuidado Personal,Champu,,Champú seco O'lysee,2020-08-21 16:00:00
638907,Cuidado Personal,Coloracion cabello,,Coloración sin amoníaco L'Oréal 834 rubio ámbar,2020-08-21 16:00:00
639062,Otros,Cuidado corporal,,Aceite en crema flores blancas para el cuerpo,2020-08-21 16:00:00
639253,Cuidado Personal,Desodorante,,Desodorante roll-on mujer perfume afrutado,2020-08-21 16:00:00
639424,Cuidado Personal,Higiene bucal,,Spray bucal,2020-08-21 16:00:00
639476,Cuidado Personal,Higiene intima,,Protegeslip y compresa 2 en 1 Suave,2020-08-21 16:00:00
639609,Cuidado Personal,Perfume y colonia,,Agua de colonia Heno de Pravia Original,2020-08-21 16:00:00
640112,Lácteos y Huevos,Leche y bebidas vegetales,,Leche semidesnatada,2020-08-21 16:00:00
640263,Lácteos y Huevos,Mantequilla y margarina,,Mantequilla con sal,2020-08-21 16:00:00
640344,Limpieza y Hogar,Detergente y suavizante ropa,,Suavizante ropa azul concentrado,2020-08-21 16:00:00
641072,Maquillaje,Ojos,,Sombra de ojos Seco & mojado dúo 08,2020-08-21 16:00:00
641122,Pescadería,Marisco,Hacendado,Gamba blanca cocida ultracongelada,2020-08-21 16:00:00
641192,Pescadería,Pescado congelado,Hacendado,Figuritas de merluza empanadas ultracongeladas,2020-08-21 16:00:00
641322,Pescadería,Sushi,,Sashimis salmón,2020-08-21 16:00:00
641324,Pescadería,Sushi,,Salsa de soja,2020-08-21 16:00:00
641341,Mascotas,Gato,,Bocaditos en gelatina gato adulto Delikuit,2020-08-21 16:00:00
641443,Mascotas,Perro,,Snack perro huesitos júnior con leche,2020-08-21 16:00:00
641483,Panadería y Pastelería,Bolleria de horno,,Bizcocho de chocolate,2020-08-21 16:00:00
641525,Panadería y Pastelería,Bolleria envasada,,Palmeritas,2020-08-21 16:00:00
641638,Panadería y Pastelería,Pan de horno,,"Pan con semillas 4,5%",2020-08-21 16:00:00
641731,Panadería y Pastelería,Pan tostado y rallado,,Mini tostas de trigo integrales Minigrill extra finas,2020-08-21 16:00:00
641854,Platos Preparados,Pizzas,,Pizza atún y bacón,2020-08-21 16:00:00
641963,Otros,Platos preparados frios,,Gazpacho blanco de almendras con ajo blanco,2020-08-21 16:00:00
642058,Lácteos y Huevos,Yogures desnatados,,Yogur sabores 0% materia grasa 0% sin azúcares añadidos,2020-08-21 16:00:00
642105,Lácteos y Huevos,Yogures liquidos,,Bebida láctea de fresa L-casei 0% materia grasa 0% azúcares añadidos,2020-08-21 16:00:00
642333,Despensa,Especias,,Sazonador espagueti,2020-08-22 04:00:00
642565,Bebidas,Refresco de naranja y de limon,,Refresco de limón zero azúcar fresh gas,2020-08-22 04:00:00
642588,Bebidas,Refresco de naranja y de limon,,Refresco de naranja fresh gas,2020-08-22 04:00:00
642717,Frescos,Frutos secos y fruta desecada,Hacendado,Avellana tostada sin sal,2020-08-22 04:00:00
642769,Frescos,Frutos secos y fruta desecada,Hacendado,Dátiles sin hueso,2020-08-22 04:00:00
642860,Despensa,Legumbres,,Garbanzo cocido con espinacas,2020-08-22 04:00:00
642970,Desayuno y Dulces,Azucar y edulcorante,,Edulcorante líquido stevia,2020-08-22 04:00:00
643086,Desayuno y Dulces,Chocolate,,Bombitas choco palomitas bañadas al cacao,2020-08-22 04:00:00
643104,Desayuno y Dulces,Chocolate,,Crema al cacao y leche con avellanas,2020-08-22 04:00:00
643344,Panadería y Pastelería,Toallitas y panales,,Pañal bebé braguita talla XL de 16-28 kg,2020-08-22 04:00:00
643397,Bodega,Cerveza,,Cerveza roja sabor intenso,2020-08-22 04:00:00
643418,Bodega,Cerveza,,Cerveza suave Budweiser,2020-08-22 04:00:00
643676,Bodega,Vino tinto,,Vino tinto Monastrell Torre Oria,2020-08-22 04:00:00
643764,Bebidas Calientes,Cafe capsula y monodosis,,Café en cápsula descafeinado Tassimo,2020-08-22 04:00:00
643785,Bebidas Calientes,Cafe molido y en grano,,Café molido mezcla crème express,2020-08-22 04:00:00
643902,Carnicería,Aves y pollo,,Medallones solomillo de pavo,2020-08-22 04:00:00
644046,Carnicería,Hamburguesas y picadas,,Burger de vacuno y cerdo con jamón y cebolla caramelizada,2020-08-22 04:00:00
644116,Carnicería,Empanados y elaborados,,Tacos de pavo al ajillo,2020-08-22 04:00:00
644126,Desayuno y Dulces,Cereales,,Cereales Choco Flakes,2020-08-22 04:00:00
644200,Desayuno y Dulces,Galletas,,Galletas Digestive,2020-08-22 04:00:00
644213,Desayuno y Dulces,Galletas,,Galletas Oreo,2020-08-22 04:00:00
644286,Carnicería,Aves y jamon cocido,Hacendado,Pechuga de pollo al corte,2020-08-22 04:00:00
644505,Charcutería y Quesos,Queso curado semicurado y tierno,,Queso bola Edam semicurado Holland Corona,2020-08-22 04:00:00
644537,Charcutería y Quesos,Queso lonchas rallado y en porciones,,Raclette queso Entremont lonchas,2020-08-22 04:00:00
644604,Despensa,Arroz y pasta,,Risotto de champiñones ultracongelados,2020-08-22 04:00:00
644742,Pescadería,Marisco,Pescanova,Langostino cocido y pelado ultracongelado,2020-08-22 04:00:00
644918,Frescos,Verdura,Hacendado,Alubia blanca ultracongelada,2020-08-22 04:00:00
645100,Despensa,Gazpacho y cremas,,Gazpacho andaluz,2020-08-22 04:00:00
645143,Despensa,Sopa y caldo,,Caldo de pollo bajo en sal,2020-08-22 04:00:00
645247,Cuidado Personal,Champu,,Champú Restructuring cabello extremadamente dañado,2020-08-22 04:00:00
645344,Cuidado Personal,Coloracion cabello,,Coloración permanente sin amoníaco Azalea 6.6 rubio oscuro rojizo,2020-08-22 04:00:00
645694,Cuidado Personal,Depilacion,,Crema depilatoria de ducha Veet piel sensible,2020-08-22 04:00:00
645784,Cuidado Personal,Gel y jabon de manos,,Gel de baño dermo aloe vera piel normal y cabello,2020-08-22 04:00:00
646356,Salud,Parafarmacia,,Esparadrapo 100% textil no tejido microporoso,2020-08-22 04:00:00
646357,Salud,Parafarmacia,,Tiras protectoras de poliuretano surtidas especial agua,2020-08-22 04:00:00
646425,Frescos,Fruta,,Coco troceado,2020-08-22 04:00:00
646446,Frescos,Lechuga y ensalada preparada,,Ensalada mezcla brotes tiernos maxi,2020-08-22 04:00:00
646639,Lácteos y Huevos,Leche y bebidas vegetales,,Bebida de avena Alitey,2020-08-22 04:00:00
646801,Limpieza y Hogar,Lejia y liquidos fuertes,,Limpiador de tuberías,2020-08-22 04:00:00
646895,Limpieza y Hogar,Insecticida y ambientador,,Difusor ambientador spray manual con recambio,2020-08-22 04:00:00
647001,Limpieza y Hogar,Limpiacristales,,Limpiador cristales de chimenea,2020-08-22 04:00:00
647012,Limpieza y Hogar,Limpiahogar y friegasuelos,,Cera suelos,2020-08-22 04:00:00
647129,Despensa,Menaje y conservacion de alimentos,,Molde de papel trufa P&H,2020-08-22 04:00:00
647404,Maquillaje,Colorete y polvos,,Polvo compacto balm me 02 siena,2020-08-22 04:00:00
647408,Maquillaje,Labios,,Vaselina hidratante,2020-08-22 04:00:00
647558,Maquillaje,Pinceles y brochas,,Pincel delineador,2020-08-22 04:00:00
647646,Pescadería,Pescado congelado,Hacendado,Figuritas de merluza empanadas ultracongeladas,2020-08-22 04:00:00
647937,Panadería y Pastelería,Bolleria de horno,,Magdalenas con azúcar,2020-08-22 04:00:00
648134,Panadería y Pastelería,Pan de molde y otras especialidades,,Pan de molde blanco sin corteza,2020-08-22 04:00:00
648243,Panadería y Pastelería,Tartas y pasteles,,Tarta San Marcos congelada,2020-08-22 04:00:00
648257,Panadería y Pastelería,Tartas y pasteles,,Tarta infantil El Rey León congelada,2020-08-22 04:00:00
648516,Lácteos y Huevos,Yogures desnatados,,Yogur con fruta de fresa 0% materia grasa 0% sin azúcares añadidos,2020-08-22 04:00:00
648617,Lácteos y Huevos,Yogures y postres infantiles,,Postre lácteo infantil de plátano Yogolino +6 meses,2020-08-22 04:00:00
648740,Despensa,Especias,,Tomillo,2020-08-22 16:00:00
649191,Frescos,Frutos secos y fruta desecada,Hacendado,Pipas girasol barbacoa,2020-08-22 16:00:00
649327,Despensa,Legumbres,,Soja texturizada grano fino,2020-08-22 16:00:00
649460,Desayuno y Dulces,Chocolate,,Chocolate extrafino negro,2020-08-22 16:00:00
649537,Desayuno y Dulces,Chocolate,,Barritas chocolate con leche con galleta rellena de caramelo y cereales,2020-08-22 16:00:00
649963,Bodega,Licores,,Bebida espirituosa a base de vodka Knebep violeta,2020-08-22 16:00:00
650111,Bodega,Vino tinto,,Vino tinto D.O Rioja Herederos del reserva,2020-08-22 16:00:00
650516,Carnicería,Vacuno,,Churrasco de vacuno añojo,2020-08-22 16:00:00
650704,Desayuno y Dulces,Tortitas,,Tortitas de avena y arroz,2020-08-22 16:00:00
650958,Charcutería y Quesos,Queso lonchas rallado y en porciones,,Queso tierno lonchas,2020-08-22 16:00:00
650963,Charcutería y Quesos,Queso lonchas rallado y en porciones,,Queso Gouda tierno Holland Corona lonchas,2020-08-22 16:00:00
650979,Charcutería y Quesos,Queso lonchas rallado y en porciones,,Queso en polvo especial pasta,2020-08-22 16:00:00
651083,Carnicería,Carne,,Paletilla de lechal entera congelada,2020-08-22 16:00:00
651225,Pescadería,Pescado,Hacendado,Lomos y centros de merluza del cabo ultracongelados,2020-08-22 16:00:00
651305,Panadería y Pastelería,Tartas y churros,,Tarta de galleta 3 congelada,2020-08-22 16:00:00
651333,Frescos,Verdura,Hacendado,Guisante fino ultracongelado,2020-08-22 16:00:00
651384,Frescos,Verdura,Hacendado,Salteado de verduras ultracongelado,2020-08-22 16:00:00
651457,Despensa,Berberechos y mejillones,,Almejas blancas Cono sur en salsa gallega,2020-08-22 16:00:00
651702,Cuidado Personal,Champu,,Champú infantil Kids,2020-08-22 16:00:00
651718,Cuidado Personal,Coloracion cabello,,Coloración permanente 5.3 castaño claro dorado,2020-08-22 16:00:00
651722,Cuidado Personal,Coloracion cabello,,Coloración permanente 6.25 marrón avellana,2020-08-22 16:00:00
651769,Cuidado Personal,Coloracion cabello,,Coloración permanente 7.77 rubio marrón intenso,2020-08-22 16:00:00
651824,Cuidado Personal,Coloracion cabello,,Retoca raíces instantáneo L'Oréal castaño,2020-08-22 16:00:00
651830,Cuidado Personal,Coloracion cabello,,Bol coloración cabello,2020-08-22 16:00:00
651833,Cuidado Personal,Fijacion cabello,,Laca cabello fuerte todo tipo de cabello fijación 4,2020-08-22 16:00:00
652053,Cuidado Personal,Cuidado e higiene facial,,Aceite facial desmaquillante 24 K gold progress pieles secas,2020-08-22 16:00:00
652087,Cuidado Personal,Cuidado e higiene facial,,Crema facial con miel y jalea real,2020-08-22 16:00:00
652139,Cuidado Personal,Depilacion,,Spray depilatorio Veet piel sensible,2020-08-22 16:00:00
652401,Cuidado Personal,Higiene intima,,Tampones super plus con aplicador compacto,2020-08-22 16:00:00
652432,Cuidado Personal,Manicura y pedicura,,Tratamiento para uñas gel quita-cutículas,2020-08-22 16:00:00
652441,Cuidado Personal,Manicura y pedicura,,Laca de uñas alto brillo 14 perla blanca,2020-08-22 16:00:00
652493,Cuidado Personal,Neceseres,,Neceser Santoro pequeño,2020-08-22 16:00:00
652497,Cuidado Personal,Neceseres,,Neceser dinosaurio grande con asas,2020-08-22 16:00:00
652582,Cuidado Personal,Perfume y colonia,,Lote mujer Aitana,2020-08-22 16:00:00
652736,Salud,Fitoterapia,,Barrita con proteínas Enervit Sport sabor coco y chocolate,2020-08-22 16:00:00
652751,Salud,Fitoterapia,,Ampollas ginseng jalea real y vitamina C,2020-08-22 16:00:00
652787,Salud,Parafarmacia,,Agua oxigenada desinfectante,2020-08-22 16:00:00
652789,Salud,Parafarmacia,,Tiras protectoras classic color piel surtidas Doctor San resistentes al agua,2020-08-22 16:00:00
652900,Frescos,Verdura,,Ajos morados,2020-08-22 16:00:00
653044,Lácteos y Huevos,Leche y bebidas vegetales,,Bebida láctea desnatada omega 3 nueces,2020-08-22 16:00:00
653101,Lácteos y Huevos,Leche y bebidas vegetales,,Bebida de chufa sin azúcares añadidos,2020-08-22 16:00:00
653178,Limpieza y Hogar,Detergente y suavizante ropa,,Detergente ropa jabón natural de Marsella líquido,2020-08-22 16:00:00
653356,Limpieza y Hogar,Insecticida y ambientador,,Ambientador coche frutos silvestres,2020-08-22 16:00:00
653774,Maquillaje,Bases de maquillaje y corrector,,Maquillaje fluido lasting performance 105 soft beige,2020-08-22 16:00:00
653894,Maquillaje,Labios,,Pintalabios cremoso 19,2020-08-22 16:00:00
653958,Maquillaje,Ojos,,Máscara de pestañas precisión & curva negro,2020-08-22 16:00:00
654343,Mascotas,Pez y otros,,Alimento completo para canarios y jilgueros Granzoo,2020-08-22 16:00:00
654424,Panadería y Pastelería,Bolleria envasada,,Bizcochos,2020-08-22 16:00:00
654703,Otros,Velas y decoracion,,Vela de cumpleaños 2,2020-08-22 16:00:00
654709,Otros,Velas y decoracion,,Vela de cumpleaños 8,2020-08-22 16:00:00
654796,Platos Preparados,Platos preparados calientes,,Pollo con almendras y arroz tres delicias,2020-08-22 16:00:00
654930,Otros,Postres de soja,,Postre de soja natural azucarado,2020-08-22 16:00:00
654975,Lácteos y Huevos,Yogures liquidos,,Yogur líquido desnatado natural edulcorado,2020-08-22 16:00:00
655026,Lácteos y Huevos,Yogures naturales y sabores,,Yogur cremoso con melocotón y maracuya,2020-08-22 16:00:00
655385,Bebidas,Isotonico y energetico,,Bebida energética sabor cereza Energy Drink,2020-08-23 04:00:00
655425,Bebidas,Refresco de cola,,Refresco Zero Zero,2020-08-23 04:00:00
655494,Bebidas,Refresco de te y sin gas,,Refresco al limón,2020-08-23 04:00:00
655506,Bebidas,Refresco de te y sin gas,,Refresco té sabor melocotón cero,2020-08-23 04:00:00
655664,Aperitivos,Patatas fritas y snacks,,Patatas light,2020-08-23 04:00:00
655697,Aperitivos,Patatas fritas y snacks,,Snacks de lenteja sabor queso y especias Snatt’s,2020-08-23 04:00:00
655726,Despensa,Arroz,,Arroz integral redondo,2020-08-23 04:00:00
655805,Despensa,Pasta y fideos,,Tortellini con carne Pagani,2020-08-23 04:00:00
655870,Desayuno y Dulces,Chicles y caramelos,,Chicle sandía lámina,2020-08-23 04:00:00
655998,Desayuno y Dulces,Golosinas,,Golosinas botellas cola,2020-08-23 04:00:00
656177,Cuidado Personal,Higiene y cuidado,,Agua de colonia fresca infantil con notas cítricas,2020-08-23 04:00:00
656604,Desayuno y Dulces,Cacao soluble y chocolate a la taza,,Cacao soluble 0% azúcares añadidos CaoBon,2020-08-23 04:00:00
656701,Bebidas Calientes,Cafe soluble y otras bebidas,,Horchata fresca,2020-08-23 04:00:00
656826,Carnicería,Aves y pollo,,Pollo churrasco,2020-08-23 04:00:00
656957,Carnicería,Vacuno,,Churrasco de vacuno añojo,2020-08-23 04:00:00
657062,Desayuno y Dulces,Galletas,,Galletas Dinosaurus con cereales,2020-08-23 04:00:00
657493,Despensa,Arroz y pasta,,Gnocchi de pollo y verduras ultracongelados,2020-08-23 04:00:00
657541,Congelados,Helados,,Helado mini nocciola,2020-08-23 04:00:00
657558,Congelados,Helados,,Crepes rellenos de chocolate Belga ultracongelados,2020-08-23 04:00:00
657751,Panadería y Pastelería,Tartas y churros,,Tarta infantil Frozen congelada,2020-08-23 04:00:00
657783,Frescos,Verdura,Hacendado,Espárrago verde troceado ultracongelado,2020-08-23 04:00:00
657854,Pescadería,Atun y otras conservas de pescado,Hacendado,Sardinillas reducidas en sal en aceite de oliva,2020-08-23 04:00:00
657871,Pescadería,Atun y otras conservas de pescado,Hacendado,Trozos de sepia en tinta,2020-08-23 04:00:00
657991,Despensa,Gazpacho y cremas,,Crema de calabacín Knorr con queso de cabra,2020-08-23 04:00:00
658152,Cuidado Personal,Coloracion cabello,,Coloración permanente 6.35 marrón caramelo,2020-08-23 04:00:00
658178,Cuidado Personal,Coloracion cabello,,Coloración permanente 3.16 violín intenso,2020-08-23 04:00:00
658228,Cuidado Personal,Coloracion cabello,,Coloración permanente L'Oréal 7.43 rubio cobrizo dorado,2020-08-23 04:00:00
658244,Cuidado Personal,Coloracion cabello,,Mechas Nordic de rubio medio a castaño oscuro M1,2020-08-23 04:00:00
658318,Cuidado Personal,Peines y accesorios,,Horquilla rubia,2020-08-23 04:00:00
658363,Cuidado Personal,Afeitado y cuidado para hombre,,Lote hombre Fusion proshield 5,2020-08-23 04:00:00
658445,Otros,Cuidado corporal,,Toallitas desmaquillantes cara y ojos piel normal-mixta,2020-08-23 04:00:00
658522,Cuidado Personal,Cuidado e higiene facial,,Crema facial matificante hidratante,2020-08-23 04:00:00
658905,Cuidado Personal,Manicura y pedicura,,Pulidor de uñas manos Luxor,2020-08-23 04:00:00
658956,Cuidado Personal,Perfume y colonia,,Eau de toilette mujer Azur de Puig,2020-08-23 04:00:00
658979,Cuidado Personal,Perfume y colonia,,Fragancia coco Monogotas,2020-08-23 04:00:00
659026,Cuidado Personal,Perfume y colonia,,Lote baño de Mayo Love,2020-08-23 04:00:00
659270,Frescos,Fruta,,Manzanas golden,2020-08-23 04:00:00
659394,Frescos,Verdura,,Salteado de setas laminadas,2020-08-23 04:00:00
659456,Lácteos y Huevos,Leche y bebidas vegetales,,Leche semidesnatada,2020-08-23 04:00:00
659560,Lácteos y Huevos,Leche y bebidas vegetales,,Bebida láctea crecimiento y desarrollo Max,2020-08-23 04:00:00
659586,Lácteos y Huevos,Leche y bebidas vegetales,,Leche condensada desnatada Nutricia,2020-08-23 04:00:00
659588,Lácteos y Huevos,Leche y bebidas vegetales,,Leche condensada desnatada Nutricia sin lactosa,2020-08-23 04:00:00
659608,Lácteos y Huevos,Mantequilla y margarina,,Proactiv Flora,2020-08-23 04:00:00
659662,Limpieza y Hogar,Detergente y suavizante ropa,,Limpión quitamanchas,2020-08-23 04:00:00
659731,Limpieza y Hogar,Estropajo bayeta y guantes,,Guantes de látex talla grande,2020-08-23 04:00:00
659793,Limpieza y Hogar,Insecticida y ambientador,,Ambientador automático floral,2020-08-23 04:00:00
659807,Limpieza y Hogar,Insecticida y ambientador,,Ambientador varitas jazmín de medianoche,2020-08-23 04:00:00
660087,Limpieza y Hogar,Papel higienico y celulosa,,Toallitas multiusos limpieza higiénica,2020-08-23 04:00:00
660132,Limpieza y Hogar,Utensilios de limpieza y calzado,,Mango escoba/fregona 120 cm,2020-08-23 04:00:00
660174,Limpieza y Hogar,Utensilios de limpieza y calzado,,Acondicionador de cuero limpiador y nutriente,2020-08-23 04:00:00
660363,Maquillaje,Labios,,Pintalabios Lasting Lips mate 03,2020-08-23 04:00:00
660401,Maquillaje,Ojos,,Máscara de pestañas precisión & curva negro,2020-08-23 04:00:00
660417,Maquillaje,Ojos,,Sombra de ojos larga duración 03,2020-08-23 04:00:00
660447,Pescadería,Marisco,,Alistado mediano congelado,2020-08-23 04:00:00
660490,Pescadería,Marisco,Pescanova,Tallarimis,2020-08-23 04:00:00
660532,Pescadería,Pescado congelado,,Croquetas de merluza y gambas Preli ultracongeladas,2020-08-23 04:00:00
660644,Pescadería,Sushi,,California rolls crunch de surimi,2020-08-23 04:00:00
660676,Mascotas,Gato,,Mousse con ternera gato adulto Delikuit,2020-08-23 04:00:00
661086,Panadería y Pastelería,Picos rosquilletas y picatostes,,Rosquilletas tradicionales,2020-08-23 04:00:00
661217,Platos Preparados,Platos preparados calientes,,Lasaña de salmón y brócoli,2020-08-23 04:00:00
661243,Platos Preparados,Platos preparados calientes,,Fideos orientales Yakisoba de pollo,2020-08-23 04:00:00
661291,Otros,Platos preparados frios,,Tortilla de patata,2020-08-23 04:00:00
661416,Lácteos y Huevos,Yogures liquidos,,Yogur líquido desnatado natural edulcorado,2020-08-23 04:00:00
661635,Despensa,Especias,,Canela molida,2020-08-23 16:00:00
661757,Bebidas,Agua,,Agua mineral Cortes grande,2020-08-23 16:00:00
661767,Bebidas,Agua,,Agua mineral Aquarel,2020-08-23 16:00:00
661810,Bebidas,Isotonico y energetico,,Bebida isotónica soluble Enervit Sport sabor limón,2020-08-23 16:00:00
661828,Bebidas,Isotonico y energetico,,Bebida energética sabor cereza Energy Drink,2020-08-23 16:00:00
661879,Bebidas,Refresco de naranja y de limon,,Refresco limón,2020-08-23 16:00:00
661905,Bebidas,Refresco de naranja y de limon,,Refresco naranja,2020-08-23 16:00:00
662001,Despensa,Aceitunas y encurtidos,,Aceitunas aliñadas sin hueso,2020-08-23 16:00:00
662077,Frescos,Frutos secos y fruta desecada,Hacendado,Cocktail rodeo,2020-08-23 16:00:00
662308,Desayuno y Dulces,Chicles y caramelos,,Chicle fresa gragea,2020-08-23 16:00:00
662490,Bebé,Alimentacion infantil,,Papilla crema de bechamel con lenguado baby +8 meses,2020-08-23 16:00:00
662550,Bebé,Alimentacion infantil,,Leche de continuación en polvo 2 baby,2020-08-23 16:00:00
662551,Bebé,Alimentacion infantil,,Leche crecimiento en polvo 3 baby,2020-08-23 16:00:00
662939,Bodega,Vino blanco,,Vino blanco verdejo D.O Rueda,2020-08-23 16:00:00
663003,Bodega,Vino tinto,,Vino tinto D.O Utiel-Requena Torre Oria reserva,2020-08-23 16:00:00
663030,Bodega,Vino tinto,,Vino tinto D.O Toro Gran Conquero madurado en barrica 12 meses,2020-08-23 16:00:00
663199,Otros,Arreglos,,Hueso vacuno,2020-08-23 16:00:00
663712,Charcutería y Quesos,Embutido curado,,Chorizo de bellota ibérico cular Covap,2020-08-23 16:00:00
663826,Charcutería y Quesos,Queso curado semicurado y tierno,,Queso Emmental Natual,2020-08-23 16:00:00
663884,Charcutería y Quesos,Queso untable y fresco,,Crema de queso sabor suave,2020-08-23 16:00:00
663923,Charcutería y Quesos,Queso untable y fresco,,Queso azul hojas,2020-08-23 16:00:00
663973,Carnicería,Carne,,Medallones solomillo de vacuno añojo congelados,2020-08-23 16:00:00
664046,Congelados,Helados,,"Barra de helado sabor vainilla, chocolate y nata",2020-08-23 16:00:00
664108,Frescos,Verdura,,Seta laminada,2020-08-23 16:00:00
664171,Panadería y Pastelería,Tartas y churros,,Tarta massini congelada,2020-08-23 16:00:00
664589,Cuidado Personal,Coloracion cabello,,Coloración sin amoníaco L'Oréal 246 negro efecto henna,2020-08-23 16:00:00
664614,Cuidado Personal,Coloracion cabello,,Coloración permanente sin amoníaco 5.3 capuccino,2020-08-23 16:00:00
664645,Cuidado Personal,Coloracion cabello,,Coloración permanente 7.31 nude beige,2020-08-23 16:00:00
665113,Cuidado Personal,Gel y jabon de manos,,Gel aceite de baño pieles átopicas,2020-08-23 16:00:00
665117,Cuidado Personal,Gel y jabon de manos,,Jabón de manos beauty cream bar pastilla,2020-08-23 16:00:00
665209,Cuidado Personal,Higiene bucal,,Hilo dental con cera y sabor menta,2020-08-23 16:00:00
665266,Cuidado Personal,Higiene intima,,Protegeslip micro Fresh,2020-08-23 16:00:00
665272,Cuidado Personal,Higiene intima,,Tampones super,2020-08-23 16:00:00
665488,Cuidado Personal,Perfume y colonia,,Eau de toilette hombre Ikiru,2020-08-23 16:00:00
665553,Cuidado Personal,Perfume y colonia,,Lote hombre 9.60 Acción,2020-08-23 16:00:00
665587,Cuidado Personal,Protector solar y aftersun,,Gel protección solar facial anti-edad Seesee FPS 50+,2020-08-23 16:00:00
665658,Salud,Fitoterapia,,Comprimidos efervescentes magnesio 300 mg sabor naranja,2020-08-23 16:00:00
665687,Salud,Parafarmacia,,Lágrimas hidratantes para ojos secos,2020-08-23 16:00:00
665716,Frescos,Fruta,,Uva roja sin semillas,2020-08-23 16:00:00
665834,Frescos,Verdura,,Pimiento verde,2020-08-23 16:00:00
665854,Frescos,Verdura,,Brócoli,2020-08-23 16:00:00
665907,Lácteos y Huevos,Leche y bebidas vegetales,,Leche semidesnatada de cabra,2020-08-23 16:00:00
666127,Limpieza y Hogar,Detergente y suavizante ropa,,Suavizante ropa floral concentrado,2020-08-23 16:00:00
666615,Limpieza y Hogar,Utensilios de limpieza y calzado,,Dilatador de calzado,2020-08-23 16:00:00
666763,Maquillaje,Labios,,Pintalabios cremoso 02,2020-08-23 16:00:00
666792,Maquillaje,Labios,,Pintalabios mate 07,2020-08-23 16:00:00
666921,Pescadería,Marisco,,Navajas,2020-08-23 16:00:00
667014,Pescadería,Pescado en bandeja,,Caracoles en salsa mediterránea,2020-08-23 16:00:00
667095,Pescadería,Sushi,,Makis salmón,2020-08-23 16:00:00
667161,Mascotas,Gato,,Snack gato barritas de pollo e hígado,2020-08-23 16:00:00
667250,Panadería y Pastelería,Bolleria de horno,,Mini croissants de mantequilla,2020-08-23 16:00:00
667320,Panadería y Pastelería,Bolleria envasada,,Bizcocho mármol sin lactosa Ballará 0% azúcares añadidos,2020-08-23 16:00:00
667341,Panadería y Pastelería,Bolleria envasada,,Hojaldre relleno de crema sin azúcar añadido y sin lactosa,2020-08-23 16:00:00
667447,Panadería y Pastelería,Pan de horno,,Barra pan de aceite de oliva rebanada,2020-08-23 16:00:00
667538,Panadería y Pastelería,Picos rosquilletas y picatostes,,Palitos con frutos secos,2020-08-23 16:00:00
667694,Platos Preparados,Platos preparados calientes,,Fideos orientales Yakisoba curry Maggi,2020-08-23 16:00:00
667708,Platos Preparados,Platos preparados calientes,,Albóndigas en salsa La Nora,2020-08-23 16:00:00
667972,Otros,Melocoton y pina,,Zumo de melocotón y uva,2020-08-23 16:00:00
668029,Despensa,Aceite vinagre y sal,,Aceite de coco virgen,2020-08-24 04:00:00
668076,Despensa,Especias,,Molinillo pimienta negra,2020-08-24 04:00:00
668207,Bebidas,Agua,,Agua mineral Cortes mediana,2020-08-24 04:00:00
668328,Bebidas,Refresco de cola,,Refresco cola light sin cafeína,2020-08-24 04:00:00
668456,Despensa,Aceitunas y encurtidos,,Aceitunas negras sin hueso,2020-08-24 04:00:00
668497,Frescos,Frutos secos y fruta desecada,Hacendado,Cacahuete tostado 0% sal añadida,2020-08-24 04:00:00
668520,Frescos,Frutos secos y fruta desecada,Hacendado,Anacardo frito con miel,2020-08-24 04:00:00
668667,Despensa,Pasta y fideos,,Fideo sin gluten con quinoa Felicia,2020-08-24 04:00:00
668686,Despensa,Pasta y fideos,,Spaghetti,2020-08-24 04:00:00
668832,Desayuno y Dulces,Chocolate,,Chocolate blanco fussion galletas al cacao,2020-08-24 04:00:00
668959,Bebé,Alimentacion infantil,,Papilla compota de manzana +4 meses,2020-08-24 04:00:00
668971,Bebé,Alimentacion infantil,,Postre lácteo infantil de plátano Yogolino +6 meses,2020-08-24 04:00:00
669115,Panadería y Pastelería,Toallitas y panales,,Pañal bebé braguita talla L de 12-18 kg,2020-08-24 04:00:00
669229,Bodega,Licores,,Vermouth bianco Martini,2020-08-24 04:00:00
669249,Bodega,Licores,,Brandy de Jerez solera Convidado de Baco,2020-08-24 04:00:00
669343,Bodega,Sidra y cava,,Cava brut Freixenet,2020-08-24 04:00:00
669499,Desayuno y Dulces,Cacao soluble y chocolate a la taza,,Chocolate para hacer a la taza Valor,2020-08-24 04:00:00
669594,Bebidas Calientes,Cafe soluble y otras bebidas,,Cereales solubles con achicoria,2020-08-24 04:00:00
669705,Carnicería,Aves y pollo,,Pollo entero troceado,2020-08-24 04:00:00
669938,Desayuno y Dulces,Cereales,,Cereal mix 0% azúcares añadidos,2020-08-24 04:00:00
669997,Desayuno y Dulces,Galletas,,Galletas con chocolate y crema de leche,2020-08-24 04:00:00
670012,Desayuno y Dulces,Galletas,,Galletas de cacao sin gluten rellenas de crema,2020-08-24 04:00:00
670026,Desayuno y Dulces,Galletas,,Galletas rellenas de coco,2020-08-24 04:00:00
670039,Carnicería,Aves y jamon cocido,Hacendado,Pechuga de pavo bajo en sal finas lonchas,2020-08-24 04:00:00
670045,Carnicería,Aves y jamon cocido,Hacendado,Longaniza de pavo extra lonchas,2020-08-24 04:00:00
670561,Pescadería,Pescado,Hacendado,Tacos de bacalao sin espinas congelado,2020-08-24 04:00:00
670618,Panadería y Pastelería,Tartas y churros,,Tarta dúo sabores congelada,2020-08-24 04:00:00
670770,Pescadería,Atun y otras conservas de pescado,Hacendado,Hígado de bacalao ahumado,2020-08-24 04:00:00
670933,Despensa,Tomate,,Fritada pisto,2020-08-24 04:00:00
670960,Cuidado Personal,Acondicionador y mascarilla,,Mascarilla cabello dañado repara & protege,2020-08-24 04:00:00
671071,Cuidado Personal,Coloracion cabello,,Coloración permanente 4.5 caoba oscuro,2020-08-24 04:00:00
671236,Cuidado Personal,Afeitado y cuidado para hombre,,Gel de afeitar piel sensible con aloe vera y alantoína,2020-08-24 04:00:00
671262,Cuidado Personal,Afeitado y cuidado para hombre,,Maquinilla de afeitar Hydro 5 sense,2020-08-24 04:00:00
671299,Otros,Cuidado corporal,,Aceite en crema flores blancas para el cuerpo,2020-08-24 04:00:00
671349,Otros,Cuidado corporal,,Toallitas refrescantes monodosis,2020-08-24 04:00:00
671448,Cuidado Personal,Depilacion,,"Bandas de cera especial brazos, ingles y axilas piel sensible",2020-08-24 04:00:00
671811,Cuidado Personal,Manicura y pedicura,,Cuchillas corta callos,2020-08-24 04:00:00
671944,Cuidado Personal,Perfume y colonia,,Eau de cologne hombre Brummel,2020-08-24 04:00:00
671993,Cuidado Personal,Perfume y colonia,,Lote hombre Brummel,2020-08-24 04:00:00
672086,Salud,Fitoterapia,,Batido sabor fresa y nata sustitutivo,2020-08-24 04:00:00
672194,Frescos,Fruta,Hacendado,Guacamole,2020-08-24 04:00:00
672228,Frescos,Lechuga y ensalada preparada,,Lechuga hoja roble,2020-08-24 04:00:00
672407,Lácteos y Huevos,Leche y bebidas vegetales,,Horchata fresca,2020-08-24 04:00:00
672442,Lácteos y Huevos,Leche y bebidas vegetales,,Bebida de avena con café,2020-08-24 04:00:00
672595,Limpieza y Hogar,Detergente y suavizante ropa,,Tinte para ropa marrón La Nave,2020-08-24 04:00:00
672727,Limpieza y Hogar,Lejia y liquidos fuertes,,Lejía con detergente,2020-08-24 04:00:00
672931,Despensa,Menaje y conservacion de alimentos,,Velote rojo Roura,2020-08-24 04:00:00
672997,Limpieza y Hogar,Pilas y bolsas de basura,,Bolsa de basura mini 10L cubo pequeño,2020-08-24 04:00:00
673145,Maquillaje,Bases de maquillaje y corrector,,Corrector stick 01,2020-08-24 04:00:00
673204,Maquillaje,Labios,,Pintalabios dúo fijo 06,2020-08-24 04:00:00
673338,Pescadería,Marisco,Hacendado,Preparado de paella y sopa ultracongelado,2020-08-24 04:00:00
673412,Pescadería,Pescado congelado,Pescanova,Aritos de surimi a la romana ultracongelados,2020-08-24 04:00:00
673565,Mascotas,Gato,,Paté gato adulto Delikuit con ternera e hígado,2020-08-24 04:00:00
673894,Panadería y Pastelería,Pan de horno,,"Pan con semillas 4,5% rebanado",2020-08-24 04:00:00
673921,Panadería y Pastelería,Pan de molde y otras especialidades,,Pan de molde espelta 100% integral,2020-08-24 04:00:00
673940,Panadería y Pastelería,Pan de molde y otras especialidades,,Tortillas de maíz sin gluten Old El Paso,2020-08-24 04:00:00
674067,Platos Preparados,Pizzas,,Pizza jamón y queso,2020-08-24 04:00:00
674080,Platos Preparados,Pizzas,,Pizza atún y bacón,2020-08-24 04:00:00
674294,Lácteos y Huevos,Yogures desnatados,,Postre lácteo + proteínas chocolate,2020-08-24 04:00:00
674328,Lácteos y Huevos,Yogures liquidos,,Bebida láctea de fresa L-casei 0% materia grasa 0% azúcares añadidos,2020-08-24 04:00:00
674413,Frescos,Fruta variada,Hacendado,Zumo tropical,2020-08-24 04:00:00
674426,Otros,Melocoton y pina,,Néctar de melocotón La Verja,2020-08-24 04:00:00
674596,Despensa,Otras salsas,,Tomate frito,2020-08-24 16:00:00
674686,Bebidas,Agua,,Agua mineral con gas Fonter grande,2020-08-24 16:00:00
674715,Bebidas,Isotonico y energetico,,Bebida energética energy Monster,2020-08-24 16:00:00
674805,Bebidas,Refresco de naranja y de limon,,Refresco naranja,2020-08-24 16:00:00
674828,Bebidas,Tonica y bitter,,Ginger ale,2020-08-24 16:00:00
675102,Despensa,Legumbres,,Legumbre grano verde,2020-08-24 16:00:00
675107,Despensa,Pasta y fideos,,Pasta estrellas,2020-08-24 16:00:00
675286,Desayuno y Dulces,Chocolate,,Barritas de barquillo Kinder Bueno bañadas de chocolate con leche,2020-08-24 16:00:00
675427,Bebé,Alimentacion infantil,,Preparado lácteo crecimiento Peques 3,2020-08-24 16:00:00
675433,Bebé,Alimentacion infantil,,Preparado lácteo cereales al cacao Peques 3,2020-08-24 16:00:00
675462,Bebé,Alimentacion infantil,,Papilla 8 cereales con galleta baby +6 meses,2020-08-24 16:00:00
675465,Bebé,Biberon chupete y menaje,,Biberón 150 ml tetina silicona flujo lento +0 meses,2020-08-24 16:00:00
675635,Bodega,Cerveza,,Cerveza Radler con zumo natural de limón Steinburg,2020-08-24 16:00:00
675736,Bodega,Licores,,Vodka premium Vladonof,2020-08-24 16:00:00
675765,Bodega,Licores,,Concentrado de lima sin alcohol Dama De Baza,2020-08-24 16:00:00
675772,Bodega,Sidra y cava,,Sidra sin alcohol El Lagar,2020-08-24 16:00:00
675808,Bodega,Vino blanco,,Vino blanco chardonnay airén,2020-08-24 16:00:00
675902,Bodega,Vino tinto,,Vino tinto D.O Valdepeñas Viña Albali reserva,2020-08-24 16:00:00
675941,Desayuno y Dulces,Cacao soluble y chocolate a la taza,,Chocolate para hacer a la taza Valor,2020-08-24 16:00:00
675997,Bebidas Calientes,Cafe molido y en grano,,Café molido descafeinado natural,2020-08-24 16:00:00
676186,Carnicería,Cerdo,,Costilla de cerdo ibérico adobada,2020-08-24 16:00:00
676258,Carnicería,Hamburguesas y picadas,,Burger de pollo con queso,2020-08-24 16:00:00
676276,Carnicería,Hamburguesas y picadas,,Albóndigas de cerdo,2020-08-24 16:00:00
676287,Carnicería,Vacuno,,Entrecot de vacuno grueso añojo,2020-08-24 16:00:00
676337,Desayuno y Dulces,Cereales,,Mini cereales rellenos de chocolate y avellanas,2020-08-24 16:00:00
676379,Desayuno y Dulces,Cereales,,Barritas de cereales con chocolate blanco,2020-08-24 16:00:00
676529,Charcutería y Quesos,Bacon y salchichas,,Panceta sin corteza La Selva lonchas,2020-08-24 16:00:00
676535,Charcutería y Quesos,Bacon y salchichas,,Salchichas cocidas estilo Viena con queso,2020-08-24 16:00:00
676926,Congelados,Helados,,Helado nata montada,2020-08-24 16:00:00
677039,Pescadería,Pescado,,Buñuelos de bacalao Fresno ultracongelados,2020-08-24 16:00:00
677044,Platos Preparados,Pizzas,,Pizza ibérica ultracongelada,2020-08-24 16:00:00
677338,Despensa,Sopa y caldo,,Sopa maravilla,2020-08-24 16:00:00
677477,Cuidado Personal,Coloracion cabello,,Coloración permanente L'Oréal 1 negro,2020-08-24 16:00:00
677535,Cuidado Personal,Coloracion cabello,,Coloración permanente 7.31 nude beige,2020-08-24 16:00:00
677624,Cuidado Personal,Fijacion cabello,,Gel fijador extra fuerte todo tipo de cabello fijación 4,2020-08-24 16:00:00
677721,Cuidado Personal,Afeitado y cuidado para hombre,,Gel de ducha taurina hydra energetic L'Oréal men expert,2020-08-24 16:00:00
677808,Cuidado Personal,Cuidado e higiene facial,,Gel facial limpiador al agua todo tipo de pieles,2020-08-24 16:00:00
677885,Cuidado Personal,Depilacion,,Bandas de cera especial cara y pequeñas zonas piel sensible,2020-08-24 16:00:00
677979,Cuidado Personal,Desodorante,,Polvos desodorantes para pies,2020-08-24 16:00:00
678511,Salud,Fitoterapia,,Comprimidos efervescentes vitamina C 500 mg sabor limón,2020-08-24 16:00:00
678560,Salud,Parafarmacia,,Vaselina hidratante,2020-08-24 16:00:00
678627,Frescos,Fruta,,Mango,2020-08-24 16:00:00
678953,Lácteos y Huevos,Mantequilla y margarina,,Crema de soja,2020-08-24 16:00:00
679015,Limpieza y Hogar,Detergente y suavizante ropa,,Suavizante ropa talco concentrado,2020-08-24 16:00:00
679192,Limpieza y Hogar,Lejia y liquidos fuertes,,Cloro rápido granulado Productos QQ para piscina,2020-08-24 16:00:00
679203,Limpieza y Hogar,Limpiacristales,,Lavaparabrisas,2020-08-24 16:00:00
679205,Panadería y Pastelería,Pan de horno,,Baguette sin gluten,2020-08-24 16:00:00
679295,Limpieza y Hogar,Limpieza muebles y multiusos,,Limpiador plata y metales en crema,2020-08-24 16:00:00
679436,Limpieza y Hogar,Pilas y bolsas de basura,,Bolsa de basura grande 50L cubo grande,2020-08-24 16:00:00
679614,Maquillaje,Colorete y polvos,,Iluminador facial Bom Bom creamy 01,2020-08-24 16:00:00
680099,Mascotas,Perro,,Collar anti-insectos perro Krislin,2020-08-24 16:00:00
680252,Panadería y Pastelería,Harina y preparado reposteria,,Levadura en polvo Royal,2020-08-24 16:00:00
680485,Otros,Velas y decoracion,,Vela de cumpleaños 9,2020-08-24 16:00:00
680615,Otros,Platos preparados frios,,Salmorejo al estilo cordobés,2020-08-24 16:00:00
680635,Otros,Platos preparados frios,,Tabulé oriental,2020-08-24 16:00:00
680708,Otros,Postres de soja,,Postre de soja Alpro natural con coco,2020-08-24 16:00:00
680827,Lácteos y Huevos,Yogures y postres infantiles,,Natillas infantiles con galletas +6 meses,2020-08-24 16:00:00
680854,Frescos,Fruta variada,Hacendado,Smoothie fresa,2020-08-24 16:00:00
680868,Otros,Melocoton y pina,,Zumo de piña,2020-08-24 16:00:00
680953,Despensa,Especias,,Colorante alimentario,2020-08-25 04:00:00
681217,Bebidas,Refresco de naranja y de limon,,Refresco de limón fresh gas,2020-08-25 04:00:00
681547,Despensa,Pasta y fideos,,Fideo al huevo,2020-08-25 04:00:00
681611,Despensa,Pasta y fideos,,Pasta oriental sabor gamba camarao Maggi,2020-08-25 04:00:00
681930,Bebé,Biberon chupete y menaje,,Portachupetes,2020-08-25 04:00:00
682028,Bodega,Cerveza,,Cerveza sin gluten Steinburg,2020-08-25 04:00:00
682197,Bodega,Licores,,Licor de café Pi.omka,2020-08-25 04:00:00
682209,Bodega,Licores,,Concentrado de lima sin alcohol Dama De Baza,2020-08-25 04:00:00
682407,Bebidas Calientes,Cafe capsula y monodosis,,Café en cápsula ristretto napoli Dolce Gusto,2020-08-25 04:00:00
682413,Bebidas Calientes,Cafe capsula y monodosis,,Café con leche en cápsula descafeinado Dolce Gusto,2020-08-25 04:00:00
682493,Bebidas Calientes,Te e infusiones,,Té matcha en polvo,2020-08-25 04:00:00
682899,Desayuno y Dulces,Galletas,,Galletas Choco leche con chocolatina,2020-08-25 04:00:00
682902,Desayuno y Dulces,Galletas,María,Galletas choco,2020-08-25 04:00:00
683090,Charcutería y Quesos,Jamon serrano,,Jamón de Teruel El Ontanar lonchas,2020-08-25 04:00:00
683099,Charcutería y Quesos,Jamon serrano,,Caja jamonera grande soporta 12 kg,2020-08-25 04:00:00
683120,Charcutería y Quesos,Pate y sobrasada,,Paté de cerdo Argal,2020-08-25 04:00:00
683134,Charcutería y Quesos,Queso curado semicurado y tierno,,Queso curado,2020-08-25 04:00:00
683144,Charcutería y Quesos,Queso curado semicurado y tierno,,Queso oveja curado,2020-08-25 04:00:00
683236,Charcutería y Quesos,Queso untable y fresco,,Queso fresco batido desnatado 0% materia grasa,2020-08-25 04:00:00
683244,Charcutería y Quesos,Queso untable y fresco,,Queso fresco Burgos sin lactosa,2020-08-25 04:00:00
683257,Charcutería y Quesos,Queso untable y fresco,,Medallones de queso cabra Président,2020-08-25 04:00:00
683280,Despensa,Arroz y pasta,,Canelones de carne sin bechamel ultracongelados,2020-08-25 04:00:00
683412,Pescadería,Marisco,,Almeja entera Mascato,2020-08-25 04:00:00
683558,Frescos,Verdura,Hacendado,Ajo tierno ultracongelado,2020-08-25 04:00:00
683605,Frescos,Verdura,Hacendado,Salteado de verduras ultracongelado,2020-08-25 04:00:00
683618,Pescadería,Atun y otras conservas de pescado,Hacendado,Atún claro en aceite de oliva,2020-08-25 04:00:00
683623,Pescadería,Atun y otras conservas de pescado,Hacendado,Atún claro en escabeche blanco,2020-08-25 04:00:00
683675,Despensa,Berberechos y mejillones,,Zamburiñas en salsa de vieira,2020-08-25 04:00:00
683755,Frescos,Conservas de verdura y frutas,,Dulce de frutas El membrillero,2020-08-25 04:00:00
683757,Despensa,Gazpacho y cremas,,Gazpacho tradicional,2020-08-25 04:00:00
683787,Despensa,Sopa y caldo,,Sopa de pollo con fideos finos,2020-08-25 04:00:00
683823,Despensa,Tomate,,Tomate entero pelado,2020-08-25 04:00:00
684013,Cuidado Personal,Coloracion cabello,,Coloración permanente L'Oréal 7.3 rubio dorado,2020-08-25 04:00:00
684243,Cuidado Personal,Cuidado e higiene facial,,Discos desmaquillantes redondos,2020-08-25 04:00:00
684481,Cuidado Personal,Gel y jabon de manos,,Esponja de baño dermo agua,2020-08-25 04:00:00
684534,Cuidado Personal,Higiene bucal,,Cepillo dental infantil eléctrico Santoro Gorjuss Sp.Berner,2020-08-25 04:00:00
684858,Cuidado Personal,Perfume y colonia,,Eau de toilette hombre Misty Wood Esencia vital,2020-08-25 04:00:00
685118,Frescos,Lechuga y ensalada preparada,,Ensalada jamón,2020-08-25 04:00:00
685297,Lácteos y Huevos,Leche y bebidas vegetales,,Bebida de soja con calcio,2020-08-25 04:00:00
685309,Lácteos y Huevos,Leche y bebidas vegetales,,Bebida de soja Vivesoy,2020-08-25 04:00:00
685385,Lácteos y Huevos,Mantequilla y margarina,,Margarina con sal,2020-08-25 04:00:00
685539,Limpieza y Hogar,Insecticida y ambientador,,Vela antimoscas Roura perfume geranio,2020-08-25 04:00:00
685726,Limpieza y Hogar,Limpieza muebles y multiusos,,Abrillantador muebles con aceites nutrientes,2020-08-25 04:00:00
685772,Despensa,Menaje y conservacion de alimentos,,"Recipiente de plástico redondo 0,5L",2020-08-25 04:00:00
686392,Pescadería,Pescado fresco,,Salmón sin aletas y sin escamas,2020-08-25 04:00:00
686410,Pescadería,Salazones y ahumados,,Sucedáneo de caviar negro Ubago Caviartic,2020-08-25 04:00:00
686536,Mascotas,Perro,,"Comida perro sénior light Supreme con pollo, cebada y arroz",2020-08-25 04:00:00
686541,Mascotas,Perro,,Huesos de cuero para perro,2020-08-25 04:00:00
686661,Panadería y Pastelería,Bolleria envasada,,Magdalenas sin gluten,2020-08-25 04:00:00
686679,Panadería y Pastelería,Bolleria envasada,,Hojaldre relleno de crema sin azúcar añadido y sin lactosa,2020-08-25 04:00:00
686739,Panadería y Pastelería,Pan de horno,,Barra de pan,2020-08-25 04:00:00
686802,Panadería y Pastelería,Pan de molde y otras especialidades,,Pan de molde sin gluten multicereales Beiker,2020-08-25 04:00:00
687105,Lácteos y Huevos,Bifidus,,Bífidus cremoso natural azucarado con cereales y fresas deshidratadas,2020-08-25 04:00:00
687132,Cuidado Personal,Gelatina y otros postres,,Gelatina de yogur lima limón 0% materia grasa 0% azúcares añadidos,2020-08-25 04:00:00
687436,Despensa,Especias,,Pimientos choriceros dulces del cristal,2020-08-25 16:00:00
687496,Despensa,Otras salsas,,Salsa estilo argentino,2020-08-25 16:00:00
687497,Despensa,Otras salsas,,Salsa chimichurri,2020-08-25 16:00:00
687892,Aperitivos,Patatas fritas y snacks,,Patatas fritas extra crujientes,2020-08-25 16:00:00
688058,Despensa,Pasta y fideos,,Fideos orientales Yakisoba classic,2020-08-25 16:00:00
688168,Desayuno y Dulces,Chocolate,,Chocolate con leche bajo en lactosa,2020-08-25 16:00:00
688407,Cuidado Personal,Higiene y cuidado,,Leche corporal bebé hidratante,2020-08-25 16:00:00
688461,Panadería y Pastelería,Toallitas y panales,,Pañal bebé braguita talla XL de 16-28 kg,2020-08-25 16:00:00
688489,Bodega,Cerveza,,Cerveza negra Black 1897,2020-08-25 16:00:00
688640,Bodega,Licores,,Anís seco Cassalla Cerveró,2020-08-25 16:00:00
688646,Bodega,Licores,,Licor de anís dulce La Castellana,2020-08-25 16:00:00
688764,Bodega,Vino rosado,,Vino rosado D.O Rioja Comportillo cosecha,2020-08-25 16:00:00
688866,Bebidas Calientes,Cafe capsula y monodosis,,Café en cápsula ristretto napoli Dolce Gusto,2020-08-25 16:00:00
688907,Bebidas Calientes,Cafe molido y en grano,,Café molido natural fuerte,2020-08-25 16:00:00
689060,Carnicería,Aves y pollo,,Muslos de pollo rural deshuesados con piel,2020-08-25 16:00:00
689090,Carnicería,Cerdo,,Panceta,2020-08-25 16:00:00
689197,Carnicería,Vacuno,,Entrecot de vacuno angus,2020-08-25 16:00:00
689260,Desayuno y Dulces,Cereales,,Copos trigo de espelta integral,2020-08-25 16:00:00
689296,Desayuno y Dulces,Galletas,María,Galletas dorada,2020-08-25 16:00:00
689311,Desayuno y Dulces,Galletas,,Galletas Digestive 0% azúcares añadidos,2020-08-25 16:00:00
689377,Desayuno y Dulces,Tortitas,,Tortitas de avena y arroz,2020-08-25 16:00:00
689389,Carnicería,Aves y jamon cocido,Hacendado,Tiras de pechuga de pollo al natural,2020-08-25 16:00:00
689404,Carnicería,Aves y jamon cocido,Hacendado,Pechuga de pavo pimienta finas lonchas,2020-08-25 16:00:00
689531,Charcutería y Quesos,Jamon serrano,,Jamón bellota ibérico 100% cortado a cuchillo,2020-08-25 16:00:00
689731,Despensa,Arroz y pasta,,Gnocchi de pollo y verduras ultracongelados,2020-08-25 16:00:00
689860,Pescadería,Marisco,Hacendado,Gamba pelada cruda tamaño mediano ultracongelada,2020-08-25 16:00:00
690035,Frescos,Verdura,Hacendado,Pisto de verduras ultracongelado,2020-08-25 16:00:00
690144,Frescos,Conservas de verdura y frutas,Hacendado,Champiñón laminado,2020-08-25 16:00:00
690150,Frescos,Conservas de verdura y frutas,Ybarra,Judías verdes redondas,2020-08-25 16:00:00
690413,Cuidado Personal,Coloracion cabello,,Coloración permanente 5.5 caoba rojizo,2020-08-25 16:00:00
690462,Cuidado Personal,Coloracion cabello,,Coloración permanente L'Oréal 6.1 rubio ceniza oscuro,2020-08-25 16:00:00
690526,Cuidado Personal,Fijacion cabello,,Cera mate todo tipo de cabello fijación 4,2020-08-25 16:00:00
690740,Cuidado Personal,Cuidado e higiene facial,,Crema facial antioxidante y regenerante Beauté Mediterranea Dragon's blood,2020-08-25 16:00:00
690742,Cuidado Personal,Cuidado e higiene facial,,Crema facial hidratante equilibrante piel normal a grasa,2020-08-25 16:00:00
690862,Cuidado Personal,Desodorante,,Desodorante mujer perfume afrutado,2020-08-25 16:00:00
690975,Cuidado Personal,Higiene bucal,,Cepillo dental medio todo en uno,2020-08-25 16:00:00
691087,Cuidado Personal,Higiene intima,,Pañal adulto talla M,2020-08-25 16:00:00
691257,Cuidado Personal,Perfume y colonia,,Lote mujer Adidas Pure lightness,2020-08-25 16:00:00
691419,Salud,Fitoterapia,,"Cápsulas cabello, uñas",2020-08-25 16:00:00
691464,Salud,Parafarmacia,,Gel de manos higienizante sin aclarado 70% alcohol,2020-08-25 16:00:00
691482,Salud,Parafarmacia,,Gel de manos higienizante P Beauty Everyday hidroalcohólico,2020-08-25 16:00:00
691550,Frescos,Lechuga y ensalada preparada,,Ensalada mezcla gourmet maxi,2020-08-25 16:00:00
691748,Lácteos y Huevos,Leche y bebidas vegetales,,Bebida de arroz Alitey,2020-08-25 16:00:00
691915,Limpieza y Hogar,Detergente y suavizante ropa,,Toallitas suavizantes para secadora,2020-08-25 16:00:00
692038,Limpieza y Hogar,Insecticida y ambientador,,Vela perfumada frutos silvestres,2020-08-25 16:00:00
692039,Limpieza y Hogar,Insecticida y ambientador,,Ambientador líquido concentrado Foresan WC,2020-08-25 16:00:00
692212,Limpieza y Hogar,Limpieza vajilla,,Ambientador lavavajillas limón,2020-08-25 16:00:00
692257,Despensa,Menaje y conservacion de alimentos,,Cañas rectas,2020-08-25 16:00:00
692597,Maquillaje,Ojos,,Perfilador de ojos 04 azul oscuro,2020-08-25 16:00:00
692853,Pescadería,Salazones y ahumados,Hacendado,Migas de bacalao desaladas,2020-08-25 16:00:00
693151,Panadería y Pastelería,Harina y preparado reposteria,,Gelatina neutra en láminas,2020-08-25 16:00:00
693271,Panadería y Pastelería,Pan tostado y rallado,,Tortas cenceñas para gazpacho manchego Ruiz,2020-08-25 16:00:00
693285,Panadería y Pastelería,Pan tostado y rallado,,Pan tostado 100% espelta integral,2020-08-25 16:00:00
693316,Panadería y Pastelería,Picos rosquilletas y picatostes,,Palitos de pan con cereales y trigo espelta 25% Anitin,2020-08-25 16:00:00
693743,Frescos,Fruta variada,Hacendado,Zumo tropical,2020-08-25 16:00:00
693811,Despensa,Aceite vinagre y sal,,Vinagre balsámico de Módena,2020-08-26 04:00:00
693873,Despensa,Especias,,Comino en grano,2020-08-26 04:00:00
693946,Despensa,Otras salsas,,Salsa teriyaki,2020-08-26 04:00:00
694013,Bebidas,Agua,,Agua mineral con gas Fonter grande,2020-08-26 04:00:00
694023,Bebidas,Isotonico y energetico,,Bebida isotónica limón,2020-08-26 04:00:00
694342,Aperitivos,Patatas fritas y snacks,,Patata snack,2020-08-26 04:00:00
694390,Despensa,Arroz,,Arroz cocido basmati Brillante,2020-08-26 04:00:00
694399,Despensa,Arroz,,Arroz integral redondo,2020-08-26 04:00:00
694411,Despensa,Legumbres,,Garbanzo lechoso,2020-08-26 04:00:00
694421,Despensa,Legumbres,,Alubia roja,2020-08-26 04:00:00
694496,Despensa,Pasta y fideos,,Fideos orientales Yakisoba classic,2020-08-26 04:00:00
694551,Desayuno y Dulces,Chicles y caramelos,,Caramelos blandos,2020-08-26 04:00:00
694552,Desayuno y Dulces,Chicles y caramelos,,Caramelos con miel y sabor limón Dolis,2020-08-26 04:00:00
694695,Desayuno y Dulces,Mermelada y miel,,Mermelada de ciruela,2020-08-26 04:00:00
694801,Bebé,Biberon chupete y menaje,,Tetina silicona tres posiciones +1 mes,2020-08-26 04:00:00
694887,Panadería y Pastelería,Toallitas y panales,,Pañales bebé talla 6 de 17-28 kg,2020-08-26 04:00:00
694941,Bodega,Cerveza,,Cerveza Especial Steinburg,2020-08-26 04:00:00
695024,Bodega,Licores,,Bebida espirituosa centenario Terry,2020-08-26 04:00:00
695060,Bodega,Licores,,Licor de ron caramelo Perla de las Islas,2020-08-26 04:00:00
695114,Bodega,Sidra y cava,,Cava brut Cabré & Sabaté,2020-08-26 04:00:00
695301,Bebidas Calientes,Cafe capsula y monodosis,,Café en cápsula ristretto napoli Dolce Gusto,2020-08-26 04:00:00
695349,Bebidas Calientes,Cafe molido y en grano,,Café en grano torrefacto,2020-08-26 04:00:00
695418,Bebidas Calientes,Te e infusiones,,Infusión Cúrcuma,2020-08-26 04:00:00
695426,Otros,Arreglos,,Hueso vacuno,2020-08-26 04:00:00
695541,Carnicería,Cerdo,,Filetes de cerdo magro jamón,2020-08-26 04:00:00
695542,Carnicería,Cerdo,,Codillo de cerdo,2020-08-26 04:00:00
695929,Charcutería y Quesos,Embutido curado,,Chorizo lonchas Revilla,2020-08-26 04:00:00
695988,Charcutería y Quesos,Pate y sobrasada,,Paté de cerdo La Piara tapa negra,2020-08-26 04:00:00
696146,Charcutería y Quesos,Queso untable y fresco,,Queso de cabra Montesinos,2020-08-26 04:00:00
696318,Pescadería,Marisco,Hacendado,Cigala grande ultracongelada,2020-08-26 04:00:00
696438,Frescos,Verdura,Hacendado,Garrofón,2020-08-26 04:00:00
696558,Despensa,Berberechos y mejillones,,Almejones al natural Cono sur,2020-08-26 04:00:00
696971,Cuidado Personal,Fijacion cabello,,Pasta matificante todo tipo de cabello fijación 3,2020-08-26 04:00:00
697252,Cuidado Personal,Depilacion,,Recambios maquinilla depilación Venus Breeze comfortglide,2020-08-26 04:00:00
697389,Cuidado Personal,Higiene bucal,,Dentífrico repair & protect con flúor,2020-08-26 04:00:00
697610,Cuidado Personal,Neceseres,,Neceser Mulán grande con asas,2020-08-26 04:00:00
697652,Cuidado Personal,Perfume y colonia,,Mini eau de parfum mujer de Mayo Hi! Serenity,2020-08-26 04:00:00
697690,Cuidado Personal,Perfume y colonia,,Lote mujer Alejandro Sanz Mi acorde,2020-08-26 04:00:00
697923,Salud,Parafarmacia,,Jabón de manos higienizante líquido,2020-08-26 04:00:00
697990,Frescos,Lechuga y ensalada preparada,,Ensalada mezcla tierna,2020-08-26 04:00:00
698237,Lácteos y Huevos,Leche y bebidas vegetales,,Leche de continuación Peques 2,2020-08-26 04:00:00
698254,Lácteos y Huevos,Leche y bebidas vegetales,,Bebida láctea sabor canela y limón,2020-08-26 04:00:00
698311,Limpieza y Hogar,Detergente y suavizante ropa,,Detergente ropa All in 1 en cápsulas,2020-08-26 04:00:00
698330,Limpieza y Hogar,Detergente y suavizante ropa,,Quitamanchas en seco,2020-08-26 04:00:00
698503,Limpieza y Hogar,Lejia y liquidos fuertes,,Lejía con detergente limón,2020-08-26 04:00:00
698862,Maquillaje,Bases de maquillaje y corrector,,Maquillaje fluido fijo & cubriente 02,2020-08-26 04:00:00
698911,Maquillaje,Bases de maquillaje y corrector,,Maquillaje mat mousse 32 golden,2020-08-26 04:00:00
699011,Maquillaje,Labios,,Brillo de labios Galactic metal 02 berenjena,2020-08-26 04:00:00
699059,Maquillaje,Ojos,,Máscara de pestañas volumen 4 dimensiones negro,2020-08-26 04:00:00
699084,Maquillaje,Ojos,,Sombra de ojos larga duración 04,2020-08-26 04:00:00
699142,Pescadería,Marisco,Hacendado,Almeja del pacífico congelada,2020-08-26 04:00:00
699144,Pescadería,Marisco,,Berberechos,2020-08-26 04:00:00
699300,Pescadería,Salazones y ahumados,,Migas de bacalao Ubago,2020-08-26 04:00:00
699537,Panadería y Pastelería,Bolleria envasada,,Muffins con chips de chocolate Horno de San Juan,2020-08-26 04:00:00
699628,Panadería y Pastelería,Pan de horno,,Barra de pan,2020-08-26 04:00:00
699647,Panadería y Pastelería,Pan de horno,,Pan moño,2020-08-26 04:00:00
699859,Platos Preparados,Pizzas,,Pizza jamón y queso sin gluten y sin lactosa,2020-08-26 04:00:00
699893,Platos Preparados,Platos preparados calientes,,Arroz cocido basmati Brillante,2020-08-26 04:00:00
700041,Cuidado Personal,Gelatina y otros postres,,La cuajada de leche de oveja Goshua,2020-08-26 04:00:00
700245,Despensa,Aceite vinagre y sal,,Aceite de oliva virgen extra,2020-08-26 16:00:00
700308,Despensa,Especias,,Pimienta blanca molida,2020-08-26 16:00:00
700373,Despensa,Otras salsas,,Tomate frito receta artesana,2020-08-26 16:00:00
700387,Despensa,Otras salsas,,Salsa boloñesa,2020-08-26 16:00:00
700480,Bebidas,Isotonico y energetico,,Bebida isotónica naranja,2020-08-26 16:00:00
700517,Bebidas,Refresco de cola,,Refresco cola,2020-08-26 16:00:00
700560,Bebidas,Refresco de naranja y de limon,,Refresco de limón fresh gas,2020-08-26 16:00:00
700596,Bebidas,Tonica y bitter,,Tónica original,2020-08-26 16:00:00
700639,Bebidas,Refresco de te y sin gas,,Refresco de naranja sin gas,2020-08-26 16:00:00
700713,Frescos,Frutos secos y fruta desecada,Hacendado,Cacahuete frito,2020-08-26 16:00:00
700729,Frescos,Frutos secos y fruta desecada,Hacendado,Mezcla semillas,2020-08-26 16:00:00
700736,Frescos,Frutos secos y fruta desecada,Hacendado,Almendra frita marcona,2020-08-26 16:00:00
701029,Desayuno y Dulces,Chocolate,,Chocolate extrafino negro con arándanos y sésamo,2020-08-26 16:00:00
701225,Bebé,Alimentacion infantil,,Leche de continuación en polvo 2 baby,2020-08-26 16:00:00
701252,Bebé,Biberon chupete y menaje,,Tetina látex papillas espesas +4 meses,2020-08-26 16:00:00
701316,Panadería y Pastelería,Toallitas y panales,,Toallitas bebé cremosas,2020-08-26 16:00:00
701411,Bodega,Cerveza,,Cerveza Especial Steinburg,2020-08-26 16:00:00
701453,Bodega,Cerveza sin alcohol,,"Cerveza sin gluten Steinburg 0,0% sin alcohol",2020-08-26 16:00:00
701500,Bodega,Licores,,Ron carta blanca superior Bacardí,2020-08-26 16:00:00
701549,Bodega,Licores,,Concentrado de lima sin alcohol Dama De Baza,2020-08-26 16:00:00
701737,Bebidas Calientes,Cafe capsula y monodosis,,Café en cápsula classic Espresso,2020-08-26 16:00:00
701876,Otros,Arreglos,,Hueso vacuno,2020-08-26 16:00:00
702002,Carnicería,Cerdo,,Chuletas lomo de cerdo,2020-08-26 16:00:00
702209,Desayuno y Dulces,Galletas,,Galletas mini Chips Ahoy,2020-08-26 16:00:00
702245,Desayuno y Dulces,Galletas,,Galletas Roditas bañadas con chocolate negro,2020-08-26 16:00:00
702510,Charcutería y Quesos,Queso curado semicurado y tierno,,Queso tierno cortado en cuñitas,2020-08-26 16:00:00
702632,Carnicería,Carne,Hacendado,Crocanrol de queso curado ultracongelado,2020-08-26 16:00:00
702713,Congelados,Helados,,Helado dulce de leche y sirope de caramelo,2020-08-26 16:00:00
702964,Pescadería,Atun y otras conservas de pescado,Hacendado,Bonito del norte en aceite de oliva,2020-08-26 16:00:00
703003,Despensa,Berberechos y mejillones,,Berberecho al natural XS,2020-08-26 16:00:00
703261,Cuidado Personal,Coloracion cabello,,Coloración permanente 1 negro,2020-08-26 16:00:00
703320,Cuidado Personal,Coloracion cabello,,Coloración permanente 7 rubio medio,2020-08-26 16:00:00
703335,Cuidado Personal,Coloracion cabello,,Coloración permanente 9.3 rubio clarísimo dorado,2020-08-26 16:00:00
703360,Cuidado Personal,Coloracion cabello,,Coloración permanente L'Oréal 9.1 rubio claro claro ceniza,2020-08-26 16:00:00
703432,Cuidado Personal,Peines y accesorios,,Peine lendrera,2020-08-26 16:00:00
703535,Otros,Cuidado corporal,,Tratamiento crema reductor intensivo noche,2020-08-26 16:00:00
703589,Cuidado Personal,Cuidado e higiene facial,,Tónico facial hidratante todo tipo de pieles,2020-08-26 16:00:00
703617,Cuidado Personal,Cuidado e higiene facial,,Mascarilla facial hidratante con agua de rosas,2020-08-26 16:00:00
703689,Cuidado Personal,Depilacion,,Spray depilatorio Veet for men piel normal,2020-08-26 16:00:00
703992,Cuidado Personal,Manicura y pedicura,,Aceite cutículas bifásico 956 sandía,2020-08-26 16:00:00
704029,Cuidado Personal,Manicura y pedicura,,Cortaúñas manos,2020-08-26 16:00:00
704045,Cuidado Personal,Manicura y pedicura,,Discos protectores para callos y verrugas plantares,2020-08-26 16:00:00
704077,Cuidado Personal,Perfume y colonia,,Body spray té verde fresco,2020-08-26 16:00:00
704170,Cuidado Personal,Perfume y colonia,,Eau de toilette hombre Codizia,2020-08-26 16:00:00
704518,Frescos,Verdura,,Seta shiitake,2020-08-26 16:00:00
704526,Frescos,Verdura,,Berenjena,2020-08-26 16:00:00
704691,Lácteos y Huevos,Leche y bebidas vegetales,,Preparado lácteo crecimiento +1 año,2020-08-26 16:00:00
704702,Lácteos y Huevos,Leche y bebidas vegetales,,Leche condensada desnatada Nutricia,2020-08-26 16:00:00
704729,Lácteos y Huevos,Mantequilla y margarina,,Nata montada azucarada,2020-08-26 16:00:00
704824,Limpieza y Hogar,Estropajo bayeta y guantes,,Estropajo inox,2020-08-26 16:00:00
704842,Limpieza y Hogar,Estropajo bayeta y guantes,,Guantes de látex talla pequeña-mediana,2020-08-26 16:00:00
704854,Limpieza y Hogar,Estropajo bayeta y guantes,,Guantes vinilo Basic talla extra grande,2020-08-26 16:00:00
704903,Limpieza y Hogar,Insecticida y ambientador,Brise,Difusor ambientador eléctrico by con recambio,2020-08-26 16:00:00
704981,Limpieza y Hogar,Limpiacristales,,Limpiacristales y multiusos,2020-08-26 16:00:00
705020,Limpieza y Hogar,Limpieza bano y wc,,Toallitas limpiadoras de baños,2020-08-26 16:00:00
705047,Limpieza y Hogar,Limpieza cocina,,Rasqueta vitrocerámicas,2020-08-26 16:00:00
705080,Limpieza y Hogar,Limpieza vajilla,,Lavavajillas ultra original líquido,2020-08-26 16:00:00
705123,Despensa,Menaje y conservacion de alimentos,,Bolsas congelación grandes,2020-08-26 16:00:00
705288,Limpieza y Hogar,Utensilios de limpieza y calzado,,Cordones marrones zapato de vestir,2020-08-26 16:00:00
705495,Maquillaje,Ojos,,Máscara de cejas marrón,2020-08-26 16:00:00
705506,Maquillaje,Ojos,,Máscara de pestañas scandaleyes negro,2020-08-26 16:00:00
705535,Maquillaje,Ojos,,Paleta sombras de ojos perladas My Soul,2020-08-26 16:00:00
705614,Pescadería,Pescado congelado,Hacendado,Porciones de bacalao sin espinas y sin piel congelado,2020-08-26 16:00:00
705683,Pescadería,Pescado en bandeja,,Caracoles en salsa mediterránea,2020-08-26 16:00:00
705724,Pescadería,Pescado fresco,,Salmón media pieza a rodajas,2020-08-26 16:00:00
705911,Mascotas,Pez y otros,,Alimento completo hamsters Granzoo,2020-08-26 16:00:00
706051,Panadería y Pastelería,Harina y preparado reposteria,,Preparado en polvo para pancakes,2020-08-26 16:00:00
706161,Panadería y Pastelería,Pan de molde y otras especialidades,,Pan de Pita Original precocido,2020-08-26 16:00:00
706337,Platos Preparados,Platos preparados calientes,,Lasaña de salmón y brócoli,2020-08-26 16:00:00
706490,Cuidado Personal,Gelatina y otros postres,,La cuajada de leche de oveja Goshua,2020-08-26 16:00:00
706517,Lácteos y Huevos,Yogures desnatados,,Postre lácteo + proteínas natural,2020-08-26 16:00:00
706624,Frescos,Fruta variada,,Fruta + leche tropical Bifrutas,2020-08-26 16:00:00
706690,Despensa,Aceite vinagre y sal,,Aceite de oliva virgen extra Gran Selección,2020-08-27 04:00:00
706721,Despensa,Aceite vinagre y sal,,Sal marina en escamas Polasal,2020-08-27 04:00:00
706824,Despensa,Otras salsas,,Salsa barbacoa,2020-08-27 04:00:00
707135,Despensa,Aceitunas y encurtidos,,Aceitunas negras naturales de Aragón,2020-08-27 04:00:00
707184,Frescos,Frutos secos y fruta desecada,Hacendado,Pipas de girasol fritas,2020-08-27 04:00:00
707207,Frescos,Frutos secos y fruta desecada,Hacendado,Cocktail cinco sentidos,2020-08-27 04:00:00
707340,Despensa,Pasta y fideos,,Sémola de trigo fina Nurture,2020-08-27 04:00:00
707354,Despensa,Pasta y fideos,,Trottole vegetales,2020-08-27 04:00:00
707389,Despensa,Pasta y fideos,,Fideos orientales Yakisoba classic,2020-08-27 04:00:00
707403,Despensa,Pasta y fideos,,Fideos orientales Yatekomo,2020-08-27 04:00:00
707406,Desayuno y Dulces,Azucar y edulcorante,,Azúcar blanco en sobres Acor,2020-08-27 04:00:00
707473,Desayuno y Dulces,Chocolate,,Chocolatinas chocolate extrafino negro,2020-08-27 04:00:00
707483,Desayuno y Dulces,Chocolate,,Chocolate con leche Milka,2020-08-27 04:00:00
707618,Bebé,Alimentacion infantil,,Papilla verduritas con delicias de pavo baby natur +6 meses,2020-08-27 04:00:00
707680,Bebé,Alimentacion infantil,,Papilla instantánea 8 cereales con cacao +12 meses,2020-08-27 04:00:00
707754,Cuidado Personal,Higiene y cuidado,,Tijeras infantiles anatómicas,2020-08-27 04:00:00
707804,Bodega,Cerveza,,Cerveza especial,2020-08-27 04:00:00
707913,Bodega,Licores,,Bebida espirituosa Veterano Osborne,2020-08-27 04:00:00
707921,Bodega,Licores,,Whisky escocés Ballantine's,2020-08-27 04:00:00
707933,Bodega,Licores,,Whisky escocés James Webb,2020-08-27 04:00:00
707957,Bodega,Licores,,Bebida espirituosa a base de vodka Knebep rojo,2020-08-27 04:00:00
708181,Bebidas Calientes,Cafe capsula y monodosis,,Café en cápsula forte Cocatech,2020-08-27 04:00:00
708207,Bebidas Calientes,Cafe capsula y monodosis,,Café monodosis natural Espresso,2020-08-27 04:00:00
708330,Carnicería,Aves y pollo,,Brochetas de pavo,2020-08-27 04:00:00
708446,Carnicería,Cerdo,,Lomo de cerdo ibérico,2020-08-27 04:00:00
708540,Carnicería,Empanados y elaborados,,Medallones preparado de solomillo cerdo provenzal,2020-08-27 04:00:00
708589,Desayuno y Dulces,Cereales,,Muesli crunchy,2020-08-27 04:00:00
708791,Charcutería y Quesos,Embutido curado,,Salchichón extra lonchas,2020-08-27 04:00:00
708889,Charcutería y Quesos,Pate y sobrasada,,Crema para untar fiambre de jamón york sabor ahumado,2020-08-27 04:00:00
708905,Charcutería y Quesos,Pate y sobrasada,,Paté de cerdo campaña,2020-08-27 04:00:00
708927,Charcutería y Quesos,Queso curado semicurado y tierno,,Tabla de quesos nacionales,2020-08-27 04:00:00
709095,Carnicería,Carne,,Medallones solomillo de vacuno añojo congelados,2020-08-27 04:00:00
709119,Congelados,Helados,,Helado mini galletas cacao,2020-08-27 04:00:00
709120,Congelados,Helados,,Helado cremoso de limón sin azúcares añadidos,2020-08-27 04:00:00
709236,Pescadería,Pescado,Hacendado,Cola de rape del cabo congelada,2020-08-27 04:00:00
709254,Pescadería,Pescado,,Albóndigas de bacalao Camós congeladas,2020-08-27 04:00:00
709321,Panadería y Pastelería,Tartas y churros,,Tarta infantil Frozen congelada,2020-08-27 04:00:00
709342,Frescos,Verdura,Hacendado,Menestra de verduras con habas baby ultracongelada,2020-08-27 04:00:00
709436,Pescadería,Atun y otras conservas de pescado,Hacendado,Tacos de pota a la marinera,2020-08-27 04:00:00
709490,Frescos,Conservas de verdura y frutas,,Ensalada de bacalaos y pimientos asados Ubago estilo esgarraet,2020-08-27 04:00:00
709514,Frescos,Conservas de verdura y frutas,Hacendado,Yemas de espárragos en vinagre extra,2020-08-27 04:00:00
709524,Frescos,Conservas de verdura y frutas,Hacendado,Dulce de membrillo sin conservadores,2020-08-27 04:00:00
709642,Cuidado Personal,Acondicionador y mascarilla,,Mascarilla cabello Elvive color vive,2020-08-27 04:00:00
709702,Cuidado Personal,Champu,,Champú infantil Kids,2020-08-27 04:00:00
709980,Otros,Cuidado corporal,,Tratamiento crema reductor intensivo noche,2020-08-27 04:00:00
709988,Otros,Cuidado corporal,,Aceite corporal tacto seco,2020-08-27 04:00:00
710060,Cuidado Personal,Cuidado e higiene facial,,Mascarilla facial de burbujas Montagne Jeunesse,2020-08-27 04:00:00
710107,Cuidado Personal,Cuidado e higiene facial,,Contorno de ojos atenúa bolsas y ojeras,2020-08-27 04:00:00
710151,Cuidado Personal,Depilacion,,Recambios maquinilla depilación Venus,2020-08-27 04:00:00
710186,Cuidado Personal,Desodorante,,Desodorante invisible black + white,2020-08-27 04:00:00
710244,Cuidado Personal,Gel y jabon de manos,,Jabón de manos lavanda pastilla,2020-08-27 04:00:00
710254,Cuidado Personal,Gel y jabon de manos,,Jabón de manos sandalwood & coconut líquido,2020-08-27 04:00:00
710375,Cuidado Personal,Higiene intima,,Compresa con alas normal Suave,2020-08-27 04:00:00
710404,Cuidado Personal,Higiene intima,,Tampones regular,2020-08-27 04:00:00
710524,Cuidado Personal,Perfume y colonia,,Eau de toilette mujer 9.60 Sport water Pure,2020-08-27 04:00:00
710632,Cuidado Personal,Perfume y colonia,,Eau de toilette hombre Limite Action Water,2020-08-27 04:00:00
710742,Salud,Fitoterapia,,Cápsulas vitaminas y minerales,2020-08-27 04:00:00
710753,Salud,Fitoterapia,,Cápsulas valeriana,2020-08-27 04:00:00
710836,Frescos,Fruta,,Uva negra sin semillas,2020-08-27 04:00:00
710847,Frescos,Fruta,,Limones,2020-08-27 04:00:00
710863,Frescos,Fruta,,Piña natural a rodajas,2020-08-27 04:00:00
710976,Frescos,Verdura,,Calabaza cacahuete cortada a trozos,2020-08-27 04:00:00
711022,Lácteos y Huevos,Leche y bebidas vegetales,,Leche semidesnatada calcio,2020-08-27 04:00:00
711035,Lácteos y Huevos,Leche y bebidas vegetales,,Leche desnatada,2020-08-27 04:00:00
711050,Lácteos y Huevos,Leche y bebidas vegetales,,Bebida láctea desnatada omega 3,2020-08-27 04:00:00
711211,Limpieza y Hogar,Detergente y suavizante ropa,,Detergente ropa All in 1 en cápsulas,2020-08-27 04:00:00
711493,Limpieza y Hogar,Limpieza cocina,,Crema limpiadora vitrocerámicas Frosch con naranja,2020-08-27 04:00:00
711502,Limpieza y Hogar,Limpieza muebles y multiusos,,Toallitas limpiadoras de muebles,2020-08-27 04:00:00
711733,Limpieza y Hogar,Utensilios de limpieza y calzado,,Esponja de calzado incoloro brillo,2020-08-27 04:00:00
711738,Limpieza y Hogar,Utensilios de limpieza y calzado,,Cepillo calzado,2020-08-27 04:00:00
711768,Maquillaje,Bases de maquillaje y corrector,,Maquillaje fluido larga duración 02,2020-08-27 04:00:00
711795,Maquillaje,Bases de maquillaje y corrector,,Maquillaje fluido natural radiante 04,2020-08-27 04:00:00
711908,Maquillaje,Labios,,Brillo de labios Galactic metal 02 berenjena,2020-08-27 04:00:00
711985,Maquillaje,Ojos,,Kit maquillaje 4 estaciones My Soul,2020-08-27 04:00:00
712028,Pescadería,Marisco,Hacendado,Cigala mediana ultracongelada,2020-08-27 04:00:00
712029,Pescadería,Marisco,Hacendado,Cigala grande ultracongelada,2020-08-27 04:00:00
712068,Pescadería,Pescado congelado,Hacendado,Pescadilla de merluza del cabo sin cabeza ultracongelada,2020-08-27 04:00:00
712138,Pescadería,Pescado en bandeja,,Filete de atún,2020-08-27 04:00:00
712188,Pescadería,Salazones y ahumados,Hacendado,Boquerones en vinagre en aceite de girasol,2020-08-27 04:00:00
712267,Mascotas,Gato,,Comida gato sénior Supreme con pollo y arroz,2020-08-27 04:00:00
712541,Panadería y Pastelería,Pan de horno,,Baguette sin gluten,2020-08-27 04:00:00
712591,Panadería y Pastelería,Pan de molde y otras especialidades,,Barra de pan tradicional,2020-08-27 04:00:00
712696,Bodega,Cerveza,,Cerveza Clásica Steinburg,2020-08-27 16:00:00
712921,Cuidado Personal,Gelatina y otros postres,,Copa crema de chocolate y nata,2020-08-27 04:00:00
713275,Despensa,Otras salsas,,Salsa roquefort,2020-08-27 16:00:00
713309,Despensa,Otras salsas,,Salsa picante Mc. Ilhenny Tabasco,2020-08-27 16:00:00
713471,Bebidas,Refresco de naranja y de limon,,Refresco naranja,2020-08-27 16:00:00
713518,Bebidas,Refresco de te y sin gas,,Refresco té sabor melocotón cero,2020-08-27 16:00:00
713583,Despensa,Aceitunas y encurtidos,,Cóctel,2020-08-27 16:00:00
713584,Despensa,Aceitunas y encurtidos,,Pepinillos pequeños,2020-08-27 16:00:00
713616,Frescos,Frutos secos y fruta desecada,Hacendado,Almendra tostada 0% sal añadida,2020-08-27 16:00:00
713908,Desayuno y Dulces,Chocolate,,Chocolate negro almendras enteras,2020-08-27 16:00:00
713989,Desayuno y Dulces,Chocolate,,Crema al cacao con avellanas,2020-08-27 16:00:00
714136,Bebé,Biberon chupete y menaje,,Biberón 270 ml tetina látex tres posiciones +1 mes,2020-08-27 16:00:00
714163,Bebé,Biberon chupete y menaje,,Portachupetes,2020-08-27 16:00:00
714492,Bodega,Vino blanco,,Vino blanco tierra de Cádiz Barbadillo cosecha,2020-08-27 16:00:00
714560,Bodega,Vino tinto,,Vino tinto Caperucita tinta Torre Oria suave,2020-08-27 16:00:00
714633,Bebidas Calientes,Cafe capsula y monodosis,,Café en cápsula forte Cocatech,2020-08-27 16:00:00
714646,Bebidas Calientes,Cafe capsula y monodosis,,Café con leche en cápsula descafeinado Dolce Gusto,2020-08-27 16:00:00
714648,Bebidas Calientes,Cafe capsula y monodosis,,Chococino en cápsula Dolce Gusto,2020-08-27 16:00:00
714746,Bebidas Calientes,Te e infusiones,,Infusión Figura,2020-08-27 16:00:00
714803,Carnicería,Aves y pollo,,Brochetas de pollo,2020-08-27 16:00:00
714891,Carnicería,Cerdo,,Presa de cerdo ibérico,2020-08-27 16:00:00
714960,Carnicería,Vacuno,,Tacos de vacuno añojo,2020-08-27 16:00:00
715117,Desayuno y Dulces,Galletas,,Galletas con chocolate y crema de leche,2020-08-27 16:00:00
715219,Charcutería y Quesos,Bacon y salchichas,,Salchichas cocidas bocata gourmet,2020-08-27 16:00:00
715256,Charcutería y Quesos,Embutido curado,,Salchichón ibérico La Hacienda del ibérico lonchas,2020-08-27 16:00:00
715467,Charcutería y Quesos,Queso untable y fresco,,Queso fresco batido desnatado 0% materia grasa,2020-08-27 16:00:00
715605,Congelados,Helados,,Helado dulce de leche y sirope de caramelo,2020-08-27 16:00:00
715851,Pescadería,Atun y otras conservas de pescado,Hacendado,Atún claro al natural,2020-08-27 16:00:00
716012,Despensa,Gazpacho y cremas,,Puré de patatas Maggi natural,2020-08-27 16:00:00
716099,Cuidado Personal,Acondicionador y mascarilla,,Sérum Repair & Nutrition cabello seco y dañado,2020-08-27 16:00:00
716127,Cuidado Personal,Champu,,Champú Intense & Gold cabello rubio,2020-08-27 16:00:00
716140,Cuidado Personal,Champu,,Champú Restructuring cabello extremadamente dañado,2020-08-27 16:00:00
716146,Cuidado Personal,Champu,,Champú anticaspa Pure Fresh cabello normal,2020-08-27 16:00:00
716182,Cuidado Personal,Coloracion cabello,,Coloración permanente L'Oréal 5 castaño claro,2020-08-27 16:00:00
716227,Cuidado Personal,Coloracion cabello,,Coloración permanente 9.1 rubio clarísimo ceniza,2020-08-27 16:00:00
716307,Cuidado Personal,Fijacion cabello,,Cera mate todo tipo de cabello fijación 4,2020-08-27 16:00:00
716372,Cuidado Personal,Afeitado y cuidado para hombre,,Maquinillas de afeitar Star II Plus Personna,2020-08-27 16:00:00
716414,Otros,Cuidado corporal,,Gel corporal aloe vera,2020-08-27 16:00:00
716947,Cuidado Personal,Neceseres,,Neceser Dumbo grande con asa,2020-08-27 16:00:00
716985,Cuidado Personal,Perfume y colonia,,Eau de toilette mujer Como tú Astucia,2020-08-27 16:00:00
717016,Cuidado Personal,Perfume y colonia,,Eau de toilette mujer Paula Echevarría Coral,2020-08-27 16:00:00
717382,Frescos,Verdura,,Tomates kumato,2020-08-27 16:00:00
717384,Frescos,Verdura,,Tomate kumato negro,2020-08-27 16:00:00
717416,Frescos,Verdura,,Setas al plato con perejil,2020-08-27 16:00:00
717502,Lácteos y Huevos,Leche y bebidas vegetales,,Leche desnatada calcio,2020-08-27 16:00:00
717567,Lácteos y Huevos,Leche y bebidas vegetales,,Batido de chocolate,2020-08-27 16:00:00
717580,Lácteos y Huevos,Leche y bebidas vegetales,,Bebida láctea con cereales crecimiento y desarrollo Max,2020-08-27 16:00:00
717670,Limpieza y Hogar,Detergente y suavizante ropa,,Detergente ropa blanca y de color en polvo,2020-08-27 16:00:00
717689,Limpieza y Hogar,Detergente y suavizante ropa,,Limpia lavadoras líquido,2020-08-27 16:00:00
717743,Limpieza y Hogar,Estropajo bayeta y guantes,,Guantes de látex talla grande,2020-08-27 16:00:00
718020,Despensa,Menaje y conservacion de alimentos,,Bolsas congelación medianas,2020-08-27 16:00:00
718199,Limpieza y Hogar,Utensilios de limpieza y calzado,,Plantillas invierno talla 22-46,2020-08-27 16:00:00
718325,Maquillaje,Labios,,Pintalabios Superstay 24H 510 red pasion,2020-08-27 16:00:00
718433,Maquillaje,Ojos,,Paleta sombras de ojos perladas My Soul,2020-08-27 16:00:00
718494,Pescadería,Marisco,Pescanova,Tronquitos de surimi ultracongelados,2020-08-27 16:00:00
718518,Pescadería,Pescado congelado,Hacendado,Filetes de abadejo de Alaska sin piel ultracongelados,2020-08-27 16:00:00
718536,Pescadería,Pescado congelado,,Croquetas de bacalao minis Camós congeladas,2020-08-27 16:00:00
718678,Mascotas,Gato,,"Bocaditos en salsa gato adulto Delikuit con salmón, trucha y verduras",2020-08-27 16:00:00
718884,Panadería y Pastelería,Bolleria envasada,,Pastel marmolado,2020-08-27 16:00:00
719124,Panadería y Pastelería,Tartas y pasteles,,Tarta blanca con relleno sabor a nata y cacao,2020-08-27 16:00:00
719187,Platos Preparados,Pizzas,,Pizza 4 quesos,2020-08-27 16:00:00
719233,Platos Preparados,Platos preparados calientes,,Arroz cocido basmati Brillante,2020-08-27 16:00:00
719267,Platos Preparados,Platos preparados calientes,,Fideos orientales Yakisoba soja,2020-08-27 16:00:00
719399,Lácteos y Huevos,Yogures desnatados,,Yogur cremoso con frutas del bosque 0% materia grasa 0% sin azúcares añadidos,2020-08-27 16:00:00
719474,Lácteos y Huevos,Yogures naturales y sabores,,Yogur sabor fresa,2020-08-27 16:00:00
719678,Despensa,Especias,,Sazonador pescado,2020-08-28 04:00:00
719829,Bebidas,Isotonico y energetico,,Bebida energética energy Monster,2020-08-28 04:00:00
719904,Bebidas,Refresco de naranja y de limon,,Refresco de limón con gas,2020-08-28 04:00:00
719934,Bebidas,Tonica y bitter,,Tónica,2020-08-28 04:00:00
719979,Despensa,Pasta y fideos,,Fusilli Armando,2020-08-28 04:00:00
720153,Aperitivos,Patatas fritas y snacks,,Torreznos,2020-08-28 04:00:00
720154,Aperitivos,Patatas fritas y snacks,,Torreznos sabor barbacoa,2020-08-28 04:00:00
720197,Despensa,Legumbres,,Alubia cocida blanca,2020-08-28 04:00:00
720232,Despensa,Pasta y fideos,,Pajaritas vegetales,2020-08-28 04:00:00
720258,Despensa,Pasta y fideos,,Spaghetti sin gluten con quinoa Felicia,2020-08-28 04:00:00
720520,Bebé,Alimentacion infantil,,"Papilla plátano, mandarina y pera +4 meses",2020-08-28 04:00:00
720630,Cuidado Personal,Higiene y cuidado,,Agua de colonia fresca infantil con notas cítricas,2020-08-28 04:00:00
721210,Bebidas Calientes,Te e infusiones,,Infusión Hinojo,2020-08-28 04:00:00
721237,Carnicería,Aves y pollo,,Filetes de pavo contramuslo,2020-08-28 04:00:00
721347,Carnicería,Cerdo,,Chuletas lomo de cerdo,2020-08-28 04:00:00
721433,Carnicería,Empanados y elaborados,,Albóndigas de carne Tenedor Plata ultracongeladas,2020-08-28 04:00:00
721478,Desayuno y Dulces,Cereales,,Anillos de cereales Colors sabor a frutas,2020-08-28 04:00:00
721575,Desayuno y Dulces,Galletas,,Galletas Digestive avena con chocolate,2020-08-28 04:00:00
721587,Desayuno y Dulces,Galletas,,Barquillos mini rolls bañados con chocolate con leche,2020-08-28 04:00:00
721627,Carnicería,Aves y jamon cocido,Hacendado,Pechuga de pollo al corte,2020-08-28 04:00:00
721743,Charcutería y Quesos,Embutido curado,,Lomo,2020-08-28 04:00:00
722073,Congelados,Helados,,Tubitos,2020-08-28 04:00:00
722667,Cuidado Personal,Coloracion cabello,,Coloración permanente 7.3 rubio medio dorado,2020-08-28 04:00:00
722693,Cuidado Personal,Coloracion cabello,,Coloración permanente L'Oréal 6 rubio oscuro,2020-08-28 04:00:00
722739,Cuidado Personal,Fijacion cabello,,Laca cabello extra fuerte todo tipo de cabello fijación 4,2020-08-28 04:00:00
722921,Otros,Cuidado corporal,,Toallitas faciales limpiadoras purificantes pieles grasas,2020-08-28 04:00:00
722942,Cuidado Personal,Cuidado e higiene facial,,Desmaquillador de ojos todo tipo de pieles,2020-08-28 04:00:00
723094,Cuidado Personal,Desodorante,,Desodorante aloe vera,2020-08-28 04:00:00
723272,Cuidado Personal,Higiene intima,,Compresa con alas normal Dry,2020-08-28 04:00:00
723291,Cuidado Personal,Higiene intima,,Protegeslip de incontinencia pequeño,2020-08-28 04:00:00
723560,Cuidado Personal,Perfume y colonia,,Lote hombre Adidas duplo,2020-08-28 04:00:00
723569,Cuidado Personal,Perfume y colonia,,Lote hombre Él,2020-08-28 04:00:00
723696,Salud,Parafarmacia,,Tiras transparentes surtidas,2020-08-28 04:00:00
723706,Salud,Parafarmacia,,Stick de árnica cata pum,2020-08-28 04:00:00
723808,Frescos,Verdura,,Batata,2020-08-28 04:00:00
723872,Frescos,Verdura,,Berenjena,2020-08-28 04:00:00
723937,Lácteos y Huevos,Leche y bebidas vegetales,,Leche desnatada sin lactosa,2020-08-28 04:00:00
724115,Limpieza y Hogar,Detergente y suavizante ropa,,Detergente ropa jabón de Marsella en polvo,2020-08-28 04:00:00
724223,Limpieza y Hogar,Insecticida y ambientador,,Espirales antimosquitos para exteriores,2020-08-28 04:00:00
724253,Limpieza y Hogar,Insecticida y ambientador,Brise,Ambientador by relax zen,2020-08-28 04:00:00
724486,Despensa,Menaje y conservacion de alimentos,,Cucharas de plástico,2020-08-28 04:00:00
724740,Maquillaje,Colorete y polvos,,Polvo suelto traslúcido 01,2020-08-28 04:00:00
724797,Maquillaje,Labios,,Pintalabios cremoso 15,2020-08-28 04:00:00
725080,Pescadería,Pescado fresco,,Rape sin piel y sin cabeza,2020-08-28 04:00:00
725084,Pescadería,Pescado fresco,,Rodaballo a filetes y sin piel,2020-08-28 04:00:00
725161,Mascotas,Gato,,Comida gato adulto Supreme con pollo y arroz,2020-08-28 04:00:00
725296,Panadería y Pastelería,Bolleria de horno,,Cañas de hojaldre surtidas,2020-08-28 04:00:00
725368,Panadería y Pastelería,Bolleria envasada,,Hojaldre de manzana,2020-08-28 04:00:00
725667,Platos Preparados,Pizzas,,Pizza 4 quesos sin gluten y sin lactosa ultracongelada,2020-08-28 04:00:00
725747,Otros,Platos preparados frios,,Gazpacho suave,2020-08-28 04:00:00
725903,Lácteos y Huevos,Yogures liquidos,,Bebida láctea tropical Danacol 0% azúcares añadidos,2020-08-28 04:00:00
725957,Lácteos y Huevos,Yogures y postres infantiles,,Postre lácteo infantil sabor natural Yogolino +6 meses,2020-08-28 04:00:00
725972,Frescos,Fruta variada,Don Simón,Fruta + leche Caribe zero materia grasa,2020-08-28 04:00:00
726082,Despensa,Aceite vinagre y sal,,"Aceite de oliva, vinagre y sal Merry",2020-08-28 10:06:00
726112,Despensa,Especias,,Pimentón dulce,2020-08-28 10:06:00
726376,Bebidas,Agua,,Agua mineral Cortes pequeña,2020-08-28 10:06:00
726428,Despensa,Otras salsas,,Bechamel,2020-08-28 10:06:00
726502,Despensa,Aceite vinagre y sal,,Aceite de oliva 1º,2020-08-28 16:00:00
726508,Despensa,Aceite vinagre y sal,,"Aceite de girasol refinado 0,2º",2020-08-28 16:00:00
726645,Despensa,Otras salsas,,Salsa fresca queso,2020-08-28 16:00:00
726739,Bebidas,Isotonico y energetico,,Bebida isotónica blue Iso drink,2020-08-28 16:00:00
727145,Despensa,Pasta y fideos,,Pasta infantil con vegetales,2020-08-28 16:00:00
727450,Bebé,Alimentacion infantil,,Papilla fruta variada con queso fresco +6 meses,2020-08-28 16:00:00
727507,Bebé,Biberon chupete y menaje,,Tetina látex tres posiciones +1 mes,2020-08-28 16:00:00
727575,Panadería y Pastelería,Toallitas y panales,,Toallitas infantiles cara y manos,2020-08-28 16:00:00
727658,Bodega,Cerveza,,Cerveza,2020-08-28 16:00:00
727668,Bodega,Cerveza,,Cerveza doble malta sin gluten Belgian Blonde Birra & Blues,2020-08-28 16:00:00
727777,Bodega,Licores,,Bebida espirituosa a base de vodka Knebep azul,2020-08-28 16:00:00
727964,Bodega,Vino tinto,,Vino tinto Porto Tawny Almeida Dias,2020-08-28 16:00:00
727990,Bebidas Calientes,Cafe capsula y monodosis,,Café en cápsula fuerte Espresso,2020-08-28 16:00:00
728057,Bebidas Calientes,Cafe soluble y otras bebidas,,Café soluble clásico,2020-08-28 16:00:00
728229,Carnicería,Cerdo,,Costillas de cerdo carnosas a tacos,2020-08-28 16:00:00
728269,Carnicería,Cerdo,,Solomillo de cerdo marinado con setas,2020-08-28 16:00:00
728385,Desayuno y Dulces,Cereales,,Cereales Choco Flakes,2020-08-28 16:00:00
728424,Desayuno y Dulces,Cereales,,Salvado de trigo integral,2020-08-28 16:00:00
728536,Carnicería,Aves y jamon cocido,Hacendado,Jamón de pavo finas lonchas,2020-08-28 16:00:00
728554,Carnicería,Aves y jamon cocido,Hacendado,Cabeza de cerdo finas lonchas,2020-08-28 16:00:00
728886,Carnicería,Carne,Hacendado,Croquetas de ibérico ultracongeladas,2020-08-28 16:00:00
729380,Despensa,Gazpacho y cremas,,Crema de espárragos,2020-08-28 16:00:00
729451,Cuidado Personal,Acondicionador y mascarilla,,Mascarilla Color Intense cabello teñido o con mechas,2020-08-28 16:00:00
729465,Cuidado Personal,Acondicionador y mascarilla,,Mascarilla sin aclarado Bucle Perfect cabello rizado,2020-08-28 16:00:00
729496,Cuidado Personal,Champu,,Champú Intense & Gold cabello rubio,2020-08-28 16:00:00
729607,Cuidado Personal,Coloracion cabello,,Coloración permanente 110 rubio extra claro ceniza,2020-08-28 16:00:00
729828,Otros,Cuidado corporal,,Tratamiento para pies durezas y callos,2020-08-28 16:00:00
729963,Cuidado Personal,Depilacion,,Maquinillas depilación mujer,2020-08-28 16:00:00
729979,Cuidado Personal,Desodorante,,Desodorante roll-on mujer invisible,2020-08-28 16:00:00
729995,Cuidado Personal,Desodorante,,Desodorante roll-on mineral de alumbre Deonat,2020-08-28 16:00:00
730072,Cuidado Personal,Gel y jabon de manos,,Gel de manos higienizante P Beauty Everyday hidroalcohólico,2020-08-28 16:00:00
730182,Cuidado Personal,Higiene intima,,Compresa sin alas maxi super,2020-08-28 16:00:00
730252,Cuidado Personal,Manicura y pedicura,,Tratamiento para uñas gel brillo secado rápido,2020-08-28 16:00:00
730283,Cuidado Personal,Manicura y pedicura,,Lima fibra de vidrio,2020-08-28 16:00:00
730375,Cuidado Personal,Perfume y colonia,,Eau de toilette mujer Fleur de Jour,2020-08-28 16:00:00
730383,Cuidado Personal,Perfume y colonia,,Eau de toilette mujer Pacha Ibiza 24/7,2020-08-28 16:00:00
730459,Cuidado Personal,Perfume y colonia,,Eau de parfum hombre My Soul for him,2020-08-28 16:00:00
730509,Cuidado Personal,Perfume y colonia,,Lote infantil LOL Surprise,2020-08-28 16:00:00
730725,Frescos,Verdura,,Cebollas tiernas,2020-08-28 16:00:00
731409,Despensa,Menaje y conservacion de alimentos,,Bandeja de cartón rectangular P&H,2020-08-28 16:00:00
731411,Despensa,Menaje y conservacion de alimentos,,Bandeja dorada de cartón rectangular grande,2020-08-28 16:00:00
731594,Maquillaje,Bases de maquillaje y corrector,,Maquillaje fluido lasting performance 106 natural beige,2020-08-28 16:00:00
731656,Maquillaje,Colorete y polvos,,Iluminador facial Bom Bom creamy 01,2020-08-28 16:00:00
731702,Maquillaje,Labios,,Pintalabios cremoso 07,2020-08-28 16:00:00
731840,Pescadería,Marisco,Hacendado,Cigala grande ultracongelada,2020-08-28 16:00:00
731843,Pescadería,Marisco,Hacendado,Carne de mejillón de Chile cocido ultracongelado,2020-08-28 16:00:00
731865,Pescadería,Pescado congelado,,Filetes de panga ultracongelados,2020-08-28 16:00:00
731956,Pescadería,Pescado fresco,,Tiras de potón descongeladas,2020-08-28 16:00:00
732095,Mascotas,Perro,,"Paté perro adulto Delikuit con ternera, hígado y verduras",2020-08-28 16:00:00
732162,Mascotas,Pez y otros,,Gammarus para tortugas Dr. Wu Tetra,2020-08-28 16:00:00
732164,Mascotas,Pez y otros,,Comida peces de agua fría Dr. Wu Tetra,2020-08-28 16:00:00
732171,Panadería y Pastelería,Bolleria de horno,,Fartons,2020-08-28 16:00:00
732224,Panadería y Pastelería,Bolleria envasada,,Ensaimadas,2020-08-28 16:00:00
732233,Panadería y Pastelería,Bolleria envasada,,Gofres con chocolate Punto Gofre,2020-08-28 16:00:00
732259,Panadería y Pastelería,Bolleria envasada,,Palmera con cacao,2020-08-28 16:00:00
732382,Panadería y Pastelería,Pan de horno,,Barra pan de agua rebanada,2020-08-28 16:00:00
732437,Panadería y Pastelería,Pan tostado y rallado,,Mini biscotes integrales Minigrill,2020-08-28 16:00:00
732466,Panadería y Pastelería,Picos rosquilletas y picatostes,,Rosquilletas Anitin,2020-08-28 16:00:00
732502,Panadería y Pastelería,Tartas y pasteles,,Tarta de galleta 7 congelada,2020-08-28 16:00:00
732793,Lácteos y Huevos,Yogures liquidos,,Bebida láctea natural azucarada,2020-08-28 16:00:00
732868,Lácteos y Huevos,Yogures y postres infantiles,,Natillas infantiles con galletas +6 meses,2020-08-28 16:00:00
732963,Despensa,Aceite vinagre y sal,,Bebida aromatizada a base de vino para cocinar Abuela Carola,2020-08-29 04:00:00
732973,Despensa,Aceite vinagre y sal,,Bicarbonato sódico,2020-08-29 04:00:00
733038,Despensa,Especias,,Sazonador pescado,2020-08-29 04:00:00
733061,Despensa,Mayonesa ketchup y mostaza,,Mostaza de Dijon,2020-08-29 04:00:00
733098,Despensa,Otras salsas,,Salsa thai chili dulce J-Lek,2020-08-29 04:00:00
733128,Bebidas,Agua,,Agua mineral Cortes,2020-08-29 04:00:00
733190,Bebidas,Isotonico y energetico,,Malta Maltín Polar,2020-08-29 04:00:00
733223,Bebidas,Refresco de cola,,Refresco Zero azúcar,2020-08-29 04:00:00
733233,Bebidas,Refresco de cola,,Refresco cola Zero azúcar,2020-08-29 04:00:00
733235,Bebidas,Refresco de cola,,Refresco cola Zero azúcar,2020-08-29 04:00:00
733349,Bebidas,Refresco de te y sin gas,,Agua de coco Chaokoh 100% natural,2020-08-29 04:00:00
733395,Despensa,Pasta y fideos,,Tapioca Tipiak,2020-08-29 04:00:00
733627,Despensa,Pasta y fideos,,Gnocchi frescos,2020-08-29 04:00:00
733643,Despensa,Pasta y fideos,,Fideos orientales sabor pollo Yum Yum,2020-08-29 04:00:00
733706,Desayuno y Dulces,Chicles y caramelos,,Caramelos regaliz mentol Respiral Halls,2020-08-29 04:00:00
733753,Desayuno y Dulces,Chocolate,,Fideos de chocolate,2020-08-29 04:00:00
733771,Desayuno y Dulces,Chocolate,,Vasito con crema de cacao Choco Snack con palitos de pan,2020-08-29 04:00:00
733816,Desayuno y Dulces,Golosinas,,Golosinas botellas cola,2020-08-29 04:00:00
733824,Desayuno y Dulces,Golosinas,,Osi choc espumas dulces bañadas de chocolate con leche,2020-08-29 04:00:00
733873,Bebé,Alimentacion infantil,,Papilla zanahorias baby con ternera baby +6 meses,2020-08-29 04:00:00
733939,Bebé,Alimentacion infantil,,Papilla instantánea con cereales sin gluten +4 meses,2020-08-29 04:00:00
734046,Bodega,Cerveza,,Cerveza Clásica Steinburg,2020-08-29 04:00:00
734120,Bodega,Cerveza,,Cerveza Radler con zumo natural de limón Steinburg,2020-08-29 04:00:00
734200,Bodega,Licores,,Whisky escocés William Lawson's,2020-08-29 04:00:00
734376,Bodega,Vino tinto,,Vino tinto D.O Utiel-Requena Hoya de Cadenas reserva,2020-08-29 04:00:00
734577,Otros,Arreglos,,Arreglo para arroz al horno,2020-08-29 04:00:00
734679,Carnicería,Cerdo,,Costilla de cerdo ibérico adobada,2020-08-29 04:00:00
734724,Carnicería,Conejo y cordero,,Chuletas de cordero pierna,2020-08-29 04:00:00
734845,Desayuno y Dulces,Cereales,,Copos de trigo Chocodays extrusionados y recubiertos,2020-08-29 04:00:00
734976,Carnicería,Aves y jamon cocido,Hacendado,Pechuga de pavo bajo en sal finas lonchas,2020-08-29 04:00:00
734999,Carnicería,Aves y jamon cocido,Hacendado,Longaniza de pavo imperial extra,2020-08-29 04:00:00
735017,Carnicería,Aves y jamon cocido,,Lacón cortado a mano Noel,2020-08-29 04:00:00
735023,Charcutería y Quesos,Bacon y salchichas,,Bacón ahumado La Selva lonchas,2020-08-29 04:00:00
735054,Charcutería y Quesos,Chopped y mortadela,,Mortadela veggie con aceitunas Noel lonchas,2020-08-29 04:00:00
735063,Charcutería y Quesos,Embutido curado,,Longaniza sticks para picar,2020-08-29 04:00:00
735072,Charcutería y Quesos,Embutido curado,,Salchichón de bellota ibérico cortado a máquina,2020-08-29 04:00:00
735192,Charcutería y Quesos,Queso curado semicurado y tierno,,Queso oveja curado,2020-08-29 04:00:00
735226,Charcutería y Quesos,Queso curado semicurado y tierno,,Queso bola Edam tierno Holland Corona,2020-08-29 04:00:00
735259,Charcutería y Quesos,Queso lonchas rallado y en porciones,,Queso en porciones El,2020-08-29 04:00:00
735486,Pescadería,Pescado,Hacendado,Rodaja de emperador congelado,2020-08-29 04:00:00
735590,Panadería y Pastelería,Tartas y churros,,Tarta infantil Peppa Pig congelada,2020-08-29 04:00:00
735778,Frescos,Conservas de verdura y frutas,Hacendado,Menestra con aceite,2020-08-29 04:00:00
735855,Despensa,Sopa y caldo,,Caldo de pollo bajo en sal,2020-08-29 04:00:00
736100,Cuidado Personal,Coloracion cabello,,Bol coloración cabello,2020-08-29 04:00:00
736126,Cuidado Personal,Fijacion cabello,,Gel fijador extra fuerte todo tipo de cabello fijación 4,2020-08-29 04:00:00
736139,Cuidado Personal,Peines y accesorios,,Cepillo cabello neumático,2020-08-29 04:00:00
736163,Cuidado Personal,Peines y accesorios,,Coletero para recogido negro,2020-08-29 04:00:00
736227,Otros,Cuidado corporal,,Loción corporal aloe vera,2020-08-29 04:00:00
736283,Otros,Cuidado corporal,,Toallitas refrescantes,2020-08-29 04:00:00
736351,Cuidado Personal,Cuidado e higiene facial,,Crema facial hidra-sensitive dermik con activo calmante,2020-08-29 04:00:00
736410,Cuidado Personal,Depilacion,,Maquinillas depilación mujer,2020-08-29 04:00:00
736437,Cuidado Personal,Desodorante,,Desodorante roll-on active control men,2020-08-29 04:00:00
736467,Cuidado Personal,Desodorante,,Desodorante dermo extra control,2020-08-29 04:00:00
736528,Cuidado Personal,Gel y jabon de manos,,Esponja de baño doble acción suave masaje,2020-08-29 04:00:00
736856,Cuidado Personal,Perfume y colonia,,Lote mujer Benetton Colors pink,2020-08-29 04:00:00
736861,Cuidado Personal,Perfume y colonia,,Lote mujer 9.60 Pure,2020-08-29 04:00:00
736865,Cuidado Personal,Perfume y colonia,,Eau de toilette hombre Bustamante Muy mío,2020-08-29 04:00:00
736883,Cuidado Personal,Perfume y colonia,,Eau de toilette hombre Adolfo Dominguez Bambú,2020-08-29 04:00:00
736910,Cuidado Personal,Perfume y colonia,,Eau de toilette hombre Criterio Ego,2020-08-29 04:00:00
737141,Frescos,Lechuga y ensalada preparada,,Ensalada mezcla brotes tiernos maxi,2020-08-29 04:00:00
737228,Frescos,Verdura,,Berenjena rayada,2020-08-29 04:00:00
737420,Lácteos y Huevos,Mantequilla y margarina,,Mantequilla con sal,2020-08-29 04:00:00
737463,Limpieza y Hogar,Detergente y suavizante ropa,,Detergente ropa adiós al separar en gel,2020-08-29 04:00:00
737476,Limpieza y Hogar,Detergente y suavizante ropa,,Detergente ropa blanca y de color en polvo,2020-08-29 04:00:00
737508,Limpieza y Hogar,Detergente y suavizante ropa,,Suavizante ropa floral concentrado,2020-08-29 04:00:00
737738,Limpieza y Hogar,Limpieza bano y wc,,Limpiador cal y suciedad,2020-08-29 04:00:00
737835,Despensa,Menaje y conservacion de alimentos,,Bolsas congelación grandes,2020-08-29 04:00:00
737888,Limpieza y Hogar,Papel higienico y celulosa,,Papel cocina gigante absorbente,2020-08-29 04:00:00
737895,Limpieza y Hogar,Papel higienico y celulosa,,Papel higiénico húmedo WC infantil,2020-08-29 04:00:00
737924,Limpieza y Hogar,Pilas y bolsas de basura,,Bolsa de basura extra 30L cubo mediano,2020-08-29 04:00:00
738039,Maquillaje,Bases de maquillaje y corrector,,Maquillaje fluido anti-age 45 light honey,2020-08-29 04:00:00
738324,Pescadería,Pescado congelado,Pescanova,Anguriñas de surimi ultracongeladas,2020-08-29 04:00:00
738479,Pescadería,Sushi,,Makis salmón,2020-08-29 04:00:00
738582,Mascotas,Perro,,"Comida perro sénior light Supreme con pollo, cebada y arroz",2020-08-29 04:00:00
738649,Panadería y Pastelería,Bolleria de horno,,Magdalenas sin gluten  y sin lactosa,2020-08-29 04:00:00
738718,Panadería y Pastelería,Bolleria envasada,,Bizcocho con baño de cacao,2020-08-29 04:00:00
738763,Panadería y Pastelería,Harina y preparado reposteria,,Preparado en polvo natillas Royal,2020-08-29 04:00:00
738766,Panadería y Pastelería,Harina y preparado reposteria,,Preparado en polvo gelatina sandía,2020-08-29 04:00:00
738925,Panadería y Pastelería,Picos rosquilletas y picatostes,,Palitos de pan con pimentón Anitin,2020-08-29 04:00:00
738966,Panadería y Pastelería,Tartas y pasteles,,Surtido de repostería congelada,2020-08-29 04:00:00
738998,Platos Preparados,Pizzas,,Pizza barbacoa familiar,2020-08-29 04:00:00
739008,Platos Preparados,Pizzas,,Calzone de pollo a la barbacoa,2020-08-29 04:00:00
739037,Platos Preparados,Platos preparados calientes,,Lasaña boloñesa familiar,2020-08-29 04:00:00
739474,Despensa,Especias,,Clavo en grano,2020-08-29 16:00:00
739533,Despensa,Otras salsas,,Salsa chimichurri,2020-08-29 16:00:00
739555,Despensa,Otras salsas,,Salsa césar,2020-08-29 16:00:00
739588,Bebidas,Agua,,Agua mineral grande,2020-08-29 16:00:00
739593,Bebidas,Agua,,Agua mineral grande,2020-08-29 16:00:00
739673,Bebidas,Refresco de cola,,Refresco Zero azúcar,2020-08-29 16:00:00
739789,Bebidas,Refresco de te y sin gas,,Bebida Florida Sunny Delight,2020-08-29 16:00:00
739847,Despensa,Aceitunas y encurtidos,,Cebollitas sabor anchoa,2020-08-29 16:00:00
739942,Aperitivos,Patatas fritas y snacks,,Patatas fritas onduladas Munchos sabor queso,2020-08-29 16:00:00
739987,Despensa,Arroz,,Arroz bomba,2020-08-29 16:00:00
740000,Despensa,Arroz,,Arroz arborio especial risotto,2020-08-29 16:00:00
740002,Despensa,Legumbres,,Garbanzo cocido,2020-08-29 16:00:00
740061,Despensa,Pasta y fideos,,Tallarín,2020-08-29 16:00:00
740179,Desayuno y Dulces,Chocolate,,Chocolate negro fundir 0% azúcares añadidos,2020-08-29 16:00:00
740271,Desayuno y Dulces,Golosinas,,Osi choc espumas dulces bañadas de chocolate con leche,2020-08-29 16:00:00
740528,Bodega,Cerveza,,Cerveza reserva 1925,2020-08-29 16:00:00
740546,Bodega,Cerveza,,Cerveza,2020-08-29 16:00:00
740665,Bodega,Licores,,Vodka Absolut,2020-08-29 16:00:00
740865,Desayuno y Dulces,Cacao soluble y chocolate a la taza,,Cacao soluble original,2020-08-29 16:00:00
740876,Bebidas Calientes,Cafe capsula y monodosis,,Café en cápsula ristretto L'Or Espresso,2020-08-29 16:00:00
740897,Bebidas Calientes,Cafe capsula y monodosis,,Café en cápsula descafeinado Cocatech,2020-08-29 16:00:00
741038,Carnicería,Aves y pollo,,Solomillo de pavo,2020-08-29 16:00:00
741045,Carnicería,Aves y pollo,,Foie gras de pato loncheado,2020-08-29 16:00:00
741097,Carnicería,Carne congelada,,Jamoncitos de pollo congelados,2020-08-29 16:00:00
741135,Carnicería,Cerdo,,Filetes lomo al ajillo,2020-08-29 16:00:00
741260,Carnicería,Empanados y elaborados,,Lomo de cerdo ibérico adobado,2020-08-29 16:00:00
741288,Desayuno y Dulces,Cereales,,Copos trigo de espelta integral,2020-08-29 16:00:00
741644,Charcutería y Quesos,Queso curado semicurado y tierno,,Queso semicurado cortado en cuñitas,2020-08-29 16:00:00
741929,Pescadería,Pescado,Pescanova,Anguriñas de surimi ultracongeladas,2020-08-29 16:00:00
742112,Pescadería,Atun y otras conservas de pescado,Hacendado,Filetes de caballa del sur en aceite de oliva,2020-08-29 16:00:00
742224,Frescos,Conservas de verdura y frutas,Hacendado,Macedonia de frutas en almíbar,2020-08-29 16:00:00
742325,Cuidado Personal,Acondicionador y mascarilla,,Acondicionador protector color vive Elvive cabello teñido,2020-08-29 16:00:00
742428,Cuidado Personal,Coloracion cabello,,Coloración permanente sin amoníaco Azalea 5.35 chocolate,2020-08-29 16:00:00
742488,Cuidado Personal,Coloracion cabello,,Coloración permanente sin amoníaco Azalea 7 rubio,2020-08-29 16:00:00
742498,Cuidado Personal,Coloracion cabello,,Coloración permanente L'Oréal 8 rubio claro,2020-08-29 16:00:00
742624,Cuidado Personal,Afeitado y cuidado para hombre,,Maquinilla de afeitar Personna,2020-08-29 16:00:00
742755,Cuidado Personal,Cuidado e higiene facial,,Mascarilla facial hidratante con agua de rosas,2020-08-29 16:00:00
742869,Cuidado Personal,Desodorante,,Desodorante en crema pieles delicadas,2020-08-29 16:00:00
743006,Cuidado Personal,Higiene bucal,,Cepillo dental infantil Disney Henry el monstruo feliz Sp.Berner,2020-08-29 16:00:00
743034,Cuidado Personal,Higiene bucal,,Enjuague bucal sensitive zero alcohol,2020-08-29 16:00:00
743073,Cuidado Personal,Higiene intima,,Compresa con alas para pérdidas de orina Depend normal,2020-08-29 16:00:00
743130,Frescos,Fruta,,Uva negra sin semillas,2020-08-29 16:00:00
743216,Cuidado Personal,Perfume y colonia,,Eau de parfum mujer Elección,2020-08-29 16:00:00
743248,Cuidado Personal,Perfume y colonia,,Eau de toilette mujer Malú Live love music,2020-08-29 16:00:00
743845,Lácteos y Huevos,Leche y bebidas vegetales,,Leche condensada desnatada Nutricia sin lactosa,2020-08-29 16:00:00
743851,Lácteos y Huevos,Leche y bebidas vegetales,,Preparado de leche en cápsula Cocatech,2020-08-29 16:00:00
743991,Limpieza y Hogar,Estropajo bayeta y guantes,,Guantes 100% nitrilo talla mediana,2020-08-29 16:00:00
744122,Limpieza y Hogar,Limpiacristales,,Limpiacristales y multiusos,2020-08-29 16:00:00
744165,Limpieza y Hogar,Limpieza bano y wc,,Colgador WC natural-pino Bref,2020-08-29 16:00:00
744207,Limpieza y Hogar,Limpieza muebles y multiusos,,Multiusos ph neutro Las 3 Brujas,2020-08-29 16:00:00
744375,Limpieza y Hogar,Utensilios de limpieza y calzado,,Escoba fibras cruzadas,2020-08-29 16:00:00
744419,Limpieza y Hogar,Utensilios de limpieza y calzado,,Limpiador de calzado azul,2020-08-29 16:00:00
744548,Maquillaje,Labios,,Perfilador de labios 05 cereza,2020-08-29 16:00:00
745024,Mascotas,Perro,,Snack perro tiras sabor bacon,2020-08-29 16:00:00
745185,Panadería y Pastelería,Harina y preparado reposteria,,Preparado en polvo para pancakes,2020-08-29 16:00:00
745215,Panadería y Pastelería,Pan de horno,,3 Baguettes masa madre,2020-08-29 16:00:00
745416,Otros,Velas y decoracion,,Sirope de fresa,2020-08-29 16:00:00
745431,Platos Preparados,Pizzas,,Pizza carbonara familiar,2020-08-29 16:00:00
745463,Platos Preparados,Pizzas,,Rosca jamón serrano y queso emmental,2020-08-29 16:00:00
745475,Platos Preparados,Platos preparados calientes,,Arroz cocido basmati Brillante,2020-08-29 16:00:00
745578,Lácteos y Huevos,Bifidus,,Bífidus natural edulcorado 0% materia grasa,2020-08-29 16:00:00
745642,Lácteos y Huevos,Yogures desnatados,,Yogur cremoso con frutas del bosque 0% materia grasa 0% sin azúcares añadidos,2020-08-29 16:00:00
745840,Despensa,Aceite vinagre y sal,,Aceite de coco virgen,2020-08-30 04:00:00
745894,Despensa,Especias,,Canela en rama,2020-08-30 04:00:00
745919,Despensa,Especias,,Sazonador ensalada,2020-08-30 04:00:00
746245,Despensa,Aceitunas y encurtidos,,Aceitunas gazpacha con hueso,2020-08-30 04:00:00
746286,Despensa,Aceitunas y encurtidos,,Altramuces Dorisol,2020-08-30 04:00:00
746673,Desayuno y Dulces,Chocolate,,Surtido bombones Caja Roja,2020-08-30 04:00:00
746710,Desayuno y Dulces,Golosinas,,Golosinas animalitos de pica pica,2020-08-30 04:00:00
746744,Desayuno y Dulces,Mermelada y miel,,Confitura de albaricoque,2020-08-30 04:00:00
746774,Bebé,Alimentacion infantil,,Yogur líquido infantil de fresa y plátano Go-Lácteo +8 meses,2020-08-30 04:00:00
746799,Bebé,Alimentacion infantil,,Leche de continuación Peques 2,2020-08-30 04:00:00
746865,Cuidado Personal,Higiene y cuidado,,Champú infantil,2020-08-30 04:00:00
746959,Bodega,Cerveza,,Cerveza Clásica Steinburg,2020-08-30 04:00:00
746964,Bodega,Cerveza,,Cerveza reserva,2020-08-30 04:00:00
746998,Bodega,Cerveza,,Cerveza Radler con zumo natural de limón Steinburg,2020-08-30 04:00:00
747099,Bodega,Licores,,Vodka Absolut,2020-08-30 04:00:00
747139,Bodega,Sidra y cava,,Sidra extra El Gaitero,2020-08-30 04:00:00
747148,Bodega,Sidra y cava,,Cava brut Cabré & Sabaté Chardonnay,2020-08-30 04:00:00
747197,Bodega,Vino blanco,,Vino blanco verdejo D.O Rueda Amigo Fiel,2020-08-30 04:00:00
747201,Bodega,Vino blanco,,Vino blanco semidulce Bach D.O Catalunya,2020-08-30 04:00:00
747318,Bebidas Calientes,Cafe capsula y monodosis,,Café en cápsula lungo,2020-08-30 04:00:00
747427,Bebidas Calientes,Te e infusiones,,Infusión Manzanilla con anís,2020-08-30 04:00:00
747660,Carnicería,Vacuno,,Entrecot de vacuno angus,2020-08-30 04:00:00
747732,Desayuno y Dulces,Cereales,,Cereales choco All-Bran Kellogg's,2020-08-30 04:00:00
747910,Charcutería y Quesos,Bacon y salchichas,,Salchichas cocidas Frankfurt La Selva,2020-08-30 04:00:00
748047,Charcutería y Quesos,Pate y sobrasada,,Sobrasada ibérica L'Illa especialidades,2020-08-30 04:00:00
748071,Charcutería y Quesos,Queso curado semicurado y tierno,,Queso tetilla Punteiro,2020-08-30 04:00:00
748156,Charcutería y Quesos,Queso untable y fresco,,Queso fresco batido desnatado,2020-08-30 04:00:00
748656,Frescos,Conservas de verdura y frutas,Hacendado,Macedonia de frutas en almíbar,2020-08-30 04:00:00
748681,Despensa,Gazpacho y cremas,,Salmorejo fresco,2020-08-30 04:00:00
748846,Cuidado Personal,Coloracion cabello,,Coloración sin amoníaco L'Oréal 323 negro chocolate,2020-08-30 04:00:00
748956,Cuidado Personal,Coloracion cabello,,Coloración sin amoníaco L'Oréal 5 castaño natural,2020-08-30 04:00:00
748984,Cuidado Personal,Fijacion cabello,,Spray cabello brillo todo tipo de cabello sin fijación,2020-08-30 04:00:00
748991,Cuidado Personal,Fijacion cabello,,Gel fijador extra fuerte todo tipo de cabello fijación 4,2020-08-30 04:00:00
749261,Cuidado Personal,Depilacion,,Crema depilatoria Veet piel sensible,2020-08-30 04:00:00
749268,Cuidado Personal,Depilacion,,Crema depilatoria de ducha Veet piel sensible,2020-08-30 04:00:00
749418,Cuidado Personal,Higiene bucal,,Dentífrico gel fresh con flúor,2020-08-30 04:00:00
749425,Cuidado Personal,Higiene bucal,,Dentífrico gel infantil + 2 años Shimer & Shine,2020-08-30 04:00:00
749573,Cuidado Personal,Manicura y pedicura,,Laca de uñas alto brillo 15 perla rosada,2020-08-30 04:00:00
749964,Frescos,Fruta,,Pera Carmen,2020-08-30 04:00:00
750098,Frescos,Verdura,,Acelgas cortadas,2020-08-30 04:00:00
750206,Lácteos y Huevos,Leche y bebidas vegetales,,Bebida de soja sin azúcares añadidos,2020-08-30 04:00:00
750286,Lácteos y Huevos,Mantequilla y margarina,,Mantequilla con sal,2020-08-30 04:00:00
750291,Lácteos y Huevos,Mantequilla y margarina,,Margarina,2020-08-30 04:00:00
750358,Limpieza y Hogar,Detergente y suavizante ropa,,Limpia lavadoras líquido,2020-08-30 04:00:00
750390,Limpieza y Hogar,Detergente y suavizante ropa,,Decolorante de tejidos sin lejía La Nave,2020-08-30 04:00:00
750514,Limpieza y Hogar,Insecticida y ambientador,,Vela perfumada lavanda,2020-08-30 04:00:00
750517,Limpieza y Hogar,Insecticida y ambientador,,Absorbeolores Marsella,2020-08-30 04:00:00
750542,Limpieza y Hogar,Lejia y liquidos fuertes,,Amoníaco muy fuerte con detergente,2020-08-30 04:00:00
750594,Limpieza y Hogar,Limpieza bano y wc,Flor,Gel WC de cerezo,2020-08-30 04:00:00
750677,Limpieza y Hogar,Limpieza vajilla,,Abrillantador lavavajillas líquido,2020-08-30 04:00:00
750865,Limpieza y Hogar,Utensilios de limpieza y calzado,,Cordones blancos zapatilla deportiva,2020-08-30 04:00:00
751230,Pescadería,Pescado congelado,Hacendado,Pulpo crudo grande congelado,2020-08-30 04:00:00
751246,Pescadería,Pescado en bandeja,,Filetes de dorada,2020-08-30 04:00:00
751272,Pescadería,Pescado fresco,,Corvina abierta a la espalda con espinas y con cabeza,2020-08-30 04:00:00
751661,Panadería y Pastelería,Pan de horno,,Baguette sin gluten,2020-08-30 04:00:00
751761,Panadería y Pastelería,Pan tostado y rallado,,Crackers 30% integral Galbusera,2020-08-30 04:00:00
751814,Panadería y Pastelería,Tartas y pasteles,,Tarta de galleta 6/9 congelada,2020-08-30 04:00:00
752066,Otros,Postres de soja,,Postre de soja sabor vainilla Alpro,2020-08-30 04:00:00
752289,Despensa,Aceite vinagre y sal,,Bicarbonato sódico,2020-08-30 16:00:00
752421,Despensa,Otras salsas,,Guacamole,2020-08-30 16:00:00
752512,Bebidas,Isotonico y energetico,,Bebida energética Energy Drink,2020-08-30 16:00:00
752698,Despensa,Aceitunas y encurtidos,,Aceitunas Bernal partida con hueso,2020-08-30 16:00:00
752766,Frescos,Frutos secos y fruta desecada,Hacendado,Cacahuete garrapiñado,2020-08-30 16:00:00
752769,Frescos,Frutos secos y fruta desecada,Hacendado,Palomitas de maíz dulces para microondas,2020-08-30 16:00:00
752941,Despensa,Pasta y fideos,,Tagliatelle frescos al huevo,2020-08-30 16:00:00
752976,Despensa,Pasta y fideos,,Fideos orientales Yatekomo,2020-08-30 16:00:00
753075,Desayuno y Dulces,Chocolate,,Chocolate blanco,2020-08-30 16:00:00
753155,Desayuno y Dulces,Mermelada y miel,,Mermelada de melocotón,2020-08-30 16:00:00
753293,Bebé,Biberon chupete y menaje,,Vaso para bebé +6 meses boquilla blanda Mickey,2020-08-30 16:00:00
753326,Panadería y Pastelería,Toallitas y panales,,Toallitas bebé frescas & perfumadas,2020-08-30 16:00:00
753363,Bodega,Cerveza,,Cerveza Amstel,2020-08-30 16:00:00
753418,Bodega,Cerveza,,Cerveza de trigo tostada Paulaner,2020-08-30 16:00:00
753422,Bodega,Cerveza,,Cerveza de trigo 1897,2020-08-30 16:00:00
753543,Bodega,Licores,,Licor de limoncello Franzini,2020-08-30 16:00:00
753574,Bodega,Sidra y cava,,Cava brut Anna Codorníu,2020-08-30 16:00:00
753616,Bodega,Vino blanco,,Vino blanco D.O Rioja Comportillo cosecha,2020-08-30 16:00:00
753769,Bebidas Calientes,Cafe capsula y monodosis,,Preparado de leche en cápsula Cocatech,2020-08-30 16:00:00
753790,Bebidas Calientes,Cafe molido y en grano,,Café molido mezcla fuerte,2020-08-30 16:00:00
753795,Bebidas Calientes,Cafe molido y en grano,,Café molido mezcla crème express,2020-08-30 16:00:00
753816,Bebidas Calientes,Cafe soluble y otras bebidas,,Café soluble en sobres descafeinado,2020-08-30 16:00:00
753884,Otros,Arreglos,,Hueso garrón,2020-08-30 16:00:00
753944,Carnicería,Aves y pollo,,Medio pollo rural troceado,2020-08-30 16:00:00
754059,Carnicería,Hamburguesas y picadas,,Mini burgers de vacuno y cerdo,2020-08-30 16:00:00
754165,Desayuno y Dulces,Cereales,,Cereales choco All-Bran Kellogg's,2020-08-30 16:00:00
754196,Desayuno y Dulces,Galletas,,Galletas tostadas,2020-08-30 16:00:00
754331,Charcutería y Quesos,Bacon y salchichas,,Salchichas cocidas estilo Frankfurt,2020-08-30 16:00:00
754479,Charcutería y Quesos,Pate y sobrasada,,Bloc foie gras de pato,2020-08-30 16:00:00
754505,Charcutería y Quesos,Queso curado semicurado y tierno,,Queso tetilla Punteiro,2020-08-30 16:00:00
754519,Charcutería y Quesos,Queso curado semicurado y tierno,,Queso tronchón tierno Montesinos,2020-08-30 16:00:00
754560,Charcutería y Quesos,Queso lonchas rallado y en porciones,,Queso en porciones El,2020-08-30 16:00:00
754739,Congelados,Helados,,Obleas para helados,2020-08-30 16:00:00
754957,Pescadería,Atun y otras conservas de pescado,Hacendado,Atún en aceite de girasol,2020-08-30 16:00:00
755210,Cuidado Personal,Acondicionador y mascarilla,,Mascarilla sin aclarado Hydra cabello normal,2020-08-30 16:00:00
755211,Cuidado Personal,Acondicionador y mascarilla,,Sérum Repair & Nutrition cabello seco y dañado,2020-08-30 16:00:00
755488,Cuidado Personal,Afeitado y cuidado para hombre,,Maquinillas de afeitar Blue II plus,2020-08-30 16:00:00
755516,Cuidado Personal,Afeitado y cuidado para hombre,,Exfoliante facial hombre,2020-08-30 16:00:00
755539,Otros,Cuidado corporal,,Loción corporal efecto bronceado,2020-08-30 16:00:00
755680,Cuidado Personal,Depilacion,,Cera caliente en tarro apta piel sensible,2020-08-30 16:00:00
755686,Cuidado Personal,Depilacion,,Bandas de cera hombre especial espalda y piernas,2020-08-30 16:00:00
755750,Cuidado Personal,Desodorante,,Desodorante invisible black & white Men,2020-08-30 16:00:00
755817,Cuidado Personal,Gel y jabon de manos,,Esponjas de baño con jabón Jabonitas,2020-08-30 16:00:00
755838,Cuidado Personal,Higiene bucal,,Dentífrico herbal original,2020-08-30 16:00:00
755988,Cuidado Personal,Manicura y pedicura,,Tratamiento para uñas base 9 en 1 vitaminada y alisadora,2020-08-30 16:00:00
756166,Cuidado Personal,Perfume y colonia,,Eau de toilette hombre Ikiru,2020-08-30 16:00:00
756319,Salud,Fitoterapia,,Polen,2020-08-30 16:00:00
756382,Salud,Parafarmacia,,Preservativos placer prolongado Durex,2020-08-30 16:00:00
756640,Lácteos y Huevos,Leche y bebidas vegetales,,Bebida de almendras zero Soymilk,2020-08-30 16:00:00
756680,Lácteos y Huevos,Leche y bebidas vegetales,,Bebida láctea crecimiento y desarrollo Max,2020-08-30 16:00:00
756721,Lácteos y Huevos,Mantequilla y margarina,,Manteca de cerdo Mont-Palau para cocinar,2020-08-30 16:00:00
756792,Limpieza y Hogar,Detergente y suavizante ropa,,Activador del lavado oxy blanco puro Neutrex líquido,2020-08-30 16:00:00
756807,Limpieza y Hogar,Detergente y suavizante ropa,,Toallitas suavizantes para secadora,2020-08-30 16:00:00
756838,Limpieza y Hogar,Estropajo bayeta y guantes,,Bayeta polvo microfibra,2020-08-30 16:00:00
756893,Limpieza y Hogar,Insecticida y ambientador,,Difusor ambientador eléctrico,2020-08-30 16:00:00
756998,Limpieza y Hogar,Limpiahogar y friegasuelos,,Friegasuelos pétalos concentrado,2020-08-30 16:00:00
757023,Limpieza y Hogar,Limpieza bano y wc,Flor,Gel WC de cerezo,2020-08-30 16:00:00
757056,Limpieza y Hogar,Limpieza cocina,,Recambio rasqueta vitrocerámicas,2020-08-30 16:00:00
757064,Limpieza y Hogar,Limpieza muebles y multiusos,,Limpia tapicerías espuma seca,2020-08-30 16:00:00
757118,Despensa,Menaje y conservacion de alimentos,,Molde de papel magdalenas nº8 P&H,2020-08-30 16:00:00
757135,Despensa,Menaje y conservacion de alimentos,,Vasos grandes de plástico,2020-08-30 16:00:00
757181,Limpieza y Hogar,Papel higienico y celulosa,,Papel hogar compacto absorbente,2020-08-30 16:00:00
757359,Maquillaje,Bases de maquillaje y corrector,,Maquillaje fluido hydra-confort 03 beige medio,2020-08-30 16:00:00
757368,Maquillaje,Bases de maquillaje y corrector,,Maquillaje compacto 04,2020-08-30 16:00:00
757376,Panadería y Pastelería,Bolleria de horno,,Pastel de crema,2020-08-30 16:00:00
757535,Maquillaje,Ojos,,Sombra de ojos larga duración 03,2020-08-30 16:00:00
757796,Mascotas,Gato,,Mousse de lenguado gato adulto Delikuit,2020-08-30 16:00:00
758007,Panadería y Pastelería,Bolleria envasada,,Bizcocho con baño de cacao,2020-08-30 16:00:00
758038,Panadería y Pastelería,Harina y preparado reposteria,,Levadura en polvo,2020-08-30 16:00:00
758050,Panadería y Pastelería,Harina y preparado reposteria,,Preparado en polvo gelatina piña,2020-08-30 16:00:00
758076,Panadería y Pastelería,Pan de horno,,Barra pan de aceite de oliva,2020-08-30 16:00:00
758641,Frescos,Fruta variada,Hacendado,Zumo de frutas y jengibre Active,2020-08-30 16:00:00
758819,Despensa,Otras salsas,,Tomate frito con aceite de oliva,2020-08-31 04:00:00
758969,Bebidas,Refresco de cola,,Refresco Zero azúcar,2020-08-31 04:00:00
759067,Bebidas,Refresco de te y sin gas,,Refresco té sabor limón,2020-08-31 04:00:00
759283,Despensa,Arroz,,Arroz bomba,2020-08-31 04:00:00
759415,Desayuno y Dulces,Azucar y edulcorante,,Edulcorante líquido stevia,2020-08-31 04:00:00
759467,Desayuno y Dulces,Chocolate,,Chocolate extrafino negro avellanas enteras,2020-08-31 04:00:00
759522,Desayuno y Dulces,Chocolate,,Mini huevos de chocolate con leche Schoko-Bons rellenos de leche y avellanas,2020-08-31 04:00:00
759609,Bebé,Alimentacion infantil,,Papilla verduritas con pollo y ternera baby +6 meses,2020-08-31 04:00:00
759731,Cuidado Personal,Higiene y cuidado,,Aceite corporal bebé con aloe vera 's,2020-08-31 04:00:00
759895,Bodega,Cerveza sin alcohol,,"Cerveza 0,0% sin alcohol",2020-08-31 04:00:00
759922,Bodega,Licores,,Brandy de Jerez solera reserva Convidado de Baco,2020-08-31 04:00:00
759939,Bodega,Licores,,Whisky DYC,2020-08-31 04:00:00
759945,Bodega,Licores,,Ron dominicano añejo superior Brugal,2020-08-31 04:00:00
760135,Bodega,Vino tinto,,Vino tinto D.O Ribera del Duero Abadía Mantrús roble,2020-08-31 04:00:00
760142,Bodega,Vino tinto,,Vino tinto D.O Campo de Borja Borsao,2020-08-31 04:00:00
760177,Bebidas Calientes,Cafe capsula y monodosis,,Café en cápsula Colombia Espresso,2020-08-31 04:00:00
760196,Bebidas Calientes,Cafe capsula y monodosis,,Café con leche en cápsula descafeinado Dolce Gusto,2020-08-31 04:00:00
760432,Carnicería,Cerdo,,Filetes de cerdo magro jamón,2020-08-31 04:00:00
760542,Carnicería,Empanados y elaborados,,Medallones preparado de solomillo cerdo provenzal,2020-08-31 04:00:00
760734,Carnicería,Aves y jamon cocido,Hacendado,Pechuga de pavo pimienta finas lonchas,2020-08-31 04:00:00
760820,Charcutería y Quesos,Embutido curado,,Chorizo picante extra,2020-08-31 04:00:00
760983,Charcutería y Quesos,Queso lonchas rallado y en porciones,,Queso en polvo especial pasta,2020-08-31 04:00:00
761059,Despensa,Arroz y pasta,,Lasaña de carne a la barbacoa ultracongelada,2020-08-31 04:00:00
761122,Congelados,Helados,,Helado con mango mochi,2020-08-31 04:00:00
761455,Despensa,Berberechos y mejillones,,Mejillones en escabeche pequeños,2020-08-31 04:00:00
761469,Frescos,Conservas de verdura y frutas,Hacendado,Champiñón laminado,2020-08-31 04:00:00
761501,Frescos,Conservas de verdura y frutas,Hacendado,Espárragos delgados verdes enteros,2020-08-31 04:00:00
761627,Cuidado Personal,Acondicionador y mascarilla,,Mascarilla Bucle Perfect cabello rizado,2020-08-31 04:00:00
761789,Cuidado Personal,Coloracion cabello,,Coloración permanente L'Oréal 6 rubio oscuro,2020-08-31 04:00:00
761977,Otros,Cuidado corporal,,Aceite corporal tacto seco,2020-08-31 04:00:00
762004,Otros,Cuidado corporal,,Papel higiénico húmedo WC,2020-08-31 04:00:00
762145,Cuidado Personal,Depilacion,,Maquinilla depilación Hydro silk bikini,2020-08-31 04:00:00
762185,Cuidado Personal,Desodorante,,Desodorante mujer perfume afrutado,2020-08-31 04:00:00
762190,Cuidado Personal,Desodorante,,Desodorante dermo extra control,2020-08-31 04:00:00
762244,Cuidado Personal,Gel y jabon de manos,,Gel de manos hidroalcohólico 70% alcohol sin aclarado,2020-08-31 04:00:00
762328,Cuidado Personal,Higiene bucal,,Enjuague bucal cuidado encías zero alcohol,2020-08-31 04:00:00
762429,Cuidado Personal,Manicura y pedicura,,Laca de uñas manicura francesa blanco punta 01,2020-08-31 04:00:00
762757,Salud,Fitoterapia,,Sticks depurat,2020-08-31 04:00:00
762762,Salud,Fitoterapia,,Cápsulas Sol,2020-08-31 04:00:00
762763,Salud,Fitoterapia,,Cápsulas hipérico,2020-08-31 04:00:00
762876,Frescos,Lechuga y ensalada preparada,,Ensalada mezcla tierna,2020-08-31 04:00:00
762943,Frescos,Verdura,,Medio repollo liso,2020-08-31 04:00:00
762947,Frescos,Verdura,,Media col lombarda,2020-08-31 04:00:00
762959,Frescos,Verdura,,Cilantro,2020-08-31 04:00:00
763026,Lácteos y Huevos,Leche y bebidas vegetales,,Leche desnatada,2020-08-31 04:00:00
763255,Limpieza y Hogar,Detergente y suavizante ropa,,Decolorante de tejidos sin lejía La Nave,2020-08-31 04:00:00
763335,Limpieza y Hogar,Insecticida y ambientador,,Ambientador eléctrico spa 6 fragancias,2020-08-31 04:00:00
763457,Limpieza y Hogar,Limpieza bano y wc,,Colgador WC azul efecto lejía,2020-08-31 04:00:00
763550,Despensa,Menaje y conservacion de alimentos,,Recipiente de plástico redondo 1L,2020-08-31 04:00:00
763817,Maquillaje,Bases de maquillaje y corrector,,Corrector fluido acción global 02,2020-08-31 04:00:00
763936,Maquillaje,Ojos,,Perfilador de ojos eyeliner Double Effect negro,2020-08-31 04:00:00
763949,Maquillaje,Ojos,,Máscara de pestañas y cejas transparente,2020-08-31 04:00:00
764080,Pescadería,Pescado congelado,Hacendado,Chipirones enharinados ultracongelado,2020-08-31 04:00:00
764149,Pescadería,Pescado fresco,,Lubina abierta a la espalda con espinas y con cabeza,2020-08-31 04:00:00
764256,Mascotas,Gato,,Arena para gato antibacterias Nuske,2020-08-31 04:00:00
764370,Panadería y Pastelería,Bolleria de horno,,Magdalenas con pepitas de chocolate,2020-08-31 04:00:00
764457,Panadería y Pastelería,Harina y preparado reposteria,,Harina de trigo,2020-08-31 04:00:00
764509,Panadería y Pastelería,Harina y preparado reposteria,,Masa fresca quebrada brisa,2020-08-31 04:00:00
764544,Panadería y Pastelería,Pan de horno,,Panecillo campeón del mundo,2020-08-31 04:00:00
764825,Platos Preparados,Platos preparados calientes,,Albóndigas de pollo La Nora,2020-08-31 04:00:00
764860,Otros,Platos preparados frios,,Hummus de aguacate,2020-08-31 04:00:00
765027,Lácteos y Huevos,Yogures naturales y sabores,,Yogur sabor macedonia,2020-08-31 04:00:00
765177,Despensa,Especias,,Colorante alimentario,2020-08-31 16:00:00
765194,Despensa,Especias,,Canela molida,2020-08-31 16:00:00
765443,Bebidas,Refresco de naranja y de limon,,Refresco de limón zero azúcar fresh gas,2020-08-31 16:00:00
765464,Bebidas,Refresco de naranja y de limon,,Refresco de naranja fresh gas,2020-08-31 16:00:00
765465,Bebidas,Refresco de naranja y de limon,,Refresco de naranja fresh gas,2020-08-31 16:00:00
765523,Bebidas,Refresco de te y sin gas,,Refresco de limón sin gas,2020-08-31 16:00:00
765524,Bebidas,Refresco de te y sin gas,,Refresco de naranja zero sin gas,2020-08-31 16:00:00
765545,Despensa,Aceitunas y encurtidos,,Aceitunas rellenas de limón,2020-08-31 16:00:00
765546,Despensa,Aceitunas y encurtidos,,Aceitunas manzanilla aliñadas sin hueso,2020-08-31 16:00:00
765621,Frescos,Frutos secos y fruta desecada,Hacendado,Nuez natural,2020-08-31 16:00:00
765635,Frescos,Frutos secos y fruta desecada,Hacendado,Cocktail mix natural,2020-08-31 16:00:00
765804,Despensa,Pasta y fideos,,Tortellini con tres quesos Pagani,2020-08-31 16:00:00
766013,Desayuno y Dulces,Mermelada y miel,,Mermelada de fresa,2020-08-31 16:00:00
766316,Bodega,Cerveza,,Bebida cider con gas Wild panther sabor a fresa y lima,2020-08-31 16:00:00
766427,Bodega,Licores,,Licor sin alcohol mora Pi.omka,2020-08-31 16:00:00
766490,Bodega,Vino blanco,,Vino blanco albariño D.O Rías Baixas Pazo de Orantes,2020-08-31 16:00:00
766505,Bodega,Vino blanco,,Vino dulce Pedro Ximénez Real Tesoro D.O Jerez de la frontera,2020-08-31 16:00:00
766525,Bodega,Vino rosado,,Vino rosado Casón Histórico,2020-08-31 16:00:00
766662,Bebidas Calientes,Cafe molido y en grano,,Café molido descafeinado natural,2020-08-31 16:00:00
766697,Bebidas Calientes,Cafe soluble y otras bebidas,,Café con leche light sin lactosa,2020-08-31 16:00:00
766812,Carnicería,Aves y pollo,,Pollo rural entero,2020-08-31 16:00:00
766855,Carnicería,Cerdo,,Costilla de cerdo churrasco,2020-08-31 16:00:00
766878,Carnicería,Cerdo,,Presa de cerdo ibérico,2020-08-31 16:00:00
766904,Charcutería y Quesos,Embutido,,Longaniza magro fresca,2020-08-31 16:00:00
767110,Desayuno y Dulces,Galletas,,Galletas gofre rellenas de caramelo,2020-08-31 16:00:00
767146,Carnicería,Aves y jamon cocido,Hacendado,Salchichón de pavo lonchas,2020-08-31 16:00:00
767179,Carnicería,Aves y jamon cocido,,Jamón cocido braseado Noel lonchas,2020-08-31 16:00:00
767446,Charcutería y Quesos,Queso untable y fresco,,Queso en dados feta,2020-08-31 16:00:00
767495,Carnicería,Carne,Hacendado,Nuggets de pollo ultracongelados,2020-08-31 16:00:00
767564,Congelados,Helados,,Helado de horchata,2020-08-31 16:00:00
767672,Pescadería,Pescado,Hacendado,Filetes de abadejo de Alaska sin piel ultracongelados,2020-08-31 16:00:00
767694,Pescadería,Pescado,Hacendado,Empanadillas de atún ultracongeladas,2020-08-31 16:00:00
767783,Frescos,Verdura,Hacendado,Parrillada de verduras ultracongeladas,2020-08-31 16:00:00
767802,Frescos,Verdura,Hacendado,Croquetas de espinacas ultracongeladas,2020-08-31 16:00:00
767916,Frescos,Conservas de verdura y frutas,Hacendado,Corazones de alcachofa,2020-08-31 16:00:00
768073,Cuidado Personal,Acondicionador y mascarilla,,Mascarilla cabello liso keratina TRESemmé nutritiva,2020-08-31 16:00:00
768118,Cuidado Personal,Champu,,Champú zero todo tipo de cabello,2020-08-31 16:00:00
768128,Cuidado Personal,Champu,,Champú anticaspa Nutritive cabello normal,2020-08-31 16:00:00
768182,Cuidado Personal,Coloracion cabello,,Coloración permanente L'Oréal 4.54 caoba cobrizo,2020-08-31 16:00:00
768457,Cuidado Personal,Cuidado e higiene facial,,Desmaquillador de ojos y labios bifásico todo tipo de pieles,2020-08-31 16:00:00
768510,Cuidado Personal,Cuidado e higiene facial,,Sérum facial reparador anti-age,2020-08-31 16:00:00
768838,Cuidado Personal,Higiene intima,,Pañal adulto braguita talla M Tena pants plus,2020-08-31 16:00:00
768971,Cuidado Personal,Perfume y colonia,,Eau de parfum mujer Very Woman,2020-08-31 16:00:00
769006,Cuidado Personal,Perfume y colonia,,Lote mujer Soplo,2020-08-31 16:00:00
769204,Salud,Fitoterapia,,Gel energético Enervit Sport sabor naranja,2020-08-31 16:00:00
769349,Frescos,Verdura,,Tomates cherry,2020-08-31 16:00:00
769456,Lácteos y Huevos,Leche y bebidas vegetales,,Bebida láctea semidesnatada Folic-B Flora,2020-08-31 16:00:00
769682,Limpieza y Hogar,Detergente y suavizante ropa,,Perfumador ropa intensificador de fragancia,2020-08-31 16:00:00
769707,Limpieza y Hogar,Estropajo bayeta y guantes,,Bayeta pequeña microfibra,2020-08-31 16:00:00
769795,Limpieza y Hogar,Insecticida y ambientador,,Ambientador coche lima,2020-08-31 16:00:00
769910,Limpieza y Hogar,Limpieza cocina,,Quitagrasas perfume Marsella,2020-08-31 16:00:00
769926,Limpieza y Hogar,Limpieza muebles y multiusos,,Limpiador muebles jabonoso para madera tratada,2020-08-31 16:00:00
770263,Maquillaje,Colorete y polvos,,Polvo compacto seda 03,2020-08-31 16:00:00
770333,Maquillaje,Labios,,Brillo de labios Galactic metal 03 cobre,2020-08-31 16:00:00
770513,Pescadería,Pescado congelado,Hacendado,Mini empanadillas de atún ultracongeladas,2020-08-31 16:00:00
770808,Panadería y Pastelería,Bolleria de horno,,Magdalenas de yogur,2020-08-31 16:00:00
770986,Panadería y Pastelería,Pan de horno,,Pan 100% de trigo espelta rebanado,2020-08-31 16:00:00
771060,Panadería y Pastelería,Pan tostado y rallado,,Pan de fibra y sésamo,2020-08-31 16:00:00
771090,Panadería y Pastelería,Picos rosquilletas y picatostes,,Palitos de pan con sabor a sobrasada Anitin,2020-08-31 16:00:00
771203,Platos Preparados,Platos preparados calientes,,Lasaña boloñesa,2020-08-31 16:00:00
771216,Platos Preparados,Platos preparados calientes,,Pollo asado troceado Platos Tradicionales,2020-08-31 16:00:00
771319,Lácteos y Huevos,Flan y natillas,,Flan de vainilla con caramelo,2020-08-31 16:00:00
771381,Lácteos y Huevos,Yogures desnatados,,Yogur con fruta de fresa 0% materia grasa 0% sin azúcares añadidos,2020-08-31 16:00:00
771479,Lácteos y Huevos,Yogures y postres infantiles,,Yogur líquido infantil con cereales y miel Go-Lácteo +8 meses,2020-08-31 16:00:00
771503,Frescos,Fruta variada,,"Bebida de zumo de naranja, mango y zanahoria La Verja sin azúcares añadidos",2020-08-31 16:00:00
771590,Despensa,Aceite vinagre y sal,,Bicarbonato sódico,2020-09-01 04:00:00
771662,Despensa,Mayonesa ketchup y mostaza,,Mayonesa 's,2020-09-01 04:00:00
772355,Desayuno y Dulces,Chocolate,,Chocolate extrafino con leche 0% azúcares añadidos,2020-09-01 04:00:00
772547,Bebé,Alimentacion infantil,,Papilla 8 cereales con miel baby +6 meses,2020-09-01 04:00:00
772674,Bodega,Cerveza,,Cerveza sin gluten Steinburg,2020-09-01 04:00:00
772793,Bodega,Licores,,Whisky escocés Chivas Regal 12 años,2020-09-01 04:00:00
772934,Bodega,Vino blanco,,Vino dulce Pedro Ximénez Real Tesoro D.O Jerez de la frontera,2020-09-01 04:00:00
773164,Bebidas Calientes,Te e infusiones,,Multinfusión digestive Pompadour,2020-09-01 04:00:00
773356,Carnicería,Hamburguesas y picadas,,Burger de pavo y pollo,2020-09-01 04:00:00
773363,Carnicería,Hamburguesas y picadas,,Burger de cerdo ibérico gruesas,2020-09-01 04:00:00
773402,Carnicería,Empanados y elaborados,,Brochetas de pollo,2020-09-01 04:00:00
773404,Carnicería,Empanados y elaborados,,Flautas de bacón y queso,2020-09-01 04:00:00
773439,Desayuno y Dulces,Cereales,,Copos de trigo con chocolate Chocapic original,2020-09-01 04:00:00
773458,Desayuno y Dulces,Cereales,,Copos de trigo integral y arroz bañados en chocolate con leche,2020-09-01 04:00:00
773924,Despensa,Arroz y pasta,,Canelones de carne con bechamel ultracongelados,2020-09-01 04:00:00
773937,Carnicería,Carne,Hacendado,Croquetas de jamón ultracongeladas,2020-09-01 04:00:00
773982,Congelados,Helados,,Helado cucurucho choco nata,2020-09-01 04:00:00
773983,Congelados,Helados,,Helado choco stick nata,2020-09-01 04:00:00
774041,Congelados,Helados,,Barra de helado turrón,2020-09-01 04:00:00
774070,Pescadería,Marisco,Hacendado,Gamba arrocera congelada,2020-09-01 04:00:00
774094,Pescadería,Pescado,,Sepia limpia congelada,2020-09-01 04:00:00
774123,Pescadería,Pescado,Hacendado,Migas de bacalao sin espinas y sin piel congeladas,2020-09-01 04:00:00
774133,Pescadería,Pescado,Hacendado,Rabas empanadas ultracongeladas,2020-09-01 04:00:00
774175,Panadería y Pastelería,Tartas y churros,,Tarta San Marcos congelada,2020-09-01 04:00:00
774210,Frescos,Verdura,Hacendado,Alcachofa troceada ultracongelada,2020-09-01 04:00:00
774274,Frescos,Fruta,,Melón piel de sapo,2020-09-01 04:00:00
774297,Pescadería,Atun y otras conservas de pescado,Hacendado,Sardinillas en tomate,2020-09-01 04:00:00
774298,Pescadería,Atun y otras conservas de pescado,Hacendado,Sardinas en aceite de girasol,2020-09-01 04:00:00
774394,Frescos,Conservas de verdura y frutas,Hacendado,Macedonia de frutas en almíbar,2020-09-01 04:00:00
774481,Despensa,Tomate,,Tomate doble concentrado extra,2020-09-01 04:00:00
774493,Cuidado Personal,Acondicionador y mascarilla,,Acondicionador instantáneo Volumen cabello fino y sin volumen,2020-09-01 04:00:00
774604,Cuidado Personal,Coloracion cabello,,Coloración permanente sin amoníaco 5.0 castaño claro,2020-09-01 04:00:00
774672,Cuidado Personal,Coloracion cabello,,Coloración permanente L'Oréal 8.1 rubio claro ceniza,2020-09-01 04:00:00
774679,Cuidado Personal,Coloracion cabello,,Coloración permanente sin amoníaco 7.0 rubio,2020-09-01 04:00:00
774993,Cuidado Personal,Depilacion,,Bandas de cera especial cuerpo y piernas Veet piel sensible,2020-09-01 04:00:00
775165,Cuidado Personal,Higiene bucal,,Dentífrico menta fresca Licor del Polo 2 en 1,2020-09-01 04:00:00
775204,Cuidado Personal,Higiene bucal,,Crema fijadora prótesis dentales Polident fijación fuerte,2020-09-01 04:00:00
775243,Cuidado Personal,Higiene intima,,Copa menstrual íntima talla M,2020-09-01 04:00:00
775296,Cuidado Personal,Manicura y pedicura,,Tratamiento para uñas antimordeduras,2020-09-01 04:00:00
775328,Cuidado Personal,Manicura y pedicura,,Laca de uñas Glitter 943 fucsia,2020-09-01 04:00:00
775356,Cuidado Personal,Manicura y pedicura,,Raspador durezas,2020-09-01 04:00:00
775364,Cuidado Personal,Neceseres,,Neceser Miffy mediano,2020-09-01 04:00:00
775516,Cuidado Personal,Perfume y colonia,,Eau de parfum hombre My Soul for him,2020-09-01 04:00:00
775603,Cuidado Personal,Protector solar y aftersun,,Aftersun leche corporal Ecran,2020-09-01 04:00:00
775837,Frescos,Verdura,,Judía verde plana,2020-09-01 04:00:00
775844,Frescos,Verdura,,Espárrago verde fino,2020-09-01 04:00:00
775939,Lácteos y Huevos,Leche y bebidas vegetales,,Bebida de avena Alitey,2020-09-01 04:00:00
776006,Lácteos y Huevos,Leche y bebidas vegetales,,Preparado lácteo crecimiento Junior,2020-09-01 04:00:00
776128,Limpieza y Hogar,Detergente y suavizante ropa,,Renovador del color negro La Nave lava y tiñe,2020-09-01 04:00:00
776453,Despensa,Menaje y conservacion de alimentos,,Bol biodegradable,2020-09-01 04:00:00
776532,Limpieza y Hogar,Pilas y bolsas de basura,,Bolsa de basura 30L cubo mediano,2020-09-01 04:00:00
776775,Maquillaje,Labios,,Brillo de labios Galactic metal 02 berenjena,2020-09-01 04:00:00
776928,Pescadería,Pescado congelado,Hacendado,Medallones de merluza del cabo ultracongelados,2020-09-01 04:00:00
777070,Pescadería,Salazones y ahumados,,Bacalao ahumado Ubago en aceite de girasol,2020-09-01 04:00:00
777075,Pescadería,Sushi,,California rolls crunch de surimi,2020-09-01 04:00:00
777078,Pescadería,Sushi,,Mix nigiris,2020-09-01 04:00:00
777233,Panadería y Pastelería,Bolleria de horno,,Croissant de mantequilla,2020-09-01 04:00:00
777235,Panadería y Pastelería,Bolleria de horno,,Trenza con nueces de Pecán,2020-09-01 04:00:00
777241,Panadería y Pastelería,Bolleria de horno,,Napolitana 3 chocolates,2020-09-01 04:00:00
777244,Panadería y Pastelería,Bolleria de horno,,Croissant de espelta,2020-09-01 04:00:00
777336,Panadería y Pastelería,Harina y preparado reposteria,,Harina de trigo grande,2020-09-01 04:00:00
777366,Panadería y Pastelería,Harina y preparado reposteria,,Preparado en polvo gelatina piña,2020-09-01 04:00:00
777470,Panadería y Pastelería,Pan de molde y otras especialidades,,Pan de Pita Original precocido,2020-09-01 04:00:00
777727,Otros,Platos preparados frios,,Hummus de garbanzos con pimiento del piquillo asado,2020-09-01 04:00:00
777781,Cuidado Personal,Gelatina y otros postres,,Yogur sabor vainilla YogoMix con disquitos chocolateados,2020-09-01 04:00:00
778132,Despensa,Otras salsas,,Salsa burger,2020-09-01 16:00:00
778207,Bebidas,Agua,,Agua mineral con gas Cortes grande,2020-09-01 16:00:00
778374,Bebidas,Refresco de te y sin gas,,Refresco té sabor mango cero,2020-09-01 16:00:00
778493,Frescos,Frutos secos y fruta desecada,Hacendado,Pipas girasol naturales,2020-09-01 16:00:00
778747,Desayuno y Dulces,Chicles y caramelos,,Caramelos eucaliptus mentol Respiral Halls,2020-09-01 16:00:00
778758,Desayuno y Dulces,Chicles y caramelos,,Caramelos mantequilla y nata Werther's original,2020-09-01 16:00:00
778765,Desayuno y Dulces,Chocolate,,Chocolate extrafino negro con pepitas de cacao tostadas,2020-09-01 16:00:00
778807,Desayuno y Dulces,Chocolate,,Chocolate con leche Bites Cadbury con relleno sabor vainilla y trozos de galleta,2020-09-01 16:00:00
778889,Desayuno y Dulces,Mermelada y miel,,Mermelada de tomate,2020-09-01 16:00:00
779073,Panadería y Pastelería,Toallitas y panales,,Toallitas infantiles cara y manos,2020-09-01 16:00:00
779190,Bodega,Cerveza,,Bebida cider con gas Wild panther sabor a fresa y lima,2020-09-01 16:00:00
779219,Bodega,Licores,,Ginebra London dry gin Tanqueray,2020-09-01 16:00:00
779235,Bodega,Licores,,Whisky escocés Red Label Johnnie Walker,2020-09-01 16:00:00
779414,Bodega,Vino tinto,,Vino tinto D.O Rioja Faustino VII cosecha,2020-09-01 16:00:00
779639,Otros,Arreglos,,Arreglo para paella con pollo y conejo,2020-09-01 16:00:00
779654,Carnicería,Aves y pollo,,Filetes pechuga de pollo corte fino,2020-09-01 16:00:00
779741,Carnicería,Cerdo,,Fiambre de magro de cerdo adobado,2020-09-01 16:00:00
779837,Carnicería,Vacuno,,Medio solomillo de vacuno añojo,2020-09-01 16:00:00
779841,Carnicería,Empanados y elaborados,Hacendado,Croquetas de cocido ultracongeladas,2020-09-01 16:00:00
779867,Carnicería,Empanados y elaborados,,Chuletas de cerdo sajonia,2020-09-01 16:00:00
780001,Desayuno y Dulces,Galletas,,Galletas caramelizadas biscoff Lotus,2020-09-01 16:00:00
780006,Desayuno y Dulces,Galletas,,Surtido de galletas,2020-09-01 16:00:00
780158,Charcutería y Quesos,Embutido curado,,Lomo de bellota ibérico La Hacienda del ibérico,2020-09-01 16:00:00
780255,Charcutería y Quesos,Queso curado semicurado y tierno,,Queso bola Edam semicurado Holland Corona,2020-09-01 16:00:00
780887,Despensa,Sopa y caldo,,Caldo de cocido,2020-09-01 16:00:00
780898,Despensa,Sopa y caldo,,Doble caldo sabor clásico carne Knorr en pastillas,2020-09-01 16:00:00
780917,Despensa,Tomate,,Tomate doble concentrado extra,2020-09-01 16:00:00
780942,Cuidado Personal,Acondicionador y mascarilla,,Mascarilla cabello dañado Elvive total repair,2020-09-01 16:00:00
781002,Cuidado Personal,Champu,,Champú anticaspa Nutritive cabello normal,2020-09-01 16:00:00
781317,Otros,Cuidado corporal,,Toallitas desmaquillantes cara y ojos piel seca y sensible,2020-09-01 16:00:00
781641,Cuidado Personal,Higiene bucal,,Tabletas limpiadoras prótesis dentales Polident,2020-09-01 16:00:00
781768,Cuidado Personal,Manicura y pedicura,,Laca de uñas Butterfly 952 rosa,2020-09-01 16:00:00
781933,Cuidado Personal,Perfume y colonia,,Eau de toilette hombre Antonio Banderas The golden secret,2020-09-01 16:00:00
781943,Cuidado Personal,Perfume y colonia,,Mini eau de parfum hombre de Mayo Mistery,2020-09-01 16:00:00
782361,Lácteos y Huevos,Leche y bebidas vegetales,,Bebida láctea desnatada omega 3 nueces,2020-09-01 16:00:00
782441,Lácteos y Huevos,Leche y bebidas vegetales,,Preparado lácteo con cereales crecimiento Peques 3,2020-09-01 16:00:00
782467,Lácteos y Huevos,Mantequilla y margarina,,Mantequilla sin sal añadida,2020-09-01 16:00:00
782681,Limpieza y Hogar,Insecticida y ambientador,,Ambientador armarios spa,2020-09-01 16:00:00
782848,Limpieza y Hogar,Limpieza vajilla,,Lavavajillas classic en pastillas,2020-09-01 16:00:00
783074,Maquillaje,Bases de maquillaje y corrector,,Maquillaje fluido larga duración 03,2020-09-01 16:00:00
783204,Maquillaje,Labios,,Pintalabios cremoso 17,2020-09-01 16:00:00
783310,Maquillaje,Pinceles y brochas,,Pincel sombra pony,2020-09-01 16:00:00
783358,Pescadería,Marisco,Hacendado,Caracoles precocidos ultracongelados,2020-09-01 16:00:00
783877,Panadería y Pastelería,Pan de horno,,Barra de pan rústica rebanada,2020-09-01 16:00:00
783898,Panadería y Pastelería,Pan de molde y otras especialidades,,Pan de molde espelta 100% integral,2020-09-01 16:00:00
783909,Panadería y Pastelería,Pan de molde y otras especialidades,,Tortillas integrales,2020-09-01 16:00:00
784002,Panadería y Pastelería,Tartas y pasteles,,Trenza hojaldre de mantequilla congelada,2020-09-01 16:00:00
784010,Panadería y Pastelería,Tartas y pasteles,,"Macarons de limón, pistacho, café, fresa y chocolate",2020-09-01 16:00:00
784047,Platos Preparados,Pizzas,,Pizza carbonara,2020-09-01 16:00:00
784293,Lácteos y Huevos,Yogures liquidos,,Bebida láctea natural azucarada,2020-09-01 16:00:00
784438,Despensa,Tomate y otros sabores,,Zumo de manzana selección,2020-09-01 16:00:00
784919,Frescos,Frutos secos y fruta desecada,Hacendado,Almendra frita,2020-09-02 04:00:00
785323,Desayuno y Dulces,Golosinas,,Golosinas animalitos de pica pica,2020-09-02 04:00:00
785403,Bebé,Alimentacion infantil,,Preparado lácteo crecimiento +1 año,2020-09-02 04:00:00
785467,Bebé,Biberon chupete y menaje,,Cucharas bebé +6 meses para purés y papillas,2020-09-02 04:00:00
785476,Bebé,Biberon chupete y menaje,,Plato bebé Mickey,2020-09-02 04:00:00
785531,Panadería y Pastelería,Toallitas y panales,,Pañales bebé talla 6 más de 13 kg,2020-09-02 04:00:00
785564,Bodega,Cerveza,,Cerveza negra Black 1897,2020-09-02 04:00:00
785598,Bodega,Cerveza,,Cerveza El Águila sin filtrar,2020-09-02 04:00:00
785602,Bodega,Cerveza,,Cerveza IPA aromática & amarga Especialidades 1897,2020-09-02 04:00:00
785716,Bodega,Licores,,Bebida espirituosa a base de vodka Knebep negro,2020-09-02 04:00:00
786087,Carnicería,Aves y pollo,,Brochetas de pavo,2020-09-02 04:00:00
786217,Carnicería,Conejo y cordero,,Cuello de cordero,2020-09-02 04:00:00
786306,Carnicería,Empanados y elaborados,,Pinchos de cerdo con varilla,2020-09-02 04:00:00
786363,Desayuno y Dulces,Cereales,,Barritas de cereales muesli con chocolate,2020-09-02 04:00:00
786542,Charcutería y Quesos,Chopped y mortadela,,Galantina aceituna y pimiento finas lonchas,2020-09-02 04:00:00
786655,Charcutería y Quesos,Pate y sobrasada,,Mousse de pato,2020-09-02 04:00:00
786788,Charcutería y Quesos,Queso untable y fresco,,Queso roquefort Cantorel,2020-09-02 04:00:00
786792,Charcutería y Quesos,Queso untable y fresco,,Medallones de queso cabra Président,2020-09-02 04:00:00
786900,Congelados,Helados,,Helado de vainilla,2020-09-02 04:00:00
787036,Platos Preparados,Pizzas,,Pizza atún ultracongelada,2020-09-02 04:00:00
787200,Despensa,Berberechos y mejillones,,Berberechos al natural S,2020-09-02 04:00:00
787322,Despensa,Sopa y caldo,,Sopa de ave con fideos,2020-09-02 04:00:00
787429,Cuidado Personal,Champu,,Champú Silver cabello blanco y platino,2020-09-02 04:00:00
787516,Cuidado Personal,Coloracion cabello,,Coloración sin amoníaco L'Oréal 630 caramelo,2020-09-02 04:00:00
787665,Cuidado Personal,Afeitado y cuidado para hombre,,Espuma de afeitar hidrotermal La Toja classic,2020-09-02 04:00:00
787682,Cuidado Personal,Afeitado y cuidado para hombre,,Maquinilla de afeitar Personna,2020-09-02 04:00:00
788128,Cuidado Personal,Higiene intima,,Compresa con alas super Cotton,2020-09-02 04:00:00
788183,Cuidado Personal,Manicura y pedicura,,Tratamiento para uñas antimordeduras,2020-09-02 04:00:00
788277,Cuidado Personal,Perfume y colonia,,Body spray té verde fresco,2020-09-02 04:00:00
788295,Cuidado Personal,Perfume y colonia,,Eau de toilette mujer Pacha Ibiza Clandestine,2020-09-02 04:00:00
788447,Cuidado Personal,Perfume y colonia,,Lote infantil Disney Mickey,2020-09-02 04:00:00
788507,Salud,Fitoterapia,,"Cápsulas cabello, uñas",2020-09-02 04:00:00
788521,Salud,Fitoterapia,,Cápsulas quema grasas,2020-09-02 04:00:00
788587,Frescos,Fruta,,Uva blanca sin semillas,2020-09-02 04:00:00
788595,Frescos,Fruta,,Medio melón piel de sapo,2020-09-02 04:00:00
788641,Frescos,Lechuga y ensalada preparada,,Ensalada mezcla primavera,2020-09-02 04:00:00
789228,Limpieza y Hogar,Limpieza bano y wc,,Limpiador cal y suciedad,2020-09-02 04:00:00
789266,Limpieza y Hogar,Limpieza muebles y multiusos,,Blanqueador de juntas,2020-09-02 04:00:00
789464,Limpieza y Hogar,Utensilios de limpieza y calzado,,Escobilla para WC,2020-09-02 04:00:00
789602,Maquillaje,Labios,,Perfilador de labios 01 rojo,2020-09-02 04:00:00
789804,Pescadería,Marisco,Pescanova,Tallarimis,2020-09-02 04:00:00
789917,Pescadería,Pescado fresco,,Lubina abierta en libro sin cabeza y sin espina,2020-09-02 04:00:00
789931,Pescadería,Pescado fresco,,Salmón media pieza sin aletas y sin escamas,2020-09-02 04:00:00
790111,Mascotas,Pez y otros,,Comida peces de agua fría Dr. Wu Tetra,2020-09-02 04:00:00
790148,Panadería y Pastelería,Bolleria de horno,,Bizcocho de zanahoria sin gluten y sin lactosa,2020-09-02 04:00:00
790243,Panadería y Pastelería,Harina y preparado reposteria,,Levadura en polvo Royal,2020-09-02 04:00:00
790288,Panadería y Pastelería,Pan de horno,,"Pan de nueces 8,5%",2020-09-02 04:00:00
790317,Panadería y Pastelería,Pan de horno,,Pan 100% de trigo espelta rebanado,2020-09-02 04:00:00
790320,Panadería y Pastelería,Pan de horno,,Barra pan de pueblo rebanada,2020-09-02 04:00:00
790452,Panadería y Pastelería,Tartas y pasteles,,Tarta de galleta 8 congelada,2020-09-02 04:00:00
790531,Platos Preparados,Pizzas,,Rosca jamón serrano y queso emmental,2020-09-02 04:00:00
790534,Platos Preparados,Pizzas,,Quiche york y bacón,2020-09-02 04:00:00
790554,Platos Preparados,Platos preparados calientes,,Muslo de pato en confit,2020-09-02 04:00:00
790649,Lácteos y Huevos,Bifidus,,Bífidus natural azucarado,2020-09-02 04:00:00
790875,Bebidas,Naranja,,Zumo de clementina selección,2020-09-02 04:00:00
790876,Despensa,Tomate y otros sabores,,Zumo de tomate,2020-09-02 04:00:00
790929,Despensa,Aceite vinagre y sal,,Molinillo sal marina con hierbas,2020-09-02 16:00:00
790944,Despensa,Especias,,Colorante alimentario,2020-09-02 16:00:00
790987,Despensa,Mayonesa ketchup y mostaza,,Mayonesa,2020-09-02 16:00:00
791008,Despensa,Mayonesa ketchup y mostaza,,Mostaza a la antigua,2020-09-02 16:00:00
791049,Despensa,Otras salsas,,Guacamole,2020-09-02 16:00:00
791077,Bebidas,Agua,,Agua mineral Cortes mediana,2020-09-02 16:00:00
791180,Bebidas,Refresco de cola,,Refresco light sin cafeína,2020-09-02 16:00:00
791251,Bebidas,Tonica y bitter,,Tónica pink,2020-09-02 16:00:00
791323,Despensa,Aceitunas y encurtidos,,Aceitunas negras cacereñas a rodajas,2020-09-02 16:00:00
791366,Frescos,Frutos secos y fruta desecada,Hacendado,Maíz frito gigante,2020-09-02 16:00:00
791380,Frescos,Frutos secos y fruta desecada,Hacendado,Pipas calabaza,2020-09-02 16:00:00
791551,Despensa,Pasta y fideos,,Pasta tiburón,2020-09-02 16:00:00
791731,Desayuno y Dulces,Chocolate,,Barritas de chocolate blanco con galleta rellena de caramelo y cereales,2020-09-02 16:00:00
791859,Bebé,Alimentacion infantil,,Preparado lácteo crecimiento Junior,2020-09-02 16:00:00
791923,Bebé,Biberon chupete y menaje,,Babero grande de plástico de 12 a 36 meses,2020-09-02 16:00:00
791926,Bebé,Biberon chupete y menaje,,Bol bebé con tapa Mickey,2020-09-02 16:00:00
791949,Cuidado Personal,Higiene y cuidado,,Discos absorbentes lactancia,2020-09-02 16:00:00
791994,Bodega,Cerveza,,Cerveza especial,2020-09-02 16:00:00
792137,Bodega,Licores,,Ron añejo Negrita,2020-09-02 16:00:00
792193,Bodega,Sidra y cava,,Sidra El Mayu,2020-09-02 16:00:00
792217,Bodega,Sidra y cava,,"Vino espumoso sin alcohol 0,0% Viña secret",2020-09-02 16:00:00
792264,Bodega,Vino blanco,,Vino dulce Pedro Ximénez Real Tesoro D.O Jerez de la frontera,2020-09-02 16:00:00
792281,Bodega,Vino lambrusco y espumoso,,Vino rosado afrutado espumoso Peñascal,2020-09-02 16:00:00
792344,Bodega,Vino tinto,,Vino tinto D.O Toro Gran Conquero madurado en barrica 12 meses,2020-09-02 16:00:00
792363,Desayuno y Dulces,Cacao soluble y chocolate a la taza,,Cacao soluble 0% azúcares añadidos CaoBon,2020-09-02 16:00:00
792470,Bebidas Calientes,Te e infusiones,,Té verde con menta,2020-09-02 16:00:00
792472,Bebidas Calientes,Te e infusiones,,Té negro PG tips,2020-09-02 16:00:00
792525,Otros,Arreglos,,Tocino de cerdo,2020-09-02 16:00:00
792633,Carnicería,Cerdo,,Filetes hígado de cerdo,2020-09-02 16:00:00
792673,Charcutería y Quesos,Embutido,,Chistorra,2020-09-02 16:00:00
792895,Desayuno y Dulces,Galletas,,Galletas rellenas de coco,2020-09-02 16:00:00
792912,Carnicería,Aves y jamon cocido,Hacendado,Pechuga de pavo 0% materia grasa al corte,2020-09-02 16:00:00
793018,Charcutería y Quesos,Embutido curado,,Chorizo de pavo lonchas,2020-09-02 16:00:00
793250,Despensa,Arroz y pasta,,Arroz con pollo asado ultracongelado,2020-09-02 16:00:00
793563,Frescos,Verdura,Hacendado,Espinaca picada en porciones ultracongelada,2020-09-02 16:00:00
793629,Pescadería,Atun y otras conservas de pescado,Hacendado,Sardinas en salsa de escabeche,2020-09-02 16:00:00
793675,Frescos,Conservas de verdura y frutas,Ybarra,Judías verdes redondas,2020-09-02 16:00:00
793802,Despensa,Tomate,,Tomate frito con aceite de oliva,2020-09-02 16:00:00
794008,Cuidado Personal,Coloracion cabello,,Mechas Nordic de rubio medio a castaño oscuro M1,2020-09-02 16:00:00
794080,Cuidado Personal,Peines y accesorios,,Horquilla rubia,2020-09-02 16:00:00
794134,Cuidado Personal,Afeitado y cuidado para hombre,,Crema facial hidratante 24H Vído hombre,2020-09-02 16:00:00
794182,Otros,Cuidado corporal,,Aceite corporal rosa mosqueta,2020-09-02 16:00:00
794209,Otros,Cuidado corporal,,Toallitas limpiadoras faciales con espuma cara y ojos,2020-09-02 16:00:00
794270,Cuidado Personal,Cuidado e higiene facial,,Crema facial noche antiarrugas Q10 plus,2020-09-02 16:00:00
794452,Cuidado Personal,Gel y jabon de manos,,Esponja de baño dermo agua,2020-09-02 16:00:00
794490,Cuidado Personal,Higiene bucal,,Dentífrico herbal aloe vera con flúor,2020-09-02 16:00:00
794528,Cuidado Personal,Higiene bucal,,Arcos dentales para higiene interdental,2020-09-02 16:00:00
794553,Cuidado Personal,Higiene intima,,Compresa sin alas de incontinencia mini,2020-09-02 16:00:00
794688,Cuidado Personal,Neceseres,,Neceser Dumbo grande con asa,2020-09-02 16:00:00
794744,Cuidado Personal,Perfume y colonia,,Eau de toilette mujer Adolfo Dominguez Agua de bambú,2020-09-02 16:00:00
794800,Cuidado Personal,Perfume y colonia,,Eau de toilette hombre Gesto,2020-09-02 16:00:00
794830,Cuidado Personal,Perfume y colonia,,Mini eau de parfum hombre de Mayo Mistery,2020-09-02 16:00:00
794859,Cuidado Personal,Perfume y colonia,,Lote hombre 102 Hotel Venezia,2020-09-02 16:00:00
795090,Frescos,Lechuga y ensalada preparada,,Ensalada jamón,2020-09-02 16:00:00
795132,Frescos,Verdura,,Pimiento verde freír,2020-09-02 16:00:00
795277,Lácteos y Huevos,Leche y bebidas vegetales,,Bebida de almendras Almendrola,2020-09-02 16:00:00
795343,Lácteos y Huevos,Leche y bebidas vegetales,,Bebida láctea sabor canela y limón,2020-09-02 16:00:00
795466,Limpieza y Hogar,Estropajo bayeta y guantes,,Estropajo baño fibra blanca,2020-09-02 16:00:00
795758,Despensa,Menaje y conservacion de alimentos,,Film resistente,2020-09-02 16:00:00
795770,Despensa,Menaje y conservacion de alimentos,,Paletinas de madera,2020-09-02 16:00:00
795827,Limpieza y Hogar,Papel higienico y celulosa,,Pañuelos de papel extra suaves,2020-09-02 16:00:00
795967,Maquillaje,Bases de maquillaje y corrector,,Maquillaje fluido lasting performance 102 pastelle,2020-09-02 16:00:00
796083,Maquillaje,Labios,,Pintalabios cremoso 15,2020-09-02 16:00:00
796293,Pescadería,Pescado congelado,Hacendado,Anillas de pota Argentina congeladas,2020-09-02 16:00:00
796410,Pescadería,Sushi,,Surtido California rolls,2020-09-02 16:00:00
796429,Mascotas,Gato,,Bocaditos en gelatina gato adulto Delikuit,2020-09-02 16:00:00
796603,Panadería y Pastelería,Bolleria envasada,,Croissant con crema de cacao,2020-09-02 16:00:00
796629,Panadería y Pastelería,Bolleria envasada,,Tarta con manzana natural Family Tarts,2020-09-02 16:00:00
796688,Panadería y Pastelería,Harina y preparado reposteria,,Preparado en polvo flanes y natillas Maizena Potax,2020-09-02 16:00:00
796827,Panadería y Pastelería,Pan tostado y rallado,,Pan de fibra y sésamo,2020-09-02 16:00:00
796834,Panadería y Pastelería,Pan tostado y rallado,,Tostadas sin gluten,2020-09-02 16:00:00
796869,Panadería y Pastelería,Tartas y pasteles,,Tarta massini congelada,2020-09-02 16:00:00
796958,Platos Preparados,Pizzas,,Pizza de espinacas ultracongelada,2020-09-02 16:00:00
797036,Otros,Platos preparados frios,,Gazpacho suave,2020-09-02 16:00:00
797046,Otros,Platos preparados frios,,Tortilla de patata con cebolla,2020-09-02 16:00:00
797320,Despensa,Tomate y otros sabores,,Zumo de pomelo,2020-09-02 16:00:00
797347,Despensa,Aceite vinagre y sal,,Vinagre de vino tinto,2020-09-03 04:00:00
797349,Despensa,Aceite vinagre y sal,,"Aceite de oliva, vinagre y sal Merry",2020-09-03 04:00:00
797522,Bebidas,Agua,,Agua mineral grande,2020-09-03 04:00:00
797562,Bebidas,Isotonico y energetico,,Bebida isotónica de naranja Iso drink,2020-09-03 04:00:00
797578,Bebidas,Isotonico y energetico,,Bebida energética Red Bull,2020-09-03 04:00:00
797769,Despensa,Aceitunas y encurtidos,,Banderillas picantes en vinagre,2020-09-03 04:00:00
797815,Frescos,Frutos secos y fruta desecada,Hacendado,Cacahuete tostado con sal,2020-09-03 04:00:00
797898,Aperitivos,Patatas fritas y snacks,,Snack de gamba,2020-09-03 04:00:00
797958,Despensa,Legumbres,,Lenteja cocida pardina,2020-09-03 04:00:00
797994,Despensa,Pasta y fideos,,Spaghetti,2020-09-03 04:00:00
798118,Desayuno y Dulces,Chocolate,,Chocolate extrafino con leche almendras enteras,2020-09-03 04:00:00
798437,Bodega,Cerveza,,Cerveza Suave Steinburg,2020-09-03 04:00:00
798555,Bodega,Licores,,Ginebra London dry gin Glivery,2020-09-03 04:00:00
798895,Bebidas Calientes,Cafe soluble y otras bebidas,,Café soluble cappuccino,2020-09-03 04:00:00
798947,Bebidas Calientes,Te e infusiones,,Infusión Valeriana,2020-09-03 04:00:00
798972,Carnicería,Aves y pollo,,Tacos de pavo,2020-09-03 04:00:00
798987,Carnicería,Aves y pollo,,Solomillos de pollo,2020-09-03 04:00:00
799380,Carnicería,Aves y jamon cocido,Hacendado,Jamón cocido jugoso,2020-09-03 04:00:00
799502,Charcutería y Quesos,Jamon serrano,,Panceta salada ibérica La Hacienda del ibérico,2020-09-03 04:00:00
799669,Charcutería y Quesos,Queso untable y fresco,,Queso roquefort Cantorel,2020-09-03 04:00:00
799787,Congelados,Helados,,Helado tarta de queso con fresas,2020-09-03 04:00:00
799822,Pescadería,Marisco,,Alistado mediano congelado,2020-09-03 04:00:00
799943,Panadería y Pastelería,Tartas y churros,,Tarta de galleta 2 congelada,2020-09-03 04:00:00
800059,Pescadería,Atun y otras conservas de pescado,Hacendado,Sardinas en salsa de tomate,2020-09-03 04:00:00
800118,Frescos,Conservas de verdura y frutas,Cidacos,Corazones de alcachofa,2020-09-03 04:00:00
800142,Frescos,Conservas de verdura y frutas,Hacendado,Yemas de espárragos,2020-09-03 04:00:00
800163,Frescos,Conservas de verdura y frutas,Hacendado,Pera en almíbar ligero,2020-09-03 04:00:00
800693,Cuidado Personal,Cuidado e higiene facial,,Crema cuello y escote reafirmante nutritiva Sisbela,2020-09-03 04:00:00
800714,Cuidado Personal,Cuidado e higiene facial,,Despigmentante facial con radiance CR dermik,2020-09-03 04:00:00
801036,Cuidado Personal,Higiene intima,,Tampones super plus con aplicador clásico,2020-09-03 04:00:00
801166,Cuidado Personal,Perfume y colonia,,Eau de toilette mujer Ikiru,2020-09-03 04:00:00
801219,Cuidado Personal,Perfume y colonia,,Lote mujer Shakira Rock,2020-09-03 04:00:00
801342,Cuidado Personal,Protector solar y aftersun,,Protector solar transparente Seesee FPS 50+,2020-09-03 04:00:00
801416,Salud,Parafarmacia,,Alcohol 96º,2020-09-03 04:00:00
801509,Frescos,Lechuga y ensalada preparada,,Lechuga iceberg,2020-09-03 04:00:00
801543,Frescos,Verdura,,Patatas,2020-09-03 04:00:00
801548,Frescos,Verdura,,Cebollas,2020-09-03 04:00:00
801753,Lácteos y Huevos,Leche y bebidas vegetales,,Batido sabor vainilla,2020-09-03 04:00:00
801914,Limpieza y Hogar,Estropajo bayeta y guantes,,Bayeta multiusos suave en rollo,2020-09-03 04:00:00
802103,Limpieza y Hogar,Limpieza bano y wc,,Limpiador baños desinfectante,2020-09-03 04:00:00
802372,Limpieza y Hogar,Utensilios de limpieza y calzado,,Dilatador de calzado,2020-09-03 04:00:00
802589,Maquillaje,Ojos,,Máscara de pestañas volumen 4 dimensiones negro,2020-09-03 04:00:00
802792,Pescadería,Pescado fresco,,Corvina a filetes sin cabeza y sin espina,2020-09-03 04:00:00
802826,Pescadería,Pescado fresco,,Rape sin aletas y sin dientes,2020-09-03 04:00:00
802978,Mascotas,Perro,,Snack perro mix galletas con aroma de vainilla,2020-09-03 04:00:00
802983,Mascotas,Perro,,Snack perro barritas de pollo y ternera,2020-09-03 04:00:00
803204,Panadería y Pastelería,Pan de horno,,"Pan de nueces 8,5% rebanado",2020-09-03 04:00:00
803310,Panadería y Pastelería,Picos rosquilletas y picatostes,,Panes especiales con tomate y sabor a jamón,2020-09-03 04:00:00
803319,Panadería y Pastelería,Tartas y pasteles,,Tarta bombón crujiente congelada,2020-09-03 04:00:00
803465,Platos Preparados,Platos preparados calientes,,Fabada,2020-09-03 04:00:00
803490,Otros,Platos preparados frios,,Salmorejo al estilo cordobés,2020-09-03 04:00:00
803645,Lácteos y Huevos,Yogures liquidos,,Bebida láctea natural Danacol 0% azúcares añadidos,2020-09-03 04:00:00
803982,Bebidas,Agua,,Agua mineral pequeña tapón infantil,2020-09-03 16:00:00
804184,Bebidas,Refresco de te y sin gas,,Refresco de limón sin gas,2020-09-03 16:00:00
804250,Frescos,Frutos secos y fruta desecada,Hacendado,Pipa tostada gigante con sal,2020-09-03 16:00:00
804357,Aperitivos,Patatas fritas y snacks,,Torreznos sabor barbacoa,2020-09-03 16:00:00
804520,Desayuno y Dulces,Chicles y caramelos,,Chicle menta suave gragea,2020-09-03 16:00:00
804611,Desayuno y Dulces,Chocolate,,Almendras chocolate negro,2020-09-03 16:00:00
804679,Desayuno y Dulces,Mermelada y miel,,Mermelada de melocotón,2020-09-03 16:00:00
804776,Bebé,Alimentacion infantil,,Papilla líquida leche y cereales multifrutas +6 meses,2020-09-03 16:00:00
804851,Panadería y Pastelería,Toallitas y panales,,Toallitas bebé frescas & perfumadas,2020-09-03 16:00:00
804947,Bodega,Cerveza,,Cerveza Grand Cru Especialidades 1897,2020-09-03 16:00:00
805014,Bodega,Licores,,Bebida espirituosa Veterano Osborne,2020-09-03 16:00:00
805423,Otros,Arreglos,,Patas de cerdo,2020-09-03 16:00:00
805432,Carnicería,Aves y pollo,,Tacos de pavo,2020-09-03 16:00:00
805451,Carnicería,Aves y pollo,,Muslos de pollo deshuesados con piel,2020-09-03 16:00:00
805516,Carnicería,Cerdo,,Costilla de cerdo ibérico adobada,2020-09-03 16:00:00
805713,Desayuno y Dulces,Cereales,,Barrita sustitutivo de comida Belladieta sabor avena y chocolate con leche,2020-09-03 16:00:00
805924,Charcutería y Quesos,Embutido curado,,Chorizo dulce extra,2020-09-03 16:00:00
805981,Charcutería y Quesos,Pate y sobrasada,,Paté de cerdo con pimienta verde,2020-09-03 16:00:00
806073,Charcutería y Quesos,Queso lonchas rallado y en porciones,,Queso fundido light lonchas,2020-09-03 16:00:00
806139,Charcutería y Quesos,Queso untable y fresco,,Queso azul hojas,2020-09-03 16:00:00
806249,Congelados,Helados,,Helado dulce de leche y sirope de caramelo,2020-09-03 16:00:00
806344,Pescadería,Pescado,Hacendado,Lomos de salmón de Noruega sin piel y sin espinas congelado,2020-09-03 16:00:00
806385,Panadería y Pastelería,Tartas y churros,,Tarta red velvet congelada,2020-09-03 16:00:00
806493,Pescadería,Atun y otras conservas de pescado,Hacendado,Atún claro en aceite de oliva,2020-09-03 16:00:00
806494,Pescadería,Atun y otras conservas de pescado,Hacendado,Atún claro bajo en sal en aceite de oliva,2020-09-03 16:00:00
806501,Pescadería,Atun y otras conservas de pescado,Hacendado,Bonito del norte en aceite de oliva,2020-09-03 16:00:00
806681,Despensa,Sopa y caldo,,Caldo para paella de carne con sofrito,2020-09-03 16:00:00
806770,Cuidado Personal,Champu,,Champú nutri rizos fortificante Fructis cabello rizado u ondulado,2020-09-03 16:00:00
806812,Cuidado Personal,Coloracion cabello,,Coloración permanente 6.15 marrón macadamia,2020-09-03 16:00:00
806830,Cuidado Personal,Coloracion cabello,,Coloración sin amoníaco L'Oréal 634 castaño miel,2020-09-03 16:00:00
806869,Cuidado Personal,Coloracion cabello,,Coloración permanente 10 rubio extraclaro,2020-09-03 16:00:00
807013,Cuidado Personal,Afeitado y cuidado para hombre,,Maquinillas de afeitar Sensor 3 hojas,2020-09-03 16:00:00
807691,Cuidado Personal,Perfume y colonia,,Eau de cologne hombre Impacto,2020-09-03 16:00:00
807810,Cuidado Personal,Protector solar y aftersun,,Protector solar Seesee FPS 30,2020-09-03 16:00:00
807881,Salud,Parafarmacia,,Algodón 100% zig-zag,2020-09-03 16:00:00
808229,Lácteos y Huevos,Leche y bebidas vegetales,,Leche condensada desnatada Nutricia sin lactosa,2020-09-03 16:00:00
808309,Limpieza y Hogar,Detergente y suavizante ropa,,Percarbonato blanqueante,2020-09-03 16:00:00
808386,Limpieza y Hogar,Insecticida y ambientador,,Difusor insecticida antimosquitos eléctrico,2020-09-03 16:00:00
808400,Limpieza y Hogar,Insecticida y ambientador,,Paleta matamoscas,2020-09-03 16:00:00
808409,Limpieza y Hogar,Insecticida y ambientador,,Ambientador mini spray flores blancas,2020-09-03 16:00:00
808529,Limpieza y Hogar,Limpiahogar y friegasuelos,,Limpiahogar ph neutro delicado,2020-09-03 16:00:00
808551,Limpieza y Hogar,Limpieza bano y wc,,Limpiador potente,2020-09-03 16:00:00
809166,Pescadería,Pescado congelado,Hacendado,Figuritas de merluza empanadas ultracongeladas,2020-09-03 16:00:00
809182,Pescadería,Pescado congelado,Hacendado,Tiras de potón del Pacífico congeladas,2020-09-03 16:00:00
809184,Pescadería,Pescado congelado,Hacendado,Anillas de pota Argentina congeladas,2020-09-03 16:00:00
809303,Pescadería,Sushi,,Kit sushi,2020-09-03 16:00:00
809358,Mascotas,Gato,,Anti orines para perros y gatos Krislin,2020-09-03 16:00:00
809450,Panadería y Pastelería,Bolleria de horno,,Mini croissants de mantequilla,2020-09-03 16:00:00
809521,Panadería y Pastelería,Bolleria envasada,,Bizcocho mármol sin lactosa Ballará 0% azúcares añadidos,2020-09-03 16:00:00
809588,Panadería y Pastelería,Harina y preparado reposteria,,Agar en polvo gelificante 100% vegetal,2020-09-03 16:00:00
809720,Panadería y Pastelería,Pan tostado y rallado,,Crackers con sal Galbusera,2020-09-03 16:00:00
809975,Lácteos y Huevos,Flan y natillas,,Flan de huevo Reina,2020-09-03 16:00:00
810018,Otros,Postres de soja,,Postre de soja sabor mango Alpro sin azúcares añadidos,2020-09-03 16:00:00
810055,Lácteos y Huevos,Yogures liquidos,,Yogur líquido desnatado de fresa 0% materia grasa 0% azúcares añadidos,2020-09-03 16:00:00
810101,Lácteos y Huevos,Yogures naturales y sabores,,Yogur natural,2020-09-03 16:00:00
810394,Bebidas,Agua,,Agua mineral Bronchales grande,2020-09-04 04:00:00
810518,Bebidas,Refresco de cola,,Refresco Zero Zero,2020-09-04 04:00:00
810571,Bebidas,Tonica y bitter,,Tónica,2020-09-04 04:00:00
810829,Despensa,Legumbres,,Garbanzo cocido,2020-09-04 04:00:00
811020,Desayuno y Dulces,Chocolate,,Chocolate con leche Milka galleta Oreo,2020-09-04 04:00:00
811095,Desayuno y Dulces,Golosinas,,Golosinas Osi fruit,2020-09-04 04:00:00
811120,Desayuno y Dulces,Mermelada y miel,,Mermelada frambuesas light con stevia,2020-09-04 04:00:00
811181,Bebé,Alimentacion infantil,,Preparado lácteo crecimiento Peques 3,2020-09-04 04:00:00
811182,Bebé,Alimentacion infantil,,Preparado lácteo con cereales crecimiento Peques 3,2020-09-04 04:00:00
811350,Bodega,Cerveza,,Cerveza Pilsen Sabor a Sur Steinburg,2020-09-04 04:00:00
811387,Bodega,Cerveza,,Cerveza sin gluten Ambar,2020-09-04 04:00:00
811421,Bodega,Cerveza sin alcohol,,"Cerveza 0,0% sin alcohol tostada",2020-09-04 04:00:00
811464,Bodega,Licores,,Whisky escocés Callander,2020-09-04 04:00:00
811472,Bodega,Licores,,Ron blanco superior Almirante,2020-09-04 04:00:00
811617,Bodega,Vino rosado,,Vino rosado D.O Navarra Hypatia,2020-09-04 04:00:00
811685,Desayuno y Dulces,Cacao soluble y chocolate a la taza,,Cacao soluble CaoBon,2020-09-04 04:00:00
811750,Bebidas Calientes,Cafe molido y en grano,,Café molido mezcla fuerte,2020-09-04 04:00:00
811810,Bebidas Calientes,Te e infusiones,,Té verde con soja sabor mango,2020-09-04 04:00:00
811815,Bebidas Calientes,Te e infusiones,,Infusión manzanilla,2020-09-04 04:00:00
811855,Otros,Arreglos,,Chorizo asturiano,2020-09-04 04:00:00
812100,Desayuno y Dulces,Cereales,,Cereales de arroz inflado Choco Krispies Kellogg's,2020-09-04 04:00:00
812183,Desayuno y Dulces,Galletas,,Galletas Roditas bañadas con chocolate blanco,2020-09-04 04:00:00
812346,Charcutería y Quesos,Embutido curado,,Chorizo de pavo lonchas,2020-09-04 04:00:00
812583,Despensa,Arroz y pasta,,Canelones de carne con bechamel ultracongelados,2020-09-04 04:00:00
812757,Pescadería,Pescado,Hacendado,Calamar limpio troceado congelado,2020-09-04 04:00:00
812793,Pescadería,Pescado,Hacendado,Mini empanadillas de atún ultracongeladas,2020-09-04 04:00:00
812797,Pescadería,Pescado,Pescanova,Nuggets de merluza ultracongelados,2020-09-04 04:00:00
812985,Despensa,Berberechos y mejillones,,Zamburiñas en salsa de vieira,2020-09-04 04:00:00
813065,Frescos,Conservas de verdura y frutas,Hacendado,Mandarina en almíbar ligero,2020-09-04 04:00:00
813263,Cuidado Personal,Coloracion cabello,,Coloración sin amoníaco L'Oréal 400 castaño,2020-09-04 04:00:00
813306,Cuidado Personal,Coloracion cabello,,Coloración permanente 100 rubio platino natural,2020-09-04 04:00:00
813401,Cuidado Personal,Peines y accesorios,,Cepillo cabello de madera,2020-09-04 04:00:00
813402,Cuidado Personal,Peines y accesorios,,Cepillo cabello térmico iónico 25 mm,2020-09-04 04:00:00
813430,Cuidado Personal,Afeitado y cuidado para hombre,,Gel de afeitar piel sensible con aloe vera y alantoína,2020-09-04 04:00:00
813603,Cuidado Personal,Cuidado e higiene facial,,Crema facial noche antiarrugas Q10 plus,2020-09-04 04:00:00
813681,Cuidado Personal,Desodorante,,Desodorante roll-on invisible black & white,2020-09-04 04:00:00
814005,Cuidado Personal,Manicura y pedicura,,Pastillas efervescentes manicura,2020-09-04 04:00:00
814060,Cuidado Personal,Perfume y colonia,,Eau de toilette mujer Como tú Astucia,2020-09-04 04:00:00
814171,Cuidado Personal,Perfume y colonia,,Eau de toilette hombre Criterio Ego,2020-09-04 04:00:00
814221,Cuidado Personal,Perfume y colonia,,Lote infantil Peppa Pig,2020-09-04 04:00:00
814223,Cuidado Personal,Perfume y colonia,,Lote infantil My Unicorn,2020-09-04 04:00:00
814292,Salud,Fitoterapia,,Cápsulas antiox colágeno,2020-09-04 04:00:00
814318,Salud,Parafarmacia,,Algodón 100% zig-zag,2020-09-04 04:00:00
814357,Frescos,Fruta,,Uva blanca sin semillas,2020-09-04 04:00:00
814375,Frescos,Fruta,,Kiwi verde,2020-09-04 04:00:00
814410,Frescos,Lechuga y ensalada preparada,,Ensalada mezcla gourmet maxi,2020-09-04 04:00:00
814483,Frescos,Verdura,,Champiñón pequeño,2020-09-04 04:00:00
814583,Lácteos y Huevos,Leche y bebidas vegetales,,Leche entera,2020-09-04 04:00:00
814602,Lácteos y Huevos,Leche y bebidas vegetales,,Horchata fresca,2020-09-04 04:00:00
814686,Lácteos y Huevos,Mantequilla y margarina,,Mantequilla con sal,2020-09-04 04:00:00
814866,Limpieza y Hogar,Insecticida y ambientador,Flor,Ambientador eléctrico de orquídea,2020-09-04 04:00:00
814904,Limpieza y Hogar,Insecticida y ambientador,,Ambientador líquido concentrado Foresan deluxe,2020-09-04 04:00:00
815020,Limpieza y Hogar,Limpieza cocina,,Crema limpiadora vitrocerámicas Frosch con naranja,2020-09-04 04:00:00
815042,Limpieza y Hogar,Limpieza muebles y multiusos,,Limpia mopas,2020-09-04 04:00:00
815057,Limpieza y Hogar,Limpieza vajilla,,Lavavajillas ultra concentrado,2020-09-04 04:00:00
815066,Limpieza y Hogar,Limpieza vajilla,,Sal lavavajillas en grano,2020-09-04 04:00:00
815120,Despensa,Menaje y conservacion de alimentos,,Mantel de papel color aleatorio Papermon,2020-09-04 04:00:00
815227,Limpieza y Hogar,Utensilios de limpieza y calzado,,Barreño redondo 6L,2020-09-04 04:00:00
815251,Limpieza y Hogar,Utensilios de limpieza y calzado,,Betún incoloro autobrillante Búfalo,2020-09-04 04:00:00
815286,Maquillaje,Bases de maquillaje y corrector,,Maquillaje fluido fijo & cubriente 06,2020-09-04 04:00:00
815391,Maquillaje,Labios,,Pintalabios color fix 04,2020-09-04 04:00:00
815571,Pescadería,Marisco,Pescanova,Tronquitos de surimi ultracongelados,2020-09-04 04:00:00
815684,Pescadería,Pescado fresco,,Dorada abierta en libro sin cabeza y sin espina,2020-09-04 04:00:00
815725,Pescadería,Salazones y ahumados,Hacendado,Filetes de sardina marinada en aceite de oliva virgen extra,2020-09-04 04:00:00
815873,Mascotas,Perro,,Snack perro barritas con ternera y cordero,2020-09-04 04:00:00
816016,Panadería y Pastelería,Harina y preparado reposteria,,Chocolate negro fundir,2020-09-04 04:00:00
816225,Panadería y Pastelería,Tartas y pasteles,,Tarta de galleta 8 congelada,2020-09-04 04:00:00
816227,Panadería y Pastelería,Tartas y pasteles,,Tarta infantil El Rey León congelada,2020-09-04 04:00:00
816538,Lácteos y Huevos,Yogures liquidos,,Bebida láctea de fresa Cuidacol 0% azúcares añadidos,2020-09-04 04:00:00
816645,Bebidas,Naranja,,Néctar de naranja sin azúcares añadidos,2020-09-04 04:00:00
816710,Despensa,Especias,,Romero,2020-09-04 16:00:00
816898,Bebidas,Isotonico y energetico,,Bebida isotónica limón,2020-09-04 16:00:00
817152,Frescos,Frutos secos y fruta desecada,Hacendado,Almendra tostada 0% sal añadida,2020-09-04 16:00:00
817232,Aperitivos,Patatas fritas y snacks,,Triángulos de maíz tex-mex Doritos,2020-09-04 16:00:00
817264,Despensa,Arroz,,Arroz redondo,2020-09-04 16:00:00
817609,Bebé,Alimentacion infantil,,Papilla manzana y plátano +6 meses,2020-09-04 16:00:00
817676,Bebé,Biberon chupete y menaje,,Tetina látex tres posiciones +1 mes,2020-09-04 16:00:00
817902,Bodega,Licores,,Brandy de Jerez solera reserva Convidado de Baco,2020-09-04 16:00:00
817959,Bodega,Licores,,Aguardiente de orujo Puente Pazos,2020-09-04 16:00:00
818038,Bodega,Vino blanco,,Vino blanco D.O Rueda Abadía Mantrús Sauvignon blanc,2020-09-04 16:00:00
818067,Bodega,Vino rosado,,Vino rosado Alicia en el país de las uvas suave y goloso,2020-09-04 16:00:00
818079,Bodega,Vino tinto,,Vino tinto Cabernet Sauvignon,2020-09-04 16:00:00
818094,Bodega,Vino tinto,,Vino tinto D.O Utiel-Requena Hoya de Cadenas reserva,2020-09-04 16:00:00
818191,Bebidas Calientes,Cafe capsula y monodosis,,Café monodosis natural Espresso,2020-09-04 16:00:00
818236,Bebidas Calientes,Cafe soluble y otras bebidas,,Café soluble cappuccino descafeinado,2020-09-04 16:00:00
818270,Bebidas Calientes,Te e infusiones,,Infusión Manzanilla con anís,2020-09-04 16:00:00
818284,Bebidas Calientes,Te e infusiones,,Infusión Valeriana,2020-09-04 16:00:00
818360,Carnicería,Aves y pollo,,Sangre hervida de pollo,2020-09-04 16:00:00
818596,Desayuno y Dulces,Cereales,,Barrita sustitutivo de comida Belladieta sabor avena y chocolate con leche,2020-09-04 16:00:00
818853,Charcutería y Quesos,Jamon serrano,,Jamón serrano,2020-09-04 16:00:00
819171,Pescadería,Marisco,Pescanova,Langostino cocido y pelado ultracongelado,2020-09-04 16:00:00
819221,Pescadería,Pescado,Hacendado,Cola de rape del cabo congelada,2020-09-04 16:00:00
819243,Pescadería,Pescado,Hacendado,Filetes de merluza al huevo ultracongelados,2020-09-04 16:00:00
819310,Frescos,Verdura,Hacendado,Piña trozos ultracongelados,2020-09-04 16:00:00
819407,Pescadería,Atun y otras conservas de pescado,Hacendado,Sardinas en salsa de tomate,2020-09-04 16:00:00
819472,Frescos,Conservas de verdura y frutas,Hacendado,Macedonia de verduras,2020-09-04 16:00:00
819626,Cuidado Personal,Acondicionador y mascarilla,,Mascarilla cabello Elvive color vive,2020-09-04 16:00:00
819763,Cuidado Personal,Coloracion cabello,,Coloración permanente 100 rubio platino natural,2020-09-04 16:00:00
819807,Cuidado Personal,Coloracion cabello,,Retoca raíces instantáneo L'Oréal rubio,2020-09-04 16:00:00
819921,Cuidado Personal,Afeitado y cuidado para hombre,,Cuidado hidratante anti-fatiga 24H L'Oréal men expert Hydra energetic,2020-09-04 16:00:00
819992,Otros,Cuidado corporal,,Toallitas desmaquillantes cara y ojos piel normal-mixta,2020-09-04 16:00:00
820076,Cuidado Personal,Cuidado e higiene facial,,Crema facial Vitamina C Viseger Pharma,2020-09-04 16:00:00
820113,Cuidado Personal,Depilacion,,Bandas para retirar cera tibia,2020-09-04 16:00:00
820135,Cuidado Personal,Desodorante,,Desodorante roll-on mujer cuidado seda,2020-09-04 16:00:00
820408,Cuidado Personal,Manicura y pedicura,,Tratamiento para uñas aceite vitamínico,2020-09-04 16:00:00
820791,Salud,Parafarmacia,,Gasas esterilizadas de algodón 100%,2020-09-04 16:00:00
820799,Salud,Parafarmacia,,Jabón de manos higienizante dermatológico líquido,2020-09-04 16:00:00
821000,Lácteos y Huevos,Leche y bebidas vegetales,,Leche semidesnatada,2020-09-04 16:00:00
821173,Limpieza y Hogar,Detergente y suavizante ropa,,Detergente ropa prendas delicadas líquido,2020-09-04 16:00:00
821271,Limpieza y Hogar,Estropajo bayeta y guantes,,Guantes 100% nitrilo talla mediana,2020-09-04 16:00:00
821612,Limpieza y Hogar,Papel higienico y celulosa,,Papel higiénico húmedo WC,2020-09-04 16:00:00
821621,Limpieza y Hogar,Papel higienico y celulosa,,Toallitas refrescantes,2020-09-04 16:00:00
821623,Limpieza y Hogar,Papel higienico y celulosa,,Toallitas dermo higiene corporal tamaño gigantes,2020-09-04 16:00:00
821705,Limpieza y Hogar,Utensilios de limpieza y calzado,,Betún marrón autobrillante Búfalo,2020-09-04 16:00:00
821707,Limpieza y Hogar,Utensilios de limpieza y calzado,,Betún azul autobrillante Búfalo,2020-09-04 16:00:00
821801,Maquillaje,Bases de maquillaje y corrector,,Corrector fluido acción global 01,2020-09-04 16:00:00
821810,Maquillaje,Colorete y polvos,,Colorete labios y mejillas Bom Bom creamy,2020-09-04 16:00:00
821861,Maquillaje,Labios,,Pintalabios cremoso 01,2020-09-04 16:00:00
821967,Maquillaje,Pinceles y brochas,,Esponja maquillaje triángulos,2020-09-04 16:00:00
822303,Mascotas,Perro,,"Comida perro sénior light Supreme con pollo, cebada y arroz",2020-09-04 16:00:00
822432,Panadería y Pastelería,Bolleria envasada,,Espiral al cacao,2020-09-04 16:00:00
822618,Panadería y Pastelería,Pan tostado y rallado,,Galletas saladas salpicks Galbusera,2020-09-04 16:00:00
822620,Panadería y Pastelería,Pan tostado y rallado,,Crackers con sal Galbusera,2020-09-04 16:00:00
822624,Panadería y Pastelería,Picos rosquilletas y picatostes,,Picos saladitos,2020-09-04 16:00:00
822762,Platos Preparados,Platos preparados calientes,,Canelones de carne y boletus,2020-09-04 16:00:00
822848,Otros,Platos preparados frios,,Tabulé oriental,2020-09-04 16:00:00
822937,Bodega,Cerveza,,Cerveza Amstel,2020-09-05 04:00:00
823000,Lácteos y Huevos,Yogures naturales y sabores,,"Yogur sin lactosa cremoso, natural y azucarado",2020-09-04 16:00:00
823030,Lácteos y Huevos,Yogures y postres infantiles,,Danonino maxi sabor fresa,2020-09-04 16:00:00
823288,Despensa,Otras salsas,,Extracto original de buey Bovril,2020-09-05 04:00:00
823596,Frescos,Frutos secos y fruta desecada,Hacendado,Maíz frito crujiente y tierno,2020-09-05 04:00:00
823666,Aperitivos,Patatas fritas y snacks,,Patata snack,2020-09-05 04:00:00
823838,Desayuno y Dulces,Azucar y edulcorante,,Panela azúcar moreno de caña integral Hacenado,2020-09-05 04:00:00
823845,Desayuno y Dulces,Azucar y edulcorante,,Edulcorante granulado stevia,2020-09-05 04:00:00
824087,Bebé,Alimentacion infantil,,Preparado lácteo con cacao y cereales crecimiento +1 año,2020-09-05 04:00:00
824152,Bebé,Biberon chupete y menaje,,Babero mediano de 4 a 12 meses,2020-09-05 04:00:00
824158,Cuidado Personal,Higiene y cuidado,,Jabón líquido bebé ultra suave,2020-09-05 04:00:00
824193,Panadería y Pastelería,Toallitas y panales,,Toallitas infantiles cara y manos,2020-09-05 04:00:00
824604,Desayuno y Dulces,Cacao soluble y chocolate a la taza,,Cacao en polvo instantáneo a la taza,2020-09-05 04:00:00
824700,Bebidas Calientes,Cafe soluble y otras bebidas,,Malta molida El Miguelete,2020-09-05 04:00:00
824772,Carnicería,Aves y pollo,,Codornices abiertas,2020-09-05 04:00:00
825062,Desayuno y Dulces,Galletas,María,Galletas 0% azúcares añadidos,2020-09-05 04:00:00
825099,Desayuno y Dulces,Galletas,,Galletas caocream chocolate blanco rellenas de crema,2020-09-05 04:00:00
825113,Desayuno y Dulces,Galletas,,Galletas de cacao sin gluten rellenas de crema,2020-09-05 04:00:00
825330,Charcutería y Quesos,Pate y sobrasada,,Paté de anchoa y salmón,2020-09-05 04:00:00
825483,Despensa,Arroz y pasta,,Quinoa con verduras ultracongelada,2020-09-05 04:00:00
825489,Despensa,Arroz y pasta,,Canelones de carne con bechamel ultracongelados,2020-09-05 04:00:00
825558,Congelados,Helados,,Helado cucurucho de chocolate,2020-09-05 04:00:00
825827,Frescos,Verdura,,Patatas horno ultracongeladas,2020-09-05 04:00:00
825835,Pescadería,Atun y otras conservas de pescado,Hacendado,Atún claro en aceite de oliva,2020-09-05 04:00:00
826052,Cuidado Personal,Acondicionador y mascarilla,,Acondicionador suavidad y brillo todo tipo de cabello,2020-09-05 04:00:00
826124,Cuidado Personal,Champu,,Champú Restructuring cabello extremadamente dañado,2020-09-05 04:00:00
826199,Cuidado Personal,Coloracion cabello,,Coloración permanente 7.3 rubio medio dorado,2020-09-05 04:00:00
826232,Cuidado Personal,Coloracion cabello,,Coloración permanente L'Oréal 8 rubio claro,2020-09-05 04:00:00
826235,Cuidado Personal,Coloracion cabello,,Coloración permanente L'Oréal 9 rubio claro claro,2020-09-05 04:00:00
826290,Cuidado Personal,Fijacion cabello,,Gel fijador extra fuerte todo tipo de cabello fijación 4,2020-09-05 04:00:00
826309,Cuidado Personal,Peines y accesorios,,Cepillo cabello de madera,2020-09-05 04:00:00
826481,Cuidado Personal,Cuidado e higiene facial,,Exfocepillo facial pieles grasas,2020-09-05 04:00:00
826517,Cuidado Personal,Cuidado e higiene facial,,Crema facial con miel y jalea real,2020-09-05 04:00:00
826660,Cuidado Personal,Gel y jabon de manos,,Gel de baño nutritivo Lactovit piel normal-seca,2020-09-05 04:00:00
826691,Cuidado Personal,Gel y jabon de manos,,Esponja de baño vegetal fibras naturales,2020-09-05 04:00:00
826710,Cuidado Personal,Higiene bucal,,Dentífrico blanqueador sensation,2020-09-05 04:00:00
826875,Cuidado Personal,Manicura y pedicura,,Laca de uñas alto brillo 22 granate sublime,2020-09-05 04:00:00
826891,Cuidado Personal,Manicura y pedicura,,Laca de uñas Glitter 944 coral,2020-09-05 04:00:00
827027,Cuidado Personal,Perfume y colonia,,Lote baño de Mayo Love,2020-09-05 04:00:00
827129,Cuidado Personal,Perfume y colonia,,Lote neceser Tokidoki,2020-09-05 04:00:00
827158,Cuidado Personal,Protector solar y aftersun,,Aceite bronceador de coco,2020-09-05 04:00:00
827208,Salud,Fitoterapia,,Comprimidos efervescentes magnesio 300 mg sabor naranja,2020-09-05 04:00:00
827288,Frescos,Fruta,Hacendado,Guacamole,2020-09-05 04:00:00
827301,Frescos,Fruta,,Arándanos,2020-09-05 04:00:00
827538,Lácteos y Huevos,Leche y bebidas vegetales,,Bebida de soja sabor vainilla,2020-09-05 04:00:00
827589,Lácteos y Huevos,Leche y bebidas vegetales,,Bebida láctea sabor canela y limón,2020-09-05 04:00:00
827682,Limpieza y Hogar,Detergente y suavizante ropa,,Suavizante ropa spa concentrado,2020-09-05 04:00:00
827878,Limpieza y Hogar,Limpiacristales,,Limpiador cristales de chimenea,2020-09-05 04:00:00
827989,Limpieza y Hogar,Limpieza vajilla,,Limpiamáquinas lavavajillas líquido,2020-09-05 04:00:00
828132,Limpieza y Hogar,Utensilios de limpieza y calzado,,Recogedor de mano con cepillo,2020-09-05 04:00:00
828178,Limpieza y Hogar,Utensilios de limpieza y calzado,,Cordones blancos zapatilla deportiva,2020-09-05 04:00:00
828293,Bebidas,Agua,,Agua mineral Bronchales grande,2020-09-05 16:00:00
828689,Mascotas,Gato,,Mousse de lenguado gato adulto Delikuit,2020-09-05 04:00:00
828788,Mascotas,Perro,,Snack perro barritas con ternera y cordero,2020-09-05 04:00:00
828822,Panadería y Pastelería,Bolleria de horno,,Caracola con pasas,2020-09-05 04:00:00
829011,Panadería y Pastelería,Pan de horno,,3 Barras de pan rebanadas,2020-09-05 04:00:00
829182,Platos Preparados,Pizzas,,Pizza barbacoa familiar,2020-09-05 04:00:00
829201,Platos Preparados,Pizzas,,Pizza 4 quesos rellena de gorgonzola ultracongelada,2020-09-05 04:00:00
829274,Platos Preparados,Platos preparados calientes,,Callos a la madrileña La Nora,2020-09-05 04:00:00
829277,Platos Preparados,Platos preparados calientes,,Habas condimentadas La Parva,2020-09-05 04:00:00
829321,Lácteos y Huevos,Bifidus,,Bífidus desnatado con nueces y cereales,2020-09-05 04:00:00
829544,Otros,Melocoton y pina,,Zumo de piña y uva,2020-09-05 04:00:00
829604,Despensa,Aceite vinagre y sal,,Bebida aromatizada a base de vino para cocinar Abuela Carola,2020-09-05 16:00:00
829653,Despensa,Especias,,Comino molido,2020-09-05 16:00:00
829738,Despensa,Otras salsas,,Salsa de soja dulce,2020-09-05 16:00:00
830021,Despensa,Aceitunas y encurtidos,,Aceitunas Bernal partida con hueso,2020-09-05 16:00:00
830123,Aperitivos,Patatas fritas y snacks,,Patatas fritas al punto de sal Lay's,2020-09-05 16:00:00
830918,Bodega,Tinto de verano y sangria,,Tinto de verano limón Sandevid,2020-09-05 16:00:00
831018,Bodega,Vino tinto,,Vino tinto D.O La Mancha Fidencio,2020-09-05 16:00:00
831128,Bebidas Calientes,Cafe molido y en grano,,Café molido mezcla suave,2020-09-05 16:00:00
831143,Bebidas Calientes,Cafe soluble y otras bebidas,,Café soluble descafeinado classic,2020-09-05 16:00:00
831214,Otros,Arreglos,,Osobuco de cerdo,2020-09-05 16:00:00
831270,Carnicería,Aves y pollo,,Mollejas de pollo,2020-09-05 16:00:00
831466,Desayuno y Dulces,Cereales,,Bolas de maíz con miel,2020-09-05 16:00:00
831498,Desayuno y Dulces,Cereales,,Barritas de cereales chocolate con leche,2020-09-05 16:00:00
831552,Desayuno y Dulces,Galletas,,Bizcochitos Lulu el osito,2020-09-05 16:00:00
831783,Charcutería y Quesos,Pate y sobrasada,,Bloc foie gras de pato Martiko,2020-09-05 16:00:00
831821,Charcutería y Quesos,Queso curado semicurado y tierno,,Queso gran reserva,2020-09-05 16:00:00
831844,Charcutería y Quesos,Queso curado semicurado y tierno,,Queso Gouda tierno Holland,2020-09-05 16:00:00
831916,Charcutería y Quesos,Queso untable y fresco,,Requesón 0% materia grasa Pastoret,2020-09-05 16:00:00
831936,Despensa,Arroz y pasta,,Risotto de champiñones ultracongelados,2020-09-05 16:00:00
831941,Despensa,Arroz y pasta,,Arroz marinera ultracongelado,2020-09-05 16:00:00
832580,Cuidado Personal,Champu,,Champú anticaspa H&S cabello graso,2020-09-05 16:00:00
832776,Cuidado Personal,Peines y accesorios,,Horquilla negra,2020-09-05 16:00:00
832956,Cuidado Personal,Cuidado e higiene facial,,"Crema facial día 24K Gold progress protectora FPS 10 rostro, cuello y escote",2020-09-05 16:00:00
833108,Cuidado Personal,Gel y jabon de manos,,Gel de baño con sales minerales La Toja,2020-09-05 16:00:00
833151,Cuidado Personal,Gel y jabon de manos,,Esponja de baño infantil Marvel Spiderman,2020-09-05 16:00:00
833253,Cuidado Personal,Higiene intima,,Compresa sin alas extraplana noche,2020-09-05 16:00:00
833462,Cuidado Personal,Perfume y colonia,,Mini eau de parfum mujer de Mayo Blue Dream,2020-09-05 16:00:00
833797,Frescos,Verdura,,Chalotas,2020-09-05 16:00:00
833867,Frescos,Verdura,,Calabaza cacahuete,2020-09-05 16:00:00
833987,Lácteos y Huevos,Leche y bebidas vegetales,,Bebida de arroz y coco,2020-09-05 16:00:00
834168,Limpieza y Hogar,Estropajo bayeta y guantes,,Guantes de látex talla pequeña,2020-09-05 16:00:00
834594,Limpieza y Hogar,Utensilios de limpieza y calzado,,Cepillo para lavar con asa,2020-09-05 16:00:00
834620,Limpieza y Hogar,Utensilios de limpieza y calzado,,Cordones marrones zapato de vestir,2020-09-05 16:00:00
834706,Maquillaje,Bases de maquillaje y corrector,,Corrector fluido acción global 02,2020-09-05 16:00:00
834713,Maquillaje,Colorete y polvos,,Colorete compacto 04 coral,2020-09-05 16:00:00
834942,Pescadería,Pescado congelado,Hacendado,Rodajas de emperador pequeñas ultracongeladas,2020-09-05 16:00:00
834988,Pescadería,Pescado congelado,Nortindal,Tinta de sepia congelada,2020-09-05 16:00:00
835056,Pescadería,Pescado fresco,,Salmón media pieza abierto en libro sin cabeza y sin espina,2020-09-05 16:00:00
835476,Panadería y Pastelería,Pan de molde y otras especialidades,,Pan de molde con 52% centeno,2020-09-05 16:00:00
835485,Panadería y Pastelería,Pan de molde y otras especialidades,,Tortillas de trigo,2020-09-05 16:00:00
835718,Platos Preparados,Platos preparados calientes,,Patatas bravas con allioli y salsa picante,2020-09-05 16:00:00
835880,Lácteos y Huevos,Yogures liquidos,,Bebida láctea de fresa y plátano Kids,2020-09-05 16:00:00
835927,Lácteos y Huevos,Yogures y postres infantiles,Nesquik,Petit,2020-09-05 16:00:00
836005,Despensa,Tomate y otros sabores,,"Néctar de maracuyá fruta de la pasión, mango, uva y manzana",2020-09-05 16:00:00
836033,Despensa,Aceite vinagre y sal,,Vinagre de manzana,2020-09-06 04:00:00
836106,Despensa,Especias,,Sazonador para burritos,2020-09-06 04:00:00
836533,Frescos,Frutos secos y fruta desecada,Hacendado,Cocktail rodeo,2020-09-06 04:00:00
836602,Frescos,Fruta,,Ciruelas amarilla mini,2020-09-06 04:00:00
836891,Desayuno y Dulces,Golosinas,,Golosinas fruit mix,2020-09-06 04:00:00
836919,Desayuno y Dulces,Mermelada y miel,,Mermelada de melocotón monodosis,2020-09-06 04:00:00
837107,Panadería y Pastelería,Toallitas y panales,,Pañales bebé talla 2 de 4-8 kg,2020-09-06 04:00:00
837169,Bodega,Cerveza,,Cerveza reserva,2020-09-06 04:00:00
837380,Bodega,Vino blanco,,Vino blanco Marina Alta D.O Alicante,2020-09-06 04:00:00
837392,Bodega,Vino blanco,,Vino blanco albariño D.O Rías Baixas Pazo de Orantes,2020-09-06 04:00:00
837756,Carnicería,Cerdo,,Chuletas de cerdo sajonia,2020-09-06 04:00:00
837767,Carnicería,Cerdo,,Solomillo de cerdo,2020-09-06 04:00:00
837962,Desayuno y Dulces,Galletas,María,Galletas dorada,2020-09-06 04:00:00
838022,Desayuno y Dulces,Galletas,,Galletas crujientes sin gluten rellenas de crema de cacao,2020-09-06 04:00:00
838114,Charcutería y Quesos,Bacon y salchichas,,Salchichas cocidas Frankfurt La Selva,2020-09-06 04:00:00
838226,Charcutería y Quesos,Pate y sobrasada,,Paté de atún,2020-09-06 04:00:00
838264,Charcutería y Quesos,Queso curado semicurado y tierno,,Queso oveja curado,2020-09-06 04:00:00
838282,Charcutería y Quesos,Queso curado semicurado y tierno,,Queso semicurado cortado en cuñitas,2020-09-06 04:00:00
838363,Charcutería y Quesos,Queso untable y fresco,,Mozzarella di bufala campana,2020-09-06 04:00:00
838487,Congelados,Helados,,Helado de vainilla,2020-09-06 04:00:00
838946,Despensa,Tomate,,Fritada pisto,2020-09-06 04:00:00
839082,Cuidado Personal,Coloracion cabello,,Coloración permanente 4.5 caoba oscuro,2020-09-06 04:00:00
839211,Cuidado Personal,Peines y accesorios,,Peine grande,2020-09-06 04:00:00
839255,Cuidado Personal,Afeitado y cuidado para hombre,,After shave bálsamo hidratante Men con aloe vera,2020-09-06 04:00:00
839309,Otros,Cuidado corporal,,Leche corporal nutritiva piel seca,2020-09-06 04:00:00
839616,Cuidado Personal,Higiene bucal,,Dentífrico blanqueante,2020-09-06 04:00:00
839706,Cuidado Personal,Higiene intima,,Compresa con alas normal Cotton,2020-09-06 04:00:00
839783,Cuidado Personal,Manicura y pedicura,,Laca de uñas alto brillo 31 negro místico,2020-09-06 04:00:00
839807,Cuidado Personal,Manicura y pedicura,,Lima esmeril para uñas,2020-09-06 04:00:00
839896,Cuidado Personal,Perfume y colonia,,Eau de toilette mujer Shakira Dance,2020-09-06 04:00:00
839930,Cuidado Personal,Perfume y colonia,,Eau de toilette hombre 9.60 Sport water,2020-09-06 04:00:00
840066,Salud,Fitoterapia,,Colagen sabor limón,2020-09-06 04:00:00
840126,Salud,Parafarmacia,,Povidona yodada,2020-09-06 04:00:00
840168,Frescos,Fruta,,Uva sabores sin semillas,2020-09-06 04:00:00
840284,Frescos,Verdura,,Seta,2020-09-06 04:00:00
840379,Lácteos y Huevos,Leche y bebidas vegetales,,Leche desnatada calcio,2020-09-06 04:00:00
840764,Limpieza y Hogar,Lejia y liquidos fuertes,,Kit minipiscinas,2020-09-06 04:00:00
840860,Limpieza y Hogar,Limpieza muebles y multiusos,,Limpiador plata y metales en crema,2020-09-06 04:00:00
840987,Limpieza y Hogar,Pilas y bolsas de basura,,Pila de botón CR2032 Panasonic,2020-09-06 04:00:00
841070,Limpieza y Hogar,Utensilios de limpieza y calzado,,Cepillo calzado,2020-09-06 04:00:00
841384,Pescadería,Marisco,Pescanova,Tronquitos de surimi ultracongelados,2020-09-06 04:00:00
841431,Pescadería,Pescado congelado,,Croquetas de merluza y gambas Preli ultracongeladas,2020-09-06 04:00:00
841511,Pescadería,Pescado fresco,,Merluza a rodajas,2020-09-06 04:00:00
841760,Panadería y Pastelería,Bolleria envasada,,Magdalenas con crema de cacao,2020-09-06 04:00:00
841816,Panadería y Pastelería,Harina y preparado reposteria,,Harina de arroz,2020-09-06 04:00:00
841819,Panadería y Pastelería,Harina y preparado reposteria,,Preparado para bizcocho bolo sin gluten,2020-09-06 04:00:00
841859,Panadería y Pastelería,Pan de horno,,Barra de pan,2020-09-06 04:00:00
841885,Panadería y Pastelería,Pan de horno,,6 Panes de leche 3%,2020-09-06 04:00:00
841992,Panadería y Pastelería,Picos rosquilletas y picatostes,,Rosquilletas Anitin,2020-09-06 04:00:00
842032,Panadería y Pastelería,Tartas y pasteles,,Tarta infantil Minions congelada,2020-09-06 04:00:00
842165,Platos Preparados,Platos preparados calientes,,Garbanzos a la riojana,2020-09-06 04:00:00
842417,Frescos,Fruta variada,Hacendado,Bebida de arándanos y frutas rojas sin azúcares añadidos,2020-09-06 04:00:00
842491,Despensa,Aceite vinagre y sal,,Crema de vinagre balsámico de Módena,2020-09-06 16:00:00
842498,Despensa,Aceite vinagre y sal,,Sal fina,2020-09-06 16:00:00
842597,Despensa,Mayonesa ketchup y mostaza,,Allioli Chovi,2020-09-06 16:00:00
842748,Bebidas,Refresco de cola,,Refresco cola,2020-09-06 16:00:00
842760,Bebidas,Refresco de cola,,Refresco cola Zero azúcar,2020-09-06 16:00:00
842890,Despensa,Aceitunas y encurtidos,,Aceitunas rellenas de anchoa,2020-09-06 16:00:00
842952,Frescos,Frutos secos y fruta desecada,Hacendado,Cacahuete tostado 0% sal añadida,2020-09-06 16:00:00
842970,Frescos,Frutos secos y fruta desecada,Hacendado,Pipas girasol barbacoa,2020-09-06 16:00:00
843116,Despensa,Pasta y fideos,,Pasta maravilla,2020-09-06 16:00:00
843131,Despensa,Pasta y fideos,,Macarrón al huevo,2020-09-06 16:00:00
843134,Despensa,Pasta y fideos,,Fusilli 100% lentejas rojas Felicia,2020-09-06 16:00:00
843209,Desayuno y Dulces,Chicles y caramelos,,Chicle hierbabuena gragea,2020-09-06 16:00:00
843298,Desayuno y Dulces,Chocolate,,Barritas de chocolate con leche Kinder rellenas de leche,2020-09-06 16:00:00
843548,Panadería y Pastelería,Toallitas y panales,,Toallitas bebé pieles con tendencia atópica,2020-09-06 16:00:00
843593,Bodega,Cerveza,,Cerveza Tostada 1897,2020-09-06 16:00:00
843917,Bodega,Vino tinto,,Vino tinto D.O Valdepeñas Señorío de los Llanos crianza,2020-09-06 16:00:00
844425,Desayuno y Dulces,Galletas,,Galletas Digestive avena,2020-09-06 16:00:00
844810,Charcutería y Quesos,Queso untable y fresco,,Queso fresco Burgos sin lactosa,2020-09-06 16:00:00
844887,Congelados,Helados,,Helado almendrado,2020-09-06 16:00:00
844902,Congelados,Helados,,Helado mini galletas cacao,2020-09-06 16:00:00
845473,Cuidado Personal,Champu,,Champú anticaspa Pure Fresh cabello normal,2020-09-06 16:00:00
845618,Cuidado Personal,Fijacion cabello,,Laca cabello extra fuerte todo tipo de cabello fijación 4,2020-09-06 16:00:00
845679,Cuidado Personal,Peines y accesorios,,Ranas varios colores,2020-09-06 16:00:00
845834,Cuidado Personal,Cuidado e higiene facial,,Mascarilla facial hidratante con agua de rosas,2020-09-06 16:00:00
845917,Cuidado Personal,Depilacion,,Maquinillas depilación Simply Venus,2020-09-06 16:00:00
846170,Cuidado Personal,Higiene intima,,Protegeslip normal Cotton,2020-09-06 16:00:00
846378,Cuidado Personal,Perfume y colonia,,Eau de toilette hombre Enciende,2020-09-06 16:00:00
846550,Salud,Fitoterapia,,Fibra 24h soluble,2020-09-06 16:00:00
846708,Frescos,Verdura,,Tomates,2020-09-06 16:00:00
846732,Frescos,Verdura,,Medio repollo rizado,2020-09-06 16:00:00
846802,Lácteos y Huevos,Leche y bebidas vegetales,,Bebida láctea semidesnatada Folic-B Flora,2020-09-06 16:00:00
846973,Limpieza y Hogar,Detergente y suavizante ropa,,Detergente ropa original líquido,2020-09-06 16:00:00
847045,Limpieza y Hogar,Estropajo bayeta y guantes,,Estropajo inox,2020-09-06 16:00:00
847176,Limpieza y Hogar,Lejia y liquidos fuertes,,Lejía con detergente limón,2020-09-06 16:00:00
847254,Limpieza y Hogar,Limpieza bano y wc,,Limpiador ducha,2020-09-06 16:00:00
847280,Limpieza y Hogar,Limpieza muebles y multiusos,,Limpia muebles,2020-09-06 16:00:00
847443,Limpieza y Hogar,Pilas y bolsas de basura,,Bolsa de basura mini 10L cubo pequeño,2020-09-06 16:00:00
847466,Limpieza y Hogar,Utensilios de limpieza y calzado,,Recambio mopa microfibra grande,2020-09-06 16:00:00
847501,Limpieza y Hogar,Utensilios de limpieza y calzado,,Limpiador de calzado azul,2020-09-06 16:00:00
847679,Maquillaje,Labios,,Brillo de labios transparente 11,2020-09-06 16:00:00
848108,Mascotas,Perro,,Champú perro con aloe vera Krislin,2020-09-06 16:00:00
848143,Panadería y Pastelería,Bolleria de horno,,Berlina al cacao,2020-09-06 16:00:00
848261,Panadería y Pastelería,Harina y preparado reposteria,,Preparado para bizcocho bolo sin gluten,2020-09-06 16:00:00
848355,Panadería y Pastelería,Pan de molde y otras especialidades,,Pan de molde blanco familiar,2020-09-06 16:00:00
848378,Panadería y Pastelería,Pan de molde y otras especialidades,,Hogaza 100% natural,2020-09-06 16:00:00
848705,Cuidado Personal,Gelatina y otros postres,,Crema catalana,2020-09-06 16:00:00
848768,Lácteos y Huevos,Yogures liquidos,,Bebida láctea de fresa L-casei,2020-09-06 16:00:00
849047,Despensa,Otras salsas,,Salsa barbacoa,2020-09-07 04:00:00
849149,Bebidas,Isotonico y energetico,,Bebida isotónica limón zero azúcar,2020-09-07 04:00:00
849189,Bebidas,Refresco de cola,,Refresco Zero azúcar,2020-09-07 04:00:00
849234,Bebidas,Refresco de naranja y de limon,,Refresco limón original,2020-09-07 04:00:00
849284,Bebidas,Refresco de te y sin gas,,Refresco al limón,2020-09-07 04:00:00
849353,Despensa,Aceitunas y encurtidos,,Aceitunas negras cacereñas a rodajas,2020-09-07 04:00:00
849469,Aperitivos,Patatas fritas y snacks,,Patatas fritas sabor ketchup El Valle,2020-09-07 04:00:00
849530,Despensa,Legumbres,,Garbanzo lechoso,2020-09-07 04:00:00
849638,Desayuno y Dulces,Azucar y edulcorante,,Edulcorante en sobres sacarina,2020-09-07 04:00:00
849819,Desayuno y Dulces,Mermelada y miel,,Mermelada de albaricoque light,2020-09-07 04:00:00
849879,Bebé,Alimentacion infantil,,Preparado lácteo crecimiento +1 año,2020-09-07 04:00:00
850077,Bodega,Cerveza,,Cerveza tostada Turia,2020-09-07 04:00:00
850166,Bodega,Licores,,Whisky escocés Brodick's,2020-09-07 04:00:00
850189,Bodega,Licores,,Crema di limoncello,2020-09-07 04:00:00
850230,Bodega,Sidra y cava,,Sidra El Mayu,2020-09-07 04:00:00
850266,Bodega,Tinto de verano y sangria,,Tinto de verano zero limón Casón Histórico,2020-09-07 04:00:00
850614,Carnicería,Aves y pollo,,Pechugas de pollo con hueso y con piel,2020-09-07 04:00:00
850653,Carnicería,Cerdo,,San Jacobos de cerdo,2020-09-07 04:00:00
850767,Carnicería,Empanados y elaborados,,Medallones pechuga de pollo marinado,2020-09-07 04:00:00
850960,Carnicería,Aves y jamon cocido,Hacendado,Pechuga de pavo pimienta finas lonchas,2020-09-07 04:00:00
851079,Charcutería y Quesos,Jamon serrano,,Jamón serrano cortado a máquina,2020-09-07 04:00:00
851098,Charcutería y Quesos,Jamon serrano,,Jamón serrano,2020-09-07 04:00:00
851123,Charcutería y Quesos,Pate y sobrasada,,Paté de morcilla,2020-09-07 04:00:00
851251,Charcutería y Quesos,Queso untable y fresco,,Queso fresco Burgos sin lactosa,2020-09-07 04:00:00
851267,Charcutería y Quesos,Queso untable y fresco,,Rulito de queso piña y almendra Liptana,2020-09-07 04:00:00
851420,Pescadería,Marisco,,Camarón boreal cocido y pelado Royal Greenland ultracongelado,2020-09-07 04:00:00
851421,Pescadería,Marisco,Hacendado,Gamba blanca cocida ultracongelada,2020-09-07 04:00:00
851452,Pescadería,Pescado,Hacendado,Sepia limpia troceada congelada,2020-09-07 04:00:00
851590,Frescos,Verdura,Hacendado,Espinaca picada en porciones ultracongelada,2020-09-07 04:00:00
851625,Pescadería,Atun y otras conservas de pescado,Hacendado,Atún claro bajo en sal en aceite de oliva,2020-09-07 04:00:00
851867,Cuidado Personal,Acondicionador y mascarilla,,Mascarilla cabello Elvive color vive,2020-09-07 04:00:00
851922,Cuidado Personal,Champu,,Champú infantil Kids 3 en 1,2020-09-07 04:00:00
851955,Cuidado Personal,Coloracion cabello,,Coloración permanente L'Oréal 3 castaño oscuro,2020-09-07 04:00:00
852020,Cuidado Personal,Coloracion cabello,,Coloración permanente L'Oréal 7.1 rubio ceniza,2020-09-07 04:00:00
852101,Cuidado Personal,Peines y accesorios,,Cepillo cabello térmico iónico 35 mm,2020-09-07 04:00:00
852599,Cuidado Personal,Higiene intima,,Protegeslip y compresa 2 en 1 Suave,2020-09-07 04:00:00
852723,Cuidado Personal,Neceseres,,Neceser 101 Dálmatas grande,2020-09-07 04:00:00
852730,Cuidado Personal,Perfume y colonia,,Agua de colonia familiar Brisa,2020-09-07 04:00:00
852868,Cuidado Personal,Perfume y colonia,,Lote hombre Extra Time,2020-09-07 04:00:00
853142,Frescos,Verdura,,Ajo negro dientes pelados,2020-09-07 04:00:00
853184,Frescos,Verdura,,Champiñón Portobello,2020-09-07 04:00:00
853212,Frescos,Verdura,,Maíz dulce,2020-09-07 04:00:00
853262,Lácteos y Huevos,Leche y bebidas vegetales,,Leche desnatada,2020-09-07 04:00:00
853263,Lácteos y Huevos,Leche y bebidas vegetales,,Leche desnatada,2020-09-07 04:00:00
853468,Limpieza y Hogar,Detergente y suavizante ropa,,Suavizante ropa floral concentrado,2020-09-07 04:00:00
853773,Limpieza y Hogar,Limpieza vajilla,,Abrillantador lavavajillas líquido,2020-09-07 04:00:00
853795,Despensa,Menaje y conservacion de alimentos,,Bolsas congelación medianas,2020-09-07 04:00:00
853815,Despensa,Menaje y conservacion de alimentos,,Cañas rectas,2020-09-07 04:00:00
853816,Despensa,Menaje y conservacion de alimentos,,Palillos redondos,2020-09-07 04:00:00
854242,Pescadería,Marisco,,Arreglo para paella de marisco,2020-09-07 04:00:00
854294,Pescadería,Pescado congelado,Hacendado,Filetes de abadejo de Alaska sin piel ultracongelados,2020-09-07 04:00:00
854338,Pescadería,Pescado en bandeja,Pescanova,Anguriñas de surimi,2020-09-07 04:00:00
854345,Pescadería,Pescado en bandeja,,Langostino cocido,2020-09-07 04:00:00
854539,Mascotas,Perro,,Comida perro adulto Supreme con pollo y arroz,2020-09-07 04:00:00
854595,Panadería y Pastelería,Bolleria de horno,,Caracolas rellenas de cacao,2020-09-07 04:00:00
854642,Panadería y Pastelería,Bolleria envasada,,Crepes rellenos de chocolate,2020-09-07 04:00:00
855002,Platos Preparados,Platos preparados calientes,,Lasaña boloñesa,2020-09-07 04:00:00
855017,Platos Preparados,Platos preparados calientes,,Alitas de pollo asadas,2020-09-07 04:00:00
855073,Otros,Platos preparados frios,,Gazpacho andaluz,2020-09-07 04:00:00
855137,Cuidado Personal,Gelatina y otros postres,,"Gelatina 0% azúcar sabores fresa, multifrutas y limón",2020-09-07 04:00:00
855417,Despensa,Especias,,Pimentón dulce de la Vera,2020-09-07 16:00:00
855452,Despensa,Especias,,Sazonador para burritos,2020-09-07 16:00:00
855674,Bebidas,Refresco de cola,,Refresco cola Zero azúcar Zero cafeína,2020-09-07 16:00:00
855730,Bebidas,Tonica y bitter,,Tónica pink,2020-09-07 16:00:00
855789,Despensa,Aceitunas y encurtidos,,Aceitunas manzanilla con hueso,2020-09-07 16:00:00
855846,Frescos,Frutos secos y fruta desecada,Hacendado,Almendra tostada 0% sal añadida,2020-09-07 16:00:00
855884,Frescos,Frutos secos y fruta desecada,Hacendado,Cocktail fruta deshidratada,2020-09-07 16:00:00
855955,Aperitivos,Patatas fritas y snacks,,Anillos de maiz Kaskys Tosfrit,2020-09-07 16:00:00
856035,Despensa,Pasta y fideos,,Spaghetti,2020-09-07 16:00:00
856214,Desayuno y Dulces,Chocolate,,Surtido bombones La Boutique del Praliné,2020-09-07 16:00:00
856251,Desayuno y Dulces,Golosinas,,Golosinas animalitos de pica pica,2020-09-07 16:00:00
856515,Bodega,Cerveza,,Cerveza Suave Steinburg,2020-09-07 16:00:00
856559,Bodega,Cerveza,,Cerveza con sabor a tequila y ginger Desperados,2020-09-07 16:00:00
856593,Bodega,Licores,,Brandy de Jerez solera gran reserva Cardenal Mendoza,2020-09-07 16:00:00
856594,Bodega,Licores,,Bebida espirituosa Convidado de Baco,2020-09-07 16:00:00
856596,Bodega,Licores,,Brandy de Jerez solera reserva Convidado de Baco,2020-09-07 16:00:00
856653,Bodega,Licores,,Aguardiente de orujo Puente Pazos,2020-09-07 16:00:00
856802,Bodega,Vino tinto,,Vino tinto D.O Valdepeñas Pata Negra gran reserva,2020-09-07 16:00:00
856839,Desayuno y Dulces,Cacao soluble y chocolate a la taza,,Cacao soluble 0% azúcares añadidos CaoBon,2020-09-07 16:00:00
856883,Bebidas Calientes,Cafe capsula y monodosis,,Café monodosis descafeinado natural,2020-09-07 16:00:00
856892,Bebidas Calientes,Cafe molido y en grano,,Café molido natural Cafés Valiente,2020-09-07 16:00:00
857159,Carnicería,Hamburguesas y picadas,,Burger de pollo rural gruesas,2020-09-07 16:00:00
857407,Carnicería,Aves y jamon cocido,,Jamón cocido extra Noel lonchas,2020-09-07 16:00:00
857566,Charcutería y Quesos,Pate y sobrasada,,Paté de cerdo al queso azul,2020-09-07 16:00:00
857590,Charcutería y Quesos,Queso curado semicurado y tierno,,Queso viejo sabor intenso Valle de San Juan,2020-09-07 16:00:00
857639,Charcutería y Quesos,Queso lonchas rallado y en porciones,,Queso gouda semicurado Holland Corona lonchas,2020-09-07 16:00:00
857777,Congelados,Helados,,Helado cucurucho choco nata,2020-09-07 16:00:00
857955,Platos Preparados,Pizzas,,Pizza de espinacas ultracongelada,2020-09-07 16:00:00
858103,Pescadería,Atun y otras conservas de pescado,Hacendado,Trozos de sepia en tinta,2020-09-07 16:00:00
858137,Frescos,Conservas de verdura y frutas,Hacendado,Champiñón entero,2020-09-07 16:00:00
858146,Frescos,Conservas de verdura y frutas,Cidacos,Corazones de alcachofa,2020-09-07 16:00:00
858453,Cuidado Personal,Coloracion cabello,,Coloración permanente 6.35 rubio caramelo,2020-09-07 16:00:00
858465,Cuidado Personal,Coloracion cabello,,Coloración permanente L'Oréal 7.1 rubio ceniza,2020-09-07 16:00:00
858535,Cuidado Personal,Fijacion cabello,,Gel fijador extra fuerte todo tipo de cabello fijación 4,2020-09-07 16:00:00
858873,Cuidado Personal,Desodorante,,Desodorante hombre marine,2020-09-07 16:00:00
858956,Cuidado Personal,Higiene bucal,,Dentífrico blanqueante,2020-09-07 16:00:00
859139,Cuidado Personal,Manicura y pedicura,,Lima fibra de vidrio,2020-09-07 16:00:00
859173,Cuidado Personal,Neceseres,,Neceser Mulán grande con asas,2020-09-07 16:00:00
859186,Cuidado Personal,Perfume y colonia,,Body spray rosa blanca,2020-09-07 16:00:00
859268,Cuidado Personal,Perfume y colonia,,Eau de toilette hombre Enciende,2020-09-07 16:00:00
859295,Cuidado Personal,Perfume y colonia,,Eau de toilette hombre Limite Action Water,2020-09-07 16:00:00
859329,Cuidado Personal,Perfume y colonia,,Lote hombre Antonio Banderas Power of Seduction,2020-09-07 16:00:00
859454,Salud,Parafarmacia,,Alcohol de romero,2020-09-07 16:00:00
859466,Salud,Parafarmacia,,Protectores para los oídos de cera Doctor San para el agua,2020-09-07 16:00:00
859543,Frescos,Lechuga y ensalada preparada,,Ensalada mezcla gourmet,2020-09-07 16:00:00
859688,Lácteos y Huevos,Leche y bebidas vegetales,,Bebida láctea semidesnatada con fibra,2020-09-07 16:00:00
860366,Limpieza y Hogar,Utensilios de limpieza y calzado,,Barreño ovalado 8L,2020-09-07 16:00:00
860376,Limpieza y Hogar,Utensilios de limpieza y calzado,,Rodillo quitapelusas,2020-09-07 16:00:00
860418,Limpieza y Hogar,Utensilios de limpieza y calzado,,Plantillas lady talla 37-40,2020-09-07 16:00:00
860452,Maquillaje,Bases de maquillaje y corrector,,Maquillaje fluido acción global 02,2020-09-07 16:00:00
860585,Maquillaje,Labios,,Pintalabios mate 01 rojo My Soul,2020-09-07 16:00:00
860718,Pescadería,Pescado congelado,,Filetes de panga ultracongelados,2020-09-07 16:00:00
860738,Pescadería,Pescado congelado,Hacendado,Filete de fletán negro congelado,2020-09-07 16:00:00
860856,Pescadería,Salazones y ahumados,Hacendado,Filetes de anchoa en aceite de girasol,2020-09-07 16:00:00
861233,Panadería y Pastelería,Pan de horno,,"Pan con semillas 4,5% rebanado",2020-09-07 16:00:00
861237,Panadería y Pastelería,Pan de horno,,3 Barras de pan aceite de oliva rebanadas,2020-09-07 16:00:00
861344,Panadería y Pastelería,Tartas y pasteles,,Tarta dúo sabores congelada,2020-09-07 16:00:00
861352,Panadería y Pastelería,Tartas y pasteles,,Tarta de la abuela congelada,2020-09-07 16:00:00
861553,Lácteos y Huevos,Bifidus,,Bífidus desnatado cremoso natural edulcorado,2020-09-07 16:00:00
861603,Otros,Postres de soja,,Postre de soja con piña y maracuyá,2020-09-07 16:00:00
861650,Lácteos y Huevos,Yogures liquidos,,Bebida láctea natural azucarada,2020-09-07 16:00:00
861812,Despensa,Aceite vinagre y sal,,"Aceite de girasol refinado 0,2º",2020-09-08 04:00:00
861866,Despensa,Especias,,Molinillo mix pimientas,2020-09-08 04:00:00
862056,Bebidas,Isotonico y energetico,,Bebida energética Energy Drink,2020-09-08 04:00:00
862085,Bebidas,Refresco de cola,,Refresco Zero azúcar,2020-09-08 04:00:00
862195,Bebidas,Refresco de te y sin gas,,Refresco fusión de frutas Gold Spring cero sin gas,2020-09-08 04:00:00
862301,Frescos,Frutos secos y fruta desecada,Hacendado,Pipas girasol barbacoa,2020-09-08 04:00:00
862338,Aperitivos,Patatas fritas y snacks,,Patatas fritas corte ondulado,2020-09-08 04:00:00
862372,Aperitivos,Patatas fritas y snacks,,Manzana roja deshidratada,2020-09-08 04:00:00
862474,Despensa,Pasta y fideos,,Spaghetti fino,2020-09-08 04:00:00
862501,Despensa,Pasta y fideos,,Fideos orientales Yakisoba classic,2020-09-08 04:00:00
862502,Despensa,Pasta y fideos,,Fideos orientales sabor pollo Yum Yum,2020-09-08 04:00:00
862593,Desayuno y Dulces,Chocolate,,Chocolate con leche Milka Oreo,2020-09-08 04:00:00
862607,Desayuno y Dulces,Chocolate,,Chocolate con leche Milka galleta Oreo,2020-09-08 04:00:00
862669,Desayuno y Dulces,Golosinas,,Golosinas muaks,2020-09-08 04:00:00
862734,Bebé,Alimentacion infantil,,Papilla crema de verduras con rape baby buenas noches +8 meses,2020-09-08 04:00:00
862813,Bebé,Biberon chupete y menaje,,Cepillo limpiabiberón y tetina,2020-09-08 04:00:00
862818,Bebé,Biberon chupete y menaje,,Chupete silicona reversible +0 a 6 meses,2020-09-08 04:00:00
862895,Panadería y Pastelería,Toallitas y panales,,Pañales bebé talla 6 de 17-28 kg,2020-09-08 04:00:00
863047,Bodega,Licores,,Whisky Crocker Land,2020-09-08 04:00:00
863055,Bodega,Licores,,Ron añejo Negrita,2020-09-08 04:00:00
863135,Bodega,Sidra y cava,,"Vino espumoso sin alcohol 0,0% Viña secret",2020-09-08 04:00:00
863319,Bebidas Calientes,Cafe capsula y monodosis,,Café monodosis natural Espresso,2020-09-08 04:00:00
863348,Bebidas Calientes,Cafe molido y en grano,,Café en grano torrefacto,2020-09-08 04:00:00
863413,Bebidas Calientes,Te e infusiones,,Infusión Valeriana,2020-09-08 04:00:00
863431,Otros,Arreglos,,Gallina un cuarto de pieza pesada,2020-09-08 04:00:00
863532,Carnicería,Cerdo,,Lomo de cerdo adobado,2020-09-08 04:00:00
863542,Carnicería,Cerdo,,Filetes de cerdo magro jamón,2020-09-08 04:00:00
863577,Charcutería y Quesos,Embutido,,Longaniza magro fresca,2020-09-08 04:00:00
863668,Carnicería,Empanados y elaborados,,Delicias de fiambre pollo y queso,2020-09-08 04:00:00
863714,Desayuno y Dulces,Cereales,,Muesli 50% frutas y frutos secos,2020-09-08 04:00:00
863839,Carnicería,Aves y jamon cocido,,Pollo relleno asado al horno La Carloteña lonchas,2020-09-08 04:00:00
863874,Charcutería y Quesos,Bacon y salchichas,,Salchichas cocidas hot dog bocadillo Oscar Mayer classic,2020-09-08 04:00:00
863903,Charcutería y Quesos,Embutido curado,,Salchichón extra lonchas,2020-09-08 04:00:00
863934,Charcutería y Quesos,Embutido curado,,Chorizo extra pimienta finas lonchas,2020-09-08 04:00:00
864375,Pescadería,Pescado,Hacendado,Chipirones enharinados ultracongelado,2020-09-08 04:00:00
864435,Frescos,Verdura,Hacendado,Garbanzo ultracongelado,2020-09-08 04:00:00
864565,Despensa,Berberechos y mejillones,,Mejillones al natural pequeños,2020-09-08 04:00:00
864596,Frescos,Conservas de verdura y frutas,,Palmito al natural entero Intiyán,2020-09-08 04:00:00
864834,Cuidado Personal,Coloracion cabello,,Coloración permanente sin amoníaco Azalea 6.74 marrón cobrizo,2020-09-08 04:00:00
864855,Cuidado Personal,Coloracion cabello,,Coloración permanente 7.43 cobre cálido,2020-09-08 04:00:00
864879,Cuidado Personal,Coloracion cabello,,Coloración permanente 7.77 rubio marrón intenso,2020-09-08 04:00:00
864915,Cuidado Personal,Coloracion cabello,,Coloración permanente sin amoníaco 6.0 rubio oscuro,2020-09-08 04:00:00
865018,Cuidado Personal,Peines y accesorios,,Gomas varios colores,2020-09-08 04:00:00
865048,Cuidado Personal,Afeitado y cuidado para hombre,,Maquinilla de afeitar Hydro 5 sense,2020-09-08 04:00:00
865052,Cuidado Personal,Afeitado y cuidado para hombre,,Recambios maquinilla de afeitar Fusion proshield,2020-09-08 04:00:00
865224,Cuidado Personal,Cuidado e higiene facial,,Tratamiento facial intensivo regenerador Sisbela,2020-09-08 04:00:00
865281,Cuidado Personal,Desodorante,,Desodorante roll-on active control men,2020-09-08 04:00:00
865317,Cuidado Personal,Desodorante,,Desodorante mujer protección plus,2020-09-08 04:00:00
865451,Cuidado Personal,Higiene bucal,,Tabletas limpiadoras prótesis dentales Benfix y ortodoncias,2020-09-08 04:00:00
865470,Cuidado Personal,Higiene intima,,Compresa con alas normal cotton like,2020-09-08 04:00:00
865571,Cuidado Personal,Manicura y pedicura,,Laca de uñas Bom Bom 946 rosa,2020-09-08 04:00:00
865840,Salud,Fitoterapia,,Cápsulas kaptogras,2020-09-08 04:00:00
865964,Frescos,Fruta,Hacendado,Guacamole,2020-09-08 04:00:00
865976,Frescos,Fruta,,Arándanos,2020-09-08 04:00:00
866013,Frescos,Verdura,,Patata,2020-09-08 04:00:00
866053,Frescos,Verdura,,Pimiento verde freír,2020-09-08 04:00:00
866239,Lácteos y Huevos,Leche y bebidas vegetales,,Preparado lácteo crecimiento Peques 3,2020-09-08 04:00:00
866340,Limpieza y Hogar,Detergente y suavizante ropa,,Quitamanchas de desteñidos La Nave sin lejía,2020-09-08 04:00:00
866489,Limpieza y Hogar,Insecticida y ambientador,,Vela perfumada canela,2020-09-08 04:00:00
866522,Limpieza y Hogar,Lejia y liquidos fuertes,,Desatascador de tuberías en gel,2020-09-08 04:00:00
866661,Limpieza y Hogar,Limpieza vajilla,,Limpiamáquinas lavavajillas líquido,2020-09-08 04:00:00
866758,Limpieza y Hogar,Papel higienico y celulosa,,Toallitas refrescantes monodosis,2020-09-08 04:00:00
866891,Maquillaje,Bases de maquillaje y corrector,,Maquillaje fluido anti-age 48 sun beige,2020-09-08 04:00:00
866927,Maquillaje,Bases de maquillaje y corrector,,Corrector stick 01,2020-09-08 04:00:00
867357,Mascotas,Gato,,Bocaditos en salsa gato adulto Delikuit,2020-09-08 04:00:00
867549,Panadería y Pastelería,Bolleria envasada,,Muffins con chips de chocolate Horno de San Juan,2020-09-08 04:00:00
867654,Panadería y Pastelería,Pan de horno,,Pan campeón del mundo,2020-09-08 04:00:00
867770,Panadería y Pastelería,Picos rosquilletas y picatostes,,Rosquilletas tradicionales,2020-09-08 04:00:00
867772,Panadería y Pastelería,Picos rosquilletas y picatostes,,Palitos de pan con pipas Anitin,2020-09-08 04:00:00
867836,Otros,Velas y decoracion,,Azúcar vainillado,2020-09-08 04:00:00
867967,Otros,Platos preparados frios,,Tortilla de patata con cebolla,2020-09-08 04:00:00
868010,Lácteos y Huevos,Flan y natillas,,Flan de café Reina,2020-09-08 04:00:00
868024,Cuidado Personal,Gelatina y otros postres,,"Gelatina 0% azúcar sabores fresa, multifrutas y limón",2020-09-08 04:00:00
868131,Lácteos y Huevos,Yogures naturales y sabores,,Yogur cremoso natural azucarado,2020-09-08 04:00:00
868139,Lácteos y Huevos,Yogures naturales y sabores,,Yogur sabores,2020-09-08 04:00:00
868183,Frescos,Fruta variada,Hacendado,Fruta + leche tropical,2020-09-08 04:00:00
868266,Despensa,Aceite vinagre y sal,,Vinagre de Jerez reserva,2020-09-08 16:00:00
868316,Despensa,Especias,,Cebolla en polvo,2020-09-08 16:00:00
868487,Bebidas,Isotonico y energetico,,Bebida isotónica blue Iso drink,2020-09-08 16:00:00
868619,Bebidas,Refresco de te y sin gas,,Refresco al limón,2020-09-08 16:00:00
868638,Bebidas,Refresco de te y sin gas,,Refresco de naranja Simon Life sin gas,2020-09-08 16:00:00
868780,Aperitivos,Patatas fritas y snacks,,Patatas fritas estilo tradicional,2020-09-08 16:00:00
868814,Aperitivos,Patatas fritas y snacks,,Combinado de aperitivos,2020-09-08 16:00:00
869027,Desayuno y Dulces,Chocolate,,Chocolatinas Royal Mints chocolate negro,2020-09-08 16:00:00
869036,Desayuno y Dulces,Chocolate,,99% cacao extrafino negro,2020-09-08 16:00:00
869057,Desayuno y Dulces,Chocolate,,Fideos de chocolate,2020-09-08 16:00:00
869119,Desayuno y Dulces,Golosinas,,Golosinas fresi pink rellenas,2020-09-08 16:00:00
869231,Bebé,Alimentacion infantil,,Leche crecimiento en polvo 3 baby,2020-09-08 16:00:00
869275,Bebé,Biberon chupete y menaje,,Cuchara bebé de silicona +4 meses,2020-09-08 16:00:00
869368,Bodega,Cerveza,,Cerveza doble malta,2020-09-08 16:00:00
869406,Bodega,Cerveza,,Cerveza Abadía tostada Hélécine,2020-09-08 16:00:00
869438,Bodega,Cerveza,,Bebida cider con gas Wild panther sabor a fresa y lima,2020-09-08 16:00:00
869545,Bodega,Licores,,Licor de café Puente Pazos,2020-09-08 16:00:00
869646,Bodega,Vino rosado,,Vino rosado Dominio de Borgia,2020-09-08 16:00:00
869793,Bebidas Calientes,Cafe soluble y otras bebidas,,Café soluble clásico,2020-09-08 16:00:00
869916,Carnicería,Aves y pollo,,Cuartos traseros de pollo rural,2020-09-08 16:00:00
870109,Carnicería,Empanados y elaborados,,Tacos de pavo al ajillo,2020-09-08 16:00:00
870190,Desayuno y Dulces,Galletas,,Galletas canela,2020-09-08 16:00:00
870234,Desayuno y Dulces,Galletas,,Galletas de cacao sin gluten rellenas de crema,2020-09-08 16:00:00
870243,Desayuno y Dulces,Galletas,,Bizcocho bañado en chocolate con leche Cadbury delight,2020-09-08 16:00:00
870311,Charcutería y Quesos,Bacon y salchichas,,Panceta salada ibérica La Hacienda del ibérico,2020-09-08 16:00:00
870414,Charcutería y Quesos,Jamon serrano,,Taquitos de jamón,2020-09-08 16:00:00
870506,Charcutería y Quesos,Queso curado semicurado y tierno,,Queso Gouda tierno Holland,2020-09-08 16:00:00
870534,Charcutería y Quesos,Queso lonchas rallado y en porciones,,Queso rallado 4 quesos,2020-09-08 16:00:00
870545,Charcutería y Quesos,Queso untable y fresco,,Queso untar blanco pasteurizado,2020-09-08 16:00:00
870643,Carnicería,Carne,,Chuletas cordero de lechal congeladas,2020-09-08 16:00:00
870688,Congelados,Helados,,Helado lima limón,2020-09-08 16:00:00
870746,Pescadería,Marisco,Hacendado,Gamba pelada cruda tamaño grande ultracongelada,2020-09-08 16:00:00
870753,Pescadería,Marisco,Hacendado,Mejillón de Chile entero cocido ultracongelado,2020-09-08 16:00:00
870806,Pescadería,Pescado,Hacendado,Gallos sin cabeza ultracongelado,2020-09-08 16:00:00
871008,Despensa,Berberechos y mejillones,,Mejillones en escabeche medianos,2020-09-08 16:00:00
871096,Despensa,Gazpacho y cremas,,Salmorejo fresco,2020-09-08 16:00:00
871133,Despensa,Sopa y caldo,,Caldo para paella de marisco o fideuá con sofrito,2020-09-08 16:00:00
871515,Cuidado Personal,Afeitado y cuidado para hombre,,Gel de ducha taurina hydra energetic L'Oréal men expert,2020-09-08 16:00:00
871534,Otros,Cuidado corporal,,Loción corporal reafirmante,2020-09-08 16:00:00
871568,Otros,Cuidado corporal,,Crema de manos con aceite de oliva,2020-09-08 16:00:00
871610,Cuidado Personal,Cuidado e higiene facial,,Loción facial limpiadora pieles grasas,2020-09-08 16:00:00
871710,Cuidado Personal,Depilacion,,Maquinilla depilación Hydro silk bikini,2020-09-08 16:00:00
871754,Cuidado Personal,Desodorante,,Desodorante cobalt dry,2020-09-08 16:00:00
871806,Cuidado Personal,Gel y jabon de manos,,Jabón de manos natural de glicerina líquido,2020-09-08 16:00:00
871846,Cuidado Personal,Higiene bucal,,Dentífrico gel fresh clorofila 2 en 1,2020-09-08 16:00:00
871906,Cuidado Personal,Higiene intima,,Compresa con alas super Suave,2020-09-08 16:00:00
871963,Cuidado Personal,Higiene intima,,Tampones regular con aplicador suave,2020-09-08 16:00:00
871973,Cuidado Personal,Higiene intima,,Pañal adulto braguita talla M Tena pants plus,2020-09-08 16:00:00
872135,Cuidado Personal,Perfume y colonia,,Lote mujer Alejandro Sanz Mi acorde,2020-09-08 16:00:00
872168,Cuidado Personal,Perfume y colonia,,Eau de cologne hombre Brummel,2020-09-08 16:00:00
872286,Salud,Fitoterapia,,Cápsulas dulces sueños,2020-09-08 16:00:00
872423,Frescos,Lechuga y ensalada preparada,,Ensalada mezcla brotes tiernos,2020-09-08 16:00:00
872484,Frescos,Verdura,,Pepino holandés,2020-09-08 16:00:00
872557,Lácteos y Huevos,Huevos,,Claras de huevo líquidas pasteurizadas,2020-09-08 16:00:00
872662,Lácteos y Huevos,Leche y bebidas vegetales,,Horchata de chufa,2020-09-08 16:00:00
872721,Lácteos y Huevos,Mantequilla y margarina,,Margarina original Flora,2020-09-08 16:00:00
872847,Limpieza y Hogar,Estropajo bayeta y guantes,,Guantes de nitrilo talla grande,2020-09-08 16:00:00
872865,Panadería y Pastelería,Pan de horno,,Baguette masa madre,2020-09-08 16:00:00
873054,Limpieza y Hogar,Limpieza cocina,,Recambio rasqueta vitrocerámicas,2020-09-08 16:00:00
873088,Limpieza y Hogar,Limpieza vajilla,,Lavavajillas a mano,2020-09-08 16:00:00
873104,Limpieza y Hogar,Limpieza vajilla,,Abrillantador lavavajillas líquido,2020-09-08 16:00:00
873214,Limpieza y Hogar,Pilas y bolsas de basura,,Bolsa de basura extra 30L cubo mediano,2020-09-08 16:00:00
873287,Limpieza y Hogar,Utensilios de limpieza y calzado,,Cepillo calzado,2020-09-08 16:00:00
873320,Maquillaje,Bases de maquillaje y corrector,,Maquillaje fluido larga duración 05,2020-09-08 16:00:00
873501,Maquillaje,Ojos,,Máscara de pestañas maxi volumen marrón,2020-09-08 16:00:00
873753,Pescadería,Salazones y ahumados,,Migas de bacalao Ubago,2020-09-08 16:00:00
873786,Pescadería,Sushi,,Gyozas de pollo Sushita,2020-09-08 16:00:00
873961,Panadería y Pastelería,Bolleria de horno,,Empanada rellena de atún,2020-09-08 16:00:00
874501,Lácteos y Huevos,Yogures desnatados,,Yogur con fruta 0% materia grasa 0% sin azúcares añadidos,2020-09-08 16:00:00
874522,Lácteos y Huevos,Yogures griegos,,Yogur griego natural con azúcar de caña,2020-09-08 16:00:00
874650,Otros,Melocoton y pina,,Néctar de piña sin azúcares añadidos,2020-09-08 16:00:00
874695,Despensa,Aceite vinagre y sal,,"Aceite de semillas refinado 0,2º",2020-09-09 04:00:00
874803,Despensa,Mayonesa ketchup y mostaza,,Mostaza a la antigua,2020-09-09 04:00:00
874882,Bebidas,Agua,,Agua mineral Cortes pequeña tapón infantil,2020-09-09 04:00:00
874897,Bebidas,Agua,,Agua mineral con gas Cortes grande,2020-09-09 04:00:00
875003,Bebidas,Refresco de naranja y de limon,,Refresco de limón fresh gas,2020-09-09 04:00:00
875134,Despensa,Aceitunas y encurtidos,,Cóctel de encurtidos en vinagre,2020-09-09 04:00:00
875232,Aperitivos,Patatas fritas y snacks,,Patatas fritas sabor huevo frito,2020-09-09 04:00:00
875319,Despensa,Legumbres,,Lenteja pardina,2020-09-09 04:00:00
875581,Desayuno y Dulces,Mermelada y miel,,Mermelada de fresa monodosis,2020-09-09 04:00:00
875662,Bebé,Alimentacion infantil,,Preparado lácteo con cereales crecimiento +1 año,2020-09-09 04:00:00
875679,Bebé,Alimentacion infantil,,Papilla 8 cereales con miel baby +6 meses,2020-09-09 04:00:00
875789,Bodega,Cerveza,,Cerveza Clásica Steinburg,2020-09-09 04:00:00
875894,Bodega,Cerveza sin alcohol,,"Cerveza 0,0% sin alcohol",2020-09-09 04:00:00
875964,Bodega,Licores,,Vodka premium Vladonof,2020-09-09 04:00:00
876171,Desayuno y Dulces,Cacao soluble y chocolate a la taza,,Cacao en polvo a la taza,2020-09-09 04:00:00
876260,Bebidas Calientes,Cafe soluble y otras bebidas,,Cereales solubles con achicoria,2020-09-09 04:00:00
876283,Bebidas Calientes,Te e infusiones,,Infusión Menta Poleo,2020-09-09 04:00:00
876534,Carnicería,Empanados y elaborados,,Pechugas de pollo empanadas marinadas,2020-09-09 04:00:00
876657,Desayuno y Dulces,Galletas,,Bizcochitos Lulu el osito,2020-09-09 04:00:00
876688,Desayuno y Dulces,Galletas,,Surtido de galletas y barquillos,2020-09-09 04:00:00
876744,Carnicería,Aves y jamon cocido,,Magro de cerdo cocido Coren,2020-09-09 04:00:00
876800,Charcutería y Quesos,Embutido curado,,Salchichón ibérico La Hacienda del ibérico lonchas,2020-09-09 04:00:00
877004,Charcutería y Quesos,Queso untable y fresco,,Mozzarella fresca,2020-09-09 04:00:00
877218,Pescadería,Pescado,Hacendado,Sepia limpia troceada congelada,2020-09-09 04:00:00
877277,Platos Preparados,Pizzas,,Pizza jamón y queso sin gluten y sin lactosa ultracongelada,2020-09-09 04:00:00
877306,Panadería y Pastelería,Tartas y churros,,Tarta infantil El Rey León congelada,2020-09-09 04:00:00
877403,Pescadería,Atun y otras conservas de pescado,Hacendado,Filetes de caballa del sur en tomate,2020-09-09 04:00:00
877454,Despensa,Berberechos y mejillones,,Mejillones en salsa de vieira pequeños,2020-09-09 04:00:00
877457,Frescos,Conservas de verdura y frutas,Hacendado,Espárragos delgados,2020-09-09 04:00:00
877755,Cuidado Personal,Coloracion cabello,,Coloración permanente 6.1 rubio oscuro ceniza,2020-09-09 04:00:00
877808,Cuidado Personal,Coloracion cabello,,Coloración permanente 0% amoníaco 6.0 rubio oscuro luminoso,2020-09-09 04:00:00
877916,Cuidado Personal,Afeitado y cuidado para hombre,,Jabón de afeitar en roll-on Lea,2020-09-09 04:00:00
877965,Otros,Cuidado corporal,,Gel corporal aloe vera,2020-09-09 04:00:00
878096,Cuidado Personal,Cuidado e higiene facial,,Contorno de ojos Sisbela,2020-09-09 04:00:00
878117,Cuidado Personal,Depilacion,,Crema decolorante rostro y cuerpo todo tipo de pieles,2020-09-09 04:00:00
878392,Cuidado Personal,Higiene intima,,Tampones regular con aplicador compacto,2020-09-09 04:00:00
878427,Cuidado Personal,Manicura y pedicura,,Tratamiento para uñas gel quita-cutículas,2020-09-09 04:00:00
878440,Cuidado Personal,Manicura y pedicura,,Laca de uñas alto brillo 22 granate sublime,2020-09-09 04:00:00
878696,Cuidado Personal,Protector solar y aftersun,,Crema protección solar facial antiedad Sisbela FPS 50+ con color,2020-09-09 04:00:00
878715,Cuidado Personal,Protector solar y aftersun,,Protector labial FPS 15,2020-09-09 04:00:00
878721,Salud,Fitoterapia,,Cápsulas kaptogras,2020-09-09 04:00:00
878741,Salud,Fitoterapia,,Cápsulas cola de caballo,2020-09-09 04:00:00
879183,Limpieza y Hogar,Detergente y suavizante ropa,,Detergente ropa sport higiene en gel,2020-09-09 04:00:00
879192,Limpieza y Hogar,Detergente y suavizante ropa,,Detergente ropa jabón de Marsella en polvo,2020-09-09 04:00:00
879297,Limpieza y Hogar,Insecticida y ambientador,,Pulsera de citronela talla L,2020-09-09 04:00:00
879483,Limpieza y Hogar,Limpieza cocina,,Recambio rasqueta vitrocerámicas,2020-09-09 04:00:00
879522,Limpieza y Hogar,Limpieza vajilla,,Lavavajillas todo en 1 en pastillas,2020-09-09 04:00:00
879675,Limpieza y Hogar,Utensilios de limpieza y calzado,,Mango antideslizante 140 cm,2020-09-09 04:00:00
879688,Limpieza y Hogar,Utensilios de limpieza y calzado,,Fundas guarda ropa transparentes,2020-09-09 04:00:00
879990,Pescadería,Marisco,,Alistado mediano congelado,2020-09-09 04:00:00
880150,Pescadería,Pescado fresco,,Trucha sin aletas,2020-09-09 04:00:00
880188,Pescadería,Salazones y ahumados,Hacendado,Capellanes bacaladilla seca salada,2020-09-09 04:00:00
880247,Mascotas,Gato,,Comida gato esterilizado light Supreme con pollo y cereales,2020-09-09 04:00:00
880270,Mascotas,Gato,,Snack gato barritas de pato y pavo,2020-09-09 04:00:00
880432,Panadería y Pastelería,Bolleria envasada,,Magdalenas integrales 0% azúcares añadidos,2020-09-09 04:00:00
880622,Panadería y Pastelería,Pan tostado y rallado,,Crackers 30% integral Galbusera,2020-09-09 04:00:00
880651,Panadería y Pastelería,Picos rosquilletas y picatostes,,Panes especiales con tomate y orégano,2020-09-09 04:00:00
880682,Panadería y Pastelería,Tartas y pasteles,,Tarta infantil Peppa Pig congelada,2020-09-09 04:00:00
880760,Platos Preparados,Platos preparados calientes,,Lasaña boloñesa familiar,2020-09-09 04:00:00
880970,Lácteos y Huevos,Yogures liquidos,,Bebida láctea natural azucarada,2020-09-09 04:00:00
881080,Otros,Melocoton y pina,,Zumo de piña y uva,2020-09-09 04:00:00
881097,Bebidas,Naranja,,Zumo de naranja selección,2020-09-09 04:00:00
881098,Bebidas,Naranja,,Bebida Florida,2020-09-09 04:00:00
881172,Despensa,Especias,,Pimentón dulce,2020-09-09 16:00:00
881227,Despensa,Mayonesa ketchup y mostaza,,Mayonesa,2020-09-09 16:00:00
881389,Bebidas,Refresco de cola,,Refresco,2020-09-09 16:00:00
881649,Frescos,Frutos secos y fruta desecada,Hacendado,Piña deshidratada,2020-09-09 16:00:00
881816,Despensa,Pasta y fideos,,Gnocchi frescos al pesto,2020-09-09 16:00:00
881833,Despensa,Pasta y fideos,,Fideos orientales Yakisoba soja,2020-09-09 16:00:00
881878,Desayuno y Dulces,Chicles y caramelos,,Caramelos blandos,2020-09-09 16:00:00
881891,Desayuno y Dulces,Chocolate,,Chocolate negro Valor 70% chocolate negro,2020-09-09 16:00:00
881901,Desayuno y Dulces,Chocolate,,Chocolate extrafino negro avellanas enteras,2020-09-09 16:00:00
881999,Desayuno y Dulces,Golosinas,,Kubito sorpresa fantasía,2020-09-09 16:00:00
882170,Cuidado Personal,Higiene y cuidado,,Bálsamo facial infantil pieles atópicas,2020-09-09 16:00:00
882342,Bodega,Licores,,Bebida espirituosa centenario Terry,2020-09-09 16:00:00
882405,Bodega,Licores,,Licor de manzana Milord,2020-09-09 16:00:00
882476,Bodega,Vino blanco,,Vino blanco D.O Rioja Arteso,2020-09-09 16:00:00
882555,Bodega,Vino tinto,,Vino tinto D.O Valdepeñas Señorío de los Llanos crianza,2020-09-09 16:00:00
882669,Bebidas Calientes,Cafe soluble y otras bebidas,,Café soluble descafeinado classic,2020-09-09 16:00:00
882850,Carnicería,Cerdo,,Solomillo de cerdo,2020-09-09 16:00:00
882886,Carnicería,Conejo y cordero,,Garretas brazuelo de cordero,2020-09-09 16:00:00
883002,Desayuno y Dulces,Cereales,,Anillos de cereales Colors sabor a frutas,2020-09-09 16:00:00
883046,Desayuno y Dulces,Galletas,María,Galletas dorada,2020-09-09 16:00:00
883214,Charcutería y Quesos,Chopped y mortadela,,Galantina con pistacho y trufa finas lonchas,2020-09-09 16:00:00
883223,Charcutería y Quesos,Embutido curado,,Longaniza de pavo extra lonchas,2020-09-09 16:00:00
883338,Charcutería y Quesos,Queso curado semicurado y tierno,,Queso curado,2020-09-09 16:00:00
883383,Charcutería y Quesos,Queso lonchas rallado y en porciones,,Queso semicurado lonchas,2020-09-09 16:00:00
883387,Charcutería y Quesos,Queso lonchas rallado y en porciones,,Queso tierno de vaca lonchas,2020-09-09 16:00:00
883435,Charcutería y Quesos,Queso untable y fresco,,Queso fresco Burgo de Arias,2020-09-09 16:00:00
883439,Charcutería y Quesos,Queso untable y fresco,,Queso en dados para ensaladas,2020-09-09 16:00:00
883554,Congelados,Helados,,Helado de fresa,2020-09-09 16:00:00
883559,Congelados,Helados,,Granizado de limón,2020-09-09 16:00:00
883784,Frescos,Verdura,Hacendado,Zanahoria baby ultracongelada,2020-09-09 16:00:00
883815,Pescadería,Atun y otras conservas de pescado,Hacendado,Atún en aceite de oliva,2020-09-09 16:00:00
883920,Frescos,Conservas de verdura y frutas,,Habas fritas Peña torcal mini baby extra,2020-09-09 16:00:00
883923,Frescos,Conservas de verdura y frutas,Hacendado,Apio en tiras,2020-09-09 16:00:00
884180,Cuidado Personal,Coloracion cabello,,Coloración sin amoníaco L'Oréal 316 violín,2020-09-09 16:00:00
884231,Cuidado Personal,Coloracion cabello,,Coloración permanente L'Oréal 9.3 rubio muy claro dorado,2020-09-09 16:00:00
884277,Cuidado Personal,Fijacion cabello,,Espuma extra fuerte todo tipo de cabello fijación 4,2020-09-09 16:00:00
884295,Cuidado Personal,Fijacion cabello,,Gel fijador fuerte todo tipo de cabello fijación 3,2020-09-09 16:00:00
884384,Cuidado Personal,Afeitado y cuidado para hombre,,Crema contorno de ojos 9.60 hombre,2020-09-09 16:00:00
884634,Cuidado Personal,Desodorante,,Desodorante mujer protección plus,2020-09-09 16:00:00
884757,Cuidado Personal,Higiene bucal,,Crema adhesiva para prótesis dentales Benfix sin sabor,2020-09-09 16:00:00
884953,Cuidado Personal,Perfume y colonia,,Eau de toilette mujer Como tú Amor,2020-09-09 16:00:00
884969,Cuidado Personal,Perfume y colonia,,Eau de toilette mujer Adolfo Dominguez Agua fresca de rosas,2020-09-09 16:00:00
884980,Cuidado Personal,Perfume y colonia,,Eau de toilette mujer Malú Live love music,2020-09-09 16:00:00
885014,Cuidado Personal,Perfume y colonia,,Lote mujer Adolfo Dominguez Azahar,2020-09-09 16:00:00
885099,Cuidado Personal,Perfume y colonia,,Lote infantil Toy Story Jessie,2020-09-09 16:00:00
885250,Frescos,Fruta,,Uva negra con semillas,2020-09-09 16:00:00
885268,Frescos,Fruta,,Aguacates,2020-09-09 16:00:00
885404,Frescos,Verdura,,Media calabaza cacahuete,2020-09-09 16:00:00
885468,Lácteos y Huevos,Leche y bebidas vegetales,,Leche desnatada fresca,2020-09-09 16:00:00
885490,Lácteos y Huevos,Leche y bebidas vegetales,,Horchata fresca,2020-09-09 16:00:00
885491,Lácteos y Huevos,Leche y bebidas vegetales,,Bebida de soja calcio,2020-09-09 16:00:00
885503,Lácteos y Huevos,Leche y bebidas vegetales,,Bebida de soja con chocolate,2020-09-09 16:00:00
885668,Limpieza y Hogar,Detergente y suavizante ropa,,Planchado fácil,2020-09-09 16:00:00
886172,Maquillaje,Bases de maquillaje y corrector,,Maquillaje fluido fijo & cubriente 08,2020-09-09 16:00:00
886183,Maquillaje,Bases de maquillaje y corrector,,Maquillaje fluido perfección satin 02,2020-09-09 16:00:00
886334,Maquillaje,Labios,,Pintalabios mate 01 rojo My Soul,2020-09-09 16:00:00
886353,Maquillaje,Ojos,,Perfilador de cejas marrón oscuro,2020-09-09 16:00:00
886802,Panadería y Pastelería,Bolleria de horno,,Muffin chocolate 3%,2020-09-09 16:00:00
887178,Platos Preparados,Pizzas,,Pizza jamón y queso sin gluten y sin lactosa ultracongelada,2020-09-09 16:00:00
887197,Platos Preparados,Platos preparados calientes,,Spaghetti carbonara,2020-09-09 16:00:00
887352,Otros,Postres de soja,,Postre de soja Savia natural edulcorado,2020-09-09 16:00:00
887357,Lácteos y Huevos,Yogures desnatados,,Yogur natural edulcorado 0% materia grasa 0% sin azúcares añadidos,2020-09-09 16:00:00
887411,Lácteos y Huevos,Yogures liquidos,,Bebida láctea natural,2020-09-09 16:00:00
887418,Lácteos y Huevos,Yogures liquidos,,Bebida láctea natural Cuidacol 0% azúcares añadidos,2020-09-09 16:00:00
887489,Frescos,Fruta variada,Hacendado,Fruta + leche naranja y mango sin azúcares añadidos,2020-09-09 16:00:00
887547,Despensa,Aceite vinagre y sal,,Aceite de oliva virgen extra Gran Selección,2020-09-10 04:00:00
887605,Despensa,Especias,,Pimentón picante de la Vera,2020-09-10 04:00:00
887748,Bebidas,Agua,,Agua mineral Aquarel,2020-09-10 04:00:00
887991,Despensa,Aceitunas y encurtidos,,Aceitunas negras con hueso,2020-09-10 04:00:00
888007,Despensa,Aceitunas y encurtidos,,Pepinillos laminados agridulces,2020-09-10 04:00:00
888146,Despensa,Arroz,,Arroz cocido basmati Brillante,2020-09-10 04:00:00
888205,Despensa,Pasta y fideos,,Pajaritas vegetales,2020-09-10 04:00:00
888335,Desayuno y Dulces,Chocolate,,Chocolate extrafino negro almendras enteras,2020-09-10 04:00:00
888348,Desayuno y Dulces,Chocolate,,Chocolate con leche,2020-09-10 04:00:00
888477,Bebé,Alimentacion infantil,,Papilla verduritas con merluza baby +8 meses,2020-09-10 04:00:00
888587,Bebé,Biberon chupete y menaje,,Vaso para bebé +6 meses boquilla blanda Mickey,2020-09-10 04:00:00
888681,Bodega,Cerveza,,Cerveza Pilsen Sabor a Sur Steinburg,2020-09-10 04:00:00
888854,Bodega,Sidra y cava,,Sidra El Gaitero,2020-09-10 04:00:00
888896,Bodega,Vino blanco,,Vino blanco Marina Alta D.O Alicante,2020-09-10 04:00:00
888950,Bodega,Vino tinto,,Vino tinto tempranillo Elegido,2020-09-10 04:00:00
889166,Otros,Arreglos,,Trozo de vacuno para cocido,2020-09-10 04:00:00
889180,Carnicería,Aves y pollo,,Tacos de pavo,2020-09-10 04:00:00
889258,Carnicería,Carne congelada,,Chuletas cordero de lechal congeladas,2020-09-10 04:00:00
889263,Carnicería,Cerdo,,Filetes lomo de cerdo familiar,2020-09-10 04:00:00
889271,Carnicería,Cerdo,,Lomo de cerdo adobado,2020-09-10 04:00:00
889308,Carnicería,Conejo y cordero,,Chuletas de cordero mixtas,2020-09-10 04:00:00
889484,Desayuno y Dulces,Galletas,María,Galletas,2020-09-10 04:00:00
889514,Desayuno y Dulces,Galletas,,Barritas de galleta Chips Ahoy,2020-09-10 04:00:00
889594,Carnicería,Aves y jamon cocido,Hacendado,Maxi york finas lonchas,2020-09-10 04:00:00
889638,Charcutería y Quesos,Chopped y mortadela,,Mortadela con aceitunas lonchas,2020-09-10 04:00:00
889740,Charcutería y Quesos,Pate y sobrasada,,Paté de cerdo campaña,2020-09-10 04:00:00
889825,Charcutería y Quesos,Queso lonchas rallado y en porciones,,Queso provolone Zanetti en loncha,2020-09-10 04:00:00
889984,Congelados,Helados,,Granizado de limón sin azúcares añadidos,2020-09-10 04:00:00
890000,Congelados,Helados,,Helado tarta de queso con fresas,2020-09-10 04:00:00
890002,Congelados,Helados,,Helado dulce de leche y sirope de caramelo,2020-09-10 04:00:00
890327,Frescos,Conservas de verdura y frutas,Hacendado,Pimientos asados en tiras,2020-09-10 04:00:00
890555,Cuidado Personal,Coloracion cabello,,Coloración permanente sin amoníaco 1.0 negro ebano,2020-09-10 04:00:00
890688,Cuidado Personal,Coloracion cabello,,Retoca raíces instantáneo L'Oréal negro,2020-09-10 04:00:00
890777,Cuidado Personal,Afeitado y cuidado para hombre,,After shave loción piel normal extracto de algas marinas,2020-09-10 04:00:00
890893,Cuidado Personal,Cuidado e higiene facial,,Esponja facial desmaquillante vegetal,2020-09-10 04:00:00
891016,Cuidado Personal,Desodorante,,Desodorante roll-on sensitive Byly,2020-09-10 04:00:00
891430,Cuidado Personal,Perfume y colonia,,Lote mujer Elección,2020-09-10 04:00:00
891697,Frescos,Fruta,,Naranjas,2020-09-10 04:00:00
891711,Frescos,Fruta,,Fresas,2020-09-10 04:00:00
891901,Lácteos y Huevos,Leche y bebidas vegetales,,Leche desnatada alta en proteínas,2020-09-10 04:00:00
891969,Lácteos y Huevos,Leche y bebidas vegetales,,Bebida láctea con cereales crecimiento y desarrollo Max,2020-09-10 04:00:00
892108,Limpieza y Hogar,Detergente y suavizante ropa,,Tinte para ropa marrón La Nave,2020-09-10 04:00:00
892160,Limpieza y Hogar,Insecticida y ambientador,,Bolsitas antipolillas lavanda,2020-09-10 04:00:00
892204,Limpieza y Hogar,Insecticida y ambientador,Brise,Ambientador automático by frescor de primavera,2020-09-10 04:00:00
892224,Limpieza y Hogar,Insecticida y ambientador,,Velas perfumadas tropical,2020-09-10 04:00:00
892264,Limpieza y Hogar,Lejia y liquidos fuertes,,Aguarrás símil,2020-09-10 04:00:00
892291,Limpieza y Hogar,Limpiahogar y friegasuelos,,Friegasuelos pétalos concentrado,2020-09-10 04:00:00
892400,Limpieza y Hogar,Limpieza vajilla,,Lavavajillas frescor anti-olor Somat en gel,2020-09-10 04:00:00
892455,Despensa,Menaje y conservacion de alimentos,,Velote blanco Roura,2020-09-10 04:00:00
892602,Limpieza y Hogar,Utensilios de limpieza y calzado,,Plantillas lady talla 37-40,2020-09-10 04:00:00
892800,Maquillaje,Ojos,,Máscara de pestañas maxi volumen marrón,2020-09-10 04:00:00
892874,Pescadería,Marisco,Hacendado,Gamba pelada cruda tamaño grande ultracongelada,2020-09-10 04:00:00
892886,Pescadería,Marisco,,Mejillón vivo y limpio,2020-09-10 04:00:00
892937,Pescadería,Pescado congelado,Hacendado,Varitas de merluza empanadas ultracongeladas,2020-09-10 04:00:00
893123,Mascotas,Gato,,Comida gato adulto Supreme con pollo y arroz,2020-09-10 04:00:00
893167,Mascotas,Perro,,Aritos perro adulto,2020-09-10 04:00:00
893499,Panadería y Pastelería,Pan tostado y rallado,,Crackers sin gluten con romero,2020-09-10 04:00:00
893802,Lácteos y Huevos,Yogures desnatados,,Yogur natural 0% materia grasa 0% sin azúcares,2020-09-10 04:00:00
893842,Lácteos y Huevos,Yogures liquidos,,Yogur líquido + proteínas desnatado sabor plátano,2020-09-10 04:00:00
894138,Despensa,Otras salsas,,Salsa de soja,2020-09-10 16:00:00
894338,Bebidas,Tonica y bitter,,Tónica,2020-09-10 16:00:00
894343,Bebidas,Tonica y bitter,,Tónica Nordic Mist,2020-09-10 16:00:00
894405,Despensa,Aceitunas y encurtidos,,Aceitunas estilo caseras partidas aliñadas,2020-09-10 16:00:00
894741,Desayuno y Dulces,Chicles y caramelos,,Caramelos blandos rellenos Dolis,2020-09-10 16:00:00
894833,Desayuno y Dulces,Chocolate,,Surtido bombones de chocolate negro 70% Senzza,2020-09-10 16:00:00
894908,Bebé,Alimentacion infantil,,Papilla arroz con pollo baby natur +6 meses,2020-09-10 16:00:00
894919,Bebé,Alimentacion infantil,,Papilla espaguetis con carne y verduritas baby +12 meses sin triturar,2020-09-10 16:00:00
894983,Bebé,Biberon chupete y menaje,,Biberón 150 ml tetina látex flujo lento +0 meses,2020-09-10 16:00:00
895061,Panadería y Pastelería,Toallitas y panales,,Pañales bebé talla 1 de 2-5 kg,2020-09-10 16:00:00
895130,Bodega,Cerveza,,Cerveza Especial Steinburg,2020-09-10 16:00:00
895185,Bodega,Cerveza sin alcohol,,"Cerveza 0,0% sin alcohol tostada",2020-09-10 16:00:00
895216,Bodega,Licores,,Brandy de Jerez solera reserva Convidado de Baco,2020-09-10 16:00:00
895382,Bodega,Vino rosado,,Vino rosado D.O Navarra Hypatia,2020-09-10 16:00:00
895496,Bebidas Calientes,Cafe capsula y monodosis,,Café en cápsula largo Tassimo,2020-09-10 16:00:00
895522,Bebidas Calientes,Cafe molido y en grano,,Café molido mezcla Espresso,2020-09-10 16:00:00
895655,Carnicería,Aves y pollo,,Pollo entero,2020-09-10 16:00:00
895712,Carnicería,Cerdo,,Patas de cerdo,2020-09-10 16:00:00
895893,Desayuno y Dulces,Cereales,,Muesli con frutas,2020-09-10 16:00:00
895895,Desayuno y Dulces,Cereales,,Salvado de trigo integral,2020-09-10 16:00:00
895936,Desayuno y Dulces,Galletas,,Galletas tostadas al horno Flora,2020-09-10 16:00:00
896207,Charcutería y Quesos,Queso curado semicurado y tierno,,Queso curado cortado en cuñitas,2020-09-10 16:00:00
896272,Charcutería y Quesos,Queso lonchas rallado y en porciones,,Queso rallado 4 quesos,2020-09-10 16:00:00
896313,Charcutería y Quesos,Queso untable y fresco,,Requesón Montesinos,2020-09-10 16:00:00
896378,Carnicería,Carne,,Rabo de vacuno añojo congelado,2020-09-10 16:00:00
896401,Congelados,Helados,,Helado mini chocolate,2020-09-10 16:00:00
896405,Congelados,Helados,,Helado mini galletas cacao,2020-09-10 16:00:00
896452,Congelados,Helados,,Helado tutti frutti,2020-09-10 16:00:00
896592,Panadería y Pastelería,Tartas y churros,,Tarta San Marcos congelada,2020-09-10 16:00:00
896771,Frescos,Conservas de verdura y frutas,Hacendado,Zanahoria en tiras,2020-09-10 16:00:00
896794,Frescos,Conservas de verdura y frutas,Hacendado,Cebolla frita,2020-09-10 16:00:00
896836,Despensa,Gazpacho y cremas,,Crema de calabaza y zanahoria,2020-09-10 16:00:00
896942,Cuidado Personal,Acondicionador y mascarilla,,Perfume capilar Hair Mist,2020-09-10 16:00:00
897141,Cuidado Personal,Fijacion cabello,,Laca cabello normal todo tipo de cabello fijación 2,2020-09-10 16:00:00
897152,Cuidado Personal,Fijacion cabello,,Agua de peinado todo tipo de cabello fijación 1,2020-09-10 16:00:00
897232,Cuidado Personal,Afeitado y cuidado para hombre,,Maquinilla de afeitar Mach 3 Start,2020-09-10 16:00:00
897416,Cuidado Personal,Depilacion,,"Bandas de cera especial brazos, ingles y axilas piel sensible",2020-09-10 16:00:00
897525,Cuidado Personal,Gel y jabon de manos,,Gel de baño jabón natural glicerina piel grasa,2020-09-10 16:00:00
897576,Cuidado Personal,Higiene bucal,,Dentífrico max white one,2020-09-10 16:00:00
897744,Cuidado Personal,Manicura y pedicura,,Laca de uñas alto brillo 27 noche borgoña,2020-09-10 16:00:00
897807,Cuidado Personal,Perfume y colonia,,Eau de toilette mujer Magic chic,2020-09-10 16:00:00
898079,Salud,Parafarmacia,,Tiras protectoras infantiles de plástico Minions Doctor San resistentes al agua,2020-09-10 16:00:00
898224,Frescos,Verdura,,Tomates en rama,2020-09-10 16:00:00
898280,Lácteos y Huevos,Huevos,,Huevos grandes L,2020-09-10 16:00:00
898310,Lácteos y Huevos,Leche y bebidas vegetales,,Leche semidesnatada de cabra,2020-09-10 16:00:00
898377,Lácteos y Huevos,Leche y bebidas vegetales,,Bebida de soja ligera Vivesoy,2020-09-10 16:00:00
898422,Lácteos y Huevos,Leche y bebidas vegetales,,Preparado lácteo con cereales crecimiento +1 año,2020-09-10 16:00:00
898446,Lácteos y Huevos,Mantequilla y margarina,,Margarina Tulipán,2020-09-10 16:00:00
898539,Limpieza y Hogar,Detergente y suavizante ropa,,Renovador del color negro La Nave lava y tiñe,2020-09-10 16:00:00
898545,Limpieza y Hogar,Estropajo bayeta y guantes,,Estropajo suciedad resistente,2020-09-10 16:00:00
898631,Limpieza y Hogar,Insecticida y ambientador,,Ambientador automático love,2020-09-10 16:00:00
898645,Limpieza y Hogar,Insecticida y ambientador,,Ambientador varitas frambuesa,2020-09-10 16:00:00
898788,Limpieza y Hogar,Limpieza muebles y multiusos,,Toallitas limpiadoras de cuero,2020-09-10 16:00:00
898831,Limpieza y Hogar,Limpieza vajilla,,Limpiamáquinas lavavajillas líquido,2020-09-10 16:00:00
898959,Limpieza y Hogar,Utensilios de limpieza y calzado,,Fregona suave,2020-09-10 16:00:00
899000,Limpieza y Hogar,Utensilios de limpieza y calzado,,Limpiador de calzado blanco,2020-09-10 16:00:00
899097,Maquillaje,Bases de maquillaje y corrector,,Corrector fluido fijo & cubriente 02 beige rosado,2020-09-10 16:00:00
899212,Maquillaje,Ojos,,Perfilador de ojos 05 graphitti,2020-09-10 16:00:00
899374,Pescadería,Pescado congelado,Hacendado,Langostino caballitos rebozados ultracongelados,2020-09-10 16:00:00
899436,Pescadería,Pescado fresco,,Corvina a filetes sin cabeza y sin espina,2020-09-10 16:00:00
899550,Mascotas,Gato,,Comida gato esterilizado light Supreme con pollo y cereales,2020-09-10 16:00:00
899575,Mascotas,Perro,,Paté perro júnior Delikuit con ternera y leche,2020-09-10 16:00:00
899663,Panadería y Pastelería,Bolleria de horno,,Ensaimada,2020-09-10 16:00:00
899797,Panadería y Pastelería,Harina y preparado reposteria,,Agar en polvo gelificante 100% vegetal,2020-09-10 16:00:00
899809,Panadería y Pastelería,Harina y preparado reposteria,,Masa fresca empanada,2020-09-10 16:00:00
899865,Panadería y Pastelería,Pan de horno,,Pan moño rebanado,2020-09-10 16:00:00
899897,Panadería y Pastelería,Pan de molde y otras especialidades,,Maxi tortillas de trigo,2020-09-10 16:00:00
899931,Panadería y Pastelería,Pan tostado y rallado,,Crackers sin gluten con romero,2020-09-10 16:00:00
899988,Panadería y Pastelería,Tartas y pasteles,,Tarta infantil Peppa Pig congelada,2020-09-10 16:00:00
900121,Platos Preparados,Platos preparados calientes,,Callos con garbanzos La Nora,2020-09-10 16:00:00
900211,Cuidado Personal,Gelatina y otros postres,,Cheesecake con arándanos,2020-09-10 16:00:00
900217,Cuidado Personal,Gelatina y otros postres,,Cuajada,2020-09-10 16:00:00
900253,Lácteos y Huevos,Yogures griegos,,Yogur griego natural,2020-09-10 16:00:00
900396,Bebidas,Naranja,,Zumo pura naranja,2020-09-10 16:00:00
900487,Despensa,Especias,,Piñones ibéricos,2020-09-11 04:00:00
900628,Bebidas,Agua,,Agua mineral pequeña tapón infantil,2020-09-11 04:00:00
900653,Bebidas,Isotonico y energetico,,Bebida para deportistas sabor cítrico,2020-09-11 04:00:00
900736,Bebidas,Refresco de naranja y de limon,,Refresco limón,2020-09-11 04:00:00
900802,Bebidas,Refresco de te y sin gas,,Refresco té sabor limón cero,2020-09-11 04:00:00
900850,Despensa,Aceitunas y encurtidos,,Aceitunas chupadedos Huerta de Barros partidas aliñadas con hueso,2020-09-11 04:00:00
900851,Despensa,Aceitunas y encurtidos,,Aceitunas rellenas con pepinillo,2020-09-11 04:00:00
901181,Desayuno y Dulces,Chicles y caramelos,,Caramelos regaliz sabor mentol Dolis,2020-09-11 04:00:00
901266,Desayuno y Dulces,Chocolate,,"Surtido bombones Senzza de chocolate con avellana, fondant, praliné y almendra",2020-09-11 04:00:00
901409,Bebé,Alimentacion infantil,,Papilla líquida leche y cereales con miel Pijama +6 meses,2020-09-11 04:00:00
901480,Cuidado Personal,Higiene y cuidado,,Discos absorbentes lactancia,2020-09-11 04:00:00
901526,Bodega,Cerveza,,Cerveza,2020-09-11 04:00:00
901675,Bodega,Licores,,Ron dominicano añejo Ron Barceló,2020-09-11 04:00:00
902123,Carnicería,Aves y pollo,,Pollo entero piezas horno,2020-09-11 04:00:00
902255,Carnicería,Vacuno,,Entrecot de vacuno angus,2020-09-11 04:00:00
902375,Desayuno y Dulces,Galletas,,Galletas tostadas al horno Flora,2020-09-11 04:00:00
902528,Charcutería y Quesos,Embutido curado,,Lomo de pavo lonchas,2020-09-11 04:00:00
902563,Charcutería y Quesos,Embutido curado,,Chorizo cular ibérico extra La Hacienda del ibérico,2020-09-11 04:00:00
902790,Despensa,Arroz y pasta,,Sopa con wonton de langostino y fideos ultracongelada,2020-09-11 04:00:00
902825,Congelados,Helados,,Helado sándwich de nata,2020-09-11 04:00:00
902826,Congelados,Helados,,Helado mini sándwich nata,2020-09-11 04:00:00
903103,Frescos,Verdura,Hacendado,Mini rollitos con setas ultracongelados,2020-09-11 04:00:00
903259,Frescos,Conservas de verdura y frutas,Hacendado,Cerezas en almíbar denso,2020-09-11 04:00:00
903779,Cuidado Personal,Cuidado e higiene facial,,Desmaquillador de ojos todo tipo de pieles,2020-09-11 04:00:00
903903,Cuidado Personal,Desodorante,,Desodorante roll-on Lactovit,2020-09-11 04:00:00
904062,Cuidado Personal,Higiene bucal,,Spray bucal,2020-09-11 04:00:00
904108,Cuidado Personal,Higiene intima,,Compresa con alas normal Cotton,2020-09-11 04:00:00
904133,Cuidado Personal,Higiene intima,,Tampones regular con aplicador compacto,2020-09-11 04:00:00
904264,Cuidado Personal,Perfume y colonia,,Eau de toilette mujer Ikiru,2020-09-11 04:00:00
904272,Cuidado Personal,Perfume y colonia,,Eau de toilette mujer aguas de Victorio & Lucchino Nº 6 Magnolia sensual,2020-09-11 04:00:00
904419,Cuidado Personal,Perfume y colonia,,Lote infantil My Unicorn,2020-09-11 04:00:00
904533,Salud,Parafarmacia,,Gel de manos higienizante P Beauty Everyday hidroalcohólico,2020-09-11 04:00:00
904569,Frescos,Fruta,,Medio melón piel de sapo,2020-09-11 04:00:00
904572,Frescos,Fruta,,Limón,2020-09-11 04:00:00
904736,Lácteos y Huevos,Leche y bebidas vegetales,,Leche semidesnatada,2020-09-11 04:00:00
904905,Lácteos y Huevos,Mantequilla y margarina,,Bechamel,2020-09-11 04:00:00
905072,Limpieza y Hogar,Insecticida y ambientador,,Ambientador eléctrico jardín 6 fragancias,2020-09-11 04:00:00
905126,Limpieza y Hogar,Lejia y liquidos fuertes,,Lejía con detergente limón,2020-09-11 04:00:00
905206,Limpieza y Hogar,Limpieza bano y wc,,Limpiador antical en gel,2020-09-11 04:00:00
905258,Limpieza y Hogar,Limpieza muebles y multiusos,,70% Alcohol limpieza hogar,2020-09-11 04:00:00
905399,Limpieza y Hogar,Pilas y bolsas de basura,,Serrín,2020-09-11 04:00:00
905410,Limpieza y Hogar,Utensilios de limpieza y calzado,,Escoba para exteriores,2020-09-11 04:00:00
905437,Limpieza y Hogar,Utensilios de limpieza y calzado,,Funda para lavadora,2020-09-11 04:00:00
905616,Maquillaje,Labios,,Pintalabios cremoso 06,2020-09-11 04:00:00
905716,Maquillaje,Ojos,,Fijador Primer sombras de ojos,2020-09-11 04:00:00
905733,Pescadería,Marisco,Pescanova,Langostino cocido ultracongelado,2020-09-11 04:00:00
905752,Pescadería,Marisco,Pescanova,Langostino crudo y pelado ultracongelado,2020-09-11 04:00:00
905803,Pescadería,Pescado congelado,Hacendado,Filete de fletán negro congelado,2020-09-11 04:00:00
905981,Mascotas,Gato,,Mousse con ternera gato adulto Delikuit,2020-09-11 04:00:00
906038,Mascotas,Perro,,"Comida perro adulto con ternera, pollo, verduras y arroz",2020-09-11 04:00:00
906084,Mascotas,Pez y otros,,Alimento completo para canarios y jilgueros Granzoo,2020-09-11 04:00:00
906224,Panadería y Pastelería,Harina y preparado reposteria,,Gelatina neutra en láminas,2020-09-11 04:00:00
906262,Panadería y Pastelería,Pan de horno,,Barra de pan 41% integral,2020-09-11 04:00:00
906524,Platos Preparados,Platos preparados calientes,,Quinoa cocida blanca y roja,2020-09-11 04:00:00
906537,Platos Preparados,Platos preparados calientes,,"Pollo asado Tradigust relleno con ciruelas, pasas y nueces",2020-09-11 04:00:00
906607,Otros,Platos preparados frios,,Hummus de aguacate,2020-09-11 04:00:00
906700,Lácteos y Huevos,Yogures desnatados,,Postre lácteo + proteínas natural,2020-09-11 04:00:00
906936,Despensa,Especias,,Ajo granulado,2020-09-11 16:00:00
906957,Despensa,Especias,,Preparado para paella con azafrán,2020-09-11 16:00:00
907054,Bebidas,Agua,,Agua mineral Bronchales mediana,2020-09-11 16:00:00
907214,Bebidas,Refresco de naranja y de limon,,Refresco de naranja fresh gas,2020-09-11 16:00:00
907256,Bebidas,Refresco de te y sin gas,,Refresco té con limón para diluir,2020-09-11 16:00:00
907257,Bebidas,Refresco de te y sin gas,,Refresco té con melocotón para diluir,2020-09-11 16:00:00
907374,Frescos,Frutos secos y fruta desecada,Hacendado,Anacardo frito con miel,2020-09-11 16:00:00
907393,Frescos,Frutos secos y fruta desecada,Hacendado,Mango deshidratado,2020-09-11 16:00:00
907441,Aperitivos,Patatas fritas y snacks,,Snack de gamba,2020-09-11 16:00:00
907527,Despensa,Pasta y fideos,,Macarrón al huevo,2020-09-11 16:00:00
907691,Desayuno y Dulces,Chocolate,,Barritas de barquillo Kinder Bueno bañadas de chocolate con leche,2020-09-11 16:00:00
907716,Desayuno y Dulces,Chocolate,,Surtido bombones Caja Roja,2020-09-11 16:00:00
907819,Bebé,Alimentacion infantil,,Papilla dúo de frutas +4 meses,2020-09-11 16:00:00
908129,Bodega,Licores,,Licor de ron caramelo Perla de las Islas,2020-09-11 16:00:00
908131,Bodega,Licores,,Ron añejo Cacique,2020-09-11 16:00:00
908135,Bodega,Licores,,Crema di limoncello,2020-09-11 16:00:00
908136,Bodega,Licores,,Licor de crema catalana Royal Swan,2020-09-11 16:00:00
908249,Bodega,Vino blanco,,Mosto tinto Casón Histórico,2020-09-11 16:00:00
908303,Bodega,Vino tinto,,Vino tinto D.O La Mancha Fidencio,2020-09-11 16:00:00
908364,Bebidas Calientes,Cafe capsula y monodosis,,Café en cápsula forte Cocatech,2020-09-11 16:00:00
908379,Bebidas Calientes,Cafe capsula y monodosis,,Preparado de leche en cápsula Cocatech,2020-09-11 16:00:00
908527,Carnicería,Aves y pollo,,Cuartos traseros familiar de pollo,2020-09-11 16:00:00
908584,Carnicería,Carne congelada,,Rabo de vacuno añojo congelado,2020-09-11 16:00:00
908671,Carnicería,Hamburguesas y picadas,,Burger de vacuno y cerdo gruesas,2020-09-11 16:00:00
908689,Carnicería,Vacuno,,Lomo de vacuno añojo,2020-09-11 16:00:00
908728,Carnicería,Empanados y elaborados,,Filetes lomo al ajillo,2020-09-11 16:00:00
909071,Charcutería y Quesos,Pate y sobrasada,,Paté de cerdo light Argal,2020-09-11 16:00:00
909195,Charcutería y Quesos,Queso untable y fresco,,Queso fresco de vaca,2020-09-11 16:00:00
909247,Carnicería,Carne,Hacendado,Mini croquetas de jamón ultracongeladas,2020-09-11 16:00:00
909295,Congelados,Helados,,Medios cocos helados,2020-09-11 16:00:00
909448,Pescadería,Pescado,,Buñuelos de bacalao Fresno ultracongelados,2020-09-11 16:00:00
909616,Pescadería,Atun y otras conservas de pescado,,Carne de cangrejo al natural Chatka,2020-09-11 16:00:00
909716,Despensa,Gazpacho y cremas,,Salmorejo al estilo cordobés,2020-09-11 16:00:00
909737,Despensa,Gazpacho y cremas,,Crema de espárragos,2020-09-11 16:00:00
910181,Otros,Cuidado corporal,,Exfoliante corporal con partículas de coco,2020-09-11 16:00:00
910202,Otros,Cuidado corporal,,Toallitas desmaquillantes cara y ojos piel seca y sensible,2020-09-11 16:00:00
910204,Otros,Cuidado corporal,,Toallitas refrescantes,2020-09-11 16:00:00
910269,Cuidado Personal,Cuidado e higiene facial,,Hidratante facial matificante té verde piel mixta,2020-09-11 16:00:00
910280,Cuidado Personal,Cuidado e higiene facial,,Crema facial anti-rojeces dermik,2020-09-11 16:00:00
910469,Cuidado Personal,Higiene bucal,,Dentífrico acción total con flúor,2020-09-11 16:00:00
910625,Cuidado Personal,Manicura y pedicura,,Laca de uñas manicura francesa beige 04,2020-09-11 16:00:00
910659,Cuidado Personal,Manicura y pedicura,,Tijera uñas,2020-09-11 16:00:00
910687,Cuidado Personal,Neceseres,,Neceser 101 Dálmatas grande,2020-09-11 16:00:00
910703,Cuidado Personal,Perfume y colonia,,Eau de toilette mujer 9.60 Sport water Pure,2020-09-11 16:00:00
910805,Cuidado Personal,Perfume y colonia,,Eau de toilette hombre Antonio Banderas Blue seduction,2020-09-11 16:00:00
910914,Salud,Fitoterapia,,Cápsulas vitaminas y minerales,2020-09-11 16:00:00
910955,Salud,Fitoterapia,,Sticks infantiles Quinapetit +3 años,2020-09-11 16:00:00
911428,Limpieza y Hogar,Detergente y suavizante ropa,,Toallitas suavizantes para secadora,2020-09-11 16:00:00
911710,Limpieza y Hogar,Limpieza vajilla,,Lavavajillas a mano,2020-09-11 16:00:00
911773,Despensa,Menaje y conservacion de alimentos,,Mantel de papel blanco Papermon,2020-09-11 16:00:00
911900,Limpieza y Hogar,Utensilios de limpieza y calzado,,Betún incoloro autobrillante Búfalo,2020-09-11 16:00:00
912003,Maquillaje,Colorete y polvos,,Colorete compacto 03,2020-09-11 16:00:00
912006,Maquillaje,Colorete y polvos,,Colorete compacto 04 coral,2020-09-11 16:00:00
912035,Maquillaje,Labios,,Perfilador de labios Bom Bom creamy 209 rosa,2020-09-11 16:00:00
912227,Pescadería,Pescado congelado,,Lomos de atún aleta amarilla Escuris ultracongelados,2020-09-11 16:00:00
912446,Mascotas,Gato,,Comida gato adulto delicias con aves,2020-09-11 16:00:00
912472,Mascotas,Perro,,Salchicha perro adulto Delikuit con pollo y arroz,2020-09-11 16:00:00
912588,Panadería y Pastelería,Bolleria envasada,,Valencianas,2020-09-11 16:00:00
912622,Panadería y Pastelería,Bolleria envasada,,Bizcocho sin gluten de limón,2020-09-11 16:00:00
912705,Panadería y Pastelería,Pan de horno,,Barra de pan rústica,2020-09-11 16:00:00
912739,Panadería y Pastelería,Pan de horno,,Pan integral 100% rebanado,2020-09-11 16:00:00
912929,Platos Preparados,Pizzas,,Calzone de pollo a la barbacoa,2020-09-11 16:00:00
913124,Lácteos y Huevos,Yogures desnatados,,Yogur natural edulcorado 0% materia grasa 0% sin azúcares añadidos,2020-09-11 16:00:00
913169,Lácteos y Huevos,Yogures liquidos,,Bebida láctea + proteínas sabor chocolate,2020-09-11 16:00:00
913186,Lácteos y Huevos,Yogures liquidos,,Bebida láctea de fresa Densia Forte 0% materia grasa,2020-09-11 16:00:00
913223,Lácteos y Huevos,Yogures y postres infantiles,,Danonino sabor fresa y plátano,2020-09-11 16:00:00
913226,Lácteos y Huevos,Yogures y postres infantiles,Nesquik,Petit,2020-09-11 16:00:00
913322,Despensa,Aceite vinagre y sal,,"Aceite de girasol refinado 0,2º",2020-09-12 04:00:00
913397,Despensa,Especias,,Sazonador para fajitas sabor tex-mex,2020-09-12 04:00:00
913841,Frescos,Frutos secos y fruta desecada,Hacendado,Mango deshidratado,2020-09-12 04:00:00
913863,Aperitivos,Patatas fritas y snacks,,Patatas fritas receta campesina Lay's,2020-09-12 04:00:00
913908,Aperitivos,Patatas fritas y snacks,,Stars de maíz sabor queso jamón,2020-09-12 04:00:00
913916,Despensa,Arroz,,Arroz cocido redondo,2020-09-12 04:00:00
914122,Desayuno y Dulces,Chocolate,,Chocolate con leche fussion relleno sabor fresa,2020-09-12 04:00:00
914145,Desayuno y Dulces,Chocolate,,Almendras chocolate negro,2020-09-12 04:00:00
914166,Desayuno y Dulces,Chocolate,,Surtido bombones de chocolate negro 70% Senzza,2020-09-12 04:00:00
914348,Bebé,Biberon chupete y menaje,,Babero grande de plástico de 12 a 36 meses,2020-09-12 04:00:00
914399,Panadería y Pastelería,Toallitas y panales,,Pañales bebé talla 3 de 6-10 kg,2020-09-12 04:00:00
914839,Bebidas Calientes,Cafe molido y en grano,,Café molido natural,2020-09-12 04:00:00
914892,Bebidas Calientes,Te e infusiones,,Té Chai,2020-09-12 04:00:00
915023,Carnicería,Carne congelada,,Pierna de lechal entera congelada,2020-09-12 04:00:00
915134,Carnicería,Vacuno,,Carrillada de vacuno añojo,2020-09-12 04:00:00
915488,Charcutería y Quesos,Jamon serrano,,Panceta salada ibérica La Hacienda del ibérico,2020-09-12 04:00:00
915507,Charcutería y Quesos,Pate y sobrasada,,Paté de cerdo con pimienta,2020-09-12 04:00:00
915701,Carnicería,Carne,Hacendado,Nuggets de pavo ultracongelados,2020-09-12 04:00:00
915752,Congelados,Helados,,Helado cucurucho de chocolate,2020-09-12 04:00:00
915922,Panadería y Pastelería,Tartas y churros,,Tarta carrot cake congelada,2020-09-12 04:00:00
916208,Despensa,Sopa y caldo,,Caldo de pescado,2020-09-12 04:00:00
916258,Cuidado Personal,Acondicionador y mascarilla,,Mascarilla Liss Frizz Control cabello rebelde,2020-09-12 04:00:00
916320,Cuidado Personal,Champu,,Champú anticaspa H&S cabello graso,2020-09-12 04:00:00
916351,Cuidado Personal,Coloracion cabello,,Coloración permanente 6.15 marrón macadamia,2020-09-12 04:00:00
916387,Cuidado Personal,Coloracion cabello,,Coloración permanente sin amoníaco Azalea 5.69 violín,2020-09-12 04:00:00
916926,Cuidado Personal,Higiene bucal,,Dentífrico blanqueante,2020-09-12 04:00:00
916969,Cuidado Personal,Higiene bucal,,Cepillos interdentales cónicos finos,2020-09-12 04:00:00
916981,Cuidado Personal,Higiene bucal,,Tabletas limpiadoras prótesis dentales Polident,2020-09-12 04:00:00
917139,Cuidado Personal,Neceseres,,Neceser Wonder woman grande,2020-09-12 04:00:00
917182,Cuidado Personal,Perfume y colonia,,Eau de toilette mujer Como tú Fantasía,2020-09-12 04:00:00
917260,Cuidado Personal,Perfume y colonia,,Eau de toilette hombre Pacha Ibiza Clandestine,2020-09-12 04:00:00
917293,Cuidado Personal,Perfume y colonia,,Lote hombre Brummel,2020-09-12 04:00:00
917498,Frescos,Fruta,,Moras,2020-09-12 04:00:00
917613,Frescos,Verdura,,Apio verde,2020-09-12 04:00:00
917683,Lácteos y Huevos,Leche y bebidas vegetales,,Bebida láctea desnatada omega 3 nueces,2020-09-12 04:00:00
917746,Lácteos y Huevos,Leche y bebidas vegetales,,Batido de chocolate 90% leche,2020-09-12 04:00:00
917777,Lácteos y Huevos,Leche y bebidas vegetales,,Leche condensada entera Nutricia,2020-09-12 04:00:00
917855,Limpieza y Hogar,Detergente y suavizante ropa,,Toallitas lavadora acción 2 en 1,2020-09-12 04:00:00
917991,Limpieza y Hogar,Insecticida y ambientador,Brise,Difusor ambientdor automático by con recambio,2020-09-12 04:00:00
918183,Limpieza y Hogar,Limpieza vajilla,,Ambientador lavavajillas limón,2020-09-12 04:00:00
918263,Limpieza y Hogar,Papel higienico y celulosa,,Papel higiénico doble rollo,2020-09-12 04:00:00
918448,Maquillaje,Bases de maquillaje y corrector,,Corrector stick 01,2020-09-12 04:00:00
918484,Maquillaje,Labios,,Perfilador de labios 02 burdeos,2020-09-12 04:00:00
918501,Maquillaje,Labios,,Pintalabios dúo fijo 01,2020-09-12 04:00:00
918503,Maquillaje,Labios,,Pintalabios dúo fijo 04,2020-09-12 04:00:00
918726,Pescadería,Pescado congelado,Hacendado,Chipirones enharinados ultracongelado,2020-09-12 04:00:00
918967,Mascotas,Perro,,Comida perro júnior con pollo y arroz,2020-09-12 04:00:00
918999,Mascotas,Pez y otros,,Sticks para tortuga Dr. Wu Tetra,2020-09-12 04:00:00
919169,Panadería y Pastelería,Pan de horno,,Barra de pan 41% integral,2020-09-12 04:00:00
919213,Panadería y Pastelería,Pan de horno,,Barra de pan 41% integral rebanada,2020-09-12 04:00:00
919270,Panadería y Pastelería,Pan tostado y rallado,,Mini tostas de trigo integrales Minigrill extra finas,2020-09-12 04:00:00
919295,Panadería y Pastelería,Picos rosquilletas y picatostes,,Rosquillas,2020-09-12 04:00:00
919559,Cuidado Personal,Gelatina y otros postres,,Arroz con leche,2020-09-12 04:00:00
919790,Despensa,Aceite vinagre y sal,,"Aceite de semillas refinado 0,2º",2020-09-12 16:00:00
919863,Despensa,Especias,,Sazonador pollo asado,2020-09-12 16:00:00
919975,Bebidas,Agua,,Agua mineral Aquarel grande,2020-09-12 16:00:00
920029,Bebidas,Isotonico y energetico,,Bebida energética Red Bull,2020-09-12 16:00:00
920104,Bebidas,Refresco de naranja y de limon,,Refresco lima limón fresh gas,2020-09-12 16:00:00
920130,Bebidas,Tonica y bitter,,Tónica,2020-09-12 16:00:00
920283,Frescos,Frutos secos y fruta desecada,Hacendado,Cocktail mezcla,2020-09-12 16:00:00
920559,Desayuno y Dulces,Chocolate,,Chocolatinas Royal Mints chocolate negro,2020-09-12 16:00:00
920653,Desayuno y Dulces,Golosinas,,Golosinas botellas cola,2020-09-12 16:00:00
920663,Desayuno y Dulces,Golosinas,,Golosinas regaliz negro,2020-09-12 16:00:00
920665,Desayuno y Dulces,Golosinas,,Golosinas animalitos de pica pica,2020-09-12 16:00:00
920951,Bodega,Cerveza,,Cerveza Corona,2020-09-12 16:00:00
921056,Bodega,Licores,,Licor de anís dulce Regio,2020-09-12 16:00:00
921072,Bodega,Licores,,Tequila reposado Jose Cuervo,2020-09-12 16:00:00
921302,Bebidas Calientes,Cafe molido y en grano,,Café molido natural Bonka,2020-09-12 16:00:00
921414,Otros,Arreglos,,Chorizo asturiano,2020-09-12 16:00:00
921470,Carnicería,Aves y pollo,,Patas de pollo,2020-09-12 16:00:00
921533,Carnicería,Cerdo,,Secreto de cerdo ibérico,2020-09-12 16:00:00
921675,Desayuno y Dulces,Cereales,,Muesli crujiente con frutos secos,2020-09-12 16:00:00
921754,Desayuno y Dulces,Galletas,,Galletas con chocolate con leche,2020-09-12 16:00:00
921787,Desayuno y Dulces,Tortitas,,Tortitas de arroz con chocolate blanco sabor yogur,2020-09-12 16:00:00
921972,Charcutería y Quesos,Pate y sobrasada,,Paté de cerdo con finas hierbas,2020-09-12 16:00:00
921999,Charcutería y Quesos,Queso curado semicurado y tierno,,Queso curado,2020-09-12 16:00:00
922004,Charcutería y Quesos,Queso curado semicurado y tierno,,Queso oveja viejo la reserva,2020-09-12 16:00:00
922166,Carnicería,Carne,,Solomillo de pavo marinado congelado,2020-09-12 16:00:00
922241,Congelados,Helados,,Helado tarta de queso con fresas,2020-09-12 16:00:00
922292,Pescadería,Marisco,Hacendado,Mejillón de Chile entero cocido ultracongelado,2020-09-12 16:00:00
922435,Frescos,Verdura,Hacendado,Parrillada de verduras ultracongeladas,2020-09-12 16:00:00
922463,Frescos,Verdura,Hacendado,Mini rollitos con setas ultracongelados,2020-09-12 16:00:00
922630,Despensa,Gazpacho y cremas,,Gazpacho fresco,2020-09-12 16:00:00
922840,Cuidado Personal,Coloracion cabello,,Coloración permanente L'Oréal 4.54 caoba cobrizo,2020-09-12 16:00:00
922927,Cuidado Personal,Coloracion cabello,,Retoca raíces instantáneo L'Oréal moreno,2020-09-12 16:00:00
923160,Cuidado Personal,Cuidado e higiene facial,,Crema facial antiedad revitalizante Sisbela reestructuradora,2020-09-12 16:00:00
923256,Cuidado Personal,Desodorante,,Desodorante roll-on cuidado avena,2020-09-12 16:00:00
923361,Cuidado Personal,Gel y jabon de manos,,Esponja de baño dermo agua,2020-09-12 16:00:00
923365,Cuidado Personal,Gel y jabon de manos,,Cepillo de baño,2020-09-12 16:00:00
923466,Cuidado Personal,Higiene intima,,Compresa con alas normal Dry,2020-09-12 16:00:00
923471,Cuidado Personal,Higiene intima,,Compresa con alas para pérdidas de orina Depend normal,2020-09-12 16:00:00
923558,Cuidado Personal,Manicura y pedicura,,Laca de uñas Butterfly 950 rojo oscuro,2020-09-12 16:00:00
923743,Cuidado Personal,Perfume y colonia,,Lote hombre Jacq's,2020-09-12 16:00:00
924274,Limpieza y Hogar,Detergente y suavizante ropa,,Detergente ropa prendas delicadas líquido,2020-09-12 16:00:00
924485,Limpieza y Hogar,Lejia y liquidos fuertes,,Lejía perfumada Neutrex frescor verde,2020-09-12 16:00:00
924714,Limpieza y Hogar,Papel higienico y celulosa,,Papel higiénico húmedo WC,2020-09-12 16:00:00
924730,Limpieza y Hogar,Pilas y bolsas de basura,,Pila super alcalina AA-LR6 Premio,2020-09-12 16:00:00
924757,Limpieza y Hogar,Utensilios de limpieza y calzado,,Fregona resistente y absorbente,2020-09-12 16:00:00
924846,Maquillaje,Bases de maquillaje y corrector,,Maquillaje fluido face finity 85 caramel,2020-09-12 16:00:00
924938,Maquillaje,Labios,,Perfilador de labios larga duración 02 rosa,2020-09-12 16:00:00
925172,Pescadería,Pescado congelado,Pescanova,Nuggets de merluza ultracongelados,2020-09-12 16:00:00
925183,Pescadería,Pescado congelado,Hacendado,Calamar limpio troceado congelado,2020-09-12 16:00:00
925279,Pescadería,Salazones y ahumados,,Migas de bacalao al estilo inglés Ubago,2020-09-12 16:00:00
925805,Otros,Velas y decoracion,,Vela de cumpleaños 6,2020-09-12 16:00:00
925867,Platos Preparados,Pizzas,,"Focaccia con queso, romero y tomillo",2020-09-12 16:00:00
925901,Platos Preparados,Platos preparados calientes,,Pasta oriental sabor gamba camarao Maggi,2020-09-12 16:00:00
925925,Platos Preparados,Platos preparados calientes,,Albóndigas de pollo La Nora,2020-09-12 16:00:00
925965,Lácteos y Huevos,Bifidus,,Bífidus desnatado con nueces y cereales,2020-09-12 16:00:00
926112,Lácteos y Huevos,Yogures naturales y sabores,,Yogur sin lactosa natural azucarado,2020-09-12 16:00:00
926252,Despensa,Aceite vinagre y sal,,Crema de vinagre balsámico de manzana,2020-09-13 04:00:00
926269,Despensa,Especias,,Perejil,2020-09-13 04:00:00
926549,Bebidas,Refresco de naranja y de limon,,Refresco de limón fresh gas,2020-09-13 04:00:00
926564,Bebidas,Refresco de naranja y de limon,,Refresco lima limón zero azúcar fresh gas,2020-09-13 04:00:00
926641,Despensa,Aceitunas y encurtidos,,Aceitunas pelotín sabor anchoa con hueso,2020-09-13 04:00:00
926768,Aperitivos,Patatas fritas y snacks,,Patatas fritas onduladas sabor jamón serrano,2020-09-13 04:00:00
927028,Desayuno y Dulces,Chocolate,,Chocolate extrafino con leche avellanas troceadas,2020-09-13 04:00:00
927031,Desayuno y Dulces,Chocolate,,Chocolate con leche porciones,2020-09-13 04:00:00
927132,Desayuno y Dulces,Mermelada y miel,,Mermelada de melocotón 0% azúcares añadidos,2020-09-13 04:00:00
927212,Bebé,Alimentacion infantil,,Leche de continuación en polvo 2 Nidina,2020-09-13 04:00:00
927324,Panadería y Pastelería,Toallitas y panales,,Pañal junior talla 34-46 más de 25 kg,2020-09-13 04:00:00
927328,Panadería y Pastelería,Toallitas y panales,,Pañal bebé braguita talla M de 8-14 kg,2020-09-13 04:00:00
927498,Bodega,Licores,,Vodka Knebep,2020-09-13 04:00:00
927733,Bebidas Calientes,Cafe capsula y monodosis,,Preparado de leche en cápsula Cocatech,2020-09-13 04:00:00
927766,Bebidas Calientes,Cafe molido y en grano,,Café molido mezcla suave,2020-09-13 04:00:00
927892,Carnicería,Aves y pollo,,Flautas de pollo y queso,2020-09-13 04:00:00
927913,Carnicería,Aves y pollo,,Sangre hervida de pollo,2020-09-13 04:00:00
928048,Carnicería,Vacuno,,Carpaccio de vacuno,2020-09-13 04:00:00
928114,Desayuno y Dulces,Cereales,,Cereales rellenos de crema de cacao y avellana sin gluten,2020-09-13 04:00:00
928164,Desayuno y Dulces,Galletas,María,Galletas,2020-09-13 04:00:00
928337,Charcutería y Quesos,Embutido curado,,Salchichón de bellota ibérico cortado a máquina,2020-09-13 04:00:00
928474,Charcutería y Quesos,Queso curado semicurado y tierno,,Queso semicurado,2020-09-13 04:00:00
928496,Charcutería y Quesos,Queso lonchas rallado y en porciones,,Queso Gouda tierno Holland Corona lonchas,2020-09-13 04:00:00
928608,Carnicería,Carne,,Flamenquín de jamón york Tenedor Plata ultracongelado,2020-09-13 04:00:00
928650,Congelados,Helados,,Helado negro,2020-09-13 04:00:00
928808,Platos Preparados,Pizzas,,Pizza 4 quesos rellena de gorgonzola ultracongelada,2020-09-13 04:00:00
928941,Pescadería,Atun y otras conservas de pescado,Hacendado,Filetes de caballa del sur en aceite de oliva,2020-09-13 04:00:00
929098,Despensa,Sopa y caldo,,Sopa maravilla,2020-09-13 04:00:00
929117,Despensa,Sopa y caldo,,Caldo de pollo Avecrem en pastillas,2020-09-13 04:00:00
929472,Cuidado Personal,Afeitado y cuidado para hombre,,Maquinilla de afeitar Hydro 5 sense,2020-09-13 04:00:00
929574,Cuidado Personal,Cuidado e higiene facial,,Toallitas limpiadoras faciales con espuma cara y ojos,2020-09-13 04:00:00
929634,Cuidado Personal,Cuidado e higiene facial,,Lote facial mujer My Moment,2020-09-13 04:00:00
929795,Cuidado Personal,Gel y jabon de manos,,Esponjas de baño con jabón Jabonitas,2020-09-13 04:00:00
930081,Cuidado Personal,Perfume y colonia,,Eau de parfum mujer Very Woman,2020-09-13 04:00:00
930200,Cuidado Personal,Perfume y colonia,,Lote hombre de Mayo Mr. Perfect,2020-09-13 04:00:00
930287,Salud,Fitoterapia,,Cápsulas alcachofa,2020-09-13 04:00:00
930542,Lácteos y Huevos,Leche y bebidas vegetales,,Leche semidesnatada,2020-09-13 04:00:00
930637,Lácteos y Huevos,Leche y bebidas vegetales,,Bebida de espelta,2020-09-13 04:00:00
930737,Limpieza y Hogar,Detergente y suavizante ropa,,Desinfectante tejidos y lavadora sin lejía,2020-09-13 04:00:00
930770,Limpieza y Hogar,Detergente y suavizante ropa,,Activador quitamanchas ropa color en polvo,2020-09-13 04:00:00
930776,Limpieza y Hogar,Detergente y suavizante ropa,,Suavizante ropa rosa concentrado,2020-09-13 04:00:00
930832,Limpieza y Hogar,Insecticida y ambientador,,Insecticida cucarachas y hormigas eficaz al instante,2020-09-13 04:00:00
931001,Limpieza y Hogar,Limpieza bano y wc,,Limpiador baños desinfectante,2020-09-13 04:00:00
931154,Limpieza y Hogar,Papel higienico y celulosa,,Papel hogar compacto absorbente,2020-09-13 04:00:00
931631,Pescadería,Pescado congelado,Hacendado,Rabas empanadas ultracongeladas,2020-09-13 04:00:00
931772,Mascotas,Gato,,Paté gato adulto Delikuit con pollo y pavo,2020-09-13 04:00:00
931802,Mascotas,Gato,,Comida gato esterilizado light Supreme con pollo y cereales,2020-09-13 04:00:00
931830,Mascotas,Perro,,"Trozos en salsa perro adulto Delikuit con ternera, hígado y verduras",2020-09-13 04:00:00
931855,Mascotas,Perro,,Comida perro adulto Supreme con salmón y arroz,2020-09-13 04:00:00
932056,Panadería y Pastelería,Harina y preparado reposteria,,Levadura en polvo,2020-09-13 04:00:00
932463,Cuidado Personal,Gelatina y otros postres,,Panna Cotta con caramelo,2020-09-13 04:00:00
932716,Despensa,Aceite vinagre y sal,,Sal rosa del Himalaya,2020-09-13 16:00:00
932881,Bebidas,Agua,,Agua mineral grande,2020-09-13 16:00:00
932903,Bebidas,Agua,,Gaseosa pequeña,2020-09-13 16:00:00
932991,Bebidas,Refresco de cola,,Refresco cola light sin cafeína,2020-09-13 16:00:00
933061,Bebidas,Refresco de te y sin gas,,Refresco té sabor limón,2020-09-13 16:00:00
933265,Aperitivos,Patatas fritas y snacks,,Super cuquis La Llanura,2020-09-13 16:00:00
933382,Despensa,Pasta y fideos,,Fideos orientales sabor pollo Yum Yum,2020-09-13 16:00:00
933426,Desayuno y Dulces,Chicles y caramelos,,Chicle regaliz y menta gragea,2020-09-13 16:00:00
933455,Desayuno y Dulces,Chocolate,,Chocolate negro Valor puro almendras enteras,2020-09-13 16:00:00
933521,Desayuno y Dulces,Chocolate,,Huevo de chocolate,2020-09-13 16:00:00
933776,Panadería y Pastelería,Toallitas y panales,,Pañales bebé talla 6 más de 13 kg,2020-09-13 16:00:00
933827,Bodega,Cerveza,,Cerveza abadía Tongerlo,2020-09-13 16:00:00
933893,Bodega,Licores,,Vermouth rojo Maronti reserva,2020-09-13 16:00:00
933897,Bodega,Licores,,Ginebra London dry gin Tanqueray,2020-09-13 16:00:00
933999,Bodega,Sidra y cava,,Cava brut rosado Cabré & Sabaté,2020-09-13 16:00:00
934049,Bodega,Vino blanco,,Vino blanco suave y afrutado El Pescaito,2020-09-13 16:00:00
934137,Bodega,Vino tinto,,Vino tinto Porto Tawny Almeida Dias,2020-09-13 16:00:00
934282,Bebidas Calientes,Te e infusiones,,Infusión Rooibos cítrico,2020-09-13 16:00:00
934319,Carnicería,Aves y pollo,,Tacos de pavo,2020-09-13 16:00:00
934455,Charcutería y Quesos,Embutido,,Morcilla oreada d' Ontinyent,2020-09-13 16:00:00
934521,Carnicería,Empanados y elaborados,,Flautas de bacón y queso,2020-09-13 16:00:00
934651,Desayuno y Dulces,Galletas,,Galletas con chocolate y crema de leche,2020-09-13 16:00:00
934695,Carnicería,Aves y jamon cocido,Hacendado,Pechuga de pavo finas lonchas,2020-09-13 16:00:00
934858,Charcutería y Quesos,Jamon serrano,,Jamón serrano,2020-09-13 16:00:00
934891,Charcutería y Quesos,Pate y sobrasada,,Foie gras entero de pato,2020-09-13 16:00:00
934916,Charcutería y Quesos,Queso curado semicurado y tierno,,Queso gran reserva,2020-09-13 16:00:00
935113,Congelados,Helados,,Crepes ultracongelados,2020-09-13 16:00:00
935216,Pescadería,Pescado,Hacendado,Fritura de pescado ultracongelada,2020-09-13 16:00:00
935283,Panadería y Pastelería,Tartas y churros,,Mousse de queso congelado,2020-09-13 16:00:00
935346,Frescos,Verdura,Hacendado,Zanahoria baby ultracongelada,2020-09-13 16:00:00
935376,Pescadería,Atun y otras conservas de pescado,Hacendado,Atún claro en aceite de girasol,2020-09-13 16:00:00
935384,Pescadería,Atun y otras conservas de pescado,Hacendado,Atún claro en aceite de oliva,2020-09-13 16:00:00
935554,Despensa,Sopa y caldo,,Tallarines a la carbonara,2020-09-13 16:00:00
935581,Despensa,Tomate,,Tomate frito estilo casero,2020-09-13 16:00:00
935734,Cuidado Personal,Coloracion cabello,,Coloración permanente L'Oréal 4.54 caoba cobrizo,2020-09-13 16:00:00
935789,Cuidado Personal,Coloracion cabello,,Coloración permanente L'Oréal 10 rubio muy claro,2020-09-13 16:00:00
935791,Cuidado Personal,Coloracion cabello,,Coloración permanente sin amoníaco 6.3 rubio oscuro dorado,2020-09-13 16:00:00
935802,Cuidado Personal,Coloracion cabello,,Coloración permanente 0% amoníaco 7.44 rubio cobrizo,2020-09-13 16:00:00
935830,Cuidado Personal,Fijacion cabello,,Laca cabello normal todo tipo de cabello fijación 2,2020-09-13 16:00:00
936051,Cuidado Personal,Cuidado e higiene facial,,Mascarilla facial hidratante con agua de rosas,2020-09-13 16:00:00
936104,Cuidado Personal,Depilacion,,Bandas de cera especial piernas piel sensible,2020-09-13 16:00:00
936189,Cuidado Personal,Desodorante,,Desodorante Lactovit,2020-09-13 16:00:00
936246,Cuidado Personal,Gel y jabon de manos,Flor,Esponja de baño twin exfoliación suave,2020-09-13 16:00:00
936268,Cuidado Personal,Higiene bucal,,Dentífrico max white one,2020-09-13 16:00:00
936494,Cuidado Personal,Neceseres,,Neceser Mickey y Minnie pequeño,2020-09-13 16:00:00
936606,Cuidado Personal,Perfume y colonia,,Eau de toilette hombre Antonio Banderas Blue seduction,2020-09-13 16:00:00
936627,Cuidado Personal,Perfume y colonia,,Lote hombre Extra Time,2020-09-13 16:00:00
936786,Salud,Parafarmacia,,Gasas esterilizadas de algodón 100%,2020-09-13 16:00:00
937059,Lácteos y Huevos,Leche y bebidas vegetales,,Bebida de soja sin azúcares añadidos,2020-09-13 16:00:00
937112,Lácteos y Huevos,Leche y bebidas vegetales,,Leche de continuación Peques 2,2020-09-13 16:00:00
937181,Limpieza y Hogar,Detergente y suavizante ropa,,Detergente ropa adiós al separar en gel,2020-09-13 16:00:00
937255,Limpieza y Hogar,Estropajo bayeta y guantes,,Bayeta pequeña microfibra,2020-09-13 16:00:00
937271,Limpieza y Hogar,Estropajo bayeta y guantes,,Guantes de nitrilo talla mediana,2020-09-13 16:00:00
937375,Limpieza y Hogar,Lejia y liquidos fuertes,,Lejía normal,2020-09-13 16:00:00
937418,Limpieza y Hogar,Limpiahogar y friegasuelos,,Friegasuelos pino líquido,2020-09-13 16:00:00
937445,Limpieza y Hogar,Limpieza bano y wc,,Limpiador antical,2020-09-13 16:00:00
937473,Limpieza y Hogar,Limpieza cocina,,Limpiador placas de inducción líquido,2020-09-13 16:00:00
937593,Despensa,Menaje y conservacion de alimentos,,Bebida zumo de frutas con gas Magic sin alcohol,2020-09-13 16:00:00
937703,Limpieza y Hogar,Utensilios de limpieza y calzado,,Betún marrón autobrillante Búfalo,2020-09-13 16:00:00
937823,Maquillaje,Labios,,Vaselina hidratante,2020-09-13 16:00:00
937842,Maquillaje,Labios,,Pintalabios color fix 02,2020-09-13 16:00:00
938103,Pescadería,Pescado en bandeja,,Filetes de dorada,2020-09-13 16:00:00
938129,Pescadería,Pescado fresco,,Corvina a filetes sin cabeza y sin espina,2020-09-13 16:00:00
938228,Mascotas,Gato,,Mousse con pollo gato adulto Delikuit,2020-09-13 16:00:00
938259,Mascotas,Gato,,Pipetas anti-insectos para gato Krislin,2020-09-13 16:00:00
938312,Mascotas,Perro,,Bolsas para residuos caninos Kordis Doggy bags,2020-09-13 16:00:00
938325,Mascotas,Perro,,Snack perro salchichas,2020-09-13 16:00:00
938699,Otros,Velas y decoracion,,Almendra molida,2020-09-13 16:00:00
938808,Platos Preparados,Platos preparados calientes,,Garbanzos a la riojana,2020-09-13 16:00:00
938836,Otros,Platos preparados frios,,Tortilla de patata,2020-09-13 16:00:00
938982,Lácteos y Huevos,Yogures liquidos,,Bebida láctea tropical Danacol 0% azúcares añadidos,2020-09-13 16:00:00
939161,Despensa,Especias,,Eneldo hojas,2020-09-14 04:00:00
939172,Despensa,Especias,,Pimentón picante de la Vera,2020-09-14 04:00:00
939651,Aperitivos,Patatas fritas y snacks,,Patatas fritas estilo tradicional,2020-09-14 04:00:00
939939,Desayuno y Dulces,Chocolate,,Barritas de barquillo Meivel rellenas de turrón Viena,2020-09-14 04:00:00
940065,Bebé,Alimentacion infantil,,Papilla cuatro frutas con yogur +6 meses,2020-09-14 04:00:00
940114,Bebé,Alimentacion infantil,,Papilla 8 cereales baby +6 meses,2020-09-14 04:00:00
940271,Bodega,Cerveza,,Cerveza Especial Steinburg,2020-09-14 04:00:00
940275,Bodega,Cerveza,,Cerveza Pils Krombacher,2020-09-14 04:00:00
940305,Bodega,Cerveza,,"Cerveza Radler Steinburg 0,0% sin alcohol",2020-09-14 04:00:00
940324,Bodega,Cerveza sin alcohol,,"Cerveza 0,0% sin alcohol tostada",2020-09-14 04:00:00
940713,Bebidas Calientes,Te e infusiones,,Té vainilla caramelo,2020-09-14 04:00:00
940818,Carnicería,Aves y pollo,,Contramuslos de pollo rural deshuesados y sin piel,2020-09-14 04:00:00
941048,Desayuno y Dulces,Cereales,,Barrita con proteínas Enervit Sport sabor coco y chocolate,2020-09-14 04:00:00
941077,Desayuno y Dulces,Galletas,,"Galletas de cereales con miel, avellana y chocolate Belvita",2020-09-14 04:00:00
941226,Charcutería y Quesos,Embutido curado,,Lomo de pavo lonchas,2020-09-14 04:00:00
941316,Charcutería y Quesos,Pate y sobrasada,,Paté de cerdo campaña,2020-09-14 04:00:00
941344,Charcutería y Quesos,Queso curado semicurado y tierno,,Queso curado,2020-09-14 04:00:00
941631,Bebidas,Agua,,Agua mineral pequeña tapón infantil,2020-09-14 04:19:00
941886,Despensa,Aceitunas y encurtidos,,Alcaparrones en vinagre,2020-09-14 04:19:00
941898,Frescos,Frutos secos y fruta desecada,Hacendado,Palomitas de maíz con sal para microondas,2020-09-14 04:19:00
941934,Frescos,Frutos secos y fruta desecada,Hacendado,Palomitas de maíz dulces para microondas,2020-09-14 04:19:00
941937,Frescos,Frutos secos y fruta desecada,Hacendado,Cocktail crunchy sabores,2020-09-14 04:19:00
941976,Aperitivos,Patatas fritas y snacks,,Pringles sabor crema agria y cebolla,2020-09-14 04:19:00
942067,Despensa,Pasta y fideos,,Fideo grueso,2020-09-14 04:19:00
942117,Despensa,Pasta y fideos,,Medialunas frescas parmigiano reggiano y trufa Bel Canto,2020-09-14 04:19:00
942140,Despensa,Pasta y fideos,,Fideos orientales Yakisoba curry Maggi,2020-09-14 04:19:00
942209,Desayuno y Dulces,Chocolate,,Chocolate extrafino negro fussion relleno sabor menta,2020-09-14 04:19:00
942272,Desayuno y Dulces,Chocolate,,Barritas chocolate con leche con galleta rellena de caramelo y cereales,2020-09-14 04:19:00
942367,Bebé,Alimentacion infantil,,"Papilla plátano, naranja y galleta +4 meses",2020-09-14 04:19:00
942703,Bodega,Licores,,Bebida espirituosa a base de vodka Knebep negro,2020-09-14 04:19:00
942719,Bodega,Licores,,Pacharán Zoco,2020-09-14 04:19:00
942840,Bodega,Vino tinto,,Vino tinto D.O Rioja Cune crianza,2020-09-14 04:19:00
942903,Desayuno y Dulces,Cacao soluble y chocolate a la taza,,Cacao soluble 0% azúcares añadidos,2020-09-14 04:19:00
943099,Carnicería,Aves y pollo,,Flautas de pollo y queso,2020-09-14 04:19:00
943235,Carnicería,Hamburguesas y picadas,,Burger de cerdo y vacuno con bacon y queso,2020-09-14 04:19:00
943387,Desayuno y Dulces,Galletas,,Galletas Digestive manzana & avena,2020-09-14 04:19:00
943873,Congelados,Helados,,Helado de fresa,2020-09-14 04:19:00
943890,Congelados,Helados,,Helado chocolate y cookies,2020-09-14 04:19:00
944084,Frescos,Verdura,Hacendado,Salteado de setas ultracongeladas,2020-09-14 04:19:00
944385,Cuidado Personal,Acondicionador y mascarilla,,Mascarilla Restructuring cabello extremadamente dañado,2020-09-14 04:19:00
944503,Cuidado Personal,Coloracion cabello,,Coloración sin amoníaco L'Oréal 630 caramelo,2020-09-14 04:19:00
944583,Cuidado Personal,Coloracion cabello,,Retoca raíces instantáneo L'Oréal negro,2020-09-14 04:19:00
944838,Cuidado Personal,Cuidado e higiene facial,,Despigmentante facial con radiance CR dermik,2020-09-14 04:19:00
944854,Cuidado Personal,Cuidado e higiene facial,,Roll-on ojos todo en uno BB cream tono claro,2020-09-14 04:19:00
945206,Cuidado Personal,Manicura y pedicura,,Laca de uñas alto brillo 50 lavanda floral,2020-09-14 04:19:00
945284,Cuidado Personal,Perfume y colonia,,Eau de toilette mujer Complicity,2020-09-14 04:19:00
945354,Cuidado Personal,Perfume y colonia,,Eau de toilette hombre Springfield,2020-09-14 04:19:00
945357,Cuidado Personal,Perfume y colonia,,Eau de toilette hombre Sesgo,2020-09-14 04:19:00
945558,Salud,Parafarmacia,,Mascarillas higiénicas infantiles 6 a 9 años,2020-09-14 04:19:00
945780,Lácteos y Huevos,Leche y bebidas vegetales,,Leche desnatada calcio,2020-09-14 04:19:00
945942,Limpieza y Hogar,Detergente y suavizante ropa,,Detergente ropa pieles sensibles líquido,2020-09-14 04:19:00
945955,Limpieza y Hogar,Detergente y suavizante ropa,,Detergente ropa Elena en polvo,2020-09-14 04:19:00
945977,Limpieza y Hogar,Detergente y suavizante ropa,,Activador del lavado oxy blanco puro Neutrex líquido,2020-09-14 04:19:00
945987,Limpieza y Hogar,Detergente y suavizante ropa,,Suavizante ropa original concentrado,2020-09-14 04:19:00
946013,Limpieza y Hogar,Estropajo bayeta y guantes,,Estropajo limpieza delicada,2020-09-14 04:19:00
946035,Limpieza y Hogar,Estropajo bayeta y guantes,,Guantes 100% nitrilo talla mediana,2020-09-14 04:19:00
946055,Limpieza y Hogar,Insecticida y ambientador,,Colgador antipolillas ropa limpia,2020-09-14 04:19:00
946076,Limpieza y Hogar,Insecticida y ambientador,,Ambientador mini spray flores blancas,2020-09-14 04:19:00
946085,Limpieza y Hogar,Insecticida y ambientador,Flor,Ambientador eléctrico de orquídea,2020-09-14 04:19:00
946103,Limpieza y Hogar,Insecticida y ambientador,Brise,Ambientador automático by relax zen,2020-09-14 04:19:00
946114,Limpieza y Hogar,Insecticida y ambientador,,Ambientador perlas tiernos recuerdos,2020-09-14 04:19:00
946468,Limpieza y Hogar,Utensilios de limpieza y calzado,,Limpiador de calzado burdeos,2020-09-14 04:19:00
946691,Maquillaje,Ojos,,Perfilador de ojos Beauty Eyes 302 turquesa,2020-09-14 04:19:00
946696,Maquillaje,Ojos,,Máscara de pestañas longitud Xtrem negro,2020-09-14 04:19:00
946818,Pescadería,Pescado congelado,Hacendado,Filetes de merluza del cabo grandes sin piel ultracongelados,2020-09-14 04:19:00
946906,Pescadería,Pescado fresco,,Lubina a filetes sin cabeza y sin espina,2020-09-14 04:19:00
947015,Mascotas,Gato,,Comida gato adulto Supreme con pollo y arroz,2020-09-14 04:19:00
947152,Panadería y Pastelería,Bolleria de horno,,Cañas de hojaldre surtidas,2020-09-14 04:19:00
947347,Panadería y Pastelería,Pan de molde y otras especialidades,,Pan redondo 5 semillas,2020-09-14 04:19:00
947552,Platos Preparados,Platos preparados calientes,,"Pollo asado Tradigust relleno con jamón, queso y huevo",2020-09-14 04:19:00
947771,Lácteos y Huevos,Yogures naturales y sabores,,Yogur natural azucarado,2020-09-14 04:19:00
947851,Otros,Melocoton y pina,,Néctar de melocotón La Verja,2020-09-14 04:19:00
947864,Bebidas,Naranja,,Zumo de naranja recién exprimido,2020-09-14 04:19:00
947888,Despensa,Aceite vinagre y sal,,Aceite de oliva virgen extra,2020-09-14 16:00:00
947910,Despensa,Aceite vinagre y sal,,Bebida aromatizada a base de vino para cocinar Abuela Carola,2020-09-14 16:00:00
947944,Despensa,Especias,,Pimentón dulce de la Vera,2020-09-14 16:00:00
948002,Despensa,Mayonesa ketchup y mostaza,,Salsa ligera,2020-09-14 16:00:00
948080,Bebidas,Agua,,Agua mineral Cortes,2020-09-14 16:00:00
948321,Despensa,Aceitunas y encurtidos,,Aceitunas chupadedos Huerta de Barros partidas aliñadas con hueso,2020-09-14 16:00:00
948578,Despensa,Pasta y fideos,,Gnocchi frescos,2020-09-14 16:00:00
948695,Desayuno y Dulces,Chocolate,,Chocolate con leche porciones,2020-09-14 16:00:00
948824,Bebé,Alimentacion infantil,,Papilla zanahorias baby con ternera baby +6 meses,2020-09-14 16:00:00
948835,Bebé,Alimentacion infantil,,Papilla cuatro frutas con avena +8 meses,2020-09-14 16:00:00
948931,Bebé,Biberon chupete y menaje,,Plato bebé Mickey,2020-09-14 16:00:00
949031,Bodega,Cerveza,,Cerveza Clásica Steinburg,2020-09-14 16:00:00
949290,Bodega,Vino lambrusco y espumoso,,Vino blanco dulce Moscato espumoso Cueva Peccato,2020-09-14 16:00:00
949434,Bebidas Calientes,Cafe molido y en grano,,Café molido mezcla crème express,2020-09-14 16:00:00
949739,Carnicería,Empanados y elaborados,Hacendado,Nuggets de pavo ultracongelados,2020-09-14 16:00:00
949997,Charcutería y Quesos,Embutido curado,,Salchichón extra lonchas,2020-09-14 16:00:00
950091,Charcutería y Quesos,Pate y sobrasada,,Paté de cerdo con finas hierbas,2020-09-14 16:00:00
950180,Charcutería y Quesos,Queso lonchas rallado y en porciones,,Queso El lonchas,2020-09-14 16:00:00
950317,Congelados,Helados,,Helado mini chocolate,2020-09-14 16:00:00
950583,Frescos,Verdura,Hacendado,Patatas corte grueso ultracongeladas,2020-09-14 16:00:00
950654,Despensa,Berberechos y mejillones,,Almejas blancas Cono sur en salsa gallega,2020-09-14 16:00:00
950811,Despensa,Tomate,,Tomate tamizado sin piel,2020-09-14 16:00:00
950837,Cuidado Personal,Champu,,Loción infantil repelente de piojos,2020-09-14 16:00:00
950853,Cuidado Personal,Acondicionador y mascarilla,,Sérum Anticaída Men,2020-09-14 16:00:00
950926,Cuidado Personal,Coloracion cabello,,Coloración permanente sin amoníaco Azalea 7.73 marrón doré,2020-09-14 16:00:00
951041,Cuidado Personal,Coloracion cabello,,Retoca raíces instantáneo L'Oréal negro,2020-09-14 16:00:00
951054,Cuidado Personal,Fijacion cabello,,Espuma extra fuerte todo tipo de cabello fijación 4,2020-09-14 16:00:00
951176,Otros,Cuidado corporal,,Exfoliante corporal mineral Mar Muerto,2020-09-14 16:00:00
951285,Cuidado Personal,Cuidado e higiene facial,,Crema facial hidratante equilibrante piel normal a grasa,2020-09-14 16:00:00
951358,Cuidado Personal,Depilacion,,Maquinilla de depilar Venus,2020-09-14 16:00:00
951514,Cuidado Personal,Higiene bucal,,Cepillo dental medio,2020-09-14 16:00:00
951853,Cuidado Personal,Perfume y colonia,,Lote hombre Don Algodon,2020-09-14 16:00:00
951879,Cuidado Personal,Perfume y colonia,,Eau de toilette infantil Superman,2020-09-14 16:00:00
951903,Cuidado Personal,Perfume y colonia,,Lote infantil Superman,2020-09-14 16:00:00
952029,Salud,Parafarmacia,,Preservativos placer prolongado Durex,2020-09-14 16:00:00
952054,Frescos,Fruta,,Limones,2020-09-14 16:00:00
952083,Frescos,Fruta,,Ciruelas rojas mini,2020-09-14 16:00:00
952198,Frescos,Verdura,,Mix de verduras jardinera,2020-09-14 16:00:00
952211,Lácteos y Huevos,Leche y bebidas vegetales,,Leche semidesnatada,2020-09-14 16:00:00
952216,Lácteos y Huevos,Leche y bebidas vegetales,,Leche semidesnatada sin lactosa,2020-09-14 16:00:00
952227,Lácteos y Huevos,Leche y bebidas vegetales,,Bebida láctea semidesnatada Folic-B Flora,2020-09-14 16:00:00
952232,Lácteos y Huevos,Leche y bebidas vegetales,,Leche semidesnatada sin lactosa,2020-09-14 16:00:00
952233,Lácteos y Huevos,Leche y bebidas vegetales,,Leche semidesnatada sin lactosa,2020-09-14 16:00:00
952313,Lácteos y Huevos,Leche y bebidas vegetales,,Batido de chocolate,2020-09-14 16:00:00
952335,Lácteos y Huevos,Leche y bebidas vegetales,,Leche de continuación Peques 2,2020-09-14 16:00:00
952361,Lácteos y Huevos,Mantequilla y margarina,,Mantequilla con sal,2020-09-14 16:00:00
952408,Limpieza y Hogar,Detergente y suavizante ropa,,Detergente ropa blanca Puntomatic en pastillas,2020-09-14 16:00:00
952531,Limpieza y Hogar,Insecticida y ambientador,,Ambientador spray Mistery,2020-09-14 16:00:00
952579,Limpieza y Hogar,Insecticida y ambientador,,Vela perfumada canela,2020-09-14 16:00:00
952692,Limpieza y Hogar,Limpieza cocina,,Toallitas limpiadoras desengrasantes de cocina,2020-09-14 16:00:00
952856,Limpieza y Hogar,Pilas y bolsas de basura,,Pila de botón CR2032 Panasonic,2020-09-14 16:00:00
953072,Maquillaje,Labios,,Pintalabios dúo fijo 03,2020-09-14 16:00:00
953094,Maquillaje,Labios,,Pintalabios cremoso 10,2020-09-14 16:00:00
953107,Maquillaje,Labios,,Brillo de labios Galactic metal 01 vino,2020-09-14 16:00:00
953176,Maquillaje,Ojos,,Sombra de ojos mate 13,2020-09-14 16:00:00
953213,Pescadería,Marisco,Hacendado,Alistado mediano congelado,2020-09-14 16:00:00
953217,Pescadería,Marisco,,Gamba arrocera congelada,2020-09-14 16:00:00
953279,Pescadería,Pescado congelado,Pescanova,Anguriñas de surimi ultracongeladas,2020-09-14 16:00:00
953280,Pescadería,Pescado congelado,Hacendado,Lenguado entero ultracongelado,2020-09-14 16:00:00
953489,Mascotas,Gato,,Spray anti-insectos para perros y gatos Krislin,2020-09-14 16:00:00
953495,Mascotas,Gato,,Snack gato barritas de pollo e hígado,2020-09-14 16:00:00
953633,Panadería y Pastelería,Bolleria envasada,,Bocaditos bañados al cacao,2020-09-14 16:00:00
953645,Panadería y Pastelería,Bolleria envasada,,Bizcocho con cobertura de cacao Phoskitos relleno de leche,2020-09-14 16:00:00
953851,Panadería y Pastelería,Pan tostado y rallado,,Pan rallado casero,2020-09-14 16:00:00
954280,Frescos,Fruta variada,Hacendado,Fruta + leche Mediterráneo,2020-09-14 16:00:00
954320,Bebidas,Naranja,,Zumo de naranja recién exprimido,2020-09-14 16:00:00
954496,Despensa,Otras salsas,,Salsa fresca queso,2020-09-15 04:00:00
954590,Bebidas,Isotonico y energetico,,Bebida isotónica de naranja Iso drink,2020-09-15 04:00:00
954616,Bebidas,Isotonico y energetico,,Gel energético Enervit Sport sabor naranja,2020-09-15 04:00:00
954661,Bebidas,Refresco de cola,,Refresco cola Zero azúcar Zero cafeína,2020-09-15 04:00:00
954913,Aperitivos,Patatas fritas y snacks,,Triángulos de maíz tex-mex Doritos,2020-09-15 04:00:00
954958,Despensa,Arroz,,Arroz vaporizado,2020-09-15 04:00:00
955035,Despensa,Pasta y fideos,,Tortellini con tres quesos Pagani,2020-09-15 04:00:00
955183,Desayuno y Dulces,Chocolate,,Almendras chocolate negro,2020-09-15 04:00:00
955196,Desayuno y Dulces,Chocolate,,Barritas chocolate con leche con galleta rellena de caramelo y cereales,2020-09-15 04:00:00
955208,Desayuno y Dulces,Chocolate,,Dulce de leche Chimbote,2020-09-15 04:00:00
955217,Desayuno y Dulces,Golosinas,,Golosinas moras,2020-09-15 04:00:00
955257,Desayuno y Dulces,Mermelada y miel,,Mermelada de albaricoque light,2020-09-15 04:00:00
955265,Desayuno y Dulces,Mermelada y miel,,Miel de naranjo,2020-09-15 04:00:00
955282,Bebé,Alimentacion infantil,,Papilla zanahorias baby con ternera baby +6 meses,2020-09-15 04:00:00
955312,Bebé,Alimentacion infantil,,Preparado lácteo crecimiento sabor a cereales Junior,2020-09-15 04:00:00
955319,Bebé,Alimentacion infantil,,Preparado lácteo crecimiento +1 año,2020-09-15 04:00:00
955329,Bebé,Alimentacion infantil,,Leche de continuación en polvo 2 Nativa,2020-09-15 04:00:00
955413,Cuidado Personal,Higiene y cuidado,,Aspirador nasal anatómico +0 meses,2020-09-15 04:00:00
955419,Panadería y Pastelería,Toallitas y panales,,Toallitas bebé frescas & perfumadas,2020-09-15 04:00:00
955870,Bebidas Calientes,Cafe capsula y monodosis,,Café con leche en cápsula Tassimo,2020-09-15 04:00:00
955872,Bebidas Calientes,Cafe capsula y monodosis,,Café monodosis mezcla,2020-09-15 04:00:00
956015,Carnicería,Aves y pollo,,Muslos de pollo deshuesados con piel,2020-09-15 04:00:00
956048,Carnicería,Aves y pollo,,Medio pollo rural,2020-09-15 04:00:00
956108,Carnicería,Cerdo,,Chuletas aguja de cerdo,2020-09-15 04:00:00
956181,Carnicería,Vacuno,,Filetes de ternera blanca,2020-09-15 04:00:00
956222,Carnicería,Empanados y elaborados,,Callos preparados de ternera Rogusa,2020-09-15 04:00:00
956287,Desayuno y Dulces,Galletas,,Galletas Relieve,2020-09-15 04:00:00
956338,Desayuno y Dulces,Galletas,,Galletas caocream chocolate con leche rellenas de crema,2020-09-15 04:00:00
956431,Charcutería y Quesos,Bacon y salchichas,,Salchichas cocidas bocata queso,2020-09-15 04:00:00
956580,Charcutería y Quesos,Queso curado semicurado y tierno,,Queso oveja viejo,2020-09-15 04:00:00
956756,Congelados,Helados,,Helado mini surtido,2020-09-15 04:00:00
956782,Congelados,Helados,,Helado con coco mochi,2020-09-15 04:00:00
956814,Congelados,Helados,,Helado dulce de leche y sirope de caramelo,2020-09-15 04:00:00
956901,Pescadería,Pescado,Nortindal,Tinta de sepia congelada,2020-09-15 04:00:00
956989,Frescos,Verdura,Hacendado,Guisante fino ultracongelado,2020-09-15 04:00:00
957032,Frescos,Verdura,Hacendado,Aros de cebolla rebozados ultracongelados,2020-09-15 04:00:00
957435,Cuidado Personal,Coloracion cabello,,Coloración permanente 8.3 rubio claro dorado,2020-09-15 04:00:00
957579,Cuidado Personal,Afeitado y cuidado para hombre,,Espuma de afeitar piel sensible leche de avena y vitamina E,2020-09-15 04:00:00
957680,Otros,Cuidado corporal,,Stick para pies anti-rozaduras,2020-09-15 04:00:00
957718,Cuidado Personal,Cuidado e higiene facial,,Exfoliante facial desincrustante pieles grasas,2020-09-15 04:00:00
957765,Cuidado Personal,Cuidado e higiene facial,,Crema facial Vitamina C Viseger Pharma,2020-09-15 04:00:00
957979,Cuidado Personal,Higiene bucal,,Cepillo dental medio ultraavanzado,2020-09-15 04:00:00
957983,Cuidado Personal,Higiene bucal,,Cepillo dental infantil eléctrico Vengadores,2020-09-15 04:00:00
957984,Cuidado Personal,Higiene bucal,,Cepillo dental eléctrico desechable,2020-09-15 04:00:00
958067,Cuidado Personal,Higiene intima,,Tampones regular con aplicador compacto,2020-09-15 04:00:00
958117,Cuidado Personal,Manicura y pedicura,,Laca de uñas alto brillo 27 noche borgoña,2020-09-15 04:00:00
958432,Salud,Fitoterapia,,Cápsulas hipérico,2020-09-15 04:00:00
958618,Frescos,Verdura,,Medio repollo liso,2020-09-15 04:00:00
958647,Frescos,Verdura,,Espárrago verde grueso,2020-09-15 04:00:00
958777,Lácteos y Huevos,Leche y bebidas vegetales,,Batido sabor fresa,2020-09-15 04:00:00
958990,Limpieza y Hogar,Insecticida y ambientador,,Ambientador mini spray flores blancas,2020-09-15 04:00:00
959045,Limpieza y Hogar,Insecticida y ambientador,,Absorbeolores lavanda,2020-09-15 04:00:00
959149,Limpieza y Hogar,Limpieza cocina,,Limpiador de hornos,2020-09-15 04:00:00
959217,Despensa,Menaje y conservacion de alimentos,,"Recipiente de plástico redondo 0,5L",2020-09-15 04:00:00
959320,Limpieza y Hogar,Pilas y bolsas de basura,,Kit cargador pilas AA y AAA Premio incluye 4 pilas AA,2020-09-15 04:00:00
959586,Maquillaje,Ojos,,Perfilador de ojos 03 verde,2020-09-15 04:00:00
959777,Pescadería,Pescado en bandeja,Pescanova,Anguriñas de surimi,2020-09-15 04:00:00
959842,Pescadería,Pescado fresco,,Salmón media pieza sin aletas y sin escamas,2020-09-15 04:00:00
959856,Pescadería,Salazones y ahumados,Hacendado,Filetes de anchoa en aceite de girasol,2020-09-15 04:00:00
960303,Panadería y Pastelería,Pan tostado y rallado,,Pan rallado sin gluten,2020-09-15 04:00:00
960330,Panadería y Pastelería,Picos rosquilletas y picatostes,,Palitos de pan con chocolate Anitin,2020-09-15 04:00:00
960369,Panadería y Pastelería,Tartas y pasteles,,Lionesas de nata y trufa congeladas,2020-09-15 04:00:00
960371,Panadería y Pastelería,Tartas y pasteles,,Trufas de chocolate congeladas,2020-09-15 04:00:00
960547,Lácteos y Huevos,Bifidus,,Bífidus cremoso sabor frutos silvestres,2020-09-15 04:00:00
960567,Lácteos y Huevos,Flan y natillas,,Flan de huevo sin azúcares añadidos,2020-09-15 04:00:00
960759,Otros,Melocoton y pina,,Zumo de melocotón y uva,2020-09-15 04:00:00
960797,Despensa,Tomate y otros sabores,,Zumo de manzana selección,2020-09-15 04:00:00
961036,Bebidas,Isotonico y energetico,,Bebida isotónica de naranja Iso drink,2020-09-15 16:00:00
961091,Bebidas,Refresco de cola,,Refresco cola Zero azúcar Zero cafeína,2020-09-15 16:00:00
961101,Bebidas,Refresco de cola,,Refresco Zero Zero,2020-09-15 16:00:00
961172,Bebidas,Refresco de te y sin gas,,Refresco té verde,2020-09-15 16:00:00
961421,Despensa,Legumbres,,Alubia blanca,2020-09-15 16:00:00
961728,Bebé,Alimentacion infantil,,Papilla verduritas con pescadilla a la crema baby buenas noches +8 meses,2020-09-15 16:00:00
961862,Cuidado Personal,Higiene y cuidado,,Aspirador nasal anatómico +0 meses,2020-09-15 16:00:00
961934,Bodega,Cerveza,,Cerveza reserva 1925,2020-09-15 16:00:00
962087,Bodega,Licores,,Pacharán Zoco,2020-09-15 16:00:00
962256,Bodega,Vino tinto,,Vino tinto Merlot Mar de Uvas,2020-09-15 16:00:00
962312,Bebidas Calientes,Cafe capsula y monodosis,,Café en cápsula descafeinado Tassimo,2020-09-15 16:00:00
962400,Bebidas Calientes,Te e infusiones,,Infusión Tomillo,2020-09-15 16:00:00
962411,Bebidas Calientes,Te e infusiones,,Infusión Jengibre,2020-09-15 16:00:00
962439,Carnicería,Aves y pollo,,Chuletas de pavo contramuslo,2020-09-15 16:00:00
962450,Carnicería,Aves y pollo,,Magret de pato,2020-09-15 16:00:00
962603,Carnicería,Hamburguesas y picadas,,Hamburguesas de vacuno congeladas,2020-09-15 16:00:00
962605,Carnicería,Hamburguesas y picadas,,Preparado de carne picada vacuno y cerdo,2020-09-15 16:00:00
962612,Carnicería,Vacuno,,Filetes de vacuno 1ªB añojo,2020-09-15 16:00:00
962739,Desayuno y Dulces,Galletas,,Galletas pastas tradicionales,2020-09-15 16:00:00
962779,Desayuno y Dulces,Galletas,,Galletas rellenas de naranja bañadas de chocolate,2020-09-15 16:00:00
962865,Charcutería y Quesos,Bacon y salchichas,,Salchichas cocidas estilo Frankfurt,2020-09-15 16:00:00
962922,Charcutería y Quesos,Embutido curado,,Chorizo de pavo lonchas,2020-09-15 16:00:00
963117,Charcutería y Quesos,Queso untable y fresco,,Queso fresco Burgo de Arias,2020-09-15 16:00:00
963149,Despensa,Arroz y pasta,,Risotto de champiñones ultracongelados,2020-09-15 16:00:00
963191,Carnicería,Carne,,Hamburguesa de vacuno congelada,2020-09-15 16:00:00
963240,Congelados,Helados,,Helado de naranja,2020-09-15 16:00:00
963392,Panadería y Pastelería,Tartas y churros,,Tarta red velvet congelada,2020-09-15 16:00:00
963536,Pescadería,Atun y otras conservas de pescado,Hacendado,Hígado de bacalao ahumado,2020-09-15 16:00:00
963724,Cuidado Personal,Acondicionador y mascarilla,,Mascarilla Bucle Perfect cabello rizado,2020-09-15 16:00:00
964071,Otros,Cuidado corporal,,Loción corporal reafirmante Q10 piel normal,2020-09-15 16:00:00
964118,Otros,Cuidado corporal,,Papel higiénico húmedo WC,2020-09-15 16:00:00
964170,Cuidado Personal,Cuidado e higiene facial,,Crema facial antiarrugas pieles maduras FPS 15,2020-09-15 16:00:00
964218,Cuidado Personal,Depilacion,,Bandas de cera especial cara y pequeñas zonas piel sensible,2020-09-15 16:00:00
964278,Cuidado Personal,Desodorante,,Desodorante roll-on mineral de alumbre Deonat,2020-09-15 16:00:00
964391,Cuidado Personal,Higiene bucal,,Dentífrico gel dientes blancos 2 en 1,2020-09-15 16:00:00
964397,Cuidado Personal,Higiene bucal,,Dentífrico protección caries maximum menta fresca,2020-09-15 16:00:00
964483,Cuidado Personal,Higiene intima,,Compresa con alas para pérdidas de orina Depend normal,2020-09-15 16:00:00
964489,Cuidado Personal,Higiene intima,,Protegeslip normal,2020-09-15 16:00:00
964548,Cuidado Personal,Manicura y pedicura,,Laca de uñas efecto gel 671 rosa manicura francesa,2020-09-15 16:00:00
964570,Cuidado Personal,Manicura y pedicura,,Laca de uñas Butterfly 950 rojo oscuro,2020-09-15 16:00:00
964710,Cuidado Personal,Perfume y colonia,,Eau de toilette hombre Como tú Aventura,2020-09-15 16:00:00
964802,Cuidado Personal,Protector solar y aftersun,,Fluido solar facial antiedad Sisbela FPS 50+,2020-09-15 16:00:00
964826,Salud,Fitoterapia,,Barrita con proteínas Enervit Sport sabor coco y chocolate,2020-09-15 16:00:00
964916,Salud,Parafarmacia,,Preservativos dame placer Durex,2020-09-15 16:00:00
965045,Frescos,Verdura,,Maíz dulce en mazorca cocido,2020-09-15 16:00:00
965123,Lácteos y Huevos,Leche y bebidas vegetales,,Leche entera,2020-09-15 16:00:00
965134,Lácteos y Huevos,Leche y bebidas vegetales,,Leche entera fresca,2020-09-15 16:00:00
965176,Lácteos y Huevos,Leche y bebidas vegetales,,Batido de chocolate 90% leche,2020-09-15 16:00:00
965237,Lácteos y Huevos,Mantequilla y margarina,,Nata montada azucarada,2020-09-15 16:00:00
965471,Limpieza y Hogar,Lejia y liquidos fuertes,,Desatascador de tuberías en gel,2020-09-15 16:00:00
965510,Limpieza y Hogar,Limpiahogar y friegasuelos,,Cera suelos,2020-09-15 16:00:00
965717,Limpieza y Hogar,Pilas y bolsas de basura,,Pila de botón micro alcalina LR44 Panasonic,2020-09-15 16:00:00
965756,Limpieza y Hogar,Utensilios de limpieza y calzado,,Cubo redondo 12L,2020-09-15 16:00:00
965773,Limpieza y Hogar,Utensilios de limpieza y calzado,,Desatascador goma Zeppilin,2020-09-15 16:00:00
966119,Pescadería,Pescado congelado,,Filetes de panga ultracongelados,2020-09-15 16:00:00
966163,Pescadería,Pescado congelado,Hacendado,Rabas empanadas ultracongeladas,2020-09-15 16:00:00
966274,Pescadería,Salazones y ahumados,Hacendado,Capellanes bacaladilla seca salada,2020-09-15 16:00:00
966288,Pescadería,Sushi,,Bento box,2020-09-15 16:00:00
966393,Mascotas,Perro,,Comida perro adulto Supreme con pollo y arroz,2020-09-15 16:00:00
966937,Otros,Platos preparados frios,,Tabulé oriental,2020-09-15 16:00:00
967053,Lácteos y Huevos,Yogures liquidos,,Yogur líquido desnatado de piña 0% materia grasa 0% azúcares añadidos,2020-09-15 16:00:00
967189,Despensa,Tomate y otros sabores,,Zumo de tomate,2020-09-15 16:00:00
967336,Despensa,Otras salsas,,Tomate frito con aceite de oliva,2020-09-16 04:00:00
967351,Despensa,Otras salsas,,Salsa fresca queso,2020-09-16 04:00:00
967495,Bebidas,Refresco de cola,,Refresco cola Zero azúcar,2020-09-16 04:00:00
967510,Bebidas,Refresco de cola,,Refresco Zero Zero,2020-09-16 04:00:00
967568,Bebidas,Tonica y bitter,,Tónica Nordic Mist,2020-09-16 04:00:00
967704,Frescos,Frutos secos y fruta desecada,Hacendado,Semillas sésamo tostado,2020-09-16 04:00:00
967750,Aperitivos,Patatas fritas y snacks,,Patatas light,2020-09-16 04:00:00
967911,Despensa,Pasta y fideos,,Fideos orientales Yakisoba de pollo,2020-09-16 04:00:00
967977,Desayuno y Dulces,Chocolate,,Chocolate extrafino negro,2020-09-16 04:00:00
968120,Desayuno y Dulces,Mermelada y miel,,Miel de romero,2020-09-16 04:00:00
968361,Bodega,Cerveza,,Cerveza roja sabor intenso,2020-09-16 04:00:00
968580,Bodega,Vino blanco,,Vino blanco semidulce Bach D.O Catalunya,2020-09-16 04:00:00
968599,Bodega,Vino lambrusco y espumoso,,Vino blanco de aguja espumoso Blanc Pescador,2020-09-16 04:00:00
968803,Bebidas Calientes,Te e infusiones,,Infusión manzanilla,2020-09-16 04:00:00
968815,Bebidas Calientes,Te e infusiones,,Infusión Digest,2020-09-16 04:00:00
968922,Carnicería,Carne congelada,,Rabo de vacuno añojo congelado,2020-09-16 04:00:00
969005,Carnicería,Hamburguesas y picadas,,Burger de pavo y espinacas,2020-09-16 04:00:00
969016,Carnicería,Hamburguesas y picadas,,Burger de cerdo y vacuno con bacon y queso,2020-09-16 04:00:00
969218,Desayuno y Dulces,Galletas,,Galletas de mantequilla Belgas,2020-09-16 04:00:00
969501,Charcutería y Quesos,Queso lonchas rallado y en porciones,,Queso rallado 4 quesos,2020-09-16 04:00:00
969648,Congelados,Helados,,Flash popitos,2020-09-16 04:00:00
969700,Pescadería,Marisco,Hacendado,Carne de mejillón de Chile cocido ultracongelado,2020-09-16 04:00:00
969740,Pescadería,Pescado,Hacendado,Filetes de bacalao sin espinas congelado,2020-09-16 04:00:00
969950,Pescadería,Atun y otras conservas de pescado,Hacendado,Tacos de pota a la marinera,2020-09-16 04:00:00
970155,Cuidado Personal,Acondicionador y mascarilla,,Mascarilla cabello seco o dañado TRESemmé hidratante,2020-09-16 04:00:00
970297,Cuidado Personal,Coloracion cabello,,Coloración permanente 9.1 rubio clarísimo ceniza,2020-09-16 04:00:00
970542,Otros,Cuidado corporal,,Toallitas refrescantes,2020-09-16 04:00:00
970580,Cuidado Personal,Cuidado e higiene facial,,Mascarilla facial peeling árbol de té Montagne Jeunesse,2020-09-16 04:00:00
970618,Cuidado Personal,Cuidado e higiene facial,,Crema facial matificante hidratante,2020-09-16 04:00:00
970666,Cuidado Personal,Depilacion,,Cera caliente en cazuelita especial cara y pequeñas zonas piel sensible,2020-09-16 04:00:00
970912,Cuidado Personal,Higiene intima,,Protegeslip normal plegado Suave,2020-09-16 04:00:00
970949,Cuidado Personal,Higiene intima,,Braguita incontinencia talla M Tena silhouette color blanco,2020-09-16 04:00:00
971137,Cuidado Personal,Perfume y colonia,,Eau de cologne hombre Brummel,2020-09-16 04:00:00
971138,Cuidado Personal,Perfume y colonia,,Eau de toilette hombre Don Algodon,2020-09-16 04:00:00
971366,Frescos,Fruta,,Limón,2020-09-16 04:00:00
971544,Lácteos y Huevos,Leche y bebidas vegetales,,Leche semidesnatada de cabra,2020-09-16 04:00:00
971942,Limpieza y Hogar,Lejia y liquidos fuertes,,Incrementador de pH para piscina,2020-09-16 04:00:00
972065,Limpieza y Hogar,Limpieza vajilla,,Abrillantador lavavajillas líquido,2020-09-16 04:00:00
972101,Despensa,Menaje y conservacion de alimentos,,Cucharas postre de plástico,2020-09-16 04:00:00
972138,Limpieza y Hogar,Papel higienico y celulosa,,Papel hogar compacto absorbente,2020-09-16 04:00:00
972245,Limpieza y Hogar,Utensilios de limpieza y calzado,,Desodorante de calzado,2020-09-16 04:00:00
972419,Maquillaje,Labios,,Brillo de labios 09,2020-09-16 04:00:00
972424,Maquillaje,Labios,,Brillo de labios Galactic metal 02 berenjena,2020-09-16 04:00:00
972492,Maquillaje,Ojos,,Sombra de ojos mate 13,2020-09-16 04:00:00
972509,Maquillaje,Pinceles y brochas,,Brocha maquillaje,2020-09-16 04:00:00
972556,Pescadería,Marisco,,Almeja japonesa,2020-09-16 04:00:00
972664,Pescadería,Pescado fresco,,Calamar grande sin limpiar descongelado,2020-09-16 04:00:00
972760,Mascotas,Gato,,"Bocaditos en salsa gato adulto Delikuit con salmón, trucha y verduras",2020-09-16 04:00:00
972769,Mascotas,Gato,,Bocaditos en gelatina gato adulto Delikuit,2020-09-16 04:00:00
972782,Mascotas,Gato,,Bocaditos en gelatina gato adulto Delikuit,2020-09-16 04:00:00
972853,Mascotas,Perro,,Comida perro adulto Supreme con pollo y arroz,2020-09-16 04:00:00
973084,Panadería y Pastelería,Pan de horno,,Panecillo campeón del mundo,2020-09-16 04:00:00
973392,Otros,Platos preparados frios,,Untapán de cangrejo,2020-09-16 04:00:00
973424,Lácteos y Huevos,Bifidus,,Bífidus natural 0% materia grasa,2020-09-16 04:00:00
973519,Lácteos y Huevos,Yogures liquidos,,Bebida láctea sin lactosa de fresa,2020-09-16 04:00:00
973632,Otros,Melocoton y pina,,Zumo de piña,2020-09-16 04:00:00
973647,Bebidas,Naranja,,Néctar de naranja sin azúcares añadidos,2020-09-16 04:00:00
973718,Despensa,Especias,,Colorante alimentario,2020-09-16 16:00:00
973744,Despensa,Especias,,Ñoras,2020-09-16 16:00:00
973840,Despensa,Otras salsas,,Salsa gajos rústica,2020-09-16 16:00:00
973858,Bebidas,Agua,,Agua mineral Cortes grande,2020-09-16 16:00:00
974065,Bebidas,Refresco de te y sin gas,,Refresco de naranja sin gas,2020-09-16 16:00:00
974133,Despensa,Aceitunas y encurtidos,,Altramuces Dorisol,2020-09-16 16:00:00
974254,Aperitivos,Patatas fritas y snacks,,Snack de alga con arroz,2020-09-16 16:00:00
974259,Aperitivos,Patatas fritas y snacks,,Anillos de maiz Kaskys Tosfrit,2020-09-16 16:00:00
974410,Desayuno y Dulces,Chicles y caramelos,,Chicle menta suave gragea,2020-09-16 16:00:00
974478,Desayuno y Dulces,Chocolate,,Chocolate con leche Swiss almendra troceada y miel,2020-09-16 16:00:00
974603,Bebé,Alimentacion infantil,,Papilla zanahorias con arroz en caldito de pollo baby +6 meses,2020-09-16 16:00:00
975130,Bodega,Vino tinto,,Vino tinto D.O Toro Gran Conquero madurado en barrica 12 meses,2020-09-16 16:00:00
975226,Bebidas Calientes,Cafe soluble y otras bebidas,,Café soluble natural classic,2020-09-16 16:00:00
975326,Carnicería,Aves y pollo,,Medallones solomillo de pavo,2020-09-16 16:00:00
975379,Carnicería,Carne congelada,,Solomillo de cerdo marinado congelado,2020-09-16 16:00:00
975572,Desayuno y Dulces,Cereales,,Copos trigo de espelta integral,2020-09-16 16:00:00
975757,Charcutería y Quesos,Bacon y salchichas,,Salchichas cocidas bocata estilo Bratwurst,2020-09-16 16:00:00
975827,Charcutería y Quesos,Embutido curado,,Lomo de bellota ibérico cortado a máquina,2020-09-16 16:00:00
975919,Charcutería y Quesos,Queso curado semicurado y tierno,,Queso gran reserva,2020-09-16 16:00:00
975992,Charcutería y Quesos,Queso untable y fresco,,Queso untar con queso azul blanco pasteurizado,2020-09-16 16:00:00
976009,Charcutería y Quesos,Queso untable y fresco,,Queso fresco light,2020-09-16 16:00:00
976012,Charcutería y Quesos,Queso untable y fresco,,Queso fresco Burgos sin lactosa,2020-09-16 16:00:00
976101,Congelados,Helados,,Helado cucurucho vainilla caramelo con nueces pecán,2020-09-16 16:00:00
976175,Pescadería,Marisco,Hacendado,Gamba pelada cruda tamaño mediano ultracongelada,2020-09-16 16:00:00
976346,Frescos,Verdura,Hacendado,Pisto de verduras ultracongelado,2020-09-16 16:00:00
976407,Pescadería,Atun y otras conservas de pescado,Hacendado,Sardinillas en tomate,2020-09-16 16:00:00
976473,Frescos,Conservas de verdura y frutas,Hacendado,Remolacha agridulce en rodajas,2020-09-16 16:00:00
976513,Frescos,Conservas de verdura y frutas,Hacendado,Pera en zumo de uva,2020-09-16 16:00:00
976599,Cuidado Personal,Acondicionador y mascarilla,,Acondicionador repara & protege,2020-09-16 16:00:00
976619,Cuidado Personal,Acondicionador y mascarilla,,Mascarilla cabello Elvive color vive,2020-09-16 16:00:00
977004,Otros,Cuidado corporal,,Toallitas refrescantes,2020-09-16 16:00:00
977050,Cuidado Personal,Cuidado e higiene facial,,Crema facial antiedad revitalizante Sisbela reestructuradora,2020-09-16 16:00:00
977133,Cuidado Personal,Depilacion,,Recambios maquinilla depilación Venus Breeze comfortglide,2020-09-16 16:00:00
977167,Cuidado Personal,Desodorante,,Desodorante sport antimanchas,2020-09-16 16:00:00
977206,Cuidado Personal,Gel y jabon de manos,,Gel de baño tiernos recuerdos piel normal,2020-09-16 16:00:00
977339,Cuidado Personal,Higiene intima,,Compresa con alas normal Dry,2020-09-16 16:00:00
977605,Cuidado Personal,Perfume y colonia,,Eau de toilette hombre Pacha Ibiza Clandestine,2020-09-16 16:00:00
977676,Cuidado Personal,Protector solar y aftersun,,Leche protección solar Sun Med FPS 50+,2020-09-16 16:00:00
977756,Salud,Parafarmacia,,Pulsera de citronela talla L,2020-09-16 16:00:00
977759,Salud,Parafarmacia,,Solución única Contact Care,2020-09-16 16:00:00
977766,Salud,Parafarmacia,,Alcohol de romero,2020-09-16 16:00:00
978083,Lácteos y Huevos,Leche y bebidas vegetales,,Batido de chocolate,2020-09-16 16:00:00
978200,Limpieza y Hogar,Detergente y suavizante ropa,,Quitamanchas en seco,2020-09-16 16:00:00
978234,Limpieza y Hogar,Detergente y suavizante ropa,,Tinte para ropa marrón La Nave,2020-09-16 16:00:00
978420,Limpieza y Hogar,Limpiahogar y friegasuelos,,Toallitas limpiadoras de suelo,2020-09-16 16:00:00
978458,Limpieza y Hogar,Limpieza cocina,,Quitagrasas sin espuma perfume limón,2020-09-16 16:00:00
978501,Limpieza y Hogar,Limpieza muebles y multiusos,,70% Alcohol limpieza hogar,2020-09-16 16:00:00
978726,Limpieza y Hogar,Utensilios de limpieza y calzado,,Talonera de piel,2020-09-16 16:00:00
978890,Maquillaje,Labios,,Pintalabios mate 08,2020-09-16 16:00:00
978893,Maquillaje,Labios,,Pintalabios mate 11,2020-09-16 16:00:00
979045,Pescadería,Pescado congelado,Hacendado,Porciones de bacalao sin espinas y sin piel congelado,2020-09-16 16:00:00
979111,Pescadería,Pescado en bandeja,,Salmón al curry con arroz,2020-09-16 16:00:00
979223,Mascotas,Gato,,Paté gato adulto Delikuit con pollo y pavo,2020-09-16 16:00:00
979257,Mascotas,Gato,,Comida gato adulto delicias crujientes con pescado,2020-09-16 16:00:00
979383,Panadería y Pastelería,Bolleria de horno,,Palmera de cacao,2020-09-16 16:00:00
979539,Panadería y Pastelería,Pan de horno,,6 Panes de leche 3%,2020-09-16 16:00:00
979632,Panadería y Pastelería,Pan tostado y rallado,,Mini tartaletas Confiletas,2020-09-16 16:00:00
979734,Platos Preparados,Pizzas,,Pizza atún y bacón,2020-09-16 16:00:00
979937,Lácteos y Huevos,Yogures desnatados,,Postre lácteo + proteínas con arándanos,2020-09-16 16:00:00
979980,Lácteos y Huevos,Yogures liquidos,,Bebida láctea de fresa L-casei,2020-09-16 16:00:00
980057,Frescos,Fruta variada,,Fruta + leche tropical Bifrutas,2020-09-16 16:00:00
980097,Bebidas,Naranja,,Zumo de naranja recién exprimido,2020-09-16 16:00:00
980276,Despensa,Otras salsas,,Salsa pesto rosso,2020-09-17 04:00:00
980409,Bebidas,Refresco de cola,,Refresco Zero Zero,2020-09-17 04:00:00
980510,Bebidas,Refresco de te y sin gas,,Refresco té con melocotón para diluir,2020-09-17 04:00:00
980562,Despensa,Aceitunas y encurtidos,,Aceitunas negras cacereñas a rodajas,2020-09-17 04:00:00
980630,Frescos,Frutos secos y fruta desecada,Hacendado,Nuez Pecana natural,2020-09-17 04:00:00
980653,Frescos,Frutos secos y fruta desecada,,Dátil en rama Casa Pons,2020-09-17 04:00:00
980666,Aperitivos,Patatas fritas y snacks,,Patatas light,2020-09-17 04:00:00
980717,Despensa,Arroz,,Arroz redondo La Fallera,2020-09-17 04:00:00
980829,Despensa,Pasta y fideos,,Fideos orientales Yakisoba classic Maggi,2020-09-17 04:00:00
980844,Desayuno y Dulces,Azucar y edulcorante,,Azúcar moreno de caña Acor,2020-09-17 04:00:00
980853,Desayuno y Dulces,Azucar y edulcorante,,Edulcorante granulado stevia,2020-09-17 04:00:00
980920,Desayuno y Dulces,Chocolate,,Chocolate extrafino con leche almendras enteras,2020-09-17 04:00:00
980931,Desayuno y Dulces,Chocolate,,Chocolate con leche Milka galleta Oreo,2020-09-17 04:00:00
980963,Desayuno y Dulces,Mermelada y miel,,Mermelada de albaricoque light,2020-09-17 04:00:00
980973,Desayuno y Dulces,Chocolate,,Surtido bombones Caja Roja,2020-09-17 04:00:00
981100,Bebé,Alimentacion infantil,,Preparado lácteo crecimiento Junior,2020-09-17 04:00:00
981126,Bebé,Alimentacion infantil,,Papilla 8 cereales con galleta baby +6 meses,2020-09-17 04:00:00
981176,Cuidado Personal,Higiene y cuidado,,Bálsamo facial infantil pieles atópicas,2020-09-17 04:00:00
981185,Cuidado Personal,Higiene y cuidado,,Polvos de talco bebé,2020-09-17 04:00:00
981404,Bodega,Licores,,Bebida espirituosa a base de vodka Knebep azul,2020-09-17 04:00:00
981449,Bodega,Sidra y cava,,Cava brut nature Jaume Serra,2020-09-17 04:00:00
981701,Bebidas Calientes,Cafe soluble y otras bebidas,,Café con leche descafeinado,2020-09-17 04:00:00
981838,Carnicería,Carne congelada,,Yemas de gallina congeladas,2020-09-17 04:00:00
981982,Carnicería,Empanados y elaborados,,Medallones preparado de solomillo cerdo provenzal,2020-09-17 04:00:00
982243,Charcutería y Quesos,Embutido curado,,Salami extra lonchas,2020-09-17 04:00:00
982270,Charcutería y Quesos,Embutido curado,,Chorizo dulce extra,2020-09-17 04:00:00
982673,Pescadería,Pescado,Hacendado,Rodaja de tintorera con piel congelada,2020-09-17 04:00:00
982695,Pescadería,Pescado,Hacendado,Gallos sin cabeza ultracongelado,2020-09-17 04:00:00
982765,Frescos,Verdura,Hacendado,Arándanos enteros ultracongelados,2020-09-17 04:00:00
982958,Frescos,Conservas de verdura y frutas,Hacendado,Melocotón en almíbar,2020-09-17 04:00:00
983072,Cuidado Personal,Acondicionador y mascarilla,,Mascarilla sin aclarado Repair & Nutrition cabello seco y dañado,2020-09-17 04:00:00
983162,Cuidado Personal,Coloracion cabello,,Coloración permanente 5.0 castaño luminoso,2020-09-17 04:00:00
983203,Cuidado Personal,Coloracion cabello,,Coloración permanente 6.1 rubio oscuro ceniza,2020-09-17 04:00:00
983504,Cuidado Personal,Cuidado e higiene facial,,Mascarilla facial de burbujas Montagne Jeunesse,2020-09-17 04:00:00
983707,Cuidado Personal,Gel y jabon de manos,,Esponja de baño rizo suave,2020-09-17 04:00:00
983854,Cuidado Personal,Higiene intima,,Tampones super plus con aplicador suave,2020-09-17 04:00:00
984061,Cuidado Personal,Perfume y colonia,,Eau de toilette hombre Sport Man Go for it,2020-09-17 04:00:00
984284,Frescos,Fruta,,Ciruela roja,2020-09-17 04:00:00
984402,Frescos,Verdura,,Apio verde,2020-09-17 04:00:00
984457,Lácteos y Huevos,Leche y bebidas vegetales,,Leche semidesnatada sin lactosa,2020-09-17 04:00:00
984461,Lácteos y Huevos,Leche y bebidas vegetales,,Leche desnatada,2020-09-17 04:00:00
984479,Lácteos y Huevos,Leche y bebidas vegetales,,Leche en polvo desnatada,2020-09-17 04:00:00
984557,Lácteos y Huevos,Leche y bebidas vegetales,,Preparado lácteo con cereales crecimiento Peques 3,2020-09-17 04:00:00
984977,Limpieza y Hogar,Limpieza vajilla,,Limpiamáquinas lavavajillas líquido,2020-09-17 04:00:00
985082,Limpieza y Hogar,Pilas y bolsas de basura,,Pila super alcalina C-LR14 Premio,2020-09-17 04:00:00
985116,Limpieza y Hogar,Utensilios de limpieza y calzado,,Recambio mopa microfibra grande,2020-09-17 04:00:00
985178,Limpieza y Hogar,Utensilios de limpieza y calzado,,Plantillas confort talla 35-46,2020-09-17 04:00:00
985738,Mascotas,Perro,,Paté perro adulto Delikut con cordero y verduras,2020-09-17 04:00:00
985753,Mascotas,Perro,,Aritos perro adulto,2020-09-17 04:00:00
986044,Panadería y Pastelería,Pan de molde y otras especialidades,,Pan 82% integral de centeno,2020-09-17 04:00:00
986090,Panadería y Pastelería,Picos rosquilletas y picatostes,,Picos saladitos,2020-09-17 04:00:00
986323,Lácteos y Huevos,Bifidus,,Bífidus desnatado de pera 0% materia grasa 0% sin azúcares añadidos,2020-09-17 04:00:00
986341,Lácteos y Huevos,Flan y natillas,,Flan de huevo,2020-09-17 04:00:00
986629,Despensa,Especias,,Colorante alimentario,2020-09-17 16:00:00
986642,Despensa,Especias,,Pimienta blanca molida,2020-09-17 16:00:00
986687,Despensa,Mayonesa ketchup y mostaza,,Salsa fina Kraft,2020-09-17 16:00:00
986821,Bebidas,Isotonico y energetico,,Bebida isotónica de naranja Iso drink,2020-09-17 16:00:00
986850,Bebidas,Refresco de cola,,Refresco,2020-09-17 16:00:00
986888,Bebidas,Refresco de cola,,Refresco light sin cafeína,2020-09-17 16:00:00
986927,Bebidas,Refresco de naranja y de limon,,Refresco de naranja fresh gas,2020-09-17 16:00:00
987019,Despensa,Aceitunas y encurtidos,,Aceitunas Bernal partida con hueso,2020-09-17 16:00:00
987091,Frescos,Frutos secos y fruta desecada,Hacendado,Combinado frutos secos,2020-09-17 16:00:00
987173,Aperitivos,Patatas fritas y snacks,,Snack de multicereales Sunbites,2020-09-17 16:00:00
987275,Despensa,Pasta y fideos,,Gnocchi frescos al pesto,2020-09-17 16:00:00
987338,Desayuno y Dulces,Chicles y caramelos,,Caramelos blandos,2020-09-17 16:00:00
987350,Desayuno y Dulces,Chocolate,,Chocolate extrafino negro,2020-09-17 16:00:00
987479,Desayuno y Dulces,Mermelada y miel,,Mermelada de melocotón monodosis,2020-09-17 16:00:00
987778,Bodega,Cerveza sin alcohol,,Cerveza sin alcohol Steinburg,2020-09-17 16:00:00
987843,Bodega,Licores,,Licor crema de whisky Baileys,2020-09-17 16:00:00
987995,Bodega,Vino tinto,,Vino tinto D.O Rioja Marqués de Cáceres crianza,2020-09-17 16:00:00
988128,Bebidas Calientes,Cafe soluble y otras bebidas,,Café soluble clásico,2020-09-17 16:00:00
988195,Bebidas Calientes,Te e infusiones,,Infusión Colesterol,2020-09-17 16:00:00
988242,Carnicería,Aves y pollo,,Alas de pollo partidas,2020-09-17 16:00:00
988328,Carnicería,Cerdo,,Sesos de cerdo,2020-09-17 16:00:00
988533,Desayuno y Dulces,Galletas,,"Galletas de cereales con miel, avellana y chocolate Belvita",2020-09-17 16:00:00
988592,Desayuno y Dulces,Tortitas,,Tortitas de arroz con chocolate con leche,2020-09-17 16:00:00
988598,Carnicería,Aves y jamon cocido,Hacendado,Salchichón de pavo lonchas,2020-09-17 16:00:00
988639,Carnicería,Aves y jamon cocido,Hacendado,Maxi lomo finas lonchas,2020-09-17 16:00:00
988724,Charcutería y Quesos,Embutido curado,,Butifarra catalana lonchas,2020-09-17 16:00:00
988744,Charcutería y Quesos,Jamon serrano,,Jamón bellota ibérico cortado a cuchillo,2020-09-17 16:00:00
988922,Charcutería y Quesos,Queso untable y fresco,,Queso azul Danés Viking danablu,2020-09-17 16:00:00
988983,Congelados,Helados,,Helado mini sándwich nata,2020-09-17 16:00:00
989021,Congelados,Helados,,Helado de limón,2020-09-17 16:00:00
989100,Pescadería,Pescado,,Filetes de panga ultracongelados,2020-09-17 16:00:00
989198,Panadería y Pastelería,Tartas y churros,,Tarta infantil El Rey León congelada,2020-09-17 16:00:00
989350,Frescos,Conservas de verdura y frutas,,Espárragos delgados extra Elagón,2020-09-17 16:00:00
989438,Despensa,Gazpacho y cremas,,Crema de setas del bosque Knorr con champiñones,2020-09-17 16:00:00
989556,Cuidado Personal,Champu,,Champú Intense & Gold cabello rubio,2020-09-17 16:00:00
989638,Cuidado Personal,Coloracion cabello,,Coloración sin amoníaco L'Oréal 354 caoba efecto henna,2020-09-17 16:00:00
989845,Otros,Cuidado corporal,,Crema corporal con aceite de oliva,2020-09-17 16:00:00
989864,Otros,Cuidado corporal,,Aceite corporal de romero 100% natural,2020-09-17 16:00:00
989979,Cuidado Personal,Cuidado e higiene facial,,Crema facial anti-rojeces dermik,2020-09-17 16:00:00
989980,Cuidado Personal,Cuidado e higiene facial,,Aceite facial licopeno Anti ox,2020-09-17 16:00:00
990122,Cuidado Personal,Gel y jabon de manos,,Jabón de manos beauty cream bar pastilla,2020-09-17 16:00:00
990123,Cuidado Personal,Gel y jabon de manos,,Jabón de manos lavanda pastilla,2020-09-17 16:00:00
990138,Cuidado Personal,Gel y jabon de manos,,Jabón de manos higienizante dermatológico líquido,2020-09-17 16:00:00
990190,Cuidado Personal,Higiene bucal,,Cepillo dental medio todo en uno,2020-09-17 16:00:00
990264,Cuidado Personal,Higiene intima,,Copa menstrual íntima talla L,2020-09-17 16:00:00
990303,Cuidado Personal,Higiene intima,,Compresa de incontinencia Tena masculina,2020-09-17 16:00:00
990369,Cuidado Personal,Manicura y pedicura,,Esponja pómez suave manos y pies Luxor,2020-09-17 16:00:00
990464,Cuidado Personal,Perfume y colonia,,Lote mujer Chanson d'Eau,2020-09-17 16:00:00
990488,Cuidado Personal,Perfume y colonia,,Eau de toilette hombre Ikiru,2020-09-17 16:00:00
990539,Cuidado Personal,Perfume y colonia,,Lote hombre 102 Hotel Venezia,2020-09-17 16:00:00
990726,Frescos,Fruta,,Kiwi verde,2020-09-17 16:00:00
990938,Lácteos y Huevos,Leche y bebidas vegetales,,Leche entera,2020-09-17 16:00:00
991211,Limpieza y Hogar,Insecticida y ambientador,,Ambientador mini spray pétalos de rosa,2020-09-17 16:00:00
991248,Limpieza y Hogar,Insecticida y ambientador,,Ambientador perlas tiernos recuerdos,2020-09-17 16:00:00
991279,Limpieza y Hogar,Lejia y liquidos fuertes,,Lejía Neutrex futura,2020-09-17 16:00:00
991341,Limpieza y Hogar,Limpieza bano y wc,,Limpiador baños en gel,2020-09-17 16:00:00
991408,Limpieza y Hogar,Limpieza muebles y multiusos,,70% Alcohol limpieza hogar,2020-09-17 16:00:00
991446,Despensa,Menaje y conservacion de alimentos,,Papel de aluminio,2020-09-17 16:00:00
991573,Limpieza y Hogar,Utensilios de limpieza y calzado,,Mango escoba/fregona 140 cm,2020-09-17 16:00:00
991603,Limpieza y Hogar,Utensilios de limpieza y calzado,,Betún marrón autobrillante Búfalo,2020-09-17 16:00:00
991865,Maquillaje,Ojos,,Sombra de ojos larga duración 14,2020-09-17 16:00:00
991866,Maquillaje,Ojos,,Sombra de ojos larga duración 04 verde,2020-09-17 16:00:00
992128,Mascotas,Gato,,"Bocaditos en salsa gato adulto Delikuit con buey, hígado y verduras",2020-09-17 16:00:00
992133,Mascotas,Gato,,Paté gato adulto Delikut con salmón y trucha,2020-09-17 16:00:00
992177,Mascotas,Gato,,Anti orines para perros y gatos Krislin,2020-09-17 16:00:00
992261,Panadería y Pastelería,Bolleria de horno,,Fartons,2020-09-17 16:00:00
992333,Panadería y Pastelería,Bolleria envasada,,Napolitanas con crema,2020-09-17 16:00:00
992600,Panadería y Pastelería,Tartas y pasteles,,Bolsa pastelería,2020-09-17 16:00:00
992980,Frescos,Fruta variada,Hacendado,Zumo fresh jengibre & manzana,2020-09-17 16:00:00
993197,Despensa,Otras salsas,,Chili con carne La Fondita,2020-09-18 04:00:00
993315,Bebidas,Refresco de cola,,Refresco Zero Zero,2020-09-18 04:00:00
993323,Bebidas,Refresco de cola,,Refresco cola Zero azúcar Zero cafeína,2020-09-18 04:00:00
993524,Frescos,Frutos secos y fruta desecada,Hacendado,Almendra sin piel,2020-09-18 04:00:00
993619,Aperitivos,Patatas fritas y snacks,,Stars de maíz sabor queso jamón,2020-09-18 04:00:00
993759,Desayuno y Dulces,Azucar y edulcorante,,Edulcorante granulado stevia,2020-09-18 04:00:00
993828,Desayuno y Dulces,Chocolate,,Chocolate con leche Valor almendras enteras,2020-09-18 04:00:00
994112,Panadería y Pastelería,Toallitas y panales,,Pañales bebé talla 2 de 4-8 kg,2020-09-18 04:00:00
994310,Bodega,Licores,,Vodka premium Vladonof,2020-09-18 04:00:00
994341,Bodega,Licores,,Cocktail mojito sin alcohol Pi.omka,2020-09-18 04:00:00
994383,Bodega,Vino blanco,,Vino blanco chardonnay airén,2020-09-18 04:00:00
994389,Bodega,Vino blanco,,Vino blanco D.O La Mancha Fidencio,2020-09-18 04:00:00
994415,Bodega,Vino blanco,,Vino fino Real Tesoro D.O Jerez de la frontera,2020-09-18 04:00:00
994520,Bebidas Calientes,Cafe capsula y monodosis,,Café en cápsula descafeinado,2020-09-18 04:00:00
994699,Carnicería,Aves y pollo,,Pechugas de pollo empanadas marinadas,2020-09-18 04:00:00
994714,Carnicería,Aves y pollo,,Carcasa de pollo rural,2020-09-18 04:00:00
994811,Charcutería y Quesos,Embutido,,Morcilla de cebolla oreada,2020-09-18 04:00:00
995007,Desayuno y Dulces,Galletas,,Palitos Mikado chocolate noir,2020-09-18 04:00:00
995157,Charcutería y Quesos,Embutido curado,,Salchichón cular ibérico extra La Hacienda del ibérico,2020-09-18 04:00:00
995200,Charcutería y Quesos,Jamon serrano,,Jamón cebo ibérico cortado a cuchillo,2020-09-18 04:00:00
995274,Charcutería y Quesos,Queso curado semicurado y tierno,,Queso Gouda viejo,2020-09-18 04:00:00
995297,Charcutería y Quesos,Queso curado semicurado y tierno,,Queso de cabra tierno Montesinos,2020-09-18 04:00:00
995606,Pescadería,Pescado,Hacendado,Empanadillas de atún ultracongeladas,2020-09-18 04:00:00
995683,Frescos,Verdura,Hacendado,Guisante muy tierno ultracongelado,2020-09-18 04:00:00
995698,Frescos,Verdura,Hacendado,Brócoli,2020-09-18 04:00:00
995743,Pescadería,Atun y otras conservas de pescado,Hacendado,Atún claro en aceite de oliva,2020-09-18 04:00:00
996248,Cuidado Personal,Peines y accesorios,,Redecilla negra,2020-09-18 04:00:00
996264,Cuidado Personal,Afeitado y cuidado para hombre,,Crema de afeitar piel sensible Lea,2020-09-18 04:00:00
996352,Otros,Cuidado corporal,,Crema de manos aloe vera,2020-09-18 04:00:00
996641,Cuidado Personal,Higiene bucal,,Dentífrico gel infantil + 2 años Pjmasks,2020-09-18 04:00:00
996661,Cuidado Personal,Higiene bucal,,Recambios cepillo dental eléctrico Sp.Berner,2020-09-18 04:00:00
996715,Cuidado Personal,Higiene intima,,Compresa sin alas de incontinencia mini,2020-09-18 04:00:00
996746,Cuidado Personal,Higiene intima,,Tampones super con aplicador compacto,2020-09-18 04:00:00
996783,Cuidado Personal,Manicura y pedicura,,Tratamiento para uñas gel quita-cutículas,2020-09-18 04:00:00
996810,Cuidado Personal,Manicura y pedicura,,Laca de uñas Glitter 944 coral,2020-09-18 04:00:00
996902,Cuidado Personal,Perfume y colonia,,Eau de toilette mujer Limite,2020-09-18 04:00:00
996971,Cuidado Personal,Perfume y colonia,,Eau de cologne hombre Agua Brava,2020-09-18 04:00:00
996976,Cuidado Personal,Perfume y colonia,,Mini eau de parfum hombre de Mayo Mistery,2020-09-18 04:00:00
997005,Cuidado Personal,Perfume y colonia,,Lote hombre Como tú Fuerza,2020-09-18 04:00:00
997064,Cuidado Personal,Protector solar y aftersun,,Protector labial FPS 15,2020-09-18 04:00:00
997085,Salud,Fitoterapia,,"Cápsulas cabello, uñas",2020-09-18 04:00:00
997153,Salud,Parafarmacia,,Preservativos natural On,2020-09-18 04:00:00
997256,Frescos,Verdura,,Tomate canario,2020-09-18 04:00:00
997435,Lácteos y Huevos,Leche y bebidas vegetales,,Bebida de soja ligera Vivesoy,2020-09-18 04:00:00
997448,Lácteos y Huevos,Leche y bebidas vegetales,,Bebida de chufa sin azúcares añadidos,2020-09-18 04:00:00
997507,Lácteos y Huevos,Mantequilla y margarina,,Margarina ligera,2020-09-18 04:00:00
997519,Lácteos y Huevos,Mantequilla y margarina,,Leche evaporada,2020-09-18 04:00:00
997553,Limpieza y Hogar,Detergente y suavizante ropa,,Detergente ropa Elena en polvo,2020-09-18 04:00:00
997577,Limpieza y Hogar,Detergente y suavizante ropa,,Blanqueador de ropa La Nave en polvo,2020-09-18 04:00:00
997742,Limpieza y Hogar,Lejia y liquidos fuertes,,Lejía perfumada Neutrex frescor verde,2020-09-18 04:00:00
997917,Despensa,Menaje y conservacion de alimentos,,Bolsas congelación medianas,2020-09-18 04:00:00
997942,Despensa,Menaje y conservacion de alimentos,,Bandeja de cartón rectangular P&H,2020-09-18 04:00:00
998029,Limpieza y Hogar,Utensilios de limpieza y calzado,,Gamuzas atrapa polvo,2020-09-18 04:00:00
998110,Maquillaje,Bases de maquillaje y corrector,,Maquillaje fluido larga duración 03,2020-09-18 04:00:00
998201,Maquillaje,Labios,,Perfilador de labios 04 canela,2020-09-18 04:00:00
998253,Maquillaje,Labios,,Brillo de labios Galactic metal 01 vino,2020-09-18 04:00:00
998362,Pescadería,Marisco,Hacendado,Gamba blanca cocida ultracongelada,2020-09-18 04:00:00
998597,Mascotas,Gato,,Bocaditos en salsa gato adulto Delikuit,2020-09-18 04:00:00
998639,Mascotas,Gato,,Snack gato barritas de pollo e hígado,2020-09-18 04:00:00
998679,Mascotas,Perro,,Comida perro júnior con pollo y arroz,2020-09-18 04:00:00
999032,Panadería y Pastelería,Tartas y pasteles,,Tarta dúo sabores congelada,2020-09-18 04:00:00
999155,Platos Preparados,Platos preparados calientes,,Migas,2020-09-18 04:00:00
999172,Platos Preparados,Platos preparados calientes,,Fideos orientales Yakisoba soja,2020-09-18 04:00:00
999268,Cuidado Personal,Gelatina y otros postres,,"Gelatina sabores limón, multifrutas y naranja",2020-09-18 04:00:00
999426,Frescos,Fruta variada,,Fruta + leche tropical Bifrutas,2020-09-18 04:00:00
999709,Bebidas,Agua,,Agua mineral con gas Cortes pequeña,2020-09-18 16:00:00
999865,Bebidas,Tonica y bitter,,Bitter sin alcohol,2020-09-18 16:00:00
1000173,Despensa,Pasta y fideos,,Spaghetti sin gluten con quinoa Felicia,2020-09-18 16:00:00
1000203,Despensa,Pasta y fideos,,Fideos orientales Yakisoba soja,2020-09-18 16:00:00
1000305,Desayuno y Dulces,Chocolate,,Chocolate con leche Crunchie Rocks Cadbury con copos de maíz y trozos de caramelo,2020-09-18 16:00:00
1000350,Desayuno y Dulces,Chocolate,,Dulce de leche Chimbote,2020-09-18 16:00:00
1000525,Bebé,Biberon chupete y menaje,,Recipiente de alimentos bebé,2020-09-18 16:00:00
1000706,Bodega,Licores,,Vermouth blanco Maronti,2020-09-18 16:00:00
1000709,Bodega,Licores,,Ginebra London dry gin Larios,2020-09-18 16:00:00
1000711,Bodega,Licores,,Ginebra extra dry gin Seagram's,2020-09-18 16:00:00
1000863,Bodega,Vino blanco,,Vino blanco semidulce Diamante D.O Rioja,2020-09-18 16:00:00
1001102,Bebidas Calientes,Te e infusiones,,Infusión fría frutos del bosque,2020-09-18 16:00:00
1001177,Carnicería,Aves y pollo,,Pollo rural entero,2020-09-18 16:00:00
1001210,Carnicería,Carne congelada,,Chuletas cordero de lechal congeladas,2020-09-18 16:00:00
1001246,Carnicería,Cerdo,,Solomillo de cerdo ibérico,2020-09-18 16:00:00
1001641,Charcutería y Quesos,Embutido curado,,Butifarra catalana lonchas,2020-09-18 16:00:00
1001695,Charcutería y Quesos,Pate y sobrasada,,Paté de salmón,2020-09-18 16:00:00
1001701,Charcutería y Quesos,Pate y sobrasada,,Paté de morcilla,2020-09-18 16:00:00
1001877,Carnicería,Carne,Hacendado,Relleno para kebab con carne de pollo y ternera ultracongelado,2020-09-18 16:00:00
1001899,Carnicería,Carne,,Medallones solomillo de vacuno añojo congelados,2020-09-18 16:00:00
1002029,Pescadería,Pescado,Hacendado,Medallones de merluza del cabo ultracongelados,2020-09-18 16:00:00
1002042,Pescadería,Pescado,Hacendado,Sepia limpia pequeña congelada,2020-09-18 16:00:00
1002064,Pescadería,Pescado,Pescanova,Aritos de surimi a la romana ultracongelados,2020-09-18 16:00:00
1002548,Cuidado Personal,Coloracion cabello,,Coloración permanente 0% amoníaco 4 castaño,2020-09-18 16:00:00
1002616,Cuidado Personal,Coloracion cabello,,Coloración permanente L'Oréal 10 rubio muy claro,2020-09-18 16:00:00
1002789,Otros,Cuidado corporal,,Crema corporal anticelulítica,2020-09-18 16:00:00
1002843,Cuidado Personal,Cuidado e higiene facial,,Toallitas desmaquillantes cara y ojos piel normal-mixta,2020-09-18 16:00:00
1002870,Cuidado Personal,Cuidado e higiene facial,,Aceite facial desmaquillante 24 K gold progress pieles secas,2020-09-18 16:00:00
1003045,Cuidado Personal,Gel y jabon de manos,,Gel de baño dermoprotector piel normal,2020-09-18 16:00:00
1003060,Cuidado Personal,Gel y jabon de manos,,Jabón de manos kids líquido,2020-09-18 16:00:00
1003069,Cuidado Personal,Gel y jabon de manos,,Jabón de manos higienizante dermatológico líquido,2020-09-18 16:00:00
1003085,Cuidado Personal,Higiene bucal,,Dentífrico blanqueador bicarbonato,2020-09-18 16:00:00
1003153,Cuidado Personal,Higiene bucal,,Cinta dental con cera y sabor menta,2020-09-18 16:00:00
1003185,Cuidado Personal,Higiene intima,,Compresa sin alas extraplana,2020-09-18 16:00:00
1003204,Cuidado Personal,Higiene intima,,Protegeslip ultrafino Fresh,2020-09-18 16:00:00
1003384,Cuidado Personal,Perfume y colonia,,Eau de toilette mujer Soplo,2020-09-18 16:00:00
1003415,Cuidado Personal,Perfume y colonia,,Eau de toilette hombre Bustamante Muy mío Sport,2020-09-18 16:00:00
1003635,Frescos,Fruta,,Uva sabores sin semillas,2020-09-18 16:00:00
1003737,Frescos,Verdura,,Pepinos,2020-09-18 16:00:00
1003744,Frescos,Verdura,,Pimiento verde,2020-09-18 16:00:00
1003981,Lácteos y Huevos,Mantequilla y margarina,,Nata para montar,2020-09-18 16:00:00
1004166,Limpieza y Hogar,Insecticida y ambientador,Brise,Ambientador automático by lavanda y jazmín,2020-09-18 16:00:00
1004215,Limpieza y Hogar,Lejia y liquidos fuertes,,Amoníaco con detergente,2020-09-18 16:00:00
1004380,Despensa,Menaje y conservacion de alimentos,,Papel vegetal,2020-09-18 16:00:00
1004420,Despensa,Menaje y conservacion de alimentos,,Encendedor cocina largo Clipper,2020-09-18 16:00:00
1004829,Pescadería,Marisco,Hacendado,Gamba pelada cruda tamaño mediano ultracongelada,2020-09-18 16:00:00
1005061,Mascotas,Gato,,Paté gato adulto Delikuit con pollo y pavo,2020-09-18 16:00:00
1005108,Mascotas,Gato,,Snack gato barritas de pollo e hígado,2020-09-18 16:00:00
1005373,Panadería y Pastelería,Pan de horno,,5 Barras de pan 51% integral,2020-09-18 16:00:00
1005563,Platos Preparados,Pizzas,,Pizza 4 quesos familiar,2020-09-18 16:00:00
1005835,Lácteos y Huevos,Yogures liquidos,,Bebida láctea natural Cuidacol 0% azúcares añadidos,2020-09-18 16:00:00
1005848,Lácteos y Huevos,Yogures naturales y sabores,,Kéfir natural sabor suave,2020-09-18 16:00:00
1005913,Frescos,Fruta variada,Hacendado,Smoothie mango & coco,2020-09-18 16:00:00
1006010,Despensa,Especias,,Pimentón dulce,2020-09-19 04:00:00
1006177,Bebidas,Agua,,Agua mineral con gas Fonter grande,2020-09-19 04:00:00
1006230,Bebidas,Refresco de cola,,Refresco cola,2020-09-19 04:00:00
1006261,Bebidas,Refresco de cola,,Refresco Zero Zero,2020-09-19 04:00:00
1006368,Bebidas,Refresco de te y sin gas,,Bebida aloe vera zero,2020-09-19 04:00:00
1006442,Frescos,Frutos secos y fruta desecada,Hacendado,Mezcla semillas,2020-09-19 04:00:00
1006646,Despensa,Pasta y fideos,,Medialunas frescas calabaza y crema de quesos Bel Canto,2020-09-19 04:00:00
1006654,Despensa,Pasta y fideos,,Pasta oriental sabor pollo frango Maggi,2020-09-19 04:00:00
1006718,Desayuno y Dulces,Chicles y caramelos,,Caramelos regaliz mentol Respiral Halls,2020-09-19 04:00:00
1006980,Bebé,Biberon chupete y menaje,,Mordedor silicona,2020-09-19 04:00:00
1007034,Panadería y Pastelería,Toallitas y panales,,Pañales bebé talla 1 de 2-5 kg,2020-09-19 04:00:00
1007100,Bodega,Cerveza,,Cerveza reserva,2020-09-19 04:00:00
1007347,Bodega,Vino lambrusco y espumoso,,Vino rosado afrutado espumoso Peñascal,2020-09-19 04:00:00
1007425,Desayuno y Dulces,Cacao soluble y chocolate a la taza,,Cacao soluble instantáneo,2020-09-19 04:00:00
1007577,Bebidas Calientes,Te e infusiones,,Infusión Detox,2020-09-19 04:00:00
1007689,Carnicería,Cerdo,,Lomo de cerdo trozo,2020-09-19 04:00:00
1007728,Carnicería,Conejo y cordero,,Garretas brazuelo de cordero,2020-09-19 04:00:00
1007799,Carnicería,Empanados y elaborados,,Brochetas de pollo,2020-09-19 04:00:00
1007979,Carnicería,Aves y jamon cocido,Hacendado,Lomo de pavo lonchas,2020-09-19 04:00:00
1008054,Charcutería y Quesos,Chopped y mortadela,,Galantina con pistacho y trufa finas lonchas,2020-09-19 04:00:00
1008085,Charcutería y Quesos,Embutido curado,,Chorizo ibérico La Hacienda del ibérico lonchas,2020-09-19 04:00:00
1008162,Charcutería y Quesos,Pate y sobrasada,,Paté de jamón,2020-09-19 04:00:00
1008214,Charcutería y Quesos,Queso curado semicurado y tierno,,Queso tronchón tierno Montesinos,2020-09-19 04:00:00
1008325,Despensa,Arroz y pasta,,Lasaña de verduras ultracongelada,2020-09-19 04:00:00
1008327,Despensa,Arroz y pasta,,Gnocchi de pollo y verduras ultracongelados,2020-09-19 04:00:00
1008685,Pescadería,Atun y otras conservas de pescado,Hacendado,Sardinillas en aceite de oliva,2020-09-19 04:00:00
1008867,Despensa,Tomate,,Tomate frito receta artesana,2020-09-19 04:00:00
1008924,Cuidado Personal,Acondicionador y mascarilla,,Sérum Be Radiant 10 en 1 cabello apagado,2020-09-19 04:00:00
1009164,Cuidado Personal,Peines y accesorios,,Clip rubio,2020-09-19 04:00:00
1009261,Otros,Cuidado corporal,,Crema corporal antiestrías,2020-09-19 04:00:00
1009325,Cuidado Personal,Cuidado e higiene facial,,Ampollas faciales spray flash,2020-09-19 04:00:00
1009379,Cuidado Personal,Cuidado e higiene facial,,Roll-on ojos todo en uno BB cream tono claro,2020-09-19 04:00:00
1009505,Cuidado Personal,Gel y jabon de manos,,Gel de baño dermoprotector piel normal,2020-09-19 04:00:00
1009531,Cuidado Personal,Gel y jabon de manos,,Jabón de manos fragancia golosina líquido,2020-09-19 04:00:00
1009663,Cuidado Personal,Higiene intima,,Protegeslip Cotton flexiform Carefree regular + tanga,2020-09-19 04:00:00
1009761,Cuidado Personal,Manicura y pedicura,,Cuchillas corta callos,2020-09-19 04:00:00
1009819,Cuidado Personal,Perfume y colonia,,Eau de toilette mujer Agatha Ruiz de la Prada Gotas de color,2020-09-19 04:00:00
1009841,Cuidado Personal,Perfume y colonia,,Mini eau de parfum mujer de Mayo Hi! Sweety,2020-09-19 04:00:00
1009845,Cuidado Personal,Perfume y colonia,,Eau de toilette mujer Alejandro Sanz Mi acorde,2020-09-19 04:00:00
1009928,Cuidado Personal,Perfume y colonia,,Lote hombre Antonio Banderas Power of Seduction,2020-09-19 04:00:00
1009988,Cuidado Personal,Protector solar y aftersun,,Gel corporal efecto bronceado inmediato Solcare,2020-09-19 04:00:00
1010359,Lácteos y Huevos,Leche y bebidas vegetales,,Bebida de almendras Soymilk,2020-09-19 04:00:00
1010457,Limpieza y Hogar,Detergente y suavizante ropa,,Detergente ropa prendas delicadas Perlan líquido,2020-09-19 04:00:00
1010815,Limpieza y Hogar,Limpieza vajilla,,Abrillantador lavavajillas líquido,2020-09-19 04:00:00
1011082,Maquillaje,Bases de maquillaje y corrector,,Prebase facial perfecciona el rostro,2020-09-19 04:00:00
1011132,Maquillaje,Labios,,Pintalabios color fix 02,2020-09-19 04:00:00
1011290,Pescadería,Marisco,,Langostino en su nido Vdfoodltd congelado,2020-09-19 04:00:00
1011346,Pescadería,Pescado congelado,Hacendado,Lenguado entero ultracongelado,2020-09-19 04:00:00
1011365,Pescadería,Pescado congelado,,Croquetas de merluza y gambas Preli ultracongeladas,2020-09-19 04:00:00
1011386,Pescadería,Pescado en bandeja,Pescanova,Anguriñas de surimi,2020-09-19 04:00:00
1011425,Pescadería,Pescado fresco,,Corvina limpia con cabeza,2020-09-19 04:00:00
1011717,Panadería y Pastelería,Bolleria envasada,,Magdalenas integrales 0% azúcares añadidos,2020-09-19 04:00:00
1012177,Lácteos y Huevos,Flan y natillas,,Natillas sabor coco,2020-09-19 04:00:00
1012203,Cuidado Personal,Gelatina y otros postres,,Pudding,2020-09-19 04:00:00
1012231,Lácteos y Huevos,Yogures desnatados,,Yogur sin lactosa con trozos de piña,2020-09-19 04:00:00
1012283,Lácteos y Huevos,Yogures liquidos,,Bebida láctea de fresa Densia Forte 0% materia grasa,2020-09-19 04:00:00
1012487,Despensa,Especias,,Pimientos choriceros dulces del cristal,2020-09-19 16:00:00
1012521,Despensa,Mayonesa ketchup y mostaza,,Ketchup light,2020-09-19 16:00:00
1012563,Despensa,Otras salsas,,Salsa de soja sin gluten,2020-09-19 16:00:00
1012635,Bebidas,Isotonico y energetico,,Bebida isotónica limón,2020-09-19 16:00:00
1012699,Bebidas,Refresco de cola,,Refresco cola Zero azúcar,2020-09-19 16:00:00
1012729,Bebidas,Refresco de naranja y de limon,,Refresco de limón zero azúcar fresh gas,2020-09-19 16:00:00
1012736,Bebidas,Refresco de naranja y de limon,,Refresco lima limón,2020-09-19 16:00:00
1012749,Bebidas,Refresco de naranja y de limon,,Refresco de naranja fresh gas,2020-09-19 16:00:00
1012924,Frescos,Frutos secos y fruta desecada,Hacendado,Cocktail tostado y ahumado,2020-09-19 16:00:00
1013046,Despensa,Pasta y fideos,,Fideo grueso,2020-09-19 16:00:00
1013047,Despensa,Pasta y fideos,,Pasta estrellas,2020-09-19 16:00:00
1013180,Desayuno y Dulces,Chocolate,,Chocolate extrafino negro 0% azúcares añadidos,2020-09-19 16:00:00
1013191,Desayuno y Dulces,Chocolate,,Chocolate extrafino negro con trozos de naranja,2020-09-19 16:00:00
1013251,Desayuno y Dulces,Chocolate,,Barritas chocolate con leche con galleta rellena de caramelo y cereales,2020-09-19 16:00:00
1013532,Bodega,Cerveza,,Cerveza sin gluten Steinburg,2020-09-19 16:00:00
1013651,Bodega,Licores,,Whisky escocés Brodick's,2020-09-19 16:00:00
1013653,Bodega,Licores,,Whiskey bourbon Black County,2020-09-19 16:00:00
1013707,Bodega,Licores,,Licor de café Puente Pazos,2020-09-19 16:00:00
1013908,Bebidas Calientes,Cafe capsula y monodosis,,Café con leche en cápsula Cocatech,2020-09-19 16:00:00
1014362,Desayuno y Dulces,Galletas,,"Galletas de cereales con miel, avellana y chocolate Belvita",2020-09-19 16:00:00
1014588,Charcutería y Quesos,Jamon serrano,,Jamón serrano,2020-09-19 16:00:00
1014612,Charcutería y Quesos,Pate y sobrasada,,Paté de jamón,2020-09-19 16:00:00
1014713,Frescos,Fruta,,Limón,2020-09-19 16:00:00
1014899,Pescadería,Marisco,Pescanova,Tronquitos de surimi ultracongelados,2020-09-19 16:00:00
1014900,Pescadería,Marisco,Pescanova,Langostino cocido y pelado ultracongelado,2020-09-19 16:00:00
1014918,Pescadería,Marisco,Hacendado,Mejillón de Chile entero cocido ultracongelado,2020-09-19 16:00:00
1014945,Pescadería,Pescado,Hacendado,Fritura de pescado ultracongelada,2020-09-19 16:00:00
1015039,Panadería y Pastelería,Tartas y churros,,Churros ultracongelados,2020-09-19 16:00:00
1015129,Pescadería,Atun y otras conservas de pescado,Hacendado,Filetes de caballa del sur en aceite de girasol,2020-09-19 16:00:00
1015285,Despensa,Sopa y caldo,,Tallarines a la parmesana,2020-09-19 16:00:00
1015408,Cuidado Personal,Champu,,Champú y acondicionador anticaspa H&S clásico,2020-09-19 16:00:00
1015433,Cuidado Personal,Coloracion cabello,,Coloración permanente 5.3 castaño claro dorado,2020-09-19 16:00:00
1015438,Cuidado Personal,Coloracion cabello,,Coloración permanente 6.35 marrón caramelo,2020-09-19 16:00:00
1015487,Cuidado Personal,Coloracion cabello,,Coloración permanente 7.40 rubio cobrizo intenso,2020-09-19 16:00:00
1015776,Cuidado Personal,Cuidado e higiene facial,,Aceite facial desmaquillante 24 K gold progress pieles secas,2020-09-19 16:00:00
1015847,Cuidado Personal,Depilacion,,Bandas de cera facial Veet piel normal,2020-09-19 16:00:00
1015952,Cuidado Personal,Gel y jabon de manos,,Gel de baño dermoprotector piel normal,2020-09-19 16:00:00
1016077,Cuidado Personal,Higiene intima,,Compresa sin alas de incontinencia normal,2020-09-19 16:00:00
1016095,Cuidado Personal,Higiene intima,,Compresa sin alas super Dry,2020-09-19 16:00:00
1016201,Cuidado Personal,Manicura y pedicura,,Palitos de naranjo,2020-09-19 16:00:00
1016209,Cuidado Personal,Manicura y pedicura,,Alicate uñas,2020-09-19 16:00:00
1016225,Cuidado Personal,Neceseres,,Neceser Sporty mediano,2020-09-19 16:00:00
1016578,Frescos,Lechuga y ensalada preparada,,Lechuga iceberg,2020-09-19 16:00:00
1016607,Frescos,Lechuga y ensalada preparada,,Ensalada jamón,2020-09-19 16:00:00
1016609,Frescos,Verdura,,Patata,2020-09-19 16:00:00
1016629,Frescos,Verdura,,Tomates mini kumato,2020-09-19 16:00:00
1017174,Limpieza y Hogar,Limpieza bano y wc,,Limpiador baños en gel,2020-09-19 16:00:00
1017179,Limpieza y Hogar,Limpieza bano y wc,Flor,Gel WC de cerezo,2020-09-19 16:00:00
1017187,Limpieza y Hogar,Limpieza bano y wc,,Colgador WC frescor natura Bref,2020-09-19 16:00:00
1017219,Limpieza y Hogar,Limpieza muebles y multiusos,,Limpia tapicerías y alfombras con espuma activa,2020-09-19 16:00:00
1017335,Limpieza y Hogar,Papel higienico y celulosa,,Servilleta papel cocktail,2020-09-19 16:00:00
1017448,Limpieza y Hogar,Utensilios de limpieza y calzado,,Acondicionador de cuero limpiador y nutriente,2020-09-19 16:00:00
1017740,Pescadería,Marisco,,Nécora cocida Errigal Bay congelada,2020-09-19 16:00:00
1017783,Pescadería,Pescado congelado,Hacendado,Porciones de merluza del cabo ultracongeladas,2020-09-19 16:00:00
1017792,Pescadería,Pescado congelado,Hacendado,Lenguado entero ultracongelado,2020-09-19 16:00:00
1017814,Pescadería,Pescado congelado,Hacendado,Rabas empanadas ultracongeladas,2020-09-19 16:00:00
1017933,Pescadería,Sushi,,Ensalada de alga wakame con salmón,2020-09-19 16:00:00
1017959,Mascotas,Gato,,Bocaditos en salsa gato adulto Delikuit,2020-09-19 16:00:00
1018541,Platos Preparados,Platos preparados calientes,,Lentejas a la jardinera,2020-09-19 16:00:00
1018629,Cuidado Personal,Gelatina y otros postres,,"Gelatina 0% azúcar sabores fresa, multifrutas y limón",2020-09-19 16:00:00
1018748,Lácteos y Huevos,Yogures naturales y sabores,,Yogur sabor macedonia,2020-09-19 16:00:00
1019014,Despensa,Otras salsas,,Salsa césar,2020-09-20 04:00:00
1019083,Bebidas,Isotonico y energetico,,Bebida para deportistas sabor cítrico,2020-09-20 04:00:00
1019094,Bebidas,Isotonico y energetico,,Bebida isotónica soluble Enervit Sport sabor limón,2020-09-20 04:00:00
1019307,Despensa,Aceitunas y encurtidos,,Picadillo de variantes,2020-09-20 04:00:00
1019353,Frescos,Frutos secos y fruta desecada,Hacendado,Pipas calabaza aguasal,2020-09-20 04:00:00
1019675,Desayuno y Dulces,Chocolate,,Cacahuetes chocolate negro,2020-09-20 04:00:00
1020238,Bodega,Vino blanco,,Vino dulce cream Real Tesoro D.O Jerez de la frontera,2020-09-20 04:00:00
1020284,Bodega,Vino tinto,,Vino tinto Monastrell Torre Oria,2020-09-20 04:00:00
1020360,Bebidas Calientes,Cafe capsula y monodosis,,Cortado en cápsula Cocatech,2020-09-20 04:00:00
1020370,Bebidas Calientes,Cafe capsula y monodosis,,Café en cápsula cortado Tassimo,2020-09-20 04:00:00
1020414,Bebidas Calientes,Cafe soluble y otras bebidas,,Café soluble descafeinado classic,2020-09-20 04:00:00
1020462,Bebidas Calientes,Te e infusiones,,Multinfusión digestive Pompadour,2020-09-20 04:00:00
1020571,Carnicería,Carne congelada,,Hamburguesas de vacuno congeladas,2020-09-20 04:00:00
1020590,Carnicería,Cerdo,,Solomillo de cerdo,2020-09-20 04:00:00
1020679,Carnicería,Vacuno,,Entrecot de vacuno fino añojo,2020-09-20 04:00:00
1020746,Desayuno y Dulces,Cereales,,Copos de avena Brüggen,2020-09-20 04:00:00
1020784,Desayuno y Dulces,Cereales,,Barrita sustitutivo de comida Belladieta sabor chocolate negro,2020-09-20 04:00:00
1020832,Desayuno y Dulces,Galletas,,Galletas caocream chocolate blanco rellenas de crema,2020-09-20 04:00:00
1020870,Desayuno y Dulces,Tortitas,,Tortitas de arroz,2020-09-20 04:00:00
1020900,Carnicería,Aves y jamon cocido,Hacendado,Cabeza de cerdo finas lonchas,2020-09-20 04:00:00
1021442,Platos Preparados,Pizzas,,Pizza boloñesa ultracongelada,2020-09-20 04:00:00
1021555,Pescadería,Atun y otras conservas de pescado,Hacendado,Atún claro en aceite de girasol,2020-09-20 04:00:00
1021593,Pescadería,Atun y otras conservas de pescado,Hacendado,Sardinillas al limón en aceite de girasol,2020-09-20 04:00:00
1021604,Pescadería,Atun y otras conservas de pescado,Hacendado,Hígado de bacalao ahumado,2020-09-20 04:00:00
1021717,Despensa,Gazpacho y cremas,,Crema de pollo con verduras,2020-09-20 04:00:00
1021768,Despensa,Tomate,,Tomate entero pelado,2020-09-20 04:00:00
1021927,Cuidado Personal,Coloracion cabello,,Coloración permanente 6 rubio oscuro,2020-09-20 04:00:00
1022044,Cuidado Personal,Peines y accesorios,,Cepillo cabello neumático,2020-09-20 04:00:00
1022228,Cuidado Personal,Cuidado e higiene facial,,Mascarilla facial de burbujas Montagne Jeunesse,2020-09-20 04:00:00
1022253,Cuidado Personal,Cuidado e higiene facial,,Gel-crema facial Hydrafresh L'Oréal pieles normales a mixtas,2020-09-20 04:00:00
1022302,Cuidado Personal,Depilacion,,Crema depilatoria Veet piel seca,2020-09-20 04:00:00
1022534,Cuidado Personal,Higiene intima,,Compresa sin alas extraplana noche,2020-09-20 04:00:00
1022644,Cuidado Personal,Manicura y pedicura,,Uñas postizas,2020-09-20 04:00:00
1022645,Cuidado Personal,Manicura y pedicura,,Guías uñas manicura francesa,2020-09-20 04:00:00
1022689,Cuidado Personal,Perfume y colonia,,Eau de parfum mujer Codizia,2020-09-20 04:00:00
1022754,Cuidado Personal,Perfume y colonia,,Eau de toilette hombre 9.60 Sport water acción,2020-09-20 04:00:00
1022817,Cuidado Personal,Perfume y colonia,,Lote hombre 102 Hotel Venezia,2020-09-20 04:00:00
1022987,Frescos,Fruta,,Pera conferencia,2020-09-20 04:00:00
1023014,Frescos,Fruta,,Ciruelas rojas mini,2020-09-20 04:00:00
1023100,Frescos,Verdura,,Media col lombarda,2020-09-20 04:00:00
1023125,Frescos,Verdura,,Calabaza cacahuete cortada a trozos,2020-09-20 04:00:00
1023207,Lácteos y Huevos,Leche y bebidas vegetales,,Leche entera,2020-09-20 04:00:00
1023220,Lácteos y Huevos,Leche y bebidas vegetales,,Leche entera calcio,2020-09-20 04:00:00
1023304,Lácteos y Huevos,Leche y bebidas vegetales,,Crema de almendras Nectina,2020-09-20 04:00:00
1023314,Lácteos y Huevos,Mantequilla y margarina,,Margarina,2020-09-20 04:00:00
1023755,Despensa,Menaje y conservacion de alimentos,,Carbón vegetal,2020-09-20 04:00:00
1023847,Limpieza y Hogar,Utensilios de limpieza y calzado,,Cubo ovalado con ruedas 15L,2020-09-20 04:00:00
1023911,Maquillaje,Bases de maquillaje y corrector,,Maquillaje fluido face finity 85 caramel,2020-09-20 04:00:00
1024061,Maquillaje,Labios,,Pintalabios Bom Bom creamy 02,2020-09-20 04:00:00
1024183,Pescadería,Marisco,Hacendado,Buey de mar cocido congelado,2020-09-20 04:00:00
1024273,Pescadería,Pescado en bandeja,,Rodajas de salmón,2020-09-20 04:00:00
1024303,Pescadería,Pescado fresco,,Morralla,2020-09-20 04:00:00
1024773,Panadería y Pastelería,Pan tostado y rallado,,Pan tostado con tomate,2020-09-20 04:00:00
1024828,Panadería y Pastelería,Tartas y pasteles,,Tarta carrot cake congelada,2020-09-20 04:00:00
1024888,Platos Preparados,Pizzas,,Pizza jamón y queso,2020-09-20 04:00:00
1025695,Despensa,Aceitunas y encurtidos,,Aceitunas pelotín sabor anchoa con hueso,2020-09-20 16:00:00
1025702,Despensa,Aceitunas y encurtidos,,Aceitunas manzanilla sin hueso,2020-09-20 16:00:00
1025714,Despensa,Aceitunas y encurtidos,,Aceitunas rellenas de pimiento asado,2020-09-20 16:00:00
1025955,Despensa,Pasta y fideos,,Tallarín,2020-09-20 16:00:00
1025993,Despensa,Pasta y fideos,,Pasta oriental sabor gamba camarao Maggi,2020-09-20 16:00:00
1026142,Desayuno y Dulces,Chocolate,,Crema al cacao y leche con avellanas,2020-09-20 16:00:00
1026232,Bebé,Alimentacion infantil,,Papilla dúo de frutas +4 meses,2020-09-20 16:00:00
1026269,Bebé,Alimentacion infantil,,Papilla instantánea 8 cereales +6 meses,2020-09-20 16:00:00
1026280,Bebé,Alimentacion infantil,,Papilla instantánea con cereales sin gluten +4 meses,2020-09-20 16:00:00
1026316,Bebé,Biberon chupete y menaje,,Recipiente de alimentos bebé,2020-09-20 16:00:00
1026427,Bodega,Cerveza,,Cerveza de trigo Franziskaner,2020-09-20 16:00:00
1026647,Bodega,Vino blanco,,Vino blanco afrutado Blancauvas,2020-09-20 16:00:00
1026660,Bodega,Vino blanco,,Vino blanco semidulce Bach D.O Catalunya,2020-09-20 16:00:00
1026662,Bodega,Vino blanco,,Vino blanco D.O Valencia semidulce Allegretto Alba,2020-09-20 16:00:00
1026743,Bodega,Vino tinto,,Vino tinto D.O Toro Conquero roble,2020-09-20 16:00:00
1026751,Desayuno y Dulces,Cacao soluble y chocolate a la taza,,Cacao soluble instantáneo,2020-09-20 16:00:00
1026800,Bebidas Calientes,Cafe capsula y monodosis,,Café en cápsula largo Tassimo,2020-09-20 16:00:00
1026875,Bebidas Calientes,Te e infusiones,,Té matcha en polvo,2020-09-20 16:00:00
1027055,Carnicería,Conejo y cordero,,Chuletas de cordero mixtas,2020-09-20 16:00:00
1027063,Charcutería y Quesos,Embutido,,Longaniza magro fresca,2020-09-20 16:00:00
1027112,Carnicería,Vacuno,,Carpaccio de vacuno,2020-09-20 16:00:00
1027128,Carnicería,Empanados y elaborados,Hacendado,Delicias de pollo ultracongeladas,2020-09-20 16:00:00
1027211,Desayuno y Dulces,Cereales,,"Barritas de cereales con avena, chocolate negro y naranja",2020-09-20 16:00:00
1027242,Desayuno y Dulces,Galletas,,Galletas integrales con cereales,2020-09-20 16:00:00
1027323,Carnicería,Aves y jamon cocido,Hacendado,Pechuga de pavo a las finas hierbas finas lonchas,2020-09-20 16:00:00
1027338,Carnicería,Aves y jamon cocido,Hacendado,Jamón cocido extra sándwich lonchas,2020-09-20 16:00:00
1027381,Charcutería y Quesos,Chopped y mortadela,,Mortadela con aceitunas lonchas,2020-09-20 16:00:00
1027444,Charcutería y Quesos,Embutido curado,,Morcón ibérico La Hacienda del ibérico,2020-09-20 16:00:00
1027460,Charcutería y Quesos,Jamon serrano,,Taco paleta curada Marpa,2020-09-20 16:00:00
1027493,Charcutería y Quesos,Pate y sobrasada,,Paté de jamón,2020-09-20 16:00:00
1027672,Carnicería,Carne,,Jamoncitos de pollo congelados,2020-09-20 16:00:00
1027720,Congelados,Helados,,Helado bombón de soja Bretona cobertura al chocolate,2020-09-20 16:00:00
1027840,Pescadería,Pescado,Hacendado,Merluza del cabo sin cabeza congelada,2020-09-20 16:00:00
1027864,Pescadería,Pescado,Pescanova,Nuggets de merluza ultracongelados,2020-09-20 16:00:00
1027866,Pescadería,Pescado,Hacendado,Langostino caballitos rebozados ultracongelados,2020-09-20 16:00:00
1027884,Platos Preparados,Pizzas,,Pizza vegana con rúcula y tomate seco congelada,2020-09-20 16:00:00
1028008,Pescadería,Atun y otras conservas de pescado,Hacendado,Filetes de caballa del sur en aceite de girasol,2020-09-20 16:00:00
1028233,Cuidado Personal,Acondicionador y mascarilla,,Mascarilla sin aclarado Argan Oil cabello seco y dañado,2020-09-20 16:00:00
1028451,Cuidado Personal,Fijacion cabello,,Protector térmico cabello fijación 1,2020-09-20 16:00:00
1028513,Cuidado Personal,Afeitado y cuidado para hombre,,Espuma de afeitar piel sensible con aloe,2020-09-20 16:00:00
1028566,Otros,Cuidado corporal,,Gel corporal aloe vera,2020-09-20 16:00:00
1028571,Otros,Cuidado corporal,,Aceite en crema flores blancas para el cuerpo,2020-09-20 16:00:00
1028830,Cuidado Personal,Gel y jabon de manos,,Gel de baño natural piel normal,2020-09-20 16:00:00
1029183,Cuidado Personal,Perfume y colonia,,Eau de toilette hombre 9.60 Sport water,2020-09-20 16:00:00
1029193,Cuidado Personal,Perfume y colonia,,Eau de toilette hombre Springfield,2020-09-20 16:00:00
1029320,Salud,Fitoterapia,,Batido sabor chocolate y galletas sustitutivo,2020-09-20 16:00:00
1029338,Salud,Fitoterapia,,Lecitina de soja en gránulos,2020-09-20 16:00:00
1029382,Salud,Parafarmacia,,Venda elástica cohesiva fijación fuerte,2020-09-20 16:00:00
1029600,Lácteos y Huevos,Leche y bebidas vegetales,,Leche semidesnatada sin lactosa,2020-09-20 16:00:00
1029731,Lácteos y Huevos,Leche y bebidas vegetales,,Leche condensada entera Nutricia,2020-09-20 16:00:00
1029928,Limpieza y Hogar,Insecticida y ambientador,,Ambientador eléctrico jardín zen,2020-09-20 16:00:00
1029990,Limpieza y Hogar,Lejia y liquidos fuertes,,Lejía Neutrex futura,2020-09-20 16:00:00
1030236,Limpieza y Hogar,Pilas y bolsas de basura,,Pila super alcalina AA-LR6 Premio,2020-09-20 16:00:00
1030263,Limpieza y Hogar,Utensilios de limpieza y calzado,,Fregona resistente y absorbente,2020-09-20 16:00:00
1030521,Maquillaje,Ojos,,Perfilador de ojos 02 hazel,2020-09-20 16:00:00
1030690,Pescadería,Pescado congelado,,Croquetas de merluza y gambas Preli ultracongeladas,2020-09-20 16:00:00
1030733,Pescadería,Pescado en bandeja,,Filete de atún,2020-09-20 16:00:00
1030748,Pescadería,Pescado fresco,,Dorada limpia con cabeza,2020-09-20 16:00:00
1030753,Pescadería,Pescado fresco,,Lubina limpia con cabeza,2020-09-20 16:00:00
1030756,Pescadería,Pescado fresco,,Lubina abierta en libro sin cabeza y sin espina,2020-09-20 16:00:00
1030766,Pescadería,Pescado fresco,,Salmón media pieza a rodajas,2020-09-20 16:00:00
1030815,Pescadería,Sushi,,Jengibre,2020-09-20 16:00:00
1030875,Mascotas,Gato,,Snack gato barritas de pato y pavo,2020-09-20 16:00:00
1030879,Mascotas,Perro,,"Paté perro adulto Delikuit con cordero, pollo y verduras",2020-09-20 16:00:00
1030930,Mascotas,Perro,,Snack perro tiras sabor bacon,2020-09-20 16:00:00
1030949,Mascotas,Pez y otros,,Alimento completo conejos enanos Granzoo,2020-09-20 16:00:00
1031098,Panadería y Pastelería,Harina y preparado reposteria,,Chocolate con leche fundir,2020-09-20 16:00:00
1031138,Panadería y Pastelería,Pan de horno,,Panecillo harina integral 50% de trigo sin sal añadida,2020-09-20 16:00:00
1031170,Panadería y Pastelería,Pan de molde y otras especialidades,,Pan de molde 100% integral sin corteza,2020-09-20 16:00:00
1031227,Panadería y Pastelería,Pan tostado y rallado,,Crackers integrales de espelta Bachman,2020-09-20 16:00:00
1031233,Panadería y Pastelería,Pan tostado y rallado,,Mini tartaletas Confiletas,2020-09-20 16:00:00
1031387,Platos Preparados,Platos preparados calientes,,Muslo de pato en confit,2020-09-20 16:00:00
1031420,Platos Preparados,Platos preparados calientes,,Garbanzos a la riojana,2020-09-20 16:00:00
1031546,Lácteos y Huevos,Yogures desnatados,,Yogur sabor fresa 0% materia grasa 0% sin azúcares añadidos,2020-09-20 16:00:00
1031658,Frescos,Fruta variada,Hacendado,Fruta + leche Caribe,2020-09-20 16:00:00
1031808,Despensa,Especias,,Sazonador al horno y microondas pollo al ajo y limón,2020-09-21 04:00:00
1031898,Despensa,Otras salsas,,Salsa de trufas,2020-09-21 04:00:00
1031905,Bebidas,Agua,,Agua mineral Bronchales grande,2020-09-21 04:00:00
1032130,Bebidas,Refresco de te y sin gas,,Refresco de naranja zero sin gas,2020-09-21 04:00:00
1032143,Despensa,Aceitunas y encurtidos,,Aceitunas rellenas de anchoa,2020-09-21 04:00:00
1032154,Despensa,Aceitunas y encurtidos,,Aceitunas rellenas con pepinillo,2020-09-21 04:00:00
1032156,Despensa,Aceitunas y encurtidos,,Aceitunas Roldán partida con hueso,2020-09-21 04:00:00
1032201,Frescos,Frutos secos y fruta desecada,Hacendado,Almendra tostada con sal,2020-09-21 04:00:00
1032317,Aperitivos,Patatas fritas y snacks,,Snack de multicereales Sunbites,2020-09-21 04:00:00
1032369,Despensa,Pasta y fideos,,Pasta piñones,2020-09-21 04:00:00
1032391,Despensa,Pasta y fideos,,Pasta tiburón,2020-09-21 04:00:00
1032553,Desayuno y Dulces,Chocolate,,Cacahuetes Chocoiris bañados de chocolate con leche coloreados,2020-09-21 04:00:00
1032557,Desayuno y Dulces,Chocolate,,Huevos de chocolate dibujo,2020-09-21 04:00:00
1032568,Desayuno y Dulces,Chocolate,,Barritas chocolate con leche con galleta rellena de caramelo y cereales,2020-09-21 04:00:00
1032666,Bebé,Alimentacion infantil,,Papilla cuatro frutas con avena +8 meses,2020-09-21 04:00:00
1032760,Bebé,Biberon chupete y menaje,,Bol bebé con tapa Mickey,2020-09-21 04:00:00
1033012,Bodega,Licores,,Anís seco Regio,2020-09-21 04:00:00
1033144,Bodega,Vino tinto,,Vino tinto D.O Rioja Faustino VII cosecha,2020-09-21 04:00:00
1033165,Bodega,Vino tinto,,Vino tinto D.O La Mancha Estola reserva,2020-09-21 04:00:00
1033237,Bebidas Calientes,Cafe capsula y monodosis,,Café con leche en cápsula descafeinado Cocatech,2020-09-21 04:00:00
1033287,Bebidas Calientes,Cafe soluble y otras bebidas,,Café soluble descafeinado classic,2020-09-21 04:00:00
1033338,Bebidas Calientes,Te e infusiones,,Multinfusión delgaxan Pompadour,2020-09-21 04:00:00
1033591,Carnicería,Empanados y elaborados,,Contramuslos de pollo marinados con piel,2020-09-21 04:00:00
1033601,Desayuno y Dulces,Cereales,,Cereales rellenos de leche,2020-09-21 04:00:00
1033766,Carnicería,Aves y jamon cocido,Hacendado,Jamón de pavo,2020-09-21 04:00:00
1033851,Charcutería y Quesos,Embutido curado,,Salchichón de bellota ibérico La Hacienda del ibérico,2020-09-21 04:00:00
1033890,Charcutería y Quesos,Jamon serrano,,Jamón cebo ibérico cortado a máquina,2020-09-21 04:00:00
1033922,Charcutería y Quesos,Pate y sobrasada,,Paté de cerdo campaña,2020-09-21 04:00:00
1033986,Charcutería y Quesos,Queso curado semicurado y tierno,,Queso tierno cortado en cuñitas,2020-09-21 04:00:00
1034004,Charcutería y Quesos,Queso lonchas rallado y en porciones,,Queso mozzarella lonchas,2020-09-21 04:00:00
1034152,Congelados,Helados,,Medios cocos helados,2020-09-21 04:00:00
1034204,Congelados,Helados,,Obleas para helados,2020-09-21 04:00:00
1034210,Pescadería,Marisco,Hacendado,Preparado de paella y sopa ultracongelado,2020-09-21 04:00:00
1034217,Pescadería,Marisco,Pescanova,Langostino cocido y pelado ultracongelado,2020-09-21 04:00:00
1034242,Pescadería,Marisco,Hacendado,Almeja del pacífico entera ultracongelada,2020-09-21 04:00:00
1034312,Platos Preparados,Pizzas,,Pizza salmón y gambas ultracongelada,2020-09-21 04:00:00
1034353,Panadería y Pastelería,Tartas y churros,,Tarta infantil Peppa Pig congelada,2020-09-21 04:00:00
1034380,Frescos,Verdura,Hacendado,Parrillada de verduras ultracongeladas,2020-09-21 04:00:00
1034492,Despensa,Berberechos y mejillones,,Mejillones al natural pequeños,2020-09-21 04:00:00
1034519,Frescos,Conservas de verdura y frutas,Hacendado,Escalivada,2020-09-21 04:00:00
1034541,Frescos,Conservas de verdura y frutas,Hacendado,Mazorquitas de maíz agridulce,2020-09-21 04:00:00
1034572,Despensa,Gazpacho y cremas,,Salmorejo al estilo cordobés,2020-09-21 04:00:00
1034591,Despensa,Gazpacho y cremas,,Crema de calabacín Knorr con queso de cabra,2020-09-21 04:00:00
1034618,Despensa,Sopa y caldo,,Caldo de carne en pastillas,2020-09-21 04:00:00
1034694,Cuidado Personal,Champu,,Champú Detox cabello graso,2020-09-21 04:00:00
1035074,Cuidado Personal,Cuidado e higiene facial,,Gel facial limpiador al agua todo tipo de pieles,2020-09-21 04:00:00
1035236,Cuidado Personal,Desodorante,,Desodorante cuidado aloe,2020-09-21 04:00:00
1035246,Cuidado Personal,Gel y jabon de manos,,Gel de baño frescor azul piel normal,2020-09-21 04:00:00
1035251,Cuidado Personal,Gel y jabon de manos,,Gel de baño avena piel sensible,2020-09-21 04:00:00
1035318,Cuidado Personal,Higiene bucal,,Dentífrico protección diaria,2020-09-21 04:00:00
1035411,Cuidado Personal,Higiene intima,,Protegeslip maxi Suave,2020-09-21 04:00:00
1035462,Cuidado Personal,Manicura y pedicura,,Tratamiento para uñas gotas secantes,2020-09-21 04:00:00
1035596,Cuidado Personal,Perfume y colonia,,Mini eau de parfum mujer de Mayo Hi! Pretty,2020-09-21 04:00:00
1035659,Cuidado Personal,Perfume y colonia,,Eau de toilette hombre Misty Wood Bosque místico,2020-09-21 04:00:00
1035784,Salud,Fitoterapia,,Sticks saciante,2020-09-21 04:00:00
1036137,Lácteos y Huevos,Leche y bebidas vegetales,,Batido de chocolate,2020-09-21 04:00:00
1036189,Lácteos y Huevos,Mantequilla y margarina,,Margarina,2020-09-21 04:00:00
1036374,Limpieza y Hogar,Insecticida y ambientador,Brise,Ambientador by relax zen,2020-09-21 04:00:00
1036383,Limpieza y Hogar,Insecticida y ambientador,Brise,Ambientador automático by relax zen,2020-09-21 04:00:00
1036546,Limpieza y Hogar,Limpieza muebles y multiusos,,Algodón mágico Aladdin,2020-09-21 04:00:00
1036615,Despensa,Menaje y conservacion de alimentos,,Cañas rectas,2020-09-21 04:00:00
1037003,Maquillaje,Ojos,,Sombra de ojos perlada 16,2020-09-21 04:00:00
1037065,Pescadería,Marisco,Hacendado,Mejillón de Chile entero cocido ultracongelado,2020-09-21 04:00:00
1037311,Mascotas,Gato,,Agua de colonia para perros y gatos Krislin,2020-09-21 04:00:00
1037313,Mascotas,Gato,,Snacks gato rellenos con salmón,2020-09-21 04:00:00
1037319,Mascotas,Perro,,Paté perro júnior Delikuit con ternera y leche,2020-09-21 04:00:00
1037376,Mascotas,Perro,,Snack perro barritas con ternera y cordero,2020-09-21 04:00:00
1037498,Panadería y Pastelería,Bolleria envasada,,Rosquillas al cacao,2020-09-21 04:00:00
1037558,Panadería y Pastelería,Pan de horno,,3 Barras de pan aceite de oliva,2020-09-21 04:00:00
1037564,Panadería y Pastelería,Pan de horno,,Baguette masa madre,2020-09-21 04:00:00
1037695,Panadería y Pastelería,Picos rosquilletas y picatostes,,Palitos con frutos secos,2020-09-21 04:00:00
1037720,Panadería y Pastelería,Tartas y pasteles,,Tarta San Marcos congelada,2020-09-21 04:00:00
1037728,Panadería y Pastelería,Tartas y pasteles,,Trenza hojaldre de mantequilla congelada,2020-09-21 04:00:00
1037731,Panadería y Pastelería,Tartas y pasteles,,Tarta infantil Minions congelada,2020-09-21 04:00:00
1037905,Otros,Platos preparados frios,,Sándwich jamón york y queso pan sin corteza,2020-09-21 04:00:00
1038108,Frescos,Fruta variada,Hacendado,Bebida Bahamas,2020-09-21 04:00:00
1038190,Despensa,Aceite vinagre y sal,,Crema de vinagre balsámico de manzana,2020-09-21 16:00:00
1038285,Despensa,Mayonesa ketchup y mostaza,,Mostaza de Dijon,2020-09-21 16:00:00
1038311,Despensa,Otras salsas,,Salsa fresca trufa,2020-09-21 16:00:00
1038348,Bebidas,Agua,,Agua mineral Bronchales mediana,2020-09-21 16:00:00
1038352,Bebidas,Agua,,Agua mineral Bronchales pequeña tapón infantil,2020-09-21 16:00:00
1038425,Bebidas,Isotonico y energetico,,Bebida energética sabor guaraná Energy Drink,2020-09-21 16:00:00
1038439,Bebidas,Refresco de cola,,Refresco cola,2020-09-21 16:00:00
1038510,Bebidas,Refresco de naranja y de limon,,Refresco de naranja fresh gas,2020-09-21 16:00:00
1038604,Despensa,Aceitunas y encurtidos,,Aceitunas Bernal partida con hueso,2020-09-21 16:00:00
1038667,Frescos,Frutos secos y fruta desecada,Hacendado,Pipas calabaza aguasal,2020-09-21 16:00:00
1038797,Despensa,Legumbres,,Lenteja cocida pardina,2020-09-21 16:00:00
1038941,Desayuno y Dulces,Chocolate,,Mini barritas chocolate negro con crujiente de semillas y galleta,2020-09-21 16:00:00
1038979,Desayuno y Dulces,Chocolate,,Chocolate blanco,2020-09-21 16:00:00
1039262,Panadería y Pastelería,Toallitas y panales,,Pañal bebé braguita talla L de 12-18 kg,2020-09-21 16:00:00
1039322,Bodega,Cerveza,,Cerveza El Águila sin filtrar,2020-09-21 16:00:00
1039394,Bodega,Licores,,Brandy de Jerez solera reserva Magno,2020-09-21 16:00:00
1039451,Bodega,Licores,,Licor de hierbas Puente Pazos,2020-09-21 16:00:00
1039499,Bodega,Tinto de verano y sangria,,Tinto de verano limón Sandevid,2020-09-21 16:00:00
1039510,Bodega,Tinto de verano y sangria,,Tinto de verano zero limón Casón Histórico,2020-09-21 16:00:00
1039528,Bodega,Vino blanco,,Vino blanco D.O Rioja Arteso,2020-09-21 16:00:00
1039610,Bodega,Vino tinto,,Vino tinto D.O Ribera del Duero Abadía Mantrús crianza,2020-09-21 16:00:00
1039658,Bebidas Calientes,Cafe capsula y monodosis,,Café en cápsula doble espresso,2020-09-21 16:00:00
1039830,Carnicería,Aves y pollo,,Medio pollo troceado,2020-09-21 16:00:00
1039997,Carnicería,Vacuno,,Entrecot de ternera blanca,2020-09-21 16:00:00
1040015,Carnicería,Empanados y elaborados,,Lomo de cerdo adobado,2020-09-21 16:00:00
1040043,Desayuno y Dulces,Cereales,,Mini cereales rellenos de leche,2020-09-21 16:00:00
1040224,Carnicería,Aves y jamon cocido,Hacendado,Jamón cocido bajo en sal finas lonchas,2020-09-21 16:00:00
1040315,Charcutería y Quesos,Embutido curado,,Lomo de bellota ibérico cortado a máquina,2020-09-21 16:00:00
1040726,Pescadería,Pescado,,Pulpo cocido troceado Profand congelado,2020-09-21 16:00:00
1040785,Panadería y Pastelería,Tartas y churros,,Tarta de galleta 2 congelada,2020-09-21 16:00:00
1040854,Frescos,Verdura,Hacendado,Mini rollitos con setas ultracongelados,2020-09-21 16:00:00
1040890,Pescadería,Atun y otras conservas de pescado,Hacendado,Filetes de caballa del sur en escabeche,2020-09-21 16:00:00
1041023,Despensa,Gazpacho y cremas,,Crema de calabaza y zanahoria,2020-09-21 16:00:00
1041199,Cuidado Personal,Coloracion cabello,,Coloración permanente sin amoníaco Azalea 3 castaño oscuro,2020-09-21 16:00:00
1041493,Otros,Cuidado corporal,,Crema exfoliante para pies anti-durezas,2020-09-21 16:00:00
1041497,Otros,Cuidado corporal,,Toallitas desmaquillantes cara y ojos piel normal-mixta,2020-09-21 16:00:00
1041528,Cuidado Personal,Cuidado e higiene facial,,Agua facial de avena dermik pieles sensibles,2020-09-21 16:00:00
1041593,Cuidado Personal,Depilacion,,Bandas de cera especial piernas piel sensible,2020-09-21 16:00:00
1041617,Cuidado Personal,Depilacion,,Spray depilatorio Veet piel sensible,2020-09-21 16:00:00
1041730,Cuidado Personal,Gel y jabon de manos,,Jabón de manos higienizante dermatológico líquido,2020-09-21 16:00:00
1041734,Cuidado Personal,Gel y jabon de manos,Flor,Esponja de baño twin exfoliación suave,2020-09-21 16:00:00
1041868,Cuidado Personal,Higiene intima,,Protegeslip maxi Dry,2020-09-21 16:00:00
1041929,Cuidado Personal,Manicura y pedicura,,Laca de uñas alto brillo 50 lavanda floral,2020-09-21 16:00:00
1042025,Cuidado Personal,Perfume y colonia,,Fragancia coco Monogotas,2020-09-21 16:00:00
1042068,Cuidado Personal,Perfume y colonia,,Lote mujer 9.60 Pure,2020-09-21 16:00:00
1042099,Cuidado Personal,Perfume y colonia,,Eau de toilette hombre Limite Action Water,2020-09-21 16:00:00
1042237,Salud,Fitoterapia,,Cápsulas hipérico,2020-09-21 16:00:00
1042248,Salud,Parafarmacia,,Pulsera de citronela talla L,2020-09-21 16:00:00
1042268,Salud,Parafarmacia,,Venda elástica cohesiva fijación fuerte,2020-09-21 16:00:00
1042306,Frescos,Fruta,,Naranjas,2020-09-21 16:00:00
1042359,Frescos,Lechuga y ensalada preparada,,Wraps Texas,2020-09-21 16:00:00
1042381,Frescos,Verdura,,Picada de ajo y Perejil,2020-09-21 16:00:00
1042409,Frescos,Verdura,,Coliflor,2020-09-21 16:00:00
1042796,Limpieza y Hogar,Insecticida y ambientador,,Ambientador spray de tejidos elixir floral,2020-09-21 16:00:00
1042922,Limpieza y Hogar,Limpiahogar y friegasuelos,,70% Alcohol limpieza hogar,2020-09-21 16:00:00
1043082,Limpieza y Hogar,Papel higienico y celulosa,,Servilleta papel cocktail,2020-09-21 16:00:00
1043130,Limpieza y Hogar,Pilas y bolsas de basura,,Bolsa de basura compostables 10L cubo pequeño,2020-09-21 16:00:00
1043229,Maquillaje,Bases de maquillaje y corrector,,Maquillaje fluido perfección satin 01,2020-09-21 16:00:00
1043232,Maquillaje,Bases de maquillaje y corrector,,Maquillaje fluido perfección satin 04,2020-09-21 16:00:00
1043533,Pescadería,Pescado congelado,Hacendado,Lomo de bacalao sin espinas congelado,2020-09-21 16:00:00
1043556,Pescadería,Pescado congelado,Hacendado,Langostino caballitos rebozados ultracongelados,2020-09-21 16:00:00
1043725,Mascotas,Gato,,Comida gato esterilizado light con aves y cereales,2020-09-21 16:00:00
1043835,Panadería y Pastelería,Bolleria de horno,,Croissant de mantequilla 26%,2020-09-21 16:00:00
1043928,Panadería y Pastelería,Bolleria envasada,,Palmera de cacao sin azúcar añadido,2020-09-21 16:00:00
1043950,Panadería y Pastelería,Harina y preparado reposteria,,Levadura fresca Levital,2020-09-21 16:00:00
1044061,Panadería y Pastelería,Pan de molde y otras especialidades,,Pan de sándwich cereales,2020-09-21 16:00:00
1044140,Panadería y Pastelería,Picos rosquilletas y picatostes,,Picatostes fritos con ajo,2020-09-21 16:00:00
1044150,Panadería y Pastelería,Tartas y pasteles,,Tarta de tiramisú congelada,2020-09-21 16:00:00
1044456,Lácteos y Huevos,Yogures liquidos,,Bebida láctea + proteínas sabor chocolate,2020-09-21 16:00:00
1044709,Despensa,Mayonesa ketchup y mostaza,,Mayonesa Musa,2020-09-22 04:00:00
1044981,Bebidas,Refresco de te y sin gas,,Refresco té sabor mango cero,2020-09-22 04:00:00
1045086,Frescos,Frutos secos y fruta desecada,Hacendado,Nuez macadamia,2020-09-22 04:00:00
1045464,Desayuno y Dulces,Golosinas,,Surtido de golosinas Xuxes top ten,2020-09-22 04:00:00
1045565,Bebé,Alimentacion infantil,,Preparado lácteo con cereales crecimiento Peques 3,2020-09-22 04:00:00
1045724,Bodega,Cerveza,,Cerveza sin gluten Steinburg,2020-09-22 04:00:00
1045730,Bodega,Cerveza,,Cerveza Amstel,2020-09-22 04:00:00
1045807,Bodega,Cerveza sin alcohol,,Cerveza sin alcohol Steinburg,2020-09-22 04:00:00
1045887,Bodega,Licores,,Licor de anís dulce La Castellana,2020-09-22 04:00:00
1045889,Bodega,Licores,,Licor de hierbas Puente Pazos,2020-09-22 04:00:00
1045964,Bodega,Vino blanco,,Vino blanco D.O Rioja Arteso,2020-09-22 04:00:00
1046047,Bodega,Vino tinto,,Vino tinto D.O Valdepeñas Conde de Egara reserva tempranillo,2020-09-22 04:00:00
1046104,Bebidas Calientes,Cafe capsula y monodosis,,Café con leche en cápsula Dolce Gusto,2020-09-22 04:00:00
1046177,Bebidas Calientes,Cafe soluble y otras bebidas,,Horchata fresca,2020-09-22 04:00:00
1046575,Desayuno y Dulces,Galletas,,Galletas Príncipe con crema de chocolate,2020-09-22 04:00:00
1046586,Desayuno y Dulces,Galletas,,Galletas rellenas de chocolate 0% azúcares añadidos,2020-09-22 04:00:00
1046635,Carnicería,Aves y jamon cocido,Hacendado,Dados de pavo,2020-09-22 04:00:00
1046849,Charcutería y Quesos,Queso curado semicurado y tierno,,Queso Gouda viejo,2020-09-22 04:00:00
1046902,Charcutería y Quesos,Queso lonchas rallado y en porciones,,Queso en polvo especial pasta,2020-09-22 04:00:00
1047006,Carnicería,Carne,,Chuletas de cordero palo o riñonada congeladas,2020-09-22 04:00:00
1047054,Congelados,Helados,,Helado sabor chocolate,2020-09-22 04:00:00
1047412,Frescos,Conservas de verdura y frutas,Ybarra,Patata entera,2020-09-22 04:00:00
1047509,Despensa,Sopa y caldo,,Caldo de pescado en pastillas,2020-09-22 04:00:00
1047526,Despensa,Tomate,,Tomate frito con aceite de oliva,2020-09-22 04:00:00
1047586,Cuidado Personal,Champu,,Champú Color Intense cabello teñido o con mechas,2020-09-22 04:00:00
1047644,Cuidado Personal,Coloracion cabello,,Coloración permanente 5.35 castaño canela,2020-09-22 04:00:00
1047703,Cuidado Personal,Coloracion cabello,,Coloración permanente 10 rubio extraclaro,2020-09-22 04:00:00
1047718,Cuidado Personal,Coloracion cabello,,Coloración permanente L'Oréal 7 rubio,2020-09-22 04:00:00
1047741,Cuidado Personal,Coloracion cabello,,Coloración permanente 0% amoníaco 7.44 rubio cobrizo,2020-09-22 04:00:00
1048055,Cuidado Personal,Depilacion,,Bandas de cera especial cuerpo y piernas Veet piel sensible,2020-09-22 04:00:00
1048177,Cuidado Personal,Gel y jabon de manos,,Gel de manos hidroalcohólico 70% alcohol sin aclarado,2020-09-22 04:00:00
1048205,Cuidado Personal,Higiene bucal,,Dentífrico bicarbonato blanqueador con flúor,2020-09-22 04:00:00
1048239,Cuidado Personal,Higiene bucal,,Recambios cepillo dental eléctrico Sp.Berner,2020-09-22 04:00:00
1048318,Cuidado Personal,Higiene intima,,Protegeslip maxi Dry,2020-09-22 04:00:00
1048412,Cuidado Personal,Manicura y pedicura,,Pastillas efervescentes manicura,2020-09-22 04:00:00
1048466,Cuidado Personal,Perfume y colonia,,Eau de toilette mujer aguas de Victorio & Lucchino Nº 6 Magnolia sensual,2020-09-22 04:00:00
1048532,Cuidado Personal,Perfume y colonia,,Eau de toilette hombre Victorio & Lucchino Nº 3 Seducción magnética,2020-09-22 04:00:00
1048698,Salud,Parafarmacia,,Solución única Contact Care,2020-09-22 04:00:00
1048761,Frescos,Fruta,Hacendado,Guacamole,2020-09-22 04:00:00
1048919,Lácteos y Huevos,Leche y bebidas vegetales,,Leche semidesnatada,2020-09-22 04:00:00
1048967,Lácteos y Huevos,Leche y bebidas vegetales,,Leche entera,2020-09-22 04:00:00
1049109,Limpieza y Hogar,Detergente y suavizante ropa,,Detergente ropa sport higiene en gel,2020-09-22 04:00:00
1049141,Limpieza y Hogar,Detergente y suavizante ropa,,Activador del lavado ropa blanca en gel,2020-09-22 04:00:00
1049287,Limpieza y Hogar,Insecticida y ambientador,,Vela perfumada canela,2020-09-22 04:00:00
1049432,Limpieza y Hogar,Limpieza muebles y multiusos,,Desincrustante de cementos y limpiajuntas,2020-09-22 04:00:00
1049524,Despensa,Menaje y conservacion de alimentos,,Encendedor cocina largo Clipper,2020-09-22 04:00:00
1049548,Limpieza y Hogar,Papel higienico y celulosa,,Pañuelos de papel con loción,2020-09-22 04:00:00
1049554,Limpieza y Hogar,Papel higienico y celulosa,,Toallitas dermo higiene corporal tamaño gigantes,2020-09-22 04:00:00
1049615,Limpieza y Hogar,Utensilios de limpieza y calzado,,Pinzas de plástico gigantes,2020-09-22 04:00:00
1049698,Maquillaje,Bases de maquillaje y corrector,,Maquillaje fluido natural radiante 01,2020-09-22 04:00:00
1049795,Maquillaje,Labios,,Pintalabios larga duración No transfer 02 rojo,2020-09-22 04:00:00
1049823,Maquillaje,Labios,,Pintalabios Bom Bom creamy 01,2020-09-22 04:00:00
1049883,Maquillaje,Ojos,,Sombra de ojos mate 07,2020-09-22 04:00:00
1049885,Maquillaje,Ojos,,Sombra de ojos perlada 09,2020-09-22 04:00:00
1050092,Pescadería,Pescado fresco,,Salmón abierto en libro sin cabeza y sin espina,2020-09-22 04:00:00
1050267,Mascotas,Perro,,Snack perro barritas con pollo e hígado,2020-09-22 04:00:00
1050288,Panadería y Pastelería,Bolleria de horno,,Berlina al cacao,2020-09-22 04:00:00
1050293,Panadería y Pastelería,Bolleria de horno,,Rosquillas al cacao,2020-09-22 04:00:00
1050376,Panadería y Pastelería,Bolleria envasada,,Bizcocho con baño de cacao,2020-09-22 04:00:00
1050451,Panadería y Pastelería,Pan de horno,,Barra de pan sin sal añadida,2020-09-22 04:00:00
1050516,Panadería y Pastelería,Pan de molde y otras especialidades,,"Hogaza de espelta 38% y centeno 25% con semillas de quinoa 1,9% & chía 1,3%",2020-09-22 04:00:00
1050614,Panadería y Pastelería,Tartas y pasteles,,Tarta infantil Minions congelada,2020-09-22 04:00:00
1050803,Lácteos y Huevos,Bifidus,,Bífidus desnatado cremoso natural edulcorado,2020-09-22 04:00:00
1051019,Otros,Melocoton y pina,,Zumo de piña selección,2020-09-22 04:00:00
1051286,Bebidas,Isotonico y energetico,,Bebida isotónica naranja,2020-09-22 12:04:00
1051310,Bebidas,Isotonico y energetico,,Bebida energética sabor guaraná Energy Drink,2020-09-22 12:04:00
1051368,Bebidas,Refresco de naranja y de limon,,Refresco de limón fresh gas,2020-09-22 12:04:00
1051411,Bebidas,Tonica y bitter,,Tónica Nordic Mist,2020-09-22 12:04:00
1051599,Aperitivos,Patatas fritas y snacks,,Patata snack crema y cebolla,2020-09-22 12:04:00
1051725,Despensa,Pasta y fideos,,Spaghetti integral,2020-09-22 12:04:00
1051776,Desayuno y Dulces,Azucar y edulcorante,,Edulcorante en pastillas sacarina,2020-09-22 12:04:00
1052028,Bebé,Alimentacion infantil,,Leche para lactantes en polvo 1 Nativa,2020-09-22 12:04:00
1052116,Cuidado Personal,Higiene y cuidado,,Cepillo para bebé con fibras suaves,2020-09-22 12:04:00
1052149,Panadería y Pastelería,Toallitas y panales,,Pañal bebé braguita talla XL de 16-28 kg,2020-09-22 12:04:00
1052177,Bodega,Cerveza,,Cerveza negra Black 1897,2020-09-22 12:04:00
1052228,Bodega,Cerveza,,Cerveza Radler con zumo natural de limón Steinburg,2020-09-22 12:04:00
1052232,Bodega,Cerveza,,Cerveza Corona,2020-09-22 12:04:00
1052252,Bodega,Cerveza,,Bebida cider con gas Wild panther sabor a mango y maracuyá,2020-09-22 12:04:00
1052294,Bodega,Licores,,Whisky escocés Dewar's White Label,2020-09-22 12:04:00
1052483,Bodega,Vino tinto,,Vino tinto D.O Valencia L'Antigón,2020-09-22 12:04:00
1052493,Bodega,Vino tinto,,Vino tinto D.O La Mancha Estola reserva,2020-09-22 12:04:00
1052586,Bebidas Calientes,Cafe molido y en grano,,Café molido natural Espresso,2020-09-22 12:04:00
1052701,Carnicería,Aves y pollo,,Tacos de pavo al ajillo,2020-09-22 12:04:00
1052724,Carnicería,Aves y pollo,,Flautas de pollo y queso,2020-09-22 12:04:00
1052923,Carnicería,Empanados y elaborados,,Tacos de pavo al ajillo,2020-09-22 12:04:00
1053261,Charcutería y Quesos,Pate y sobrasada,,Paté de jamón,2020-09-22 12:04:00
1053292,Charcutería y Quesos,Queso curado semicurado y tierno,,Queso viejo sabor intenso Valle de San Juan,2020-09-22 12:04:00
1053352,Charcutería y Quesos,Queso lonchas rallado y en porciones,,Queso rallado sin lactosa,2020-09-22 12:04:00
1053425,Despensa,Arroz y pasta,,Gnocchi de pollo y verduras ultracongelados,2020-09-22 12:04:00
1053553,Pescadería,Marisco,Hacendado,Caracoles precocidos ultracongelados,2020-09-22 12:04:00
1053950,Despensa,Sopa y caldo,,Caldo de pollo Avecrem en pastillas,2020-09-22 12:04:00
1054222,Cuidado Personal,Fijacion cabello,,Spray cabello brillo todo tipo de cabello sin fijación,2020-09-22 12:04:00
1054289,Cuidado Personal,Afeitado y cuidado para hombre,,After shave loción aqua velva,2020-09-22 12:04:00
1054332,Otros,Cuidado corporal,,Crema corporal con aceite de argán,2020-09-22 12:04:00
1054412,Cuidado Personal,Cuidado e higiene facial,,Pinza de cejas recta,2020-09-22 12:04:00
1054481,Cuidado Personal,Depilacion,,Crema depilatoria hombre,2020-09-22 12:04:00
1054508,Cuidado Personal,Depilacion,,Maquinillas depilación Simply Venus,2020-09-22 12:04:00
1054522,Cuidado Personal,Desodorante,,Desodorante roll-on mujer perfume afrutado,2020-09-22 12:04:00
1054586,Cuidado Personal,Gel y jabon de manos,,Gel de baño hidratación profunda,2020-09-22 12:04:00
1054595,Cuidado Personal,Gel y jabon de manos,,Gel de ducha exfoliante textura suave,2020-09-22 12:04:00
1054648,Cuidado Personal,Higiene bucal,,Dentífrico gel dientes blancos 2 en 1,2020-09-22 12:04:00
1054672,Cuidado Personal,Higiene bucal,,Cepillo dental infantil Disney Junior Vampirina,2020-09-22 12:04:00
1054698,Cuidado Personal,Higiene bucal,,Cinta dental con cera y sabor menta,2020-09-22 12:04:00
1054822,Cuidado Personal,Manicura y pedicura,,Laca de uñas Glitter 943 fucsia,2020-09-22 12:04:00
1054919,Cuidado Personal,Perfume y colonia,,Eau de toilette mujer Simply flowers Peonía,2020-09-22 12:04:00
1054987,Cuidado Personal,Perfume y colonia,,Eau de toilette hombre Pacha Ibiza 24/7,2020-09-22 12:04:00
1055005,Cuidado Personal,Perfume y colonia,,Lote hombre Adolfo Dominguez Bambú,2020-09-22 12:04:00
1055049,Cuidado Personal,Protector solar y aftersun,,Protector solar infantil Sun Med FPS 50+,2020-09-22 12:04:00
1055084,Salud,Fitoterapia,,Cápsulas kaptogras,2020-09-22 12:04:00
1055117,Salud,Fitoterapia,,Ampollas piernas ligeras,2020-09-22 12:04:00
1055295,Frescos,Verdura,,"Pimientos tricolor rojo, amarillo y verde",2020-09-22 12:04:00
1055300,Frescos,Verdura,,Repollo rizado,2020-09-22 12:04:00
1055334,Frescos,Verdura,,Acelgas,2020-09-22 12:04:00
1055531,Lácteos y Huevos,Mantequilla y margarina,,Leche evaporada,2020-09-22 12:04:00
1055537,Limpieza y Hogar,Detergente y suavizante ropa,,Detergente ropa jabón natural de Marsella líquido,2020-09-22 12:04:00
1055742,Limpieza y Hogar,Insecticida y ambientador,,Absorbeolores Marsella,2020-09-22 12:04:00
1055768,Limpieza y Hogar,Lejia y liquidos fuertes,,Sosa caústica,2020-09-22 12:04:00
1056116,Maquillaje,Bases de maquillaje y corrector,,Maquillaje fluido larga duración 01,2020-09-22 12:04:00
1056205,Maquillaje,Labios,,Peeling para labios 06 Sandía,2020-09-22 12:04:00
1056213,Maquillaje,Labios,,Perfilador de labios larga duración 03 vino,2020-09-22 12:04:00
1056503,Pescadería,Pescado fresco,,Sepia,2020-09-22 12:04:00
1056670,Mascotas,Perro,,"Comida perro adulto con pollo, cordero, verduras y arroz",2020-09-22 12:04:00
1056678,Mascotas,Perro,,Comida perro adulto Supreme con salmón y arroz,2020-09-22 12:04:00
1056720,Mascotas,Pez y otros,,Comida peces de agua fría Dr. Wu Tetra,2020-09-22 12:04:00
1056948,Panadería y Pastelería,Pan de molde y otras especialidades,,Barra de pan tradicional,2020-09-22 12:04:00
1057193,Platos Preparados,Platos preparados calientes,,Callos con garbanzos La Nora,2020-09-22 12:04:00
1057703,Bebidas,Agua,,Agua mineral con gas Cortes grande,2020-09-22 14:00:00
1057886,Bebidas,Refresco de te y sin gas,,Refresco de naranja sin gas,2020-09-22 14:00:00
1057915,Despensa,Aceitunas y encurtidos,,Aceitunas rellenas de limón,2020-09-22 14:00:00
1058078,Aperitivos,Patatas fritas y snacks,,Super cuquis La Llanura,2020-09-22 14:00:00
1058203,Despensa,Pasta y fideos,,Pasta oriental sabor gamba camarao Maggi,2020-09-22 14:00:00
1058257,Desayuno y Dulces,Chicles y caramelos,,Caramelos regaliz mentol Respiral Halls,2020-09-22 14:00:00
1058447,Bebé,Alimentacion infantil,,Yogur líquido infantil natural Go-Lácteo +6 meses,2020-09-22 14:00:00
1058464,Bebé,Alimentacion infantil,,Preparado lácteo con cacao y cereales crecimiento +1 año,2020-09-22 14:00:00
1058486,Bebé,Alimentacion infantil,,Papilla instantánea 8 cereales con cacao +12 meses,2020-09-22 14:00:00
1058561,Panadería y Pastelería,Toallitas y panales,,Toallitas bebé frescas & perfumadas,2020-09-22 14:00:00
1058662,Bodega,Cerveza,,Cerveza Especial Steinburg,2020-09-22 14:00:00
1058705,Bodega,Cerveza sin alcohol,,"Cerveza 0,0% sin alcohol Falke",2020-09-22 14:00:00
1058804,Bodega,Sidra y cava,,Sidra El Mayu,2020-09-22 14:00:00
1059285,Charcutería y Quesos,Embutido,,Longaniza roja fresca,2020-09-22 14:00:00
1059344,Carnicería,Empanados y elaborados,,Albóndigas de carne Tenedor Plata ultracongeladas,2020-09-22 14:00:00
1059413,Desayuno y Dulces,Cereales,,Copos de trigo integral fruta & fibra,2020-09-22 14:00:00
1059430,Desayuno y Dulces,Cereales,,Barrita con proteínas Enervit Sport sabor coco y chocolate,2020-09-22 14:00:00
1059446,Desayuno y Dulces,Galletas,,Galletas pastas tradicionales,2020-09-22 14:00:00
1059481,Desayuno y Dulces,Galletas,,Barquillos rellenos sabor nata,2020-09-22 14:00:00
1059559,Carnicería,Aves y jamon cocido,,Lacón cortado a mano Noel,2020-09-22 14:00:00
1059638,Charcutería y Quesos,Embutido curado,,Chorizo sarta ibérico La Hacienda del ibérico,2020-09-22 14:00:00
1059773,Charcutería y Quesos,Queso lonchas rallado y en porciones,,Queso light lonchas,2020-09-22 14:00:00
1059875,Carnicería,Carne,,San Jacobos empanados de york y queso Tenedor Plata ultracongelados,2020-09-22 14:00:00
1059995,Pescadería,Marisco,Pescanova,Langostino cocido y pelado ultracongelado,2020-09-22 14:00:00
1060044,Pescadería,Pescado,Hacendado,Rodaja de tintorera con piel congelada,2020-09-22 14:00:00
1060104,Panadería y Pastelería,Tartas y churros,,Tarta red velvet congelada,2020-09-22 14:00:00
1060129,Panadería y Pastelería,Tartas y churros,,Tarta infantil Frozen congelada,2020-09-22 14:00:00
1060152,Frescos,Verdura,Hacendado,Haba fina ultracongelada,2020-09-22 14:00:00
1060309,Frescos,Conservas de verdura y frutas,Hacendado,Apio en tiras,2020-09-22 14:00:00
1060329,Frescos,Conservas de verdura y frutas,Hacendado,Macedonia de frutas en almíbar,2020-09-22 14:00:00
1060457,Cuidado Personal,Acondicionador y mascarilla,,Bálsamo exfoliante capilar Detox todo tipo de cabello,2020-09-22 14:00:00
1060491,Cuidado Personal,Champu,,Champú Anticaída Men,2020-09-22 14:00:00
1060608,Cuidado Personal,Coloracion cabello,,Coloración permanente L'Oréal 8.03 rubio claro natural dorado,2020-09-22 14:00:00
1060735,Cuidado Personal,Afeitado y cuidado para hombre,,After shave bálsamo hidratante Men con aloe vera,2020-09-22 14:00:00
1060898,Cuidado Personal,Cuidado e higiene facial,,Crema facial con miel y jalea real,2020-09-22 14:00:00
1061073,Cuidado Personal,Gel y jabon de manos,,Esponja de baño infantil Disney Frozen,2020-09-22 14:00:00
1061110,Cuidado Personal,Higiene bucal,,Cepillo dental medio,2020-09-22 14:00:00
1061144,Cuidado Personal,Higiene bucal,,Enjuague bucal sensitive zero alcohol,2020-09-22 14:00:00
1061221,Cuidado Personal,Higiene intima,,Pañal adulto braguita talla L Tena pants plus,2020-09-22 14:00:00
1061313,Cuidado Personal,Neceseres,,Neceser Sporty mediano,2020-09-22 14:00:00
1061370,Cuidado Personal,Perfume y colonia,,Eau de toilette mujer Adolfo Dominguez Agua fresca de rosas blancas,2020-09-22 14:00:00
1061559,Salud,Fitoterapia,,Sticks depurat,2020-09-22 14:00:00
1061583,Salud,Parafarmacia,,Protectores para los oídos de espuma Doctor San,2020-09-22 14:00:00
1061717,Frescos,Verdura,,Tomate canario,2020-09-22 14:00:00
1061726,Frescos,Verdura,,Tomate rallado Bonnysa,2020-09-22 14:00:00
1061804,Lácteos y Huevos,Leche y bebidas vegetales,,Leche semidesnatada,2020-09-22 14:00:00
1061814,Lácteos y Huevos,Leche y bebidas vegetales,,Leche semidesnatada,2020-09-22 14:00:00
1061846,Lácteos y Huevos,Leche y bebidas vegetales,,Bebida láctea desnatada omega 3 nueces,2020-09-22 14:00:00
1062052,Limpieza y Hogar,Detergente y suavizante ropa,,Tinte para ropa azul marino La Nave,2020-09-22 14:00:00
1062082,Limpieza y Hogar,Estropajo bayeta y guantes,,Guantes de látex talla mediana,2020-09-22 14:00:00
1062086,Limpieza y Hogar,Estropajo bayeta y guantes,,Guantes de nitrilo talla mediana,2020-09-22 14:00:00
1062207,Limpieza y Hogar,Lejia y liquidos fuertes,,Desatascador turbo en gel,2020-09-22 14:00:00
1062393,Despensa,Menaje y conservacion de alimentos,,Bandeja de cartón redonda P&H,2020-09-22 14:00:00
1062396,Despensa,Menaje y conservacion de alimentos,,Velote rojo Roura,2020-09-22 14:00:00
1062406,Despensa,Menaje y conservacion de alimentos,,Vela blanca hogar Roura,2020-09-22 14:00:00
1062410,Despensa,Menaje y conservacion de alimentos,,Papel de regalo infantil,2020-09-22 14:00:00
1062627,Maquillaje,Colorete y polvos,,Colorete labios y mejillas Bom Bom creamy,2020-09-22 14:00:00
1062661,Maquillaje,Labios,,Pintalabios color fix 04,2020-09-22 14:00:00
1062713,Maquillaje,Labios,,Pintalabios mate 11,2020-09-22 14:00:00
1062722,Maquillaje,Ojos,,Perfilador de ojos 02 marrón,2020-09-22 14:00:00
1062852,Pescadería,Pescado congelado,Hacendado,Filetes de merluza Argentina sin piel ultracongelados,2020-09-22 14:00:00
1062931,Pescadería,Pescado en bandeja,,Salmón al curry con arroz,2020-09-22 14:00:00
1063016,Pescadería,Sushi,,Nigiris salmón,2020-09-22 14:00:00
1063200,Panadería y Pastelería,Bolleria de horno,,Palmera de cacao,2020-09-22 14:00:00
1063284,Panadería y Pastelería,Harina y preparado reposteria,,Harina de arroz,2020-09-22 14:00:00
1063292,Panadería y Pastelería,Harina y preparado reposteria,,Levadura en polvo,2020-09-22 14:00:00
1063296,Panadería y Pastelería,Harina y preparado reposteria,,Preparado en polvo flan Royal,2020-09-22 14:00:00
1063417,Panadería y Pastelería,Pan tostado y rallado,,Pan tostado 60% integral,2020-09-22 14:00:00
1063496,Panadería y Pastelería,Tartas y pasteles,,Tarta infantil El Rey León congelada,2020-09-22 14:00:00
1063499,Panadería y Pastelería,Tartas y pasteles,,Tarta infantil Minions congelada,2020-09-22 14:00:00
1063608,Platos Preparados,Platos preparados calientes,,Fideos orientales Yatekomo de pollo,2020-09-22 14:00:00
1063623,Platos Preparados,Platos preparados calientes,,Lentejas a la riojana,2020-09-22 14:00:00
1063848,Lácteos y Huevos,Yogures y postres infantiles,,Danonino maxi sabor fresa,2020-09-22 14:00:00
1064106,Despensa,Otras salsas,,Salsa gajos rústica,2020-09-23 02:00:00
1064255,Bebidas,Refresco de naranja y de limon,,Refresco de limón zero azúcar fresh gas,2020-09-23 02:00:00
1064290,Bebidas,Tonica y bitter,,Tónica,2020-09-23 02:00:00
1064677,Desayuno y Dulces,Chicles y caramelos,,Chicle sandía lámina,2020-09-23 02:00:00
1064705,Desayuno y Dulces,Chocolate,,Chocolate negro Valor puro almendras enteras,2020-09-23 02:00:00
1064786,Desayuno y Dulces,Chocolate,,Crema al cacao con avellanas,2020-09-23 02:00:00
1064807,Desayuno y Dulces,Golosinas,,Golosinas boca fruit,2020-09-23 02:00:00
1064893,Bebé,Alimentacion infantil,,Preparado lácteo crecimiento sabor a cereales Junior,2020-09-23 02:00:00
1064940,Bebé,Biberon chupete y menaje,,Tetina silicona papillas espesas +4 meses,2020-09-23 02:00:00
1064957,Bebé,Biberon chupete y menaje,,Portachupetes,2020-09-23 02:00:00
1064987,Cuidado Personal,Higiene y cuidado,,Gasas para bebé no tejidas,2020-09-23 02:00:00
1065009,Panadería y Pastelería,Toallitas y panales,,Pañales bebé talla 1 de 2-4 kg,2020-09-23 02:00:00
1065045,Bodega,Cerveza,,Cerveza Especial Steinburg,2020-09-23 02:00:00
1065129,Bodega,Cerveza,,Bebida cider con gas Wild panther sabor a mango y maracuyá,2020-09-23 02:00:00
1065380,Bodega,Vino tinto,,Vino tinto D.O Ribera del Duero Condado de Teón crianza,2020-09-23 02:00:00
1065394,Bodega,Vino tinto,,Vino tinto Porto Tawny Almeida Dias,2020-09-23 02:00:00
1065472,Bebidas Calientes,Cafe molido y en grano,,Café molido descafeinado mezcla,2020-09-23 02:00:00
1065722,Charcutería y Quesos,Embutido,,Botifarrón de carne,2020-09-23 02:00:00
1066137,Charcutería y Quesos,Pate y sobrasada,,Paté de cerdo light Argal,2020-09-23 02:00:00
1066189,Charcutería y Quesos,Queso curado semicurado y tierno,,Queso bola Edam semicurado Holland Corona,2020-09-23 02:00:00
1066202,Charcutería y Quesos,Queso lonchas rallado y en porciones,,Queso havarti lonchas,2020-09-23 02:00:00
1066447,Pescadería,Marisco,Hacendado,Mejillón de Chile entero cocido ultracongelado,2020-09-23 02:00:00
1066470,Pescadería,Pescado,Hacendado,Sepia limpia troceada congelada,2020-09-23 02:00:00
1066523,Platos Preparados,Pizzas,,Pizza ibérica ultracongelada,2020-09-23 02:00:00
1066632,Pescadería,Atun y otras conservas de pescado,Hacendado,Atún claro en aceite de girasol,2020-09-23 02:00:00
1066887,Cuidado Personal,Acondicionador y mascarilla,,Sérum Repair & Nutrition cabello seco y dañado,2020-09-23 02:00:00
1066967,Cuidado Personal,Coloracion cabello,,Coloración permanente sin amoníaco Azalea 7.73 marrón doré,2020-09-23 02:00:00
1067140,Cuidado Personal,Peines y accesorios,,Redecilla castaña,2020-09-23 02:00:00
1067312,Cuidado Personal,Cuidado e higiene facial,,Crema facial efecto lifting,2020-09-23 02:00:00
1067356,Cuidado Personal,Depilacion,,Bandas de cera especial cara y pequeñas zonas piel sensible,2020-09-23 02:00:00
1067407,Cuidado Personal,Desodorante,,Desodorante roll-on hombre protección plus,2020-09-23 02:00:00
1067536,Cuidado Personal,Higiene bucal,,Dentífrico gel infantil +6 años Gorjuss,2020-09-23 02:00:00
1067609,Cuidado Personal,Higiene intima,,Compresa con alas normal Suave,2020-09-23 02:00:00
1067630,Cuidado Personal,Higiene intima,,Protegeslip normal Dry,2020-09-23 02:00:00
1067806,Cuidado Personal,Perfume y colonia,,Eau de parfum mujer Ella,2020-09-23 02:00:00
1067846,Cuidado Personal,Perfume y colonia,,Eau de toilette hombre Codizia,2020-09-23 02:00:00
1067959,Salud,Fitoterapia,,Cápsulas kaptogras,2020-09-23 02:00:00
1067986,Salud,Fitoterapia,,Sticks infantiles defensas +3 años,2020-09-23 02:00:00
1068066,Frescos,Fruta,,Manzanas royal gala,2020-09-23 02:00:00
1068077,Frescos,Fruta,,Naranjas,2020-09-23 02:00:00
1068225,Frescos,Verdura,,Maíz dulce,2020-09-23 02:00:00
1068499,Limpieza y Hogar,Estropajo bayeta y guantes,,Estropajo acero inoxidable,2020-09-23 02:00:00
1068547,Limpieza y Hogar,Insecticida y ambientador,,Pastillas antipolillas y antiácaros perfumadas,2020-09-23 02:00:00
1068676,Limpieza y Hogar,Limpiahogar y friegasuelos,,Friegasuelos clásico concentrado,2020-09-23 02:00:00
1068696,Limpieza y Hogar,Limpiahogar y friegasuelos,,70% Alcohol limpieza hogar,2020-09-23 02:00:00
1068762,Limpieza y Hogar,Limpieza muebles y multiusos,,Limpiador plata y metales en crema,2020-09-23 02:00:00
1068831,Despensa,Menaje y conservacion de alimentos,,Mantel de papel blanco Papermon,2020-09-23 02:00:00
1068883,Limpieza y Hogar,Pilas y bolsas de basura,,Pila super alcalina AAA-LR03 Premio,2020-09-23 02:00:00
1068933,Limpieza y Hogar,Utensilios de limpieza y calzado,,Barreño redondo 6L,2020-09-23 02:00:00
1068958,Limpieza y Hogar,Utensilios de limpieza y calzado,,Betún negro autobrillante Búfalo,2020-09-23 02:00:00
1069040,Maquillaje,Bases de maquillaje y corrector,,Maquillaje compacto 03,2020-09-23 02:00:00
1069060,Maquillaje,Bases de maquillaje y corrector,,Stick iluminador perfectionist 02,2020-09-23 02:00:00
1069091,Maquillaje,Labios,,Perfilador de labios larga duración 01 canela,2020-09-23 02:00:00
1069133,Maquillaje,Labios,,Pintalabios cremoso 17,2020-09-23 02:00:00
1069234,Maquillaje,Pinceles y brochas,,Pincel sombra,2020-09-23 02:00:00
1069707,Panadería y Pastelería,Bolleria envasada,,Mojicón sin azúcares añadidos Gloria,2020-09-23 02:00:00
1069744,Panadería y Pastelería,Harina y preparado reposteria,,Preparado en polvo natillas Royal,2020-09-23 02:00:00
1069918,Panadería y Pastelería,Tartas y pasteles,,Tarta bombón crujiente congelada,2020-09-23 02:00:00
1069975,Platos Preparados,Pizzas,,Pizza barbacoa familiar,2020-09-23 02:00:00
1070004,Platos Preparados,Pizzas,,Pizza 4 quesos sin gluten y sin lactosa ultracongelada,2020-09-23 02:00:00
1070131,Lácteos y Huevos,Bifidus,,Bífidus natural,2020-09-23 02:00:00
1070259,Lácteos y Huevos,Yogures naturales y sabores,,Yogur natural,2020-09-23 02:00:00
1070275,Lácteos y Huevos,Yogures naturales y sabores,,Yogur con frutas,2020-09-23 02:00:00
1070324,Frescos,Fruta variada,Hacendado,Smoothie mango & coco,2020-09-23 02:00:00
1070489,Despensa,Mayonesa ketchup y mostaza,,Allioli,2020-09-23 14:15:00
1070552,Bebidas,Agua,,Agua mineral Bronchales pequeña,2020-09-23 14:15:00
1070755,Bebidas,Refresco de te y sin gas,,Refresco té con melocotón para diluir,2020-09-23 14:15:00
1071423,Cuidado Personal,Higiene y cuidado,,Gasas para bebé no tejidas,2020-09-23 14:15:00
1071501,Bodega,Cerveza,,Cerveza Clásica Steinburg,2020-09-23 14:15:00
1071585,Bodega,Licores,,Vermouth blanco Maronti,2020-09-23 14:15:00
1071660,Bodega,Licores,,Licor de manzana Milord,2020-09-23 14:15:00
1071828,Bodega,Vino tinto,,Vino tinto D.O Toro Gran Conquero madurado en barrica 12 meses,2020-09-23 14:15:00
1071916,Bebidas Calientes,Cafe molido y en grano,,Café en grano natural,2020-09-23 14:15:00
1072232,Carnicería,Empanados y elaborados,,Filetes lomo al ajillo,2020-09-23 14:15:00
1072364,Desayuno y Dulces,Galletas,,Galletas de cacao sin gluten rellenas de crema,2020-09-23 14:15:00
1072482,Charcutería y Quesos,Embutido curado,,Longaniza de pavo extra lonchas,2020-09-23 14:15:00
1072494,Charcutería y Quesos,Embutido curado,,Salami montañés,2020-09-23 14:15:00
1072555,Charcutería y Quesos,Jamon serrano,,Jamón serrano,2020-09-23 14:15:00
1072765,Carnicería,Carne,,Jamoncitos de pavo duplo congelados,2020-09-23 14:15:00
1072850,Congelados,Helados,,"Helado 3 sabores chocolate, vainilla y fresa",2020-09-23 14:15:00
1072993,Panadería y Pastelería,Tartas y churros,,Tarta de galleta 3 congelada,2020-09-23 14:15:00
1073100,Pescadería,Atun y otras conservas de pescado,Hacendado,Sardinas en aceite de oliva,2020-09-23 14:15:00
1073154,Frescos,Conservas de verdura y frutas,Hacendado,Guisantes extra,2020-09-23 14:15:00
1073459,Cuidado Personal,Coloracion cabello,,Coloración permanente 8.1 rubio claro ceniza,2020-09-23 14:15:00
1073655,Otros,Cuidado corporal,,Loción corporal 10% urea pura,2020-09-23 14:15:00
1073657,Otros,Cuidado corporal,,"Loción corporal pieles atópicas con omegas 3,6 y 9",2020-09-23 14:15:00
1073750,Cuidado Personal,Cuidado e higiene facial,,Crema facial antiedad revitalizante Sisbela reestructuradora,2020-09-23 14:15:00
1073930,Cuidado Personal,Gel y jabon de manos,,Jabón de manos natural de glicerina líquido,2020-09-23 14:15:00
1074079,Cuidado Personal,Higiene intima,,Tampones super con aplicador compacto,2020-09-23 14:15:00
1074138,Cuidado Personal,Manicura y pedicura,,Laca de uñas alto brillo 54 frambuesa tropical,2020-09-23 14:15:00
1074186,Cuidado Personal,Neceseres,,Neceser 101 Dálmatas grande,2020-09-23 14:15:00
1074293,Cuidado Personal,Perfume y colonia,,Eau de toilette hombre Don Algodon,2020-09-23 14:15:00
1074425,Salud,Fitoterapia,,Cápsulas alcachofa,2020-09-23 14:15:00
1074632,Frescos,Verdura,,Cebollino,2020-09-23 14:15:00
1074641,Frescos,Verdura,,Puerros,2020-09-23 14:15:00
1074679,Lácteos y Huevos,Leche y bebidas vegetales,,Leche semidesnatada,2020-09-23 14:15:00
1074756,Lácteos y Huevos,Leche y bebidas vegetales,,Bebida de soja con chocolate,2020-09-23 14:15:00
1074919,Limpieza y Hogar,Detergente y suavizante ropa,,Agua destilada,2020-09-23 14:15:00
1074988,Limpieza y Hogar,Insecticida y ambientador,,Trampa contra hormigas,2020-09-23 14:15:00
1075088,Limpieza y Hogar,Lejia y liquidos fuertes,,Cloro 5 acciones tabletas disolución lenta para piscina,2020-09-23 14:15:00
1075459,Maquillaje,Bases de maquillaje y corrector,,Maquillaje fluido mate 02,2020-09-23 14:15:00
1075617,Maquillaje,Ojos,,Perfilador de ojos Beauty Eyes 303 azul,2020-09-23 14:15:00
1075627,Maquillaje,Ojos,,Máscara de pestañas resistente al agua negro,2020-09-23 14:15:00
1075654,Maquillaje,Ojos,,Paleta sombras de ojos perladas My Soul,2020-09-23 14:15:00
1075688,Pescadería,Marisco,Hacendado,Gamba blanca cocida ultracongelada,2020-09-23 14:15:00
1075803,Pescadería,Pescado en bandeja,,Salpicón de marisco,2020-09-23 14:15:00
1076303,Panadería y Pastelería,Pan tostado y rallado,,Pan tostado 100% espelta integral,2020-09-23 14:15:00
1076466,Platos Preparados,Platos preparados calientes,,Muslo de pato en confit,2020-09-23 14:15:00
1076472,Platos Preparados,Platos preparados calientes,,Pollo con almendras y arroz tres delicias,2020-09-23 14:15:00
1076492,Platos Preparados,Platos preparados calientes,,Lentejas a la riojana,2020-09-23 14:15:00
1832614,Despensa,Berberechos y mejillones,,Navajuelas del Pacífico al natural Cono sur,2020-09-23 16:06:00
1832616,Despensa,Berberechos y mejillones,,Concha fina al natural Marinara,2020-09-23 16:06:00
1832669,Frescos,Conservas de verdura y frutas,Hacendado,Yemas de espárragos,2020-09-23 16:06:00
1832885,Despensa,Otras salsas,,Salsa chimichurri,2020-09-23 16:06:00
1833002,Bebidas,Isotonico y energetico,,Bebida energética Energy Drink,2020-09-23 16:06:00
1833031,Bebidas,Refresco de cola,,Refresco Zero azúcar,2020-09-23 16:06:00
1833210,Despensa,Aceitunas y encurtidos,,Aceitunas rellenas de jalapeño,2020-09-23 16:06:00
1833233,Despensa,Aceitunas y encurtidos,,Pepinillos en vinagre,2020-09-23 16:06:00
1833275,Frescos,Frutos secos y fruta desecada,Hacendado,Cacahuete frito con miel,2020-09-23 16:06:00
1833436,Aperitivos,Patatas fritas y snacks,,Nachos Padrísimos sabor guacamole,2020-09-23 16:06:00
1833584,Despensa,Arroz,,Arroz arborio especial risotto,2020-09-23 16:06:00
1833628,Despensa,Legumbres,,Lenteja cocida,2020-09-23 16:06:00
1833635,Despensa,Legumbres,,Lenteja pelada,2020-09-23 16:06:00
1833715,Despensa,Pasta y fideos,,Fideos orientales Yakisoba soja,2020-09-23 16:06:00
1834594,Bodega,Cerveza,,Cerveza especial,2020-09-23 16:06:00
1834670,Bodega,Cerveza,,"Cerveza Radler Steinburg 0,0% sin alcohol",2020-09-23 16:06:00
1834677,Bodega,Cerveza,,Bebida cider con gas Wild panther sabor a fresa y lima,2020-09-23 16:06:00
1834682,Bodega,Cerveza,,Bebida cider con gas Wild panther sabor a mango y maracuyá,2020-09-23 16:06:00
1834865,Bodega,Sidra y cava,,Bebida zumo de frutas con gas Magic sin alcohol,2020-09-23 16:06:00
1835002,Bodega,Vino tinto,,Vino tinto D.O Rioja Coto de Imaz reserva,2020-09-23 16:06:00
1835008,Bodega,Vino tinto,,Vino tinto Caperucita tinta Torre Oria suave,2020-09-23 16:06:00
1835229,Bebidas Calientes,Te e infusiones,,Infusión Salvia,2020-09-23 16:06:00
1835334,Carnicería,Carne congelada,,Paletilla de cordero entera congelada,2020-09-23 16:06:00
1835523,Carnicería,Empanados y elaborados,,Contramuslos de pollo marinados con piel,2020-09-23 16:06:00
1835625,Desayuno y Dulces,Galletas,,Galletas Digestive avena,2020-09-23 16:06:00
1835714,Carnicería,Aves y jamon cocido,,Pollo relleno asado al horno La Carloteña lonchas,2020-09-23 16:06:00
1835852,Charcutería y Quesos,Embutido curado,,Chorizo de bellota ibérico cular Covap,2020-09-23 16:06:00
1835897,Charcutería y Quesos,Jamon serrano,,Paleta de bellota ibérica La Hacienda del ibérico,2020-09-23 16:06:00
1835904,Charcutería y Quesos,Pate y sobrasada,,Paté de atún,2020-09-23 16:06:00
1835946,Charcutería y Quesos,Queso curado semicurado y tierno,,Queso oveja viejo,2020-09-23 16:06:00
1835957,Charcutería y Quesos,Queso curado semicurado y tierno,,Queso gran reserva,2020-09-23 16:06:00
1836010,Charcutería y Quesos,Queso lonchas rallado y en porciones,,Queso semicurado lonchas,2020-09-23 16:06:00
1836144,Carnicería,Carne,Hacendado,Delicias de pollo ultracongeladas,2020-09-23 16:06:00
1836286,Pescadería,Marisco,Hacendado,Gamba arrocera congelada,2020-09-23 16:06:00
1836346,Pescadería,Pescado,Hacendado,Lomos de salmón de Noruega sin piel y sin espinas congelado,2020-09-23 16:06:00
1836404,Panadería y Pastelería,Tartas y churros,,Tarta tres chocolates congelada,2020-09-23 16:06:00
1836445,Frescos,Verdura,Hacendado,Habitas muy tiernas ultracongeladas,2020-09-23 16:06:00
1836631,Cuidado Personal,Acondicionador y mascarilla,,Acondicionador Repair & Nutrition cabello seco y dañado,2020-09-23 16:06:00
1836663,Cuidado Personal,Acondicionador y mascarilla,,Sérum Repair & Nutrition cabello seco y dañado,2020-09-23 16:06:00
1836691,Cuidado Personal,Champu,,Champú Intense & Gold cabello rubio,2020-09-23 16:06:00
1836716,Cuidado Personal,Champu,,Loción infantil repelente de piojos,2020-09-23 16:06:00
1836997,Cuidado Personal,Afeitado y cuidado para hombre,,Maquinilla de afeitar Personna,2020-09-23 16:06:00
1837578,Cuidado Personal,Manicura y pedicura,,Laca de uñas alto brillo 39 dulce fresa,2020-09-23 16:06:00
1837599,Cuidado Personal,Manicura y pedicura,,Quitaesmalte acetona pura,2020-09-23 16:06:00
1837671,Cuidado Personal,Perfume y colonia,,Eau de toilette mujer Como tú Fantasía,2020-09-23 16:06:00
1837693,Cuidado Personal,Perfume y colonia,,Eau de toilette mujer Pacha Ibiza 24/7,2020-09-23 16:06:00
1838109,Frescos,Lechuga y ensalada preparada,,Ensalada jamón,2020-09-23 16:06:00
1838155,Lácteos y Huevos,Leche y bebidas vegetales,,Leche semidesnatada sin lactosa,2020-09-23 16:06:00
1838235,Lácteos y Huevos,Leche y bebidas vegetales,,Batido de chocolate,2020-09-23 16:06:00
1838525,Limpieza y Hogar,Insecticida y ambientador,,Ambientador varitas jazmín de medianoche,2020-09-23 16:06:00
1838746,Limpieza y Hogar,Limpieza muebles y multiusos,,Limpiador plata y metales en crema,2020-09-23 16:06:00
1838807,Despensa,Menaje y conservacion de alimentos,,Paletinas de madera,2020-09-23 16:06:00
1838943,Limpieza y Hogar,Utensilios de limpieza y calzado,,Recambio mopa microfibra grande,2020-09-23 16:06:00
1838963,Limpieza y Hogar,Utensilios de limpieza y calzado,,Funda para lavadora,2020-09-23 16:06:00
1839025,Maquillaje,Bases de maquillaje y corrector,,Maquillaje fluido face finity 75 golden,2020-09-23 16:06:00
1839229,Maquillaje,Ojos,,Perfilador de ojos líquido negro,2020-09-23 16:06:00
1839237,Maquillaje,Ojos,,Perfilador de cejas marrón,2020-09-23 16:06:00
1839324,Maquillaje,Pinceles y brochas,,Pincel sombra pony,2020-09-23 16:06:00
1839450,Pescadería,Pescado fresco,,Salmón media pieza a rodajas,2020-09-23 16:06:00
1839551,Mascotas,Gato,,Paté gato júnior Delikuit con pollo y pavo,2020-09-23 16:06:00
1839627,Mascotas,Perro,,Comida cachorros junior con pollo y arroz,2020-09-23 16:06:00
1839687,Mascotas,Pez y otros,,Lecho vegetal para pequeñas mascotas Nuske,2020-09-23 16:06:00
1839874,Panadería y Pastelería,Pan de horno,,Pan de cristal redondo,2020-09-23 16:06:00
1839889,Panadería y Pastelería,Pan de horno,,Pan bregado rebanado,2020-09-23 16:06:00
1840008,Panadería y Pastelería,Picos rosquilletas y picatostes,,Palitos de pan con cereales y trigo espelta 25% Anitin,2020-09-23 16:06:00
1840200,Otros,Platos preparados frios,,Gazpacho andaluz,2020-09-23 16:06:00
1840213,Otros,Platos preparados frios,,Hummus de garbanzos receta clásica,2020-09-23 16:06:00
1840221,Otros,Platos preparados frios,,"Sándwich pavo, queso y espinacas",2020-09-23 16:06:00
1840249,Lácteos y Huevos,Flan y natillas,,Flan de café Reina,2020-09-23 16:06:00
1840255,Lácteos y Huevos,Flan y natillas,,Natillas de vainilla Danet,2020-09-23 16:06:00
1840395,Lácteos y Huevos,Yogures liquidos,,Bebida láctea natural Danacol 0% azúcares añadidos,2020-09-23 16:06:00
1840495,Frescos,Fruta variada,Hacendado,Smoothie fresa,2020-09-23 16:06:00
1840521,Otros,Melocoton y pina,,Néctar de melocotón La Verja,2020-09-23 16:06:00
1856185,Pescadería,Atun y otras conservas de pescado,Hacendado,Filetes de caballa del sur en aceite de girasol,2020-09-24 00:00:00
1856417,Frescos,Conservas de verdura y frutas,Hacendado,Pera en zumo de uva,2020-09-24 00:00:00
1856521,Despensa,Aceite vinagre y sal,,Sal gruesa para hornear,2020-09-24 00:00:00
1856693,Despensa,Mayonesa ketchup y mostaza,,Salsa ligera Ligeresa,2020-09-24 00:00:00
1856877,Bebidas,Agua,,Agua mineral con gas pequeña,2020-09-24 00:00:00
1857052,Bebidas,Refresco de cola,,Refresco cola Zero azúcar,2020-09-24 00:00:00
1857249,Bebidas,Refresco de te y sin gas,,Refresco al limón,2020-09-24 00:00:00
1857259,Bebidas,Refresco de te y sin gas,,Refresco té sabor limón,2020-09-24 00:00:00
1857276,Bebidas,Refresco de te y sin gas,,Refresco de manzana Gold Spring sin gas,2020-09-24 00:00:00
1857566,Aperitivos,Patatas fritas y snacks,,Patatas fritas al punto de sal Lay's,2020-09-24 00:00:00
1857916,Despensa,Pasta y fideos,,Gran tortelloni fresco albahaca,2020-09-24 00:00:00
1858420,Desayuno y Dulces,Mermelada y miel,,Mermelada frambuesas light con stevia,2020-09-24 00:00:00
1858532,Bebé,Alimentacion infantil,,Preparado lácteo crecimiento +1 año,2020-09-24 00:00:00
1858728,Cuidado Personal,Higiene y cuidado,,Bálsamo facial infantil pieles atópicas,2020-09-24 00:00:00
1858839,Bodega,Cerveza,,Cerveza Clásica Steinburg,2020-09-24 00:00:00
1859081,Bodega,Licores,,Ron dominicano añejo Ron Barceló,2020-09-24 00:00:00
1859101,Bodega,Licores,,Bebida espirituosa a base de vodka Knebep negro,2020-09-24 00:00:00
1859548,Bodega,Vino blanco,,Vino blanco verdejo D.O Rueda,2020-09-24 00:00:00
1859777,Bodega,Vino tinto,,Vino tinto D.O Utiel-Requena Torre Oria crianza,2020-09-24 00:00:00
1859812,Bodega,Vino tinto,,Vino tinto Porto Tawny Almeida Dias,2020-09-24 00:00:00
1860030,Bebidas Calientes,Cafe molido y en grano,,Café molido natural Espresso,2020-09-24 00:00:00
1860401,Carnicería,Aves y pollo,,Chuletas de pavo contramuslo,2020-09-24 00:00:00
1860649,Carnicería,Cerdo,,Pinchos de cerdo sin varilla,2020-09-24 00:00:00
1860804,Carnicería,Conejo y cordero,,Paletilla de cordero lechal asado fácil,2020-09-24 00:00:00
1861460,Desayuno y Dulces,Galletas,,Galletas rellenas de naranja bañadas de chocolate,2020-09-24 00:00:00
1861663,Carnicería,Aves y jamon cocido,Hacendado,Pechuga de pavo a las finas hierbas finas lonchas,2020-09-24 00:00:00
1861959,Charcutería y Quesos,Chopped y mortadela,,Mortadela de pavo finas lonchas,2020-09-24 00:00:00
1862392,Charcutería y Quesos,Queso curado semicurado y tierno,,Queso oveja curado,2020-09-24 00:00:00
1862420,Charcutería y Quesos,Queso curado semicurado y tierno,,Queso tierno más cremoso,2020-09-24 00:00:00
1862930,Congelados,Helados,,Helado lima limón,2020-09-24 00:00:00
1863150,Pescadería,Marisco,Hacendado,Preparado paella de marisco ultracongelado,2020-09-24 00:00:00
1863249,Pescadería,Pescado,Hacendado,Anillas a la romana ultracongeladas,2020-09-24 00:00:00
1863411,Panadería y Pastelería,Tartas y churros,,Churros ultracongelados,2020-09-24 00:00:00
1863490,Despensa,Gazpacho y cremas,,Gazpacho tradicional,2020-09-24 00:00:00
1863837,Cuidado Personal,Coloracion cabello,,Coloración permanente sin amoníaco 4.15 chocolate,2020-09-24 00:00:00
1863880,Cuidado Personal,Coloracion cabello,,Coloración permanente 3.16 violín intenso,2020-09-24 00:00:00
1863903,Cuidado Personal,Coloracion cabello,,Coloración permanente 8 rubio claro,2020-09-24 00:00:00
1863970,Cuidado Personal,Coloracion cabello,,Quitamanchas de tinte capilar,2020-09-24 00:00:00
1864048,Cuidado Personal,Peines y accesorios,,Toalla turbante seca pelo microfibra,2020-09-24 00:00:00
1864099,Cuidado Personal,Afeitado y cuidado para hombre,,Recambios maquinilla de afeitar Personna,2020-09-24 00:00:00
1864254,Otros,Cuidado corporal,,Toallitas limpiadoras faciales con espuma cara y ojos,2020-09-24 00:00:00
1864332,Cuidado Personal,Cuidado e higiene facial,,Toallitas desmaquillantes cara y ojos piel seca y sensible,2020-09-24 00:00:00
1864666,Cuidado Personal,Desodorante,,Desodorante invisible black + white,2020-09-24 00:00:00
1865015,Cuidado Personal,Higiene bucal,,Recambios cepillo dental eléctrico Sp.Berner,2020-09-24 00:00:00
1865034,Cuidado Personal,Higiene bucal,,Enjuague bucal cuidado total Listerine menta fresca,2020-09-24 00:00:00
1865058,Cuidado Personal,Higiene intima,,Compresa sin alas de incontinencia maxi,2020-09-24 00:00:00
1865450,Cuidado Personal,Perfume y colonia,,Eau de toilette mujer Simply flowers Peonía,2020-09-24 00:00:00
1865472,Cuidado Personal,Perfume y colonia,,Lote mujer Chanson d'Eau,2020-09-24 00:00:00
1865713,Cuidado Personal,Protector solar y aftersun,,Protector labial FPS 15,2020-09-24 00:00:00
1865862,Salud,Fitoterapia,,Barrita de frutos secos y vitaminas Enervit Sport,2020-09-24 00:00:00
1865897,Salud,Fitoterapia,,Cápsulas hipérico,2020-09-24 00:00:00
1866372,Lácteos y Huevos,Huevos,,Huevos cocidos,2020-09-24 00:00:00
1866711,Limpieza y Hogar,Detergente y suavizante ropa,Colon,Detergente ropa fragancia en gel,2020-09-24 00:00:00
1867190,Limpieza y Hogar,Lejia y liquidos fuertes,,Lejía con detergente,2020-09-24 00:00:00
1867434,Limpieza y Hogar,Limpiahogar y friegasuelos,,70% Alcohol limpieza hogar,2020-09-24 00:00:00
1868240,Limpieza y Hogar,Utensilios de limpieza y calzado,,Mango escoba/fregona 120 cm,2020-09-24 00:00:00
1868404,Maquillaje,Bases de maquillaje y corrector,,Maquillaje fluido larga duración 05,2020-09-24 00:00:00
1868494,Maquillaje,Colorete y polvos,,Colorete compacto 01,2020-09-24 00:00:00
1868653,Maquillaje,Labios,,Pintalabios mate 10,2020-09-24 00:00:00
1869034,Pescadería,Pescado en bandeja,,Salpicón de marisco,2020-09-24 00:00:00
1869944,Panadería y Pastelería,Pan de horno,,Panecillo harina integral 50% de trigo sin sal añadida,2020-09-24 00:00:00
1870299,Panadería y Pastelería,Tartas y pasteles,,Tarta infantil congelada,2020-09-24 00:00:00
1870526,Platos Preparados,Platos preparados calientes,,Albóndigas guisadas,2020-09-24 00:00:00
1870959,Lácteos y Huevos,Flan y natillas,,Flan de huevo,2020-09-24 00:00:00
1870964,Lácteos y Huevos,Flan y natillas,,Flan de huevo Reina,2020-09-24 00:00:00
1871251,Lácteos y Huevos,Yogures griegos,,Yogur griego con limón y jengibre,2020-09-24 00:00:00
1871507,Lácteos y Huevos,Yogures y postres infantiles,,Petit de bolsillo de fresa,2020-09-24 00:00:00
1871627,Frescos,Fruta variada,Hacendado,Zumo tropical,2020-09-24 00:00:00
1878336,Despensa,Mayonesa ketchup y mostaza,,Mostaza a la antigua,2020-09-25 06:26:00
1878727,Bebidas,Tonica y bitter,,Tónica original,2020-09-25 06:26:00
1878736,Bebidas,Tonica y bitter,,Ginger ale,2020-09-25 06:26:00
1879131,Aperitivos,Patatas fritas y snacks,,Patatas fritas onduladas Munchos sabor queso,2020-09-25 06:26:00
1879132,Aperitivos,Patatas fritas y snacks,,Trigo snack sabor ahumado,2020-09-25 06:26:00
1879293,Despensa,Arroz,,Arroz cocido redondo,2020-09-25 06:26:00
1879294,Despensa,Arroz,,Quinoa cocida blanca y roja,2020-09-25 06:26:00
1879640,Desayuno y Dulces,Azucar y edulcorante,,Azúcar blanco en sobres Acor,2020-09-25 06:26:00
1879820,Desayuno y Dulces,Chocolate,,Chocolate con leche Milka caramelo,2020-09-25 06:26:00
1880064,Desayuno y Dulces,Mermelada y miel,,Mermelada de naranja amarga,2020-09-25 06:26:00
1880926,Bodega,Licores,,Brandy de Jerez solera reserva Magno,2020-09-25 06:26:00
1881242,Bodega,Vino blanco,,Vino blanco D.O Ribeiro Larmeu,2020-09-25 06:26:00
1881978,Bebidas Calientes,Cafe soluble y otras bebidas,,Café soluble cappuccino caramelo,2020-09-25 06:26:00
1882059,Bebidas Calientes,Te e infusiones,,Té verde con menta,2020-09-25 06:26:00
1882525,Carnicería,Cerdo,,Filetes lomo de cerdo familiar,2020-09-25 06:26:00
1882566,Carnicería,Cerdo,,Sesos de cerdo,2020-09-25 06:26:00
1882567,Carnicería,Cerdo,,Solomillo de cerdo ibérico,2020-09-25 06:26:00
1882729,Desayuno y Dulces,Galletas,,Galletas divertidas El Rey León,2020-09-25 06:26:00
1882799,Desayuno y Dulces,Galletas,,Surtido de galletas,2020-09-25 06:26:00
1882842,Carnicería,Aves y jamon cocido,Hacendado,Jamón cocido extra lonchas,2020-09-25 06:26:00
1883312,Charcutería y Quesos,Queso curado semicurado y tierno,,Queso oveja viejo,2020-09-25 06:26:00
1883392,Charcutería y Quesos,Queso lonchas rallado y en porciones,,Queso cabra lonchas,2020-09-25 06:26:00
1883677,Carnicería,Carne,,Chuletas de cordero palo o riñonada congeladas,2020-09-25 06:26:00
1883733,Congelados,Helados,,Helado frutas,2020-09-25 06:26:00
1883819,Pescadería,Marisco,,Langostino crudo extra ultracongelado,2020-09-25 06:26:00
1884543,Pescadería,Atun y otras conservas de pescado,Hacendado,Sardinillas en tomate,2020-09-25 06:26:00
1885145,Despensa,Tomate,,Tomate frito,2020-09-25 06:26:00
1885836,Cuidado Personal,Fijacion cabello,,Gel fijador fuerte todo tipo de cabello fijación 3,2020-09-25 06:26:00
1885897,Cuidado Personal,Peines y accesorios,,Cepillo cabello térmico iónico 35 mm,2020-09-25 06:26:00
1886181,Cuidado Personal,Depilacion,,Crema decolorante rostro y cuerpo todo tipo de pieles,2020-09-25 06:26:00
1886182,Cuidado Personal,Depilacion,,Cera caliente en tarro apta piel sensible,2020-09-25 06:26:00
1886368,Cuidado Personal,Higiene bucal,,Dentífrico gel fresh clorofila 2 en 1,2020-09-25 06:26:00
1886408,Cuidado Personal,Higiene bucal,,Enjuague bucal protección dientes y encías Listerine menta fresca,2020-09-25 06:26:00
1886595,Cuidado Personal,Manicura y pedicura,,Pulidor de uñas manos Luxor,2020-09-25 06:26:00
1886629,Cuidado Personal,Neceseres,,Neceser Poopsie mediano con asas,2020-09-25 06:26:00
1886728,Cuidado Personal,Perfume y colonia,,Eau de toilette hombre Como tú Fuerza,2020-09-25 06:26:00
1886749,Cuidado Personal,Perfume y colonia,,Eau de toilette hombre Victorio & Lucchino Nº 1 Vitalidad salvaje,2020-09-25 06:26:00
1886783,Cuidado Personal,Perfume y colonia,,Lote hombre Adidas Ice dive,2020-09-25 06:26:00
1886874,Salud,Fitoterapia,,"Cápsulas cabello, uñas",2020-09-25 06:26:00
1886899,Salud,Fitoterapia,,Gel energético Enervit Sport sabor naranja,2020-09-25 06:26:00
1886967,Salud,Parafarmacia,,Preservativos real feel Durex,2020-09-25 06:26:00
1886988,Frescos,Fruta,,Limón,2020-09-25 06:26:00
1887047,Frescos,Lechuga y ensalada preparada,,Escarola rizada,2020-09-25 06:26:00
1887185,Lácteos y Huevos,Leche y bebidas vegetales,,Bebida de soja calcio,2020-09-25 06:26:00
1887357,Limpieza y Hogar,Detergente y suavizante ropa,,Azulete La Nave líquido,2020-09-25 06:26:00
1887501,Limpieza y Hogar,Insecticida y ambientador,,Ambientador eléctrico jardín 6 fragancias,2020-09-25 06:26:00
1887743,Limpieza y Hogar,Limpieza vajilla,,Limpiador de ollas y cacerolas,2020-09-25 06:26:00
1888494,Pescadería,Salazones y ahumados,,Sucedáneo de caviar negro Ubago Caviartic,2020-09-25 06:26:00
1888735,Panadería y Pastelería,Bolleria envasada,,Magdalenas,2020-09-25 06:26:00
1888935,Panadería y Pastelería,Pan de molde y otras especialidades,,Hogaza sin gluten,2020-09-25 06:26:00
1888966,Panadería y Pastelería,Pan tostado y rallado,,Tortas cenceñas para gazpacho manchego Ruiz,2020-09-25 06:26:00
1889144,Platos Preparados,Platos preparados calientes,,Pasta oriental sabor gamba camarao Maggi,2020-09-25 06:26:00
1889424,Lácteos y Huevos,Yogures liquidos,,Bebida láctea natural L-casei 0% materia grasa 0% azúcares añadidos,2020-09-25 06:26:00
1889579,Despensa,Tomate y otros sabores,,Néctar de mango sin azúcares añadidos,2020-09-25 06:26:00
1903995,Despensa,Aceite vinagre y sal,,Sal yodada fina,2020-09-25 12:01:00
1904270,Despensa,Otras salsas,,Salsa gajos rústica,2020-09-25 12:01:00
1904846,Aperitivos,Patatas fritas y snacks,,Cocktail galletitas de aperitivo,2020-09-25 12:01:00
1904857,Aperitivos,Patatas fritas y snacks,,Snack de multicereales Sunbites,2020-09-25 12:01:00
1904911,Despensa,Arroz,,Arroz redondo,2020-09-25 12:01:00
1905077,Despensa,Pasta y fideos,,Fideos orientales Yatekomo de pollo,2020-09-25 12:01:00
1905142,Desayuno y Dulces,Azucar y edulcorante,,Azúcar blanco en sobres Acor,2020-09-25 12:01:00
1905238,Desayuno y Dulces,Chicles y caramelos,,Caramelos eucaliptus mentol Respiral Halls,2020-09-25 12:01:00
1905560,Bebé,Alimentacion infantil,,Papilla verduritas con pollo y ternera baby +6 meses,2020-09-25 12:01:00
1905803,Panadería y Pastelería,Toallitas y panales,,Pañal bebé braguita talla XL de 16-28 kg,2020-09-25 12:01:00
1906123,Bodega,Licores,,Whisky escocés James Webb,2020-09-25 12:01:00
1906131,Bodega,Licores,,Ron dominicano añejo superior Brugal,2020-09-25 12:01:00
1906226,Bodega,Sidra y cava,,Cava semi seco Cabré & Sabaté,2020-09-25 12:01:00
1906524,Bodega,Vino tinto,,Vino tinto D.O Rioja Reservado reserva,2020-09-25 12:01:00
1906545,Bodega,Vino tinto,,Vino tinto D.O Valdepeñas Señorío de los Llanos crianza,2020-09-25 12:01:00
1907027,Carnicería,Aves y pollo,,Medio pollo rural,2020-09-25 12:01:00
1907262,Charcutería y Quesos,Embutido,,Botifarrón de carne,2020-09-25 12:01:00
1907391,Carnicería,Empanados y elaborados,,Chuletas de pavo al ajillo,2020-09-25 12:01:00
1907486,Desayuno y Dulces,Cereales,,"Barritas de cereales con avena, chocolate negro y naranja",2020-09-25 12:01:00
1907858,Charcutería y Quesos,Embutido curado,,Salchichón extra pimienta finas lonchas,2020-09-25 12:01:00
1908010,Charcutería y Quesos,Pate y sobrasada,,Paté de cerdo ibérico Peña Negra,2020-09-25 12:01:00
1908173,Charcutería y Quesos,Queso untable y fresco,,Queso fresco Burgos natural,2020-09-25 12:01:00
1908217,Despensa,Arroz y pasta,,Lasaña a la boloñesa ultracongelada,2020-09-25 12:01:00
1908592,Pescadería,Pescado,Hacendado,Lomo de bacalao sin espinas congelado,2020-09-25 12:01:00
1908829,Panadería y Pastelería,Tartas y churros,,Tarta infantil Frozen congelada,2020-09-25 12:01:00
1908913,Frescos,Verdura,Hacendado,Espárrago verde troceado ultracongelado,2020-09-25 12:01:00
1908994,Pescadería,Atun y otras conservas de pescado,Hacendado,Filetes de bonito del norte en aceite de oliva,2020-09-25 12:01:00
1909278,Despensa,Gazpacho y cremas,,Gazpacho andaluz,2020-09-25 12:01:00
1909555,Cuidado Personal,Coloracion cabello,,Coloración sin amoníaco L'Oréal 246 negro efecto henna,2020-09-25 12:01:00
1909687,Cuidado Personal,Coloracion cabello,,Coloración permanente L'Oréal 10 rubio muy claro,2020-09-25 12:01:00
1909916,Cuidado Personal,Peines y accesorios,,Rulo 28 mm,2020-09-25 12:01:00
1910091,Otros,Cuidado corporal,,Crema corporal,2020-09-25 12:01:00
1910400,Cuidado Personal,Desodorante,,Desodorante stick original Tulipán Negro,2020-09-25 12:01:00
1910998,Cuidado Personal,Perfume y colonia,,Eau de toilette mujer Victorio & Lucchino Nº 5 Jazmín exótico,2020-09-25 12:01:00
1911028,Cuidado Personal,Perfume y colonia,,Eau de parfum mujer Ella,2020-09-25 12:01:00
1911051,Cuidado Personal,Perfume y colonia,,Lote mujer 9.60 Pure,2020-09-25 12:01:00
1911353,Salud,Parafarmacia,,Preservativos placer prolongado Durex,2020-09-25 12:01:00
1911371,Frescos,Fruta,,Pera ercolina,2020-09-25 12:01:00
1911399,Frescos,Fruta,,Moras,2020-09-25 12:01:00
1911611,Lácteos y Huevos,Leche y bebidas vegetales,,Bebida de soja calcio,2020-09-25 12:01:00
1911903,Limpieza y Hogar,Detergente y suavizante ropa,,Jabón en escamas Capricho con aceite de coco y glicerina,2020-09-25 12:01:00
1912150,Limpieza y Hogar,Insecticida y ambientador,Brise,Ambientador automático by lavanda y jazmín,2020-09-25 12:01:00
1912176,Limpieza y Hogar,Insecticida y ambientador,,Barras de incienso Sonata aroma jazmín,2020-09-25 12:01:00
1912426,Limpieza y Hogar,Limpieza bano y wc,,Colgador WC natural-pino Bref,2020-09-25 12:01:00
1912501,Limpieza y Hogar,Limpieza cocina,,Limpiador cocinas con amoniaco esencias cítricas,2020-09-25 12:01:00
1913570,Pescadería,Pescado congelado,Hacendado,Pescadilla de merluza del cabo sin cabeza ultracongelada,2020-09-25 12:01:00
1913783,Pescadería,Pescado fresco,,Lubina a filetes sin cabeza y sin espina,2020-09-25 12:01:00
1913804,Pescadería,Pescado fresco,,Rodaballo a filetes,2020-09-25 12:01:00
1913820,Pescadería,Salazones y ahumados,,Anchoas del cantábrico Consorcio en aceite de oliva,2020-09-25 12:01:00
1914037,Mascotas,Perro,,Collar anti-insectos perro Krislin,2020-09-25 12:01:00
1914287,Panadería y Pastelería,Harina y preparado reposteria,,Masa filo,2020-09-25 12:01:00
1914360,Panadería y Pastelería,Pan de horno,,Panecillo de trigo integral 30%,2020-09-25 12:01:00
1914492,Panadería y Pastelería,Pan tostado y rallado,,Crackers sin gluten con romero,2020-09-25 12:01:00
1914788,Platos Preparados,Platos preparados calientes,,Fabada Litoral,2020-09-25 12:01:00
1914867,Otros,Platos preparados frios,,Gazpacho suave,2020-09-25 12:01:00
1914873,Otros,Platos preparados frios,,Gazpacho fresco,2020-09-25 12:01:00
1915110,Lácteos y Huevos,Yogures desnatados,,Yogur cremoso con piña 0% materia grasa 0% sin azúcares añadidos,2020-09-25 12:01:00
1915114,Lácteos y Huevos,Yogures desnatados,,Yogur sin lactosa natural 0% materia grasa 0% sin azúcares añadidos,2020-09-25 12:01:00
1929796,Despensa,Aceite vinagre y sal,,Sal rosa del Himalaya,2020-09-26 00:11:00
1930161,Bebidas,Isotonico y energetico,,Bebida isotónica limón,2020-09-26 00:11:00
1930461,Despensa,Aceitunas y encurtidos,,Pepinillos aliñados temperados,2020-09-26 00:11:00
1930515,Frescos,Frutos secos y fruta desecada,Hacendado,Cacahuete tostado con sal,2020-09-26 00:11:00
1931083,Desayuno y Dulces,Golosinas,,Surtido de caramelos Diver xuxes,2020-09-26 00:11:00
1931275,Bebé,Biberon chupete y menaje,,Chupete silicona anatómico +18 meses,2020-09-26 00:11:00
1931324,Cuidado Personal,Higiene y cuidado,,Esponja anatómica para bebés,2020-09-26 00:11:00
1931417,Bodega,Cerveza,,Cerveza Clásica Steinburg,2020-09-26 00:11:00
1931551,Bodega,Licores,,Whisky escocés Dewar's White Label,2020-09-26 00:11:00
1931636,Bodega,Sidra y cava,,Sidra El Gaitero,2020-09-26 00:11:00
1931661,Bodega,Tinto de verano y sangria,,Tinto de verano zero limón Casón Histórico,2020-09-26 00:11:00
1932062,Bebidas Calientes,Cafe soluble y otras bebidas,,Café soluble cappuccino,2020-09-26 00:11:00
1932112,Bebidas Calientes,Te e infusiones,,Infusión Laxsen sabor menta,2020-09-26 00:11:00
1932476,Carnicería,Hamburguesas y picadas,,Hamburguesas de vacuno congeladas,2020-09-26 00:11:00
1932643,Desayuno y Dulces,Cereales,,Copos de maíz Corn Flakes,2020-09-26 00:11:00
1932906,Carnicería,Aves y jamon cocido,Hacendado,Jamón cocido extra finas lonchas,2020-09-26 00:11:00
1933035,Charcutería y Quesos,Embutido curado,,Chorizo extra pimienta finas lonchas,2020-09-26 00:11:00
1933039,Charcutería y Quesos,Embutido curado,,Chorizo dulce extra,2020-09-26 00:11:00
1933082,Charcutería y Quesos,Jamon serrano,,Panceta salada ibérica La Hacienda del ibérico,2020-09-26 00:11:00
1933214,Charcutería y Quesos,Queso lonchas rallado y en porciones,,Queso provolone Zanetti en loncha,2020-09-26 00:11:00
1934208,Frescos,Verdura,Hacendado,Patatas corte fino ultracongeladas,2020-09-26 00:11:00
1934305,Pescadería,Atun y otras conservas de pescado,Hacendado,Atún claro en aceite de oliva,2020-09-26 00:11:00
1934558,Frescos,Conservas de verdura y frutas,Cidacos,Ensalada de pimientos del piquillo,2020-09-26 00:11:00
1934939,Cuidado Personal,Acondicionador y mascarilla,,Mascarilla sin aclarado Bucle Perfect cabello rizado,2020-09-26 00:11:00
1935052,Cuidado Personal,Champu,,Loción infantil elimina liendres y piojos,2020-09-26 00:11:00
1935475,Cuidado Personal,Afeitado y cuidado para hombre,,Maquinilla de afeitar Fusion 5,2020-09-26 00:11:00
1935633,Otros,Cuidado corporal,,Papel higiénico húmedo WC,2020-09-26 00:11:00
1935643,Otros,Cuidado corporal,,Toallitas hidroalcohólicas 75% Alcohol,2020-09-26 00:11:00
1935755,Cuidado Personal,Cuidado e higiene facial,,Crema facial efecto lifting,2020-09-26 00:11:00
1936062,Cuidado Personal,Gel y jabon de manos,,Gel de baño nutritivo Lactovit piel normal-seca,2020-09-26 00:11:00
1936182,Cuidado Personal,Higiene bucal,,Cepillo dental medio ultraavanzado,2020-09-26 00:11:00
1936183,Cuidado Personal,Higiene bucal,,Recambios cepillo dental eléctrico Sp.Berner,2020-09-26 00:11:00
1936310,Cuidado Personal,Higiene intima,,Tampones super plus con aplicador suave,2020-09-26 00:11:00
1937013,Cuidado Personal,Perfume y colonia,,Eau de parfum mujer Codizia,2020-09-26 00:11:00
1937084,Cuidado Personal,Perfume y colonia,,Eau de toilette hombre Afán,2020-09-26 00:11:00
1937124,Cuidado Personal,Perfume y colonia,,Lote hombre Enciende,2020-09-26 00:11:00
1937195,Cuidado Personal,Protector solar y aftersun,,Crema protección solar infantil Sun Med FPS 50+,2020-09-26 00:11:00
1937328,Salud,Fitoterapia,,Polen,2020-09-26 00:11:00
1937374,Salud,Parafarmacia,,Protectores para los oídos de espuma Doctor San,2020-09-26 00:11:00
1937538,Frescos,Lechuga y ensalada preparada,,Lechuga iceberg,2020-09-26 00:11:00
1938041,Limpieza y Hogar,Estropajo bayeta y guantes,,Guantes 100% nitrilo talla grande,2020-09-26 00:11:00
1938274,Limpieza y Hogar,Lejia y liquidos fuertes,,Lejía con detergente limón,2020-09-26 00:11:00
1938297,Limpieza y Hogar,Lejia y liquidos fuertes,,Cloro rápido granulado Productos QQ para piscina,2020-09-26 00:11:00
1938986,Limpieza y Hogar,Papel higienico y celulosa,,Servilleta papel,2020-09-26 00:11:00
1939437,Maquillaje,Bases de maquillaje y corrector,,Prebase facial minimiza los poros,2020-09-26 00:11:00
1939439,Maquillaje,Bases de maquillaje y corrector,,Corrector fluido acción global 01,2020-09-26 00:11:00
1939517,Maquillaje,Colorete y polvos,,Colorete labios y mejillas Bom Bom creamy,2020-09-26 00:11:00
1939616,Maquillaje,Labios,,Perfilador de labios 04 canela,2020-09-26 00:11:00
1939820,Maquillaje,Ojos,,Perfilador de ojos 02 hazel,2020-09-26 00:11:00
1939845,Maquillaje,Ojos,,Máscara de pestañas volumen 4 dimensiones negro,2020-09-26 00:11:00
1940738,Mascotas,Gato,,Snack gato aperitivo líquido,2020-09-26 00:11:00
1940750,Mascotas,Perro,,Paté perro adulto Delikut con cordero y verduras,2020-09-26 00:11:00
1941116,Panadería y Pastelería,Bolleria envasada,,Muffins con chips de chocolate Horno de San Juan,2020-09-26 00:11:00
1941639,Panadería y Pastelería,Picos rosquilletas y picatostes,,Regañá,2020-09-26 00:11:00
1941844,Platos Preparados,Platos preparados calientes,,Pasta oriental sabor gamba camarao Maggi,2020-09-26 00:11:00
1942671,Lácteos y Huevos,Yogures y postres infantiles,,Danonino maxi sabor fresa,2020-09-26 00:11:00
1947155,Despensa,Aceite vinagre y sal,,Bicarbonato sódico,2020-09-26 12:04:00
1947210,Despensa,Especias,,Cilantro,2020-09-26 12:04:00
1947217,Despensa,Especias,,Azafrán hebra,2020-09-26 12:04:00
1947307,Despensa,Mayonesa ketchup y mostaza,,Mayonesa,2020-09-26 12:04:00
1947406,Bebidas,Agua,,Agua mineral Bronchales,2020-09-26 12:04:00
1947416,Bebidas,Agua,,Agua mineral Cortes,2020-09-26 12:04:00
1947621,Bebidas,Refresco de cola,,Refresco cola Zero azúcar Zero cafeína,2020-09-26 12:04:00
1947780,Despensa,Aceitunas y encurtidos,,Aceitunas negras naturales de Aragón,2020-09-26 12:04:00
1947823,Frescos,Frutos secos y fruta desecada,Hacendado,Maíz palomitas,2020-09-26 12:04:00
1947825,Frescos,Frutos secos y fruta desecada,Hacendado,Nuez macadamia,2020-09-26 12:04:00
1948297,Desayuno y Dulces,Chicles y caramelos,,Caramelos regaliz mentol Respiral Halls,2020-09-26 12:04:00
1948519,Desayuno y Dulces,Mermelada y miel,,Miel de romero,2020-09-26 12:04:00
1948865,Bodega,Cerveza,,Cerveza doble malta,2020-09-26 12:04:00
1948958,Bodega,Cerveza sin alcohol,,"Cerveza sin gluten Steinburg 0,0% sin alcohol",2020-09-26 12:04:00
1949345,Bodega,Vino tinto,,Vino tinto D.O Rioja Comportillo cosecha,2020-09-26 12:04:00
1949434,Desayuno y Dulces,Cacao soluble y chocolate a la taza,,Cacao soluble instantáneo,2020-09-26 12:04:00
1949441,Desayuno y Dulces,Cacao soluble y chocolate a la taza,,Cacao puro en polvo La Chocolatera,2020-09-26 12:04:00
1949937,Carnicería,Aves y pollo,,Contramuslos de pollo deshuesados y sin piel,2020-09-26 12:04:00
1950108,Carnicería,Cerdo,,Media careta de cerdo sin oreja,2020-09-26 12:04:00
1950260,Carnicería,Hamburguesas y picadas,,Burger de cerdo ibérico gruesas,2020-09-26 12:04:00
1950320,Carnicería,Vacuno,,Entrecot de ternera blanca,2020-09-26 12:04:00
1950532,Desayuno y Dulces,Galletas,,Galletas Digestive avena con chocolate,2020-09-26 12:04:00
1950613,Carnicería,Aves y jamon cocido,Hacendado,Dados de pavo,2020-09-26 12:04:00
1951274,Congelados,Helados,,Helado negro,2020-09-26 12:04:00
1951316,Congelados,Helados,,Helado menta choco con trocitos sabor chocolate,2020-09-26 12:04:00
1951586,Platos Preparados,Pizzas,,Pizza salmón y gambas ultracongelada,2020-09-26 12:04:00
1951762,Frescos,Verdura,,Patatas horno ultracongeladas,2020-09-26 12:04:00
1951911,Frescos,Conservas de verdura y frutas,Ybarra,Patata entera,2020-09-26 12:04:00
1951919,Frescos,Conservas de verdura y frutas,Hacendado,Brotes germinados,2020-09-26 12:04:00
1951983,Despensa,Gazpacho y cremas,,Gazpacho tradicional,2020-09-26 12:04:00
1952639,Cuidado Personal,Afeitado y cuidado para hombre,,Gel de afeitar piel sensible con aloe vera y alantoína,2020-09-26 12:04:00
1952645,Cuidado Personal,Afeitado y cuidado para hombre,,Jabón de afeitar en roll-on Lea,2020-09-26 12:04:00
1952772,Otros,Cuidado corporal,,Toallitas limpiadoras faciales con espuma cara y ojos,2020-09-26 12:04:00
1952869,Cuidado Personal,Cuidado e higiene facial,,Gel facial secante corrector pieles grasas,2020-09-26 12:04:00
1952984,Cuidado Personal,Desodorante,,Desodorante en crema original,2020-09-26 12:04:00
1952988,Cuidado Personal,Desodorante,,Desodorante roll-on original,2020-09-26 12:04:00
1953236,Cuidado Personal,Higiene bucal,,Dentífrico blanqueador avanzado Licor del Polo 2 en 1,2020-09-26 12:04:00
1953270,Cuidado Personal,Higiene bucal,,Enjuague bucal cuidado total Listerine menta fresca,2020-09-26 12:04:00
1953502,Cuidado Personal,Manicura y pedicura,,Separador dedos,2020-09-26 12:04:00
1953667,Cuidado Personal,Perfume y colonia,,Fragancia mora Monogotas,2020-09-26 12:04:00
1953670,Cuidado Personal,Perfume y colonia,,Eau de toilette mujer Malú Live love music,2020-09-26 12:04:00
1953748,Cuidado Personal,Perfume y colonia,,Eau de toilette hombre Adidas Dare edition,2020-09-26 12:04:00
1953966,Salud,Fitoterapia,,Sticks saciante,2020-09-26 12:04:00
1954407,Lácteos y Huevos,Leche y bebidas vegetales,,Bebida de soja con chocolate,2020-09-26 12:04:00
1954541,Lácteos y Huevos,Mantequilla y margarina,,Margarina con sal Tulipán,2020-09-26 12:04:00
1954571,Limpieza y Hogar,Detergente y suavizante ropa,,Detergente ropa prendas delicadas Perlan líquido,2020-09-26 12:04:00
1954784,Limpieza y Hogar,Insecticida y ambientador,,Ambientador coche lima,2020-09-26 12:04:00
1955510,Limpieza y Hogar,Utensilios de limpieza y calzado,,Plantillas sport talla 41-46,2020-09-26 12:04:00
1955589,Maquillaje,Bases de maquillaje y corrector,,Corrector fluido acción global 02,2020-09-26 12:04:00
1955983,Pescadería,Pescado congelado,Hacendado,Sepia limpia pequeña congelada,2020-09-26 12:04:00
1956636,Panadería y Pastelería,Pan de horno,,Panecillo de queso 18%,2020-09-26 12:04:00
1956647,Panadería y Pastelería,Pan de horno,,11 Panecillos,2020-09-26 12:04:00
1956748,Panadería y Pastelería,Pan de molde y otras especialidades,,Tortillas integrales,2020-09-26 12:04:00
1956796,Panadería y Pastelería,Pan tostado y rallado,,Pan rallado casero,2020-09-26 12:04:00
1957058,Platos Preparados,Platos preparados calientes,,Lentejas a la riojana,2020-09-26 12:04:00
1957140,Otros,Platos preparados frios,,Salmorejo fresco,2020-09-26 12:04:00
1957289,Cuidado Personal,Gelatina y otros postres,,Mousse de chocolate,2020-09-26 12:04:00
1957295,Cuidado Personal,Gelatina y otros postres,,Cheesecake con arándanos,2020-09-26 12:04:00
1957780,Despensa,Tomate y otros sabores,,Néctar de pera sin azúcares añadidos,2020-09-26 12:04:00
1969122,Bebidas,Agua,,Agua mineral pequeña tapón infantil,2020-09-27 00:05:00
1969165,Bebidas,Isotonico y energetico,,Bebida isotónica blue Iso drink,2020-09-27 00:05:00
1969527,Frescos,Frutos secos y fruta desecada,Hacendado,Dátiles sin hueso,2020-09-27 00:05:00
1969728,Despensa,Pasta y fideos,,Fideos orientales Yakisoba classic,2020-09-27 00:05:00
1969781,Desayuno y Dulces,Chicles y caramelos,,Chicle menta fuerte gragea,2020-09-27 00:05:00
1969799,Desayuno y Dulces,Chicles y caramelos,,Caramelos limón mentol Respiral Halls,2020-09-27 00:05:00
1970036,Bebé,Alimentacion infantil,,Postre lácteo infantil de plátano Yogolino +6 meses,2020-09-27 00:05:00
1970063,Bebé,Alimentacion infantil,,Preparado lácteo crecimiento Junior,2020-09-27 00:05:00
1970082,Bebé,Alimentacion infantil,,Leche para lactantes en polvo 1 baby,2020-09-27 00:05:00
1970242,Bodega,Cerveza,,Cerveza Clásica Steinburg,2020-09-27 00:05:00
1970323,Bodega,Cerveza,,Bebida cider con gas Wild panther sabor a manzana,2020-09-27 00:05:00
1970433,Bodega,Licores,,Whiskey bourbon Black County,2020-09-27 00:05:00
1970449,Bodega,Licores,,Piña colada Pi.omka,2020-09-27 00:05:00
1970586,Bodega,Vino blanco,,Vino blanco semidulce Diamante D.O Rioja,2020-09-27 00:05:00
1970966,Otros,Arreglos,,"Arreglo para puchero vacuno, cerdo y pollo",2020-09-27 00:05:00
1971036,Carnicería,Aves y pollo,,Medio pollo,2020-09-27 00:05:00
1971165,Carnicería,Conejo y cordero,,Garretas brazuelo de cordero,2020-09-27 00:05:00
1971443,Desayuno y Dulces,Galletas,,Galletas de mantequilla Belgas,2020-09-27 00:05:00
1971543,Charcutería y Quesos,Chopped y mortadela,,Galantina con pistacho y trufa finas lonchas,2020-09-27 00:05:00
1971829,Charcutería y Quesos,Queso untable y fresco,,Mousse de queso y nueces,2020-09-27 00:05:00
1971965,Congelados,Helados,,Castañas heladas de nata,2020-09-27 00:05:00
1972172,Platos Preparados,Pizzas,,Pizza atún ultracongelada,2020-09-27 00:05:00
1972318,Frescos,Verdura,Hacendado,Guisante fino ultracongelado,2020-09-27 00:05:00
1972351,Frescos,Verdura,Hacendado,Brócoli,2020-09-27 00:05:00
1972386,Frescos,Verdura,,Wakame ensalada del mar congelada,2020-09-27 00:05:00
1972574,Frescos,Conservas de verdura y frutas,Hacendado,Macedonia de verduras,2020-09-27 00:05:00
1972683,Despensa,Gazpacho y cremas,,Gazpacho fresco,2020-09-27 00:05:00
1972788,Cuidado Personal,Acondicionador y mascarilla,,Ampollas cabello,2020-09-27 00:05:00
1972839,Cuidado Personal,Champu,,Champú infantil Kids,2020-09-27 00:05:00
1972975,Cuidado Personal,Coloracion cabello,,Coloración permanente 9.1 rubio clarísimo ceniza,2020-09-27 00:05:00
1972982,Cuidado Personal,Coloracion cabello,,Coloración permanente 6.35 rubio caramelo,2020-09-27 00:05:00
1973001,Cuidado Personal,Coloracion cabello,,Coloración permanente L'Oréal 9.3 rubio muy claro dorado,2020-09-27 00:05:00
1973142,Cuidado Personal,Afeitado y cuidado para hombre,,After shave bálsamo piel sensible 0% alcohol ni perfume,2020-09-27 00:05:00
1973212,Otros,Cuidado corporal,,Gel refrescante mentol para pies y piernas,2020-09-27 00:05:00
1973313,Cuidado Personal,Cuidado e higiene facial,,Crema facial antiedad revitalizante Sisbela reestructuradora,2020-09-27 00:05:00
1973393,Cuidado Personal,Depilacion,,Cera caliente en tarro apta piel sensible,2020-09-27 00:05:00
1973666,Cuidado Personal,Higiene bucal,,Enjuague bucal infantil previene las caries sin alcohol,2020-09-27 00:05:00
1973766,Cuidado Personal,Manicura y pedicura,,Tratamiento para uñas gel quita-cutículas,2020-09-27 00:05:00
1974169,Salud,Fitoterapia,,Cápsulas huesos y articulaciones,2020-09-27 00:05:00
1974225,Salud,Parafarmacia,,Preservativos natural On,2020-09-27 00:05:00
1974242,Frescos,Fruta,,Manzana golden,2020-09-27 00:05:00
1974275,Frescos,Fruta,,Ciruela roja,2020-09-27 00:05:00
1974291,Frescos,Lechuga y ensalada preparada,,Lechuga corazón romana,2020-09-27 00:05:00
1974465,Lácteos y Huevos,Leche y bebidas vegetales,,Bebida láctea crecimiento y desarrollo Max,2020-09-27 00:05:00
1974476,Lácteos y Huevos,Leche y bebidas vegetales,,Preparado lácteo cereales al cacao Peques 3,2020-09-27 00:05:00
1974511,Lácteos y Huevos,Mantequilla y margarina,,Mantequilla sin sal añadida,2020-09-27 00:05:00
1974514,Lácteos y Huevos,Mantequilla y margarina,,Mantequilla con sal,2020-09-27 00:05:00
1974746,Limpieza y Hogar,Insecticida y ambientador,,Difusor multifragancia eléctrico,2020-09-27 00:05:00
1974949,Limpieza y Hogar,Limpiahogar y friegasuelos,,Multiusos desinfectante antibacterias,2020-09-27 00:05:00
1975437,Maquillaje,Colorete y polvos,,Iluminador facial Bom Bom creamy 03,2020-09-27 00:05:00
1975929,Mascotas,Gato,,"Bocaditos en salsa gato adulto Delikuit con salmón, trucha y verduras",2020-09-27 00:05:00
1975953,Mascotas,Gato,,Comida gato adulto con ternera y verduras,2020-09-27 00:05:00
1976138,Panadería y Pastelería,Bolleria de horno,,Bizcocho sin gluten y sin lactosa,2020-09-27 00:05:00
1976380,Panadería y Pastelería,Pan de horno,,Pan integral 100% rebanado,2020-09-27 00:05:00
1976749,Platos Preparados,Platos preparados calientes,,Fideos orientales Yakisoba de pollo,2020-09-27 00:05:00
1977068,Lácteos y Huevos,Yogures liquidos,,Bebida láctea tropical Danacol 0% azúcares añadidos,2020-09-27 00:05:00
1977126,Lácteos y Huevos,Yogures y postres infantiles,,Yogur infantil cremoso de fresa Go-Lácteo +8 meses,2020-09-27 00:05:00
1990620,Despensa,Otras salsas,,Tomate frito,2020-09-27 12:00:00
1990623,Despensa,Otras salsas,,Tomate frito receta artesana,2020-09-27 12:00:00
1990682,Bebidas,Agua,,Agua mineral Bronchales pequeña tapón infantil,2020-09-27 12:00:00
1991247,Despensa,Arroz,,Arroz especial ensaladas y guarnición,2020-09-27 12:00:00
1991286,Despensa,Legumbres,,Alubia pinta,2020-09-27 12:00:00
1991291,Despensa,Legumbres,,Lenteja cocida pardina,2020-09-27 12:00:00
1991365,Despensa,Pasta y fideos,,Penne sin gluten Felicia,2020-09-27 12:00:00
1991376,Despensa,Pasta y fideos,,Spaghetti Armando,2020-09-27 12:00:00
1991377,Despensa,Pasta y fideos,,Spaghetti,2020-09-27 12:00:00
1991393,Despensa,Pasta y fideos,,Placas para lasaña precocidas El Pavo,2020-09-27 12:00:00
1991563,Desayuno y Dulces,Chocolate,,Chocolate con leche Valor almendras enteras,2020-09-27 12:00:00
1991633,Desayuno y Dulces,Chocolate,,Crema al cacao y leche con avellanas,2020-09-27 12:00:00
1992046,Bodega,Cerveza,,Cerveza Amstel,2020-09-27 12:00:00
1992048,Bodega,Cerveza,,Cerveza Clásica Steinburg,2020-09-27 12:00:00
1992348,Bodega,Tinto de verano y sangria,,Tinto de verano limón,2020-09-27 12:00:00
1992578,Bodega,Vino tinto,,Vino tinto D.O Rioja Reservado crianza,2020-09-27 12:00:00
1992806,Bebidas Calientes,Cafe soluble y otras bebidas,,Café soluble en sobres descafeinado,2020-09-27 12:00:00
1993083,Carnicería,Aves y pollo,,Mollejas de pollo,2020-09-27 12:00:00
1993440,Carnicería,Empanados y elaborados,Hacendado,Croquetas de pollo ultracongeladas,2020-09-27 12:00:00
1993589,Desayuno y Dulces,Cereales,,Cereales con salvado de trigo fibra sticks,2020-09-27 12:00:00
1993701,Desayuno y Dulces,Galletas,,Bizcocho bañado en chocolate con leche Cadbury delight,2020-09-27 12:00:00
1993927,Charcutería y Quesos,Embutido curado,,Taquitos de chorizo Revilla,2020-09-27 12:00:00
1994048,Charcutería y Quesos,Pate y sobrasada,,Sobrasada selecta L'Illa especialidades,2020-09-27 12:00:00
1994344,Congelados,Helados,,Helado de nata y galleta cacao,2020-09-27 12:00:00
1994638,Frescos,Verdura,Hacendado,Guisante fino ultracongelado,2020-09-27 12:00:00
1994934,Frescos,Conservas de verdura y frutas,Hacendado,Cerezas en almíbar denso,2020-09-27 12:00:00
1995076,Despensa,Sopa y caldo,,Caldo de pollo en pastillas,2020-09-27 12:00:00
1995127,Despensa,Tomate,,Tomate seco en aceite,2020-09-27 12:00:00
1995350,Cuidado Personal,Coloracion cabello,,Coloración permanente 7.40 rubio cobrizo intenso,2020-09-27 12:00:00
1995477,Cuidado Personal,Fijacion cabello,,Gel fijador extra fuerte todo tipo de cabello fijación 4,2020-09-27 12:00:00
1995583,Cuidado Personal,Afeitado y cuidado para hombre,,Brocha de afeitar pelo de tejón,2020-09-27 12:00:00
1995811,Cuidado Personal,Cuidado e higiene facial,,Ampollas faciales ácido hialurónico concentrado,2020-09-27 12:00:00
1995835,Cuidado Personal,Depilacion,,Crema depilatoria Veet for men piel normal,2020-09-27 12:00:00
1996186,Cuidado Personal,Higiene intima,,Pañal adulto talla M,2020-09-27 12:00:00
1996237,Cuidado Personal,Manicura y pedicura,,Lima fibra de vidrio,2020-09-27 12:00:00
1996324,Cuidado Personal,Perfume y colonia,,Eau de toilette mujer Chanson d'Eau,2020-09-27 12:00:00
1996350,Cuidado Personal,Perfume y colonia,,Eau de toilette mujer Adolfo Dominguez Agua de bambú,2020-09-27 12:00:00
1996489,Cuidado Personal,Protector solar y aftersun,,Gel protección solar facial anti-edad Seesee FPS 50+,2020-09-27 12:00:00
1996606,Salud,Parafarmacia,,Tiras protectoras de espuma sport Doctor San,2020-09-27 12:00:00
1996770,Frescos,Lechuga y ensalada preparada,,Ensalada mezcla fresca,2020-09-27 12:00:00
1996921,Lácteos y Huevos,Leche y bebidas vegetales,,Bebida de almendras Almendrola,2020-09-27 12:00:00
1997062,Limpieza y Hogar,Detergente y suavizante ropa,,Quitamanchas en seco,2020-09-27 12:00:00
1997155,Limpieza y Hogar,Insecticida y ambientador,,Colgador antipolillas lavanda,2020-09-27 12:00:00
1997189,Limpieza y Hogar,Insecticida y ambientador,Brise,Ambientador by lavanda y jazmín,2020-09-27 12:00:00
1997533,Limpieza y Hogar,Papel higienico y celulosa,,Servilleta papel decorada suavidad y absorción,2020-09-27 12:00:00
1997574,Limpieza y Hogar,Pilas y bolsas de basura,,Bolsa de basura extra 30L cubo mediano,2020-09-27 12:00:00
1997640,Limpieza y Hogar,Utensilios de limpieza y calzado,,Cepillo de ropa,2020-09-27 12:00:00
1998010,Maquillaje,Pinceles y brochas,,Esponja maquillaje triángulos,2020-09-27 12:00:00
1998156,Pescadería,Pescado fresco,,Corvina limpia con cabeza,2020-09-27 12:00:00
1998209,Pescadería,Salazones y ahumados,,Salmón ahumado Ubago,2020-09-27 12:00:00
1998318,Mascotas,Gato,,Anti orines para perros y gatos Krislin,2020-09-27 12:00:00
1998413,Mascotas,Pez y otros,,Alimento completo para periquitos Granzoo,2020-09-27 12:00:00
1998657,Panadería y Pastelería,Harina y preparado reposteria,,Preparado para pizzas,2020-09-27 12:00:00
1999187,Otros,Platos preparados frios,,Gazpacho suave,2020-09-27 12:00:00
1999226,Lácteos y Huevos,Bifidus,,Bífidus con avena y nueces,2020-09-27 12:00:00
1999279,Otros,Postres de soja,,Postre de soja con piña y maracuyá,2020-09-27 12:00:00
1999358,Lácteos y Huevos,Yogures liquidos,,Bebida láctea natural azucarada,2020-09-27 12:00:00
2012310,Despensa,Otras salsas,,Tomate frito con cebolla,2020-09-28 00:02:00
2012891,Frescos,Frutos secos y fruta desecada,Hacendado,Almendra natural,2020-09-28 00:02:00
2013169,Despensa,Pasta y fideos,,Macarrón rayado,2020-09-28 00:02:00
2013300,Desayuno y Dulces,Chicles y caramelos,,Caramelos regaliz sabor mentol Dolis,2020-09-28 00:02:00
2013335,Desayuno y Dulces,Chocolate,,Chocolate negro Valor puro almendras enteras,2020-09-28 00:02:00
2013566,Bebé,Alimentacion infantil,,Leche de continuación Peques 2,2020-09-28 00:02:00
2014406,Bebidas Calientes,Cafe capsula y monodosis,,Café monodosis descafeinado Espresso,2020-09-28 00:02:00
2014575,Carnicería,Aves y pollo,,Chuletas de pavo al ajillo,2020-09-28 00:02:00
2014608,Carnicería,Aves y pollo,,Contramuslos de pollo sin piel,2020-09-28 00:02:00
2014649,Carnicería,Carne congelada,,Rabo de vacuno añojo congelado,2020-09-28 00:02:00
2014725,Carnicería,Conejo y cordero,,Filetes hígado de cordero,2020-09-28 00:02:00
2014905,Carnicería,Empanados y elaborados,,Pechugas de pollo empanadas marinadas,2020-09-28 00:02:00
2014956,Desayuno y Dulces,Cereales,,Muesli crunchy,2020-09-28 00:02:00
2015038,Desayuno y Dulces,Galletas,,Galletas Digestive avena,2020-09-28 00:02:00
2015162,Carnicería,Aves y jamon cocido,Hacendado,Pechuga de pavo finas lonchas,2020-09-28 00:02:00
2015267,Charcutería y Quesos,Chopped y mortadela,,Mortadela,2020-09-28 00:02:00
2015374,Charcutería y Quesos,Jamon serrano,,Panceta salada ibérica La Hacienda del ibérico,2020-09-28 00:02:00
2015599,Charcutería y Quesos,Queso untable y fresco,,Perlas de mozzarella fresca,2020-09-28 00:02:00
2015809,Congelados,Helados,,Helado cucurucho de chocolate,2020-09-28 00:02:00
2015845,Congelados,Helados,,Sorbete con mango,2020-09-28 00:02:00
2016173,Frescos,Verdura,Hacendado,Zanahoria baby ultracongelada,2020-09-28 00:02:00
2016196,Frescos,Verdura,,Patatas bravas ultracongeladas,2020-09-28 00:02:00
2016729,Cuidado Personal,Fijacion cabello,,Espuma rizos definidos fijación 5,2020-09-28 00:02:00
2016745,Cuidado Personal,Fijacion cabello,,Protector térmico cabello fijación 1,2020-09-28 00:02:00
2016888,Otros,Cuidado corporal,,Loción corporal 10% urea pura,2020-09-28 00:02:00
2017033,Cuidado Personal,Cuidado e higiene facial,,Crema facial día antiarrugas 45+,2020-09-28 00:02:00
2017096,Cuidado Personal,Depilacion,,Crema depilatoria Veet piel seca,2020-09-28 00:02:00
2017251,Cuidado Personal,Higiene bucal,,Dentífrico gel infantil + 2 años 2 en 1,2020-09-28 00:02:00
2017328,Cuidado Personal,Higiene intima,,Compresa con alas noche Suave,2020-09-28 00:02:00
2017747,Cuidado Personal,Perfume y colonia,,Lote hombre Antonio Banderas Power of Seduction,2020-09-28 00:02:00
2018247,Lácteos y Huevos,Leche y bebidas vegetales,,Leche desnatada sin lactosa,2020-09-28 00:02:00
2018257,Lácteos y Huevos,Leche y bebidas vegetales,,Leche desnatada,2020-09-28 00:02:00
2018368,Lácteos y Huevos,Leche y bebidas vegetales,,Leche de continuación Peques 2,2020-09-28 00:02:00
2018493,Limpieza y Hogar,Detergente y suavizante ropa,,Jabón en escamas Capricho con aceite de coco y glicerina,2020-09-28 00:02:00
2018518,Limpieza y Hogar,Detergente y suavizante ropa,,Suavizante ropa nutrive concentrado,2020-09-28 00:02:00
2018694,Limpieza y Hogar,Insecticida y ambientador,,Barras de incienso Sonata aroma jazmín,2020-09-28 00:02:00
2019053,Limpieza y Hogar,Pilas y bolsas de basura,,Bolsa de basura compostables 10L cubo pequeño,2020-09-28 00:02:00
2019144,Limpieza y Hogar,Utensilios de limpieza y calzado,,Plumero atrapa polvo,2020-09-28 00:02:00
2019177,Limpieza y Hogar,Utensilios de limpieza y calzado,,Plantillas gel talla 41-46,2020-09-28 00:02:00
2019259,Maquillaje,Colorete y polvos,,Colorete compacto 01,2020-09-28 00:02:00
2019400,Maquillaje,Labios,,Pintalabios mate 12,2020-09-28 00:02:00
2019494,Maquillaje,Ojos,,Fijador Primer sombras de ojos,2020-09-28 00:02:00
2019548,Pescadería,Pescado congelado,Hacendado,Filetes de bacalao sin espinas congelado,2020-09-28 00:02:00
2019718,Pescadería,Salazones y ahumados,,Bacalao ahumado Ubago en aceite de girasol,2020-09-28 00:02:00
2019827,Mascotas,Gato,,Comida gato adulto con ternera y verduras,2020-09-28 00:02:00
2019857,Mascotas,Gato,,Snack gato barritas de pollo e hígado,2020-09-28 00:02:00
2019885,Mascotas,Perro,,Mini aritos perro adulto,2020-09-28 00:02:00
2019889,Mascotas,Perro,,Comida perro adulto Supreme con salmón y arroz,2020-09-28 00:02:00
2019911,Mascotas,Perro,,Snack perro mix galletas con aroma de vainilla,2020-09-28 00:02:00
2020152,Panadería y Pastelería,Pan de horno,,3 Baguettes masa madre,2020-09-28 00:02:00
2020297,Panadería y Pastelería,Pan tostado y rallado,,Mini biscotes integrales Minigrill,2020-09-28 00:02:00
2020654,Lácteos y Huevos,Yogures desnatados,,Yogur cremoso con frutas del bosque 0% materia grasa 0% sin azúcares añadidos,2020-09-28 00:02:00
2020693,Lácteos y Huevos,Yogures liquidos,,Bebida láctea de fresa L-casei,2020-09-28 00:02:00
2020772,Lácteos y Huevos,Yogures y postres infantiles,,Petit de bolsillo de fresa,2020-09-28 00:02:00
2020847,Otros,Melocoton y pina,,Zumo de piña selección,2020-09-28 00:02:00
2033775,Despensa,Aceite vinagre y sal,,Aceite de aguacate Ethnos,2020-09-28 12:00:00
2034215,Bebidas,Refresco de naranja y de limon,,Refresco lima limón,2020-09-28 12:00:00
2034224,Bebidas,Refresco de naranja y de limon,,Refresco naranja,2020-09-28 12:00:00
2034268,Bebidas,Refresco de te y sin gas,,Refresco té sabor mango cero,2020-09-28 12:00:00
2034280,Bebidas,Refresco de te y sin gas,,Refresco de naranja Gold Spring sin gas,2020-09-28 12:00:00
2034328,Despensa,Aceitunas y encurtidos,,Aceitunas rellenas con pepinillo,2020-09-28 12:00:00
2034421,Frescos,Frutos secos y fruta desecada,Hacendado,Nuez macadamia,2020-09-28 12:00:00
2034687,Despensa,Pasta y fideos,,Pasta infantil con vegetales,2020-09-28 12:00:00
2035071,Bebé,Alimentacion infantil,,Papilla arroz con pollo baby natur +6 meses,2020-09-28 12:00:00
2035124,Bebé,Alimentacion infantil,,Leche para lactantes en polvo 1 Nidina,2020-09-28 12:00:00
2035227,Bebé,Biberon chupete y menaje,,Portachupetes,2020-09-28 12:00:00
2035232,Bebé,Biberon chupete y menaje,,Babero pequeño de 0 a 4 meses,2020-09-28 12:00:00
2035246,Cuidado Personal,Higiene y cuidado,,Loción corporal infantil hidratante,2020-09-28 12:00:00
2035752,Bodega,Vino blanco,,Vino blanco D.O Rueda Abadía Mantrús Sauvignon blanc,2020-09-28 12:00:00
2036153,Bebidas Calientes,Cafe soluble y otras bebidas,,Horchata fresca,2020-09-28 12:00:00
2036212,Bebidas Calientes,Te e infusiones,,Infusión Figura,2020-09-28 12:00:00
2036292,Carnicería,Aves y pollo,,Tacos de pavo al ajillo,2020-09-28 12:00:00
2036536,Carnicería,Cerdo,,Presa de cerdo ibérico,2020-09-28 12:00:00
2036790,Carnicería,Empanados y elaborados,,Croquetas de pollo,2020-09-28 12:00:00
2036810,Desayuno y Dulces,Cereales,,Anillos de cereales Colors sabor a frutas,2020-09-28 12:00:00
2037013,Carnicería,Aves y jamon cocido,Hacendado,Jamón cocido extra finas lonchas,2020-09-28 12:00:00
2037511,Congelados,Helados,,Granizado de limón,2020-09-28 12:00:00
2037624,Pescadería,Pescado,Hacendado,Filetes de merluza del cabo sin piel ultracongelados,2020-09-28 12:00:00
2037887,Frescos,Verdura,Hacendado,Patatas corte grueso ultracongeladas,2020-09-28 12:00:00
2038076,Frescos,Conservas de verdura y frutas,Hacendado,Pimientos en tiras condimentados,2020-09-28 12:00:00
2038321,Despensa,Tomate,,Tomate triturado,2020-09-28 12:00:00
2038368,Cuidado Personal,Acondicionador y mascarilla,,Mascarilla cabello Elvive color vive,2020-09-28 12:00:00
2038500,Cuidado Personal,Coloracion cabello,,Coloración permanente 2.10 negro azul,2020-09-28 12:00:00
2038543,Cuidado Personal,Coloracion cabello,,Coloración permanente 6.60 rojo pasión,2020-09-28 12:00:00
2038604,Cuidado Personal,Coloracion cabello,,Coloración permanente sin amoníaco 6.0 rubio oscuro,2020-09-28 12:00:00
2038955,Cuidado Personal,Cuidado e higiene facial,,Mascarilla facial cremosa de coco Montagne Jeunesse,2020-09-28 12:00:00
2039375,Cuidado Personal,Higiene intima,,Protegeslip de incontinencia pequeño,2020-09-28 12:00:00
2039451,Cuidado Personal,Manicura y pedicura,,Laca de uñas Butterfly 950 rojo oscuro,2020-09-28 12:00:00
2039479,Cuidado Personal,Manicura y pedicura,,Lima durezas,2020-09-28 12:00:00
2039531,Cuidado Personal,Perfume y colonia,,Eau de cologne Royale Ambree,2020-09-28 12:00:00
2039893,Salud,Parafarmacia,,Preservativos stimulating On texturados,2020-09-28 12:00:00
2039998,Frescos,Lechuga y ensalada preparada,,Ensalada de la casa,2020-09-28 12:00:00
2040147,Lácteos y Huevos,Leche y bebidas vegetales,,Leche entera sin lactosa,2020-09-28 12:00:00
2040182,Lácteos y Huevos,Leche y bebidas vegetales,,Bebida de almendras Soymilk,2020-09-28 12:00:00
2040498,Limpieza y Hogar,Insecticida y ambientador,,Ambientador perlas tiernos recuerdos,2020-09-28 12:00:00
2040533,Limpieza y Hogar,Lejia y liquidos fuertes,,Lejía multiusos,2020-09-28 12:00:00
2040567,Limpieza y Hogar,Limpiahogar y friegasuelos,,Friegasuelos spa líquido,2020-09-28 12:00:00
2040747,Despensa,Menaje y conservacion de alimentos,,Papel vegetal,2020-09-28 12:00:00
2040903,Limpieza y Hogar,Utensilios de limpieza y calzado,,Pinzas de plástico,2020-09-28 12:00:00
2040907,Limpieza y Hogar,Utensilios de limpieza y calzado,,Cepillo de ropa,2020-09-28 12:00:00
2040995,Maquillaje,Bases de maquillaje y corrector,,Maquillaje fluido anti-age 30 sand,2020-09-28 12:00:00
2041041,Maquillaje,Bases de maquillaje y corrector,,Corrector fluido acción global 01,2020-09-28 12:00:00
2041258,Maquillaje,Ojos,,Paleta sombras de ojos perladas My Soul,2020-09-28 12:00:00
2041363,Pescadería,Pescado congelado,Hacendado,Tiras de potón del Pacífico congeladas,2020-09-28 12:00:00
2041401,Pescadería,Pescado en bandeja,,Huevas cocidas de merluzas Embumar,2020-09-28 12:00:00
2041475,Pescadería,Salazones y ahumados,Hacendado,Boquerones en vinagre en aceite de girasol,2020-09-28 12:00:00
2041519,Pescadería,Sushi,,Gyozas de pollo Sushita,2020-09-28 12:00:00
2041768,Panadería y Pastelería,Bolleria envasada,,Tortas de aceite Inés Rosales sin azúcar,2020-09-28 12:00:00
2042311,Otros,Velas y decoracion,,Vela de cumpleaños 6,2020-09-28 12:00:00
2042620,Lácteos y Huevos,Yogures desnatados,,Yogur cremoso con piña 0% materia grasa 0% sin azúcares añadidos,2020-09-28 12:00:00
2042837,Bebidas,Naranja,,Néctar de naranja sin azúcares añadidos,2020-09-28 12:00:00
2055540,Despensa,Mayonesa ketchup y mostaza,,Mostaza,2020-09-29 00:00:00
2056060,Bebidas,Refresco de te y sin gas,,Refresco de naranja sin gas,2020-09-29 00:00:00
2056335,Aperitivos,Patatas fritas y snacks,,Patatas fritas al punto de sal Lay's,2020-09-29 00:00:00
2056336,Aperitivos,Patatas fritas y snacks,,Patatas fritas sabor limón y pimienta,2020-09-29 00:00:00
2056888,Desayuno y Dulces,Chicles y caramelos,,Caramelos regaliz sabor mentol Dolis,2020-09-29 00:00:00
2057297,Bebé,Alimentacion infantil,,Papilla instantánea 8 cereales +6 meses,2020-09-29 00:00:00
2057502,Cuidado Personal,Higiene y cuidado,,Gel - champú bebé para pieles atópicas,2020-09-29 00:00:00
2057853,Bodega,Cerveza,,Cerveza,2020-09-29 00:00:00
2058287,Bodega,Sidra y cava,,Sidra extra El Gaitero,2020-09-29 00:00:00
2058290,Bodega,Sidra y cava,,Cava brut Cabré & Sabaté,2020-09-29 00:00:00
2058335,Bodega,Tinto de verano y sangria,,Tinto de verano clásico Sandevid,2020-09-29 00:00:00
2058720,Bodega,Vino tinto,,Vino tinto D.O Ribera del Duero Condado de Teón crianza,2020-09-29 00:00:00
2058734,Bodega,Vino tinto,,Vino tinto Porto Tawny Almeida Dias,2020-09-29 00:00:00
2058985,Bebidas Calientes,Cafe molido y en grano,,Café en grano mezcla fuerte,2020-09-29 00:00:00
2059446,Carnicería,Aves y pollo,,Codornices abiertas,2020-09-29 00:00:00
2059536,Carnicería,Carne congelada,,Alas de pollo congeladas,2020-09-29 00:00:00
2060256,Desayuno y Dulces,Cereales,,Copos de trigo integral y arroz bañados en chocolate con leche,2020-09-29 00:00:00
2060315,Desayuno y Dulces,Galletas,,Galletas divertidas El Rey León,2020-09-29 00:00:00
2060358,Desayuno y Dulces,Galletas,,Galletas con chocolate con leche,2020-09-29 00:00:00
2061319,Despensa,Arroz y pasta,,Lasaña de carne a la barbacoa ultracongelada,2020-09-29 00:00:00
2061371,Carnicería,Carne,,Pierna de lechal entera congelada,2020-09-29 00:00:00
2061532,Congelados,Helados,,Helado chocolate y cookies,2020-09-29 00:00:00
2061787,Pescadería,Pescado,Hacendado,Filete de salmón rosado salvaje con piel congelado,2020-09-29 00:00:00
2061798,Pescadería,Pescado,Hacendado,Sepia limpia pequeña congelada,2020-09-29 00:00:00
2062261,Pescadería,Atun y otras conservas de pescado,Hacendado,Sardinillas en aceite de oliva,2020-09-29 00:00:00
2062283,Pescadería,Atun y otras conservas de pescado,Hacendado,Huevas de bacalao,2020-09-29 00:00:00
2062441,Frescos,Conservas de verdura y frutas,Hida,Cabello de Ángel,2020-09-29 00:00:00
2062442,Frescos,Conservas de verdura y frutas,Hacendado,Pera en almíbar ligero,2020-09-29 00:00:00
2062832,Cuidado Personal,Acondicionador y mascarilla,,Mascarilla Be Radiant cabello apagado,2020-09-29 00:00:00
2062845,Cuidado Personal,Acondicionador y mascarilla,,Sérum Be Radiant 10 en 1 cabello apagado,2020-09-29 00:00:00
2063060,Cuidado Personal,Coloracion cabello,,Coloración sin amoníaco L'Oréal 503 castaño dorado,2020-09-29 00:00:00
2063131,Cuidado Personal,Coloracion cabello,,Coloración permanente L'Oréal 10 rubio muy claro,2020-09-29 00:00:00
2063413,Cuidado Personal,Afeitado y cuidado para hombre,,Lote corporal Men,2020-09-29 00:00:00
2063990,Cuidado Personal,Desodorante,,Desodorante hombre invisible antimanchas,2020-09-29 00:00:00
2064179,Cuidado Personal,Gel y jabon de manos,,Esponja de baño vegetal fibras naturales,2020-09-29 00:00:00
2064304,Cuidado Personal,Higiene bucal,,Dentífrico blanqueador sensation,2020-09-29 00:00:00
2064465,Cuidado Personal,Higiene intima,,Compresa con alas normal fina y segura,2020-09-29 00:00:00
2064524,Cuidado Personal,Higiene intima,,Braguita incontinencia talla M Tena silhouette color blanco,2020-09-29 00:00:00
2065179,Salud,Fitoterapia,,Lecitina de soja en gránulos,2020-09-29 00:00:00
2065648,Lácteos y Huevos,Leche y bebidas vegetales,,Bebida láctea semidesnatada Folic-B Flora,2020-09-29 00:00:00
2065675,Lácteos y Huevos,Leche y bebidas vegetales,,Leche desnatada fresca,2020-09-29 00:00:00
2065987,Limpieza y Hogar,Detergente y suavizante ropa,,Renovador del color azul marino La Nave lava y tiñe,2020-09-29 00:00:00
2066243,Limpieza y Hogar,Insecticida y ambientador,,Ambientador spray de tejidos elixir floral,2020-09-29 00:00:00
2066246,Limpieza y Hogar,Insecticida y ambientador,,Ambientador eléctrico ropa limpia,2020-09-29 00:00:00
2066422,Limpieza y Hogar,Limpiahogar y friegasuelos,,Abrillantador suelos,2020-09-29 00:00:00
2066777,Despensa,Menaje y conservacion de alimentos,,Film resistente,2020-09-29 00:00:00
2067064,Limpieza y Hogar,Utensilios de limpieza y calzado,,Cepillo fibras duras,2020-09-29 00:00:00
2067208,Maquillaje,Bases de maquillaje y corrector,,Stick iluminador perfectionist 01,2020-09-29 00:00:00
2067406,Maquillaje,Labios,,Brillo de labios transparente 11,2020-09-29 00:00:00
2067555,Maquillaje,Ojos,,Fijador Primer sombras de ojos,2020-09-29 00:00:00
2067903,Pescadería,Pescado fresco,,Morralla,2020-09-29 00:00:00
2067915,Pescadería,Pescado fresco,,Lubina abierta a la espalda con espinas y con cabeza,2020-09-29 00:00:00
2068919,Panadería y Pastelería,Pan de horno,,3 Baguettes masa madre,2020-09-29 00:00:00
2068946,Panadería y Pastelería,Pan de horno,,6 Panes de centeno 51%,2020-09-29 00:00:00
2068955,Panadería y Pastelería,Pan de horno,,"Pan con semillas 4,5% rebanado",2020-09-29 00:00:00
2068989,Panadería y Pastelería,Pan de molde y otras especialidades,,Pan de molde 100% integral,2020-09-29 00:00:00
2069179,Panadería y Pastelería,Picos rosquilletas y picatostes,,Palitos de pan con cacahuete Anitin,2020-09-29 00:00:00
2069180,Panadería y Pastelería,Picos rosquilletas y picatostes,,Palitos con frutos secos,2020-09-29 00:00:00
2070421,Lácteos y Huevos,Yogures naturales y sabores,,Kéfir natural sabor suave,2020-09-29 00:00:00
2077313,Despensa,Mayonesa ketchup y mostaza,,Mayonesa en sobres individuales,2020-09-29 12:00:00
2077322,Despensa,Mayonesa ketchup y mostaza,,Salsa ligera,2020-09-29 12:00:00
2077435,Despensa,Otras salsas,,Salsa fresca carbonara,2020-09-29 12:00:00
2077440,Despensa,Otras salsas,,Salsa de soja dulce,2020-09-29 12:00:00
2077460,Despensa,Otras salsas,,Salsa de trufas,2020-09-29 12:00:00
2077836,Bebidas,Refresco de te y sin gas,,Refresco té sabor melocotón cero,2020-09-29 12:00:00
2078199,Frescos,Frutos secos y fruta desecada,Hacendado,Cocktail mixbeans edamame & soja tostados y salados,2020-09-29 12:00:00
2078387,Aperitivos,Patatas fritas y snacks,,Palomitas de maíz con sal,2020-09-29 12:00:00
2078560,Despensa,Legumbres,,Garbanzo cocido con espinacas,2020-09-29 12:00:00
2078876,Desayuno y Dulces,Chicles y caramelos,,Caramelos miel sabor limón Pifarré,2020-09-29 12:00:00
2079148,Desayuno y Dulces,Golosinas,,Osi choc espumas dulces bañadas de chocolate con leche,2020-09-29 12:00:00
2079670,Panadería y Pastelería,Toallitas y panales,,Pañales bebé talla 2 de 4-8 kg,2020-09-29 12:00:00
2080639,Bebidas Calientes,Cafe capsula y monodosis,,Café en cápsula sontuoso L'Or Espresso,2020-09-29 12:00:00
2080882,Bebidas Calientes,Te e infusiones,,Infusión Tila,2020-09-29 12:00:00
2081120,Carnicería,Aves y pollo,,Medallones solomillo de pavo,2020-09-29 12:00:00
2081168,Carnicería,Aves y pollo,,Pollo entero piezas horno,2020-09-29 12:00:00
2081226,Carnicería,Carne congelada,,Chuletas cordero de lechal congeladas,2020-09-29 12:00:00
2081364,Charcutería y Quesos,Embutido,,Longaniza fresca sin tripa,2020-09-29 12:00:00
2081640,Carnicería,Empanados y elaborados,,Croquetas de pollo,2020-09-29 12:00:00
2081811,Desayuno y Dulces,Galletas,,Galletas rellenas de frambuesa bañadas de chocolate,2020-09-29 12:00:00
2082883,Congelados,Helados,,Helado nata montada,2020-09-29 12:00:00
2083524,Panadería y Pastelería,Tartas y churros,,Tarta red velvet congelada,2020-09-29 12:00:00
2083531,Panadería y Pastelería,Tartas y churros,,Tarta de tiramisú congelada,2020-09-29 12:00:00
2083634,Frescos,Verdura,Hacendado,Ensaladilla ultracongelada,2020-09-29 12:00:00
2083759,Pescadería,Atun y otras conservas de pescado,Hacendado,Calamar en salsa americana,2020-09-29 12:00:00
2083981,Frescos,Conservas de verdura y frutas,Hacendado,Piña en su jugo rodaja mediana,2020-09-29 12:00:00
2083995,Frescos,Conservas de verdura y frutas,,Postre de manzana Jamar,2020-09-29 12:00:00
2084450,Cuidado Personal,Champu,,Champú Argan Oil cabello seco y dañado,2020-09-29 12:00:00
2084627,Cuidado Personal,Coloracion cabello,,Coloración sin amoníaco L'Oréal 503 castaño dorado,2020-09-29 12:00:00
2084692,Cuidado Personal,Coloracion cabello,,Coloración permanente L'Oréal 8 rubio claro,2020-09-29 12:00:00
2084722,Cuidado Personal,Coloracion cabello,,Coloración sin amoníaco L'Oréal 3 moreno natural,2020-09-29 12:00:00
2085016,Cuidado Personal,Peines y accesorios,,Pinza cabello peluquería,2020-09-29 12:00:00
2085019,Cuidado Personal,Peines y accesorios,,Coletero para recogido negro,2020-09-29 12:00:00
2085252,Otros,Cuidado corporal,,Crema corporal,2020-09-29 12:00:00
2085256,Otros,Cuidado corporal,,"Loción corporal pieles atópicas con omegas 3,6 y 9",2020-09-29 12:00:00
2085285,Otros,Cuidado corporal,,Aceite corporal reparador estrías y cicatrices,2020-09-29 12:00:00
2085409,Cuidado Personal,Cuidado e higiene facial,,Desmaquillador de ojos todo tipo de pieles,2020-09-29 12:00:00
2085686,Cuidado Personal,Desodorante,,Polvos desodorantes para pies,2020-09-29 12:00:00
2085923,Cuidado Personal,Higiene intima,,Compresa sin alas extraplana,2020-09-29 12:00:00
2086307,Cuidado Personal,Perfume y colonia,,Mini eau de parfum mujer de Mayo Flower boom,2020-09-29 12:00:00
2086712,Salud,Parafarmacia,,Preservativos real feel Durex,2020-09-29 12:00:00
2087093,Lácteos y Huevos,Leche y bebidas vegetales,,Leche entera,2020-09-29 12:00:00
2087147,Lácteos y Huevos,Leche y bebidas vegetales,,Batido de chocolate 90% leche,2020-09-29 12:00:00
2087472,Limpieza y Hogar,Detergente y suavizante ropa,,Renovador del color azul marino La Nave lava y tiñe,2020-09-29 12:00:00
2088373,Despensa,Menaje y conservacion de alimentos,,Fósforos de madera extra largos Tres Estrellas,2020-09-29 12:00:00
2088915,Maquillaje,Labios,,Vaselina perfumada para labios neutra,2020-09-29 12:00:00
2088949,Maquillaje,Labios,,Pintalabios larga duración No transfer 03 rosa,2020-09-29 12:00:00
2089329,Pescadería,Pescado en bandeja,,Filetes de trucha,2020-09-29 12:00:00
2089470,Pescadería,Salazones y ahumados,,Mojama de atún superior en lonchas Ubago,2020-09-29 12:00:00
2089658,Mascotas,Gato,,Comida gatos júnior con arroz y leche,2020-09-29 12:00:00
2089869,Mascotas,Perro,,Snack perro corazones,2020-09-29 12:00:00
2089954,Panadería y Pastelería,Bolleria de horno,,Surtido croissants rellenos de crema de cacao y crema con leche sabor a chocolate blanco,2020-09-29 12:00:00
2089985,Panadería y Pastelería,Bolleria envasada,,Napolitanas con crema de cacao,2020-09-29 12:00:00
2089988,Panadería y Pastelería,Bolleria envasada,,Bizcochos,2020-09-29 12:00:00
2090453,Panadería y Pastelería,Pan de molde y otras especialidades,,Barra de pan tradicional,2020-09-29 12:00:00
2090684,Panadería y Pastelería,Tartas y pasteles,,Tarta infantil Minions congelada,2020-09-29 12:00:00
2090712,Otros,Velas y decoracion,,Vela de cumpleaños 0,2020-09-29 12:00:00
2091291,Lácteos y Huevos,Yogures desnatados,,Postre lácteo + proteínas con fresa,2020-09-29 12:00:00
2098808,Despensa,Especias,,Albahaca,2020-09-30 00:01:00
2098994,Despensa,Otras salsas,,Tomate frito sin azúcares añadidos,2020-09-30 00:01:00
2098997,Despensa,Otras salsas,,Salsa pimienta verde,2020-09-30 00:01:00
2099148,Bebidas,Agua,,Agua mineral con gas Fonter grande,2020-09-30 00:01:00
2099348,Bebidas,Refresco de cola,,Refresco light,2020-09-30 00:01:00
2099435,Bebidas,Refresco de naranja y de limon,,Refresco de limón zero azúcar fresh gas,2020-09-30 00:01:00
2099853,Frescos,Frutos secos y fruta desecada,Hacendado,Anacardo frito,2020-09-30 00:01:00
2099884,Frescos,Frutos secos y fruta desecada,Hacendado,Cacahuete garrapiñado,2020-09-30 00:01:00
2099906,Frescos,Frutos secos y fruta desecada,Hacendado,Arándanos deshidratados,2020-09-30 00:01:00
2100025,Aperitivos,Patatas fritas y snacks,,Patatas fritas corte ondulado,2020-09-30 00:01:00
2100074,Aperitivos,Patatas fritas y snacks,,Snack de alga con arroz,2020-09-30 00:01:00
2100437,Despensa,Pasta y fideos,,Tortellini con tres quesos Pagani,2020-09-30 00:01:00
2100438,Despensa,Pasta y fideos,,Gnocchi frescos,2020-09-30 00:01:00
2100664,Desayuno y Dulces,Chocolate,,"Surtido bombones Senzza de chocolate con avellana, fondant, praliné y almendra",2020-09-30 00:01:00
2101305,Panadería y Pastelería,Toallitas y panales,,Pañal bebé braguita talla L de 12-18 kg,2020-09-30 00:01:00
2101406,Bodega,Cerveza,,Cerveza Especial Steinburg,2020-09-30 00:01:00
2101443,Bodega,Cerveza,,Cerveza Shandy sabor limón Steinburg,2020-09-30 00:01:00
2101870,Bodega,Vino blanco,,Vino blanco D.O Alicante Bahía de Dénia,2020-09-30 00:01:00
2102149,Bodega,Vino tinto,,Vino tinto Cabernet Sauvignon,2020-09-30 00:01:00
2102163,Bodega,Vino tinto,,Vino tinto Caperucita tinta Torre Oria suave,2020-09-30 00:01:00
2102195,Bodega,Vino tinto,,Vino tinto D.O Campo de Borja Borsao,2020-09-30 00:01:00
2102199,Bodega,Vino tinto,,Vino tinto Porto Tawny Almeida Dias,2020-09-30 00:01:00
2102917,Carnicería,Aves y pollo,,Solomillo de pavo,2020-09-30 00:01:00
2102944,Carnicería,Aves y pollo,,Flautas de pollo y queso,2020-09-30 00:01:00
2103031,Carnicería,Carne congelada,,Yemas de gallina congeladas,2020-09-30 00:01:00
2103678,Desayuno y Dulces,Galletas,,Galletas Digestive avena,2020-09-30 00:01:00
2104124,Charcutería y Quesos,Embutido curado,,Longaniza de pavo extra lonchas,2020-09-30 00:01:00
2104160,Charcutería y Quesos,Embutido curado,,Chorizo de bellota ibérico La hacienda del ibérico,2020-09-30 00:01:00
2104182,Charcutería y Quesos,Jamon serrano,,Jamón bellota ibérico 100% cortado a cuchillo,2020-09-30 00:01:00
2104455,Charcutería y Quesos,Queso lonchas rallado y en porciones,,Queso Edam Holland corona lonchas,2020-09-30 00:01:00
2104846,Congelados,Helados,,Barra de helado turrón,2020-09-30 00:01:00
2105072,Pescadería,Pescado,Hacendado,Gallos sin cabeza ultracongelado,2020-09-30 00:01:00
2105248,Congelados,Rebozados,Pescanova,Aritos de surimi a la romana ultracongelados,2020-09-30 00:01:00
2105250,Congelados,Rebozados,,Filetes de merluza al huevo ultracongelados,2020-09-30 00:01:00
2105255,Congelados,Rebozados,,Mini empanadillas de atún ultracongeladas,2020-09-30 00:01:00
2105428,Frescos,Verdura,Hacendado,Croquetas de setas ultracongeladas,2020-09-30 00:01:00
2106915,Cuidado Personal,Afeitado y cuidado para hombre,,Crema de afeitar piel sensible Lea,2020-09-30 00:01:00
2106939,Cuidado Personal,Afeitado y cuidado para hombre,,Recambios maquinilla de afeitar Mach 3 Start,2020-09-30 00:01:00
2107040,Otros,Cuidado corporal,,Crema reafirmante de senos,2020-09-30 00:01:00
2107044,Otros,Cuidado corporal,,Gel refrescante mentol para pies y piernas,2020-09-30 00:01:00
2107191,Cuidado Personal,Cuidado e higiene facial,,Crema facial día antiarrugas Q10 plus,2020-09-30 00:01:00
2107361,Cuidado Personal,Desodorante,,Desodorante Lactovit,2020-09-30 00:01:00
2107370,Cuidado Personal,Desodorante,,Desodorante Zero %,2020-09-30 00:01:00
2107491,Cuidado Personal,Gel y jabon de manos,,Jabón de manos tiernos recuerdos líquido,2020-09-30 00:01:00
2107513,Cuidado Personal,Gel y jabon de manos,,Esponja de baño infantil Marvel Spiderman,2020-09-30 00:01:00
2107654,Cuidado Personal,Higiene intima,,Compresa sin alas super plegada Classic,2020-09-30 00:01:00
2107659,Cuidado Personal,Higiene intima,,Compresa sin alas normal fina y segura,2020-09-30 00:01:00
2107708,Cuidado Personal,Higiene intima,,Tampones super con aplicador suave,2020-09-30 00:01:00
2107776,Cuidado Personal,Manicura y pedicura,,Laca de uñas alto brillo 36 atardecer rosa,2020-09-30 00:01:00
2107802,Cuidado Personal,Manicura y pedicura,,Tijera uñas,2020-09-30 00:01:00
2107821,Cuidado Personal,Manicura y pedicura,,Apósitos hidrocoloides para ampollas y rozaduras,2020-09-30 00:01:00
2107958,Cuidado Personal,Perfume y colonia,,Eau de toilette mujer Complicity,2020-09-30 00:01:00
2108623,Frescos,Lechuga y ensalada preparada,,Cogollos de lechuga,2020-09-30 00:01:00
2108740,Lácteos y Huevos,Leche y bebidas vegetales,,Leche semidesnatada sin lactosa,2020-09-30 00:01:00
2109383,Limpieza y Hogar,Insecticida y ambientador,,Ambientador varitas frambuesa,2020-09-30 00:01:00
2109438,Limpieza y Hogar,Lejia y liquidos fuertes,,Lejía multiusos,2020-09-30 00:01:00
2109461,Limpieza y Hogar,Lejia y liquidos fuertes,,Kit analizador de pH y cloro para piscina,2020-09-30 00:01:00
2110266,Limpieza y Hogar,Utensilios de limpieza y calzado,,Cordones negros calzado sport,2020-09-30 00:01:00
2110576,Maquillaje,Labios,,Pintalabios Bom Bom creamy 02,2020-09-30 00:01:00
2111081,Pescadería,Pescado fresco,,Morralla,2020-09-30 00:01:00
2111148,Pescadería,Salazones y ahumados,Hacendado,Filetes de sardina ahumada en aceite de girasol,2020-09-30 00:01:00
2112001,Panadería y Pastelería,Bolleria envasada,,Bizcochos al huevo palitos,2020-09-30 00:01:00
2113000,Otros,Platos preparados frios,,Gazpacho andaluz,2020-09-30 00:01:00
2113706,Lácteos y Huevos,Yogures liquidos,,Bebida láctea de frutos silvestres L-casei,2020-09-30 00:01:00
2113947,Frescos,Fruta variada,Hacendado,Néctar tropical sin azúcares añadidos,2020-09-30 00:01:00
2113953,Frescos,Fruta variada,Hacendado,Bebida de frutas rojas antioxidante sin azúcares añadidos,2020-09-30 00:01:00
2120544,Despensa,Mayonesa ketchup y mostaza,,Mostaza de Dijon,2020-09-30 12:00:00
2120742,Bebidas,Agua,,Agua mineral Bronchales mediana,2020-09-30 12:00:00
2121260,Despensa,Aceitunas y encurtidos,,Ajos aliñados,2020-09-30 12:00:00
2121327,Frescos,Frutos secos y fruta desecada,Hacendado,Almendra natural,2020-09-30 12:00:00
2121362,Frescos,Frutos secos y fruta desecada,Hacendado,Nuez natural,2020-09-30 12:00:00
2121706,Despensa,Legumbres,,Lenteja,2020-09-30 12:00:00
2121844,Despensa,Pasta y fideos,,Fideos orientales sabor pollo Yum Yum,2020-09-30 12:00:00
2121915,Desayuno y Dulces,Azucar y edulcorante,,Azúcar blanco en sobres Acor,2020-09-30 12:00:00
2122039,Desayuno y Dulces,Chocolate,,Chocolatinas chocolate extrafino negro,2020-09-30 12:00:00
2122389,Bebé,Alimentacion infantil,,Preparado lácteo con cereales crecimiento Peques 3,2020-09-30 12:00:00
2122421,Bebé,Alimentacion infantil,,Papilla instantánea con cereales sin gluten +4 meses,2020-09-30 12:00:00
2122683,Cuidado Personal,Higiene y cuidado,,Polvos de talco bebé,2020-09-30 12:00:00
2122782,Panadería y Pastelería,Toallitas y panales,,Pañales bebé talla 4 de 9-15 kg,2020-09-30 12:00:00
2125145,Desayuno y Dulces,Cereales,,Cereales rellenos de leche,2020-09-30 12:00:00
2125278,Desayuno y Dulces,Galletas,,Galletas Cookies,2020-09-30 12:00:00
2125565,Charcutería y Quesos,Bacon y salchichas,,Panceta sin corteza La Selva lonchas,2020-09-30 12:00:00
2126599,Congelados,Helados,,Granizado de limón sin azúcares añadidos,2020-09-30 12:00:00
2127109,Congelados,Rebozados,,Nuggets de pollo ultracongelados,2020-09-30 12:00:00
2127494,Pescadería,Atun y otras conservas de pescado,Hacendado,Atún claro en aceite de oliva,2020-09-30 12:00:00
2127703,Frescos,Conservas de verdura y frutas,Hacendado,Macedonia de frutas en zumo de uva,2020-09-30 12:00:00
2127903,Despensa,Gazpacho y cremas,,Gazpacho tradicional,2020-09-30 12:00:00
2127907,Despensa,Gazpacho y cremas,,Salmorejo al estilo cordobés,2020-09-30 12:00:00
2128341,Cuidado Personal,Champu,,Champú Restructuring cabello extremadamente dañado,2020-09-30 12:00:00
2128550,Cuidado Personal,Coloracion cabello,,Coloración permanente 0% amoníaco 10.0 rubio extra claro,2020-09-30 12:00:00
2128921,Otros,Cuidado corporal,,Exfoliante corporal con partículas de coco,2020-09-30 12:00:00
2128923,Otros,Cuidado corporal,,Lote corporal mujer de Mayo Rose Bulgarian,2020-09-30 12:00:00
2129062,Cuidado Personal,Cuidado e higiene facial,,Mascarilla facial peeling de guayaba rosa Montagne Jeunesse,2020-09-30 12:00:00
2129098,Cuidado Personal,Cuidado e higiene facial,,Lote facial mujer programa de belleza anti-age,2020-09-30 12:00:00
2129561,Cuidado Personal,Higiene intima,,Compresa sin alas de incontinencia extra,2020-09-30 12:00:00
2129570,Cuidado Personal,Higiene intima,,Compresa con alas super cotton like,2020-09-30 12:00:00
2129721,Cuidado Personal,Manicura y pedicura,,Tratamiento para uñas gel brillo secado rápido,2020-09-30 12:00:00
2129780,Cuidado Personal,Manicura y pedicura,,Discos protectores para callos y verrugas plantares,2020-09-30 12:00:00
2130048,Cuidado Personal,Perfume y colonia,,Eau de toilette hombre Desafío Sport,2020-09-30 12:00:00
2130062,Cuidado Personal,Perfume y colonia,,Eau de toilette hombre Adidas Victory edition,2020-09-30 12:00:00
2130395,Frescos,Fruta,,Uva negra sin semillas,2020-09-30 12:00:00
2130719,Lácteos y Huevos,Leche y bebidas vegetales,,Bebida de soja con calcio,2020-09-30 12:00:00
2130723,Lácteos y Huevos,Leche y bebidas vegetales,,Bebida de almendras zero Soymilk,2020-09-30 12:00:00
2130733,Lácteos y Huevos,Leche y bebidas vegetales,,Bebida de soja sabor café,2020-09-30 12:00:00
2130782,Lácteos y Huevos,Leche y bebidas vegetales,,Preparado lácteo con cereales crecimiento +1 año,2020-09-30 12:00:00
2130893,Lácteos y Huevos,Mantequilla y margarina,,Margarina con sal Tulipán,2020-09-30 12:00:00
2132086,Limpieza y Hogar,Utensilios de limpieza y calzado,,Recogedor de mano con cepillo,2020-09-30 12:00:00
2132127,Limpieza y Hogar,Utensilios de limpieza y calzado,,Reavivador de ante y nobuk,2020-09-30 12:00:00
2132270,Maquillaje,Bases de maquillaje y corrector,,Maquillaje mat mousse 50 sun bronze,2020-09-30 12:00:00
2132413,Maquillaje,Labios,,Pintalabios mate 04,2020-09-30 12:00:00
2132548,Maquillaje,Ojos,,Sombra de ojos mate 02,2020-09-30 12:00:00
2133258,Mascotas,Gato,,Paté gato júnior Delikuit con pollo y pavo,2020-09-30 12:00:00
2133381,Mascotas,Perro,,Paté perro júnior Delikuit con ternera y leche,2020-09-30 12:00:00
2133390,Mascotas,Perro,,Salchicha perro adulto Delikuit con ternera y zanahoria,2020-09-30 12:00:00
2133447,Mascotas,Pez y otros,,Barritas para periquitos de fruta y miel Natura,2020-09-30 12:00:00
2133530,Panadería y Pastelería,Bolleria de horno,,Berlina al cacao,2020-09-30 12:00:00
2133564,Panadería y Pastelería,Bolleria de horno,,Mini saladas,2020-09-30 12:00:00
2133739,Panadería y Pastelería,Harina y preparado reposteria,,Harina para fritos Nurture,2020-09-30 12:00:00
2133759,Panadería y Pastelería,Harina y preparado reposteria,,Preparado en polvo natillas,2020-09-30 12:00:00
2133779,Panadería y Pastelería,Harina y preparado reposteria,,Masa fresca quebrada brisa,2020-09-30 12:00:00
2134636,Otros,Platos preparados frios,,Tortilla de patata,2020-09-30 12:00:00
2135673,Bebidas,Naranja,,Zumo de naranja recién exprimido,2020-09-30 12:00:00
2141983,Despensa,Aceite vinagre y sal,,Aceite de oliva 1º,2020-10-01 00:00:00
2142054,Despensa,Especias,,Molinillo mix pimientas,2020-10-01 00:00:00
2142084,Despensa,Especias,,Molinillo sal marina con hierbas,2020-10-01 00:00:00
2142388,Despensa,Otras salsas,,Salsa picante Mc. Ilhenny Tabasco,2020-10-01 00:00:00
2142615,Bebidas,Refresco de cola,,Refresco Zero azúcar,2020-10-01 00:00:00
2142711,Bebidas,Refresco de naranja y de limon,,Refresco de limón fresh gas,2020-10-01 00:00:00
2142830,Bebidas,Refresco de te y sin gas,,Refresco de limón sin gas,2020-10-01 00:00:00
2143122,Aperitivos,Patatas fritas y snacks,,Anillos de maiz Kaskys Tosfrit,2020-10-01 00:00:00
2143347,Despensa,Pasta y fideos,,Tortiglioni Armando,2020-10-01 00:00:00
2143676,Desayuno y Dulces,Chocolate,,Vasito con crema de cacao Choco Snack con palitos de pan,2020-10-01 00:00:00
2143849,Desayuno y Dulces,Mermelada y miel,,Miel de caña de azúcar Nuestra Señora del Carmen,2020-10-01 00:00:00
2143959,Bebé,Alimentacion infantil,,Leche para lactantes en polvo 1 Nativa,2020-10-01 00:00:00
2144263,Panadería y Pastelería,Toallitas y panales,,Toallitas bebé cremosas,2020-10-01 00:00:00
2144274,Panadería y Pastelería,Toallitas y panales,,Pañales bebé talla 3 de 4-10 kg,2020-10-01 00:00:00
2144291,Panadería y Pastelería,Toallitas y panales,,Pañal bebé braguita talla XL de 16-28 kg,2020-10-01 00:00:00
2144373,Bodega,Cerveza,,Bebida cider con gas Wild panther sabor a manzana,2020-10-01 00:00:00
2144740,Bodega,Tinto de verano y sangria,,Tinto de verano zero limón Casón Histórico 0% alcohol 0% azúcares,2020-10-01 00:00:00
2144905,Bodega,Vino blanco,,Vino blanco D.O Rueda Abadía Mantrús Sauvignon blanc,2020-10-01 00:00:00
2145008,Bodega,Vino lambrusco y espumoso,,Vino tinto dulce de aguja Sangue di Giuda Cueva peccato,2020-10-01 00:00:00
2145351,Bebidas Calientes,Cafe capsula y monodosis,,Cortado en cápsula,2020-10-01 00:00:00
2146113,Charcutería y Quesos,Embutido,,Morcilla de cebolla oreada,2020-10-01 00:00:00
2146148,Carnicería,Hamburguesas y picadas,,Burger de cerdo y vacuno con barbacoa,2020-10-01 00:00:00
2147173,Charcutería y Quesos,Embutido curado,,Salchichón cular ibérico extra La Hacienda del ibérico,2020-10-01 00:00:00
2147643,Charcutería y Quesos,Queso untable y fresco,,Perlas de mozzarella fresca,2020-10-01 00:00:00
2148176,Pescadería,Marisco,Hacendado,Navaja cruda congelada,2020-10-01 00:00:00
2148816,Frescos,Verdura,Hacendado,"Salteado de gambas, ajetes y espárragos verdes ultracongelado",2020-10-01 00:00:00
2148851,Frescos,Verdura,,Patatas bravas ultracongeladas,2020-10-01 00:00:00
2149099,Frescos,Conservas de verdura y frutas,Ybarra,Judías verdes planas,2020-10-01 00:00:00
2149127,Frescos,Conservas de verdura y frutas,Hacendado,Acelgas troceadas,2020-10-01 00:00:00
2149573,Despensa,Tomate,,Tomate seco en aceite,2020-10-01 00:00:00
2149734,Cuidado Personal,Acondicionador y mascarilla,,Sérum Be Radiant 10 en 1 cabello apagado,2020-10-01 00:00:00
2149777,Cuidado Personal,Champu,,Champú infantil Kids,2020-10-01 00:00:00
2149863,Cuidado Personal,Coloracion cabello,,Coloración permanente 5.3 castaño claro dorado,2020-10-01 00:00:00
2150041,Cuidado Personal,Fijacion cabello,,Espuma extra fuerte todo tipo de cabello fijación 4,2020-10-01 00:00:00
2150396,Otros,Cuidado corporal,,Toallitas refrescantes,2020-10-01 00:00:00
2150693,Cuidado Personal,Desodorante,,Desodorante legend antimanchas,2020-10-01 00:00:00
2150841,Cuidado Personal,Gel y jabon de manos,,Jabón de manos beauty cream bar pastilla,2020-10-01 00:00:00
2150864,Cuidado Personal,Gel y jabon de manos,,Esponja de baño exfoliación intensa,2020-10-01 00:00:00
2150870,Cuidado Personal,Gel y jabon de manos,,Guante de crin exfoliante,2020-10-01 00:00:00
2150990,Cuidado Personal,Higiene bucal,,Cepillo dental medio,2020-10-01 00:00:00
2151565,Cuidado Personal,Perfume y colonia,,Eau de toilette mujer Como tú Astucia,2020-10-01 00:00:00
2151569,Cuidado Personal,Perfume y colonia,,Eau de toilette mujer Pacha Ibiza Clandestine,2020-10-01 00:00:00
2152496,Limpieza y Hogar,Detergente y suavizante ropa,,Quitamanchas en seco,2020-10-01 00:00:00
2152550,Limpieza y Hogar,Estropajo bayeta y guantes,,Bayeta polvo microfibra,2020-10-01 00:00:00
2152704,Limpieza y Hogar,Insecticida y ambientador,Brise,Ambientador by relax zen,2020-10-01 00:00:00
2152734,Limpieza y Hogar,Insecticida y ambientador,,Barras de incienso Sonata aroma sándalo,2020-10-01 00:00:00
2152735,Limpieza y Hogar,Insecticida y ambientador,,Vela perfumada té chai,2020-10-01 00:00:00
2153226,Limpieza y Hogar,Limpieza muebles y multiusos,,Aceite multiusos,2020-10-01 00:00:00
2153346,Despensa,Menaje y conservacion de alimentos,,Encendedor cocina largo Clipper,2020-10-01 00:00:00
2153389,Limpieza y Hogar,Papel higienico y celulosa,,Papel higiénico suave,2020-10-01 00:00:00
2153680,Maquillaje,Bases de maquillaje y corrector,,Maquillaje fluido acción global 03,2020-10-01 00:00:00
2153697,Maquillaje,Bases de maquillaje y corrector,,Maquillaje fluido hydra-confort 05 dorado,2020-10-01 00:00:00
2153879,Maquillaje,Labios,,Pintalabios color fix 06,2020-10-01 00:00:00
2154204,Pescadería,Pescado congelado,Hacendado,Figuritas de merluza empanadas ultracongeladas,2020-10-01 00:00:00
2154620,Mascotas,Gato,,Bocaditos en salsa gato adulto Delikuit,2020-10-01 00:00:00
2154625,Mascotas,Gato,,Comida gatos júnior con arroz y leche,2020-10-01 00:00:00
2154993,Panadería y Pastelería,Bolleria envasada,,Napolitanas con crema,2020-10-01 00:00:00
2155341,Panadería y Pastelería,Pan de horno,,Pan bregado,2020-10-01 00:00:00
2155474,Panadería y Pastelería,Pan tostado y rallado,,Pan tostado 100% integral bajo en sal y en azúcares,2020-10-01 00:00:00
2156480,Lácteos y Huevos,Yogures naturales y sabores,,Yogur natural,2020-10-01 00:00:00
2163692,Despensa,Aceite vinagre y sal,,Aceite de oliva virgen extra,2020-10-01 12:00:00
2163957,Despensa,Otras salsas,,Salsa barbacoa dulce y picante,2020-10-01 12:00:00
2163993,Despensa,Otras salsas,,Salsa de trufas,2020-10-01 12:00:00
2164123,Bebidas,Agua,,Agua mineral Aquarel,2020-10-01 12:00:00
2164135,Bebidas,Agua,,Agua mineral con gas pequeña,2020-10-01 12:00:00
2164292,Bebidas,Refresco de cola,,Refresco cola,2020-10-01 12:00:00
2164328,Bebidas,Refresco de cola,,Refresco cola light sin cafeína,2020-10-01 12:00:00
2164393,Bebidas,Refresco de naranja y de limon,,Refresco de limón zero azúcar fresh gas,2020-10-01 12:00:00
2164414,Bebidas,Refresco de naranja y de limon,,Refresco de naranja fresh gas,2020-10-01 12:00:00
2164767,Frescos,Frutos secos y fruta desecada,Hacendado,Pipa tostada gigante aguasal,2020-10-01 12:00:00
2164933,Aperitivos,Patatas fritas y snacks,,Snack de gamba,2020-10-01 12:00:00
2164947,Aperitivos,Patatas fritas y snacks,,Pelotazos sabor queso Cheetos,2020-10-01 12:00:00
2165255,Despensa,Pasta y fideos,,Spaghetti,2020-10-01 12:00:00
2165813,Desayuno y Dulces,Mermelada y miel,,Mermelada de melocotón 0% azúcares añadidos,2020-10-01 12:00:00
2165951,Bebé,Alimentacion infantil,,Preparado lácteo crecimiento Junior,2020-10-01 12:00:00
2166788,Bodega,Vino blanco,,Mistela muy dulce de moscatel Mig Segle D.O Valencia,2020-10-01 12:00:00
2166930,Bodega,Vino tinto,,Vino tinto Dominio de Borgia,2020-10-01 12:00:00
2166981,Bodega,Vino tinto,,Vino tinto Porto Tawny Almeida Dias,2020-10-01 12:00:00
2167031,Desayuno y Dulces,Cacao soluble y chocolate a la taza,,Cacao en polvo a la taza Valor,2020-10-01 12:00:00
2167140,Bebidas Calientes,Cafe molido y en grano,,Café molido natural Cafés Valiente,2020-10-01 12:00:00
2167378,Carnicería,Aves y pollo,,Pechugas de pollo empanadas marinadas,2020-10-01 12:00:00
2168035,Desayuno y Dulces,Cereales,,Salvado de avena,2020-10-01 12:00:00
2168597,Charcutería y Quesos,Embutido curado,,Salchichón extra lonchas,2020-10-01 12:00:00
2168695,Charcutería y Quesos,Jamon serrano,,Paleta curada lonchas Paletas Marpa,2020-10-01 12:00:00
2168789,Charcutería y Quesos,Pate y sobrasada,,Sobrasada con miel L'Illa especialidades,2020-10-01 12:00:00
2169464,Pescadería,Marisco,,Alistado pequeño congelado,2020-10-01 12:00:00
2169727,Congelados,Rebozados,,Croquetas de merluza y gambas Preli ultracongeladas,2020-10-01 12:00:00
2169965,Frescos,Verdura,Hacendado,Menestra especial de verdura ultracongelada,2020-10-01 12:00:00
2170143,Frescos,Conservas de verdura y frutas,Hacendado,Cardo troceado,2020-10-01 12:00:00
2170292,Despensa,Sopa y caldo,,Caldo casero de pollo,2020-10-01 12:00:00
2170302,Despensa,Sopa y caldo,,Caldo para paella de carne con sofrito,2020-10-01 12:00:00
2170337,Despensa,Tomate,,Tomate triturado,2020-10-01 12:00:00
2170365,Cuidado Personal,Acondicionador y mascarilla,,Acondicionador instantáneo Volumen cabello fino y sin volumen,2020-10-01 12:00:00
2170612,Cuidado Personal,Coloracion cabello,,Coloración permanente L'Oréal 9.1 rubio claro claro ceniza,2020-10-01 12:00:00
2171412,Cuidado Personal,Desodorante,,Desodorante roll-on invisible black & white,2020-10-01 12:00:00
2171569,Cuidado Personal,Gel y jabon de manos,,Jabón de manos glicerina 100% natural pastilla,2020-10-01 12:00:00
2171878,Cuidado Personal,Higiene intima,,Tampones regular con aplicador clásico,2020-10-01 12:00:00
2172024,Cuidado Personal,Manicura y pedicura,,Laca de uñas Glitter 943 fucsia,2020-10-01 12:00:00
2172172,Cuidado Personal,Perfume y colonia,,Agua de colonia S3 Classic fresh,2020-10-01 12:00:00
2172241,Cuidado Personal,Perfume y colonia,,Lote mujer Jovan Musk,2020-10-01 12:00:00
2172390,Cuidado Personal,Protector solar y aftersun,,Protector solar infantil Sun Med FPS 50+,2020-10-01 12:00:00
2172530,Salud,Fitoterapia,,Sticks infantiles defensas +3 años,2020-10-01 12:00:00
2172544,Salud,Fitoterapia,,Comprimidos efervescentes magnesio 300 mg sabor naranja,2020-10-01 12:00:00
2172826,Frescos,Lechuga y ensalada preparada,,Ensalada de pasta,2020-10-01 12:00:00
2172941,Lácteos y Huevos,Leche y bebidas vegetales,,Leche semidesnatada sin lactosa,2020-10-01 12:00:00
2172951,Lácteos y Huevos,Leche y bebidas vegetales,,Leche semidesnatada calcio,2020-10-01 12:00:00
2173028,Lácteos y Huevos,Leche y bebidas vegetales,,Leche de coco Dee Thai,2020-10-01 12:00:00
2173053,Lácteos y Huevos,Leche y bebidas vegetales,,Bebida láctea energía y crecimiento,2020-10-01 12:00:00
2173913,Limpieza y Hogar,Limpieza bano y wc,,Limpiador potente,2020-10-01 12:00:00
2174151,Despensa,Menaje y conservacion de alimentos,,Copas cava de plástico,2020-10-01 12:00:00
2174255,Limpieza y Hogar,Pilas y bolsas de basura,,Bolsa de basura envases 30L cubo mediano,2020-10-01 12:00:00
2174386,Limpieza y Hogar,Utensilios de limpieza y calzado,,Escurridor para cubo redondo,2020-10-01 12:00:00
2174460,Maquillaje,Bases de maquillaje y corrector,,Maquillaje fluido perfección satin 03,2020-10-01 12:00:00
2175084,Pescadería,Pescado en bandeja,,Escalopines de salmón sin espinas,2020-10-01 12:00:00
2175106,Pescadería,Pescado en bandeja,,Salmón al curry con arroz,2020-10-01 12:00:00
2175548,Mascotas,Pez y otros,,Barritas para canarios de huevo Natura,2020-10-01 12:00:00
2175551,Mascotas,Pez y otros,,Gammarus para tortugas Dr. Wu Tetra,2020-10-01 12:00:00
2175603,Panadería y Pastelería,Bolleria de horno,,Empanadilla de espinacas 23%,2020-10-01 12:00:00
2176065,Panadería y Pastelería,Pan de molde y otras especialidades,,"Hogaza de espelta 38% y centeno 25% con semillas de quinoa 1,9% & chía 1,3%",2020-10-01 12:00:00
2176198,Panadería y Pastelería,Pan tostado y rallado,,Mini biscotes de trigo Minigrill,2020-10-01 12:00:00
2176214,Panadería y Pastelería,Pan tostado y rallado,,Pan rallado sin gluten,2020-10-01 12:00:00
2177211,Lácteos y Huevos,Yogures naturales y sabores,,Yogur natural con azúcar de caña,2020-10-01 12:00:00
2177227,Lácteos y Huevos,Yogures naturales y sabores,,Yogur sabor limón,2020-10-01 12:00:00
2177422,Frescos,Fruta variada,Hacendado,Fruta + leche naranja y mango sin azúcares añadidos,2020-10-01 12:00:00
2185756,Bebidas,Refresco de cola,,Refresco Zero azúcar,2020-10-02 00:01:00
2186049,Despensa,Aceitunas y encurtidos,,Cóctel de encurtidos en vinagre,2020-10-02 00:01:00
2186520,Despensa,Pasta y fideos,,Spaghetti al huevo,2020-10-02 00:01:00
2186547,Despensa,Pasta y fideos,,Fideos orientales Yatekomo de pollo,2020-10-02 00:01:00
2186897,Desayuno y Dulces,Chocolate,,Barritas chocolate con leche con galleta rellena de caramelo y cereales,2020-10-02 00:01:00
2187033,Desayuno y Dulces,Golosinas,,Golosinas moras,2020-10-02 00:01:00
2187090,Desayuno y Dulces,Mermelada y miel,,Mermelada de higo Helios,2020-10-02 00:01:00
2187314,Bebé,Biberon chupete y menaje,,Mordedor silicona,2020-10-02 00:01:00
2187790,Bodega,Licores,,Brandy de Jerez solera reserva Convidado de Baco,2020-10-02 00:01:00
2187794,Bodega,Licores,,Whisky escocés Red Label Johnnie Walker,2020-10-02 00:01:00
2187802,Bodega,Licores,,Whisky escocés Brodick's,2020-10-02 00:01:00
2188582,Desayuno y Dulces,Cacao soluble y chocolate a la taza,,Chocolate líquido a la taza,2020-10-02 00:01:00
2188644,Bebidas Calientes,Cafe capsula y monodosis,,Café en cápsula Colombia,2020-10-02 00:01:00
2188941,Bebidas Calientes,Te e infusiones,,Té matcha en polvo,2020-10-02 00:01:00
2189107,Carnicería,Aves y pollo,,Flautas de pollo y queso,2020-10-02 00:01:00
2189245,Carnicería,Cerdo,,Carrillada de cerdo,2020-10-02 00:01:00
2189273,Carnicería,Cerdo,,Secreto de cerdo ibérico,2020-10-02 00:01:00
2189531,Carnicería,Vacuno,,Churrasco marinado,2020-10-02 00:01:00
2191055,Carnicería,Carne,,Cuartos traseros de pollo congelados,2020-10-02 00:01:00
2191746,Frescos,Verdura,Hacendado,"Relleno fajitas pollo, pimientos y cebolla ultracongelado",2020-10-02 00:01:00
2192232,Despensa,Gazpacho y cremas,,Gazpacho andaluz,2020-10-02 00:01:00
2192823,Cuidado Personal,Coloracion cabello,,Coloración permanente 8.31 nude arena,2020-10-02 00:01:00
2193230,Cuidado Personal,Peines y accesorios,,Redecilla castaña,2020-10-02 00:01:00
2193256,Cuidado Personal,Afeitado y cuidado para hombre,,After shave gel piel normal de aloe vera,2020-10-02 00:01:00
2193444,Otros,Cuidado corporal,,Crema corporal con aceite de argán,2020-10-02 00:01:00
2193475,Otros,Cuidado corporal,,Aceite corporal reparador estrías y cicatrices,2020-10-02 00:01:00
2194396,Cuidado Personal,Higiene intima,,Compresa con alas super cotton like,2020-10-02 00:01:00
2194461,Cuidado Personal,Higiene intima,,Braguita incontinencia talla M Tena silhouette color blanco,2020-10-02 00:01:00
2194849,Cuidado Personal,Perfume y colonia,,Lote hombre Enrique Iglesias Adrenaline,2020-10-02 00:01:00
2195343,Lácteos y Huevos,Huevos,,Huevos grandes L,2020-10-02 00:01:00
2195434,Lácteos y Huevos,Leche y bebidas vegetales,,Leche entera,2020-10-02 00:01:00
2195834,Limpieza y Hogar,Estropajo bayeta y guantes,,Guantes 100% nitrilo talla mediana,2020-10-02 00:01:00
2195922,Limpieza y Hogar,Insecticida y ambientador,,Ambientador spray ropa limpia,2020-10-02 00:01:00
2195953,Limpieza y Hogar,Insecticida y ambientador,,Ambientador automático infantil,2020-10-02 00:01:00
2196045,Limpieza y Hogar,Lejia y liquidos fuertes,,Lejía normal,2020-10-02 00:01:00
2196627,Despensa,Menaje y conservacion de alimentos,,Bolsas para asar,2020-10-02 00:01:00
2196643,Despensa,Menaje y conservacion de alimentos,,Mantel de papel color aleatorio Papermon,2020-10-02 00:01:00
2196850,Limpieza y Hogar,Utensilios de limpieza y calzado,,Recambio mopa microfibra grande,2020-10-02 00:01:00
2196896,Limpieza y Hogar,Utensilios de limpieza y calzado,,Acondicionador de cuero limpiador y nutriente,2020-10-02 00:01:00
2197040,Maquillaje,Bases de maquillaje y corrector,,Maquillaje fluido face finity 85 caramel,2020-10-02 00:01:00
2197077,Maquillaje,Bases de maquillaje y corrector,,Maquillaje fluido hydra-confort 03 beige medio,2020-10-02 00:01:00
2197158,Maquillaje,Colorete y polvos,,Colorete labios y mejillas Bom Bom creamy,2020-10-02 00:01:00
2197322,Maquillaje,Ojos,,Perfilador de ojos líquido negro,2020-10-02 00:01:00
2197330,Maquillaje,Ojos,,Perfilador de cejas marrón,2020-10-02 00:01:00
2197554,Pescadería,Pescado congelado,Hacendado,Lomos y centros de merluza del cabo ultracongelados,2020-10-02 00:01:00
2197763,Pescadería,Pescado fresco,,Calamar grande limpio descongelado sin barquilla y sin tripa,2020-10-02 00:01:00
2197771,Pescadería,Pescado fresco,,Lenguado sin cabeza y sin piel,2020-10-02 00:01:00
2198228,Mascotas,Perro,,Huesos de cuero para perro,2020-10-02 00:01:00
2198329,Mascotas,Pez y otros,,Sticks para tortuga Dr. Wu Tetra,2020-10-02 00:01:00
2199037,Panadería y Pastelería,Pan tostado y rallado,,Pan rallado,2020-10-02 00:01:00
2199191,Panadería y Pastelería,Tartas y pasteles,,"Macarons de limón, pistacho, café, fresa y chocolate",2020-10-02 00:01:00
2200074,Lácteos y Huevos,Yogures griegos,,Yogur griego natural,2020-10-02 00:01:00
2200380,Lácteos y Huevos,Yogures naturales y sabores,,Yogur con mermelada de fresas Nutricia,2020-10-02 00:01:00
2200391,Lácteos y Huevos,Yogures y postres infantiles,,Danonino maxi sabor fresa,2020-10-02 00:01:00
2200659,Otros,Melocoton y pina,,Zumo de melocotón y uva,2020-10-02 00:01:00
2207402,Despensa,Mayonesa ketchup y mostaza,,Allioli Chovi,2020-10-02 12:01:00
2207512,Despensa,Otras salsas,,Guacamole,2020-10-02 12:01:00
2207519,Despensa,Otras salsas,,Salsa miel y mostaza,2020-10-02 12:01:00
2207747,Bebidas,Refresco de cola,,Refresco Zero Zero,2020-10-02 12:01:00
2208064,Despensa,Aceitunas y encurtidos,,Aceitunas estilo caseras partidas aliñadas,2020-10-02 12:01:00
2208427,Despensa,Arroz,,Arroz basmati aromático,2020-10-02 12:01:00
2208612,Despensa,Pasta y fideos,,Trottole vegetales,2020-10-02 12:01:00
2208620,Despensa,Pasta y fideos,,Tallarín,2020-10-02 12:01:00
2208912,Desayuno y Dulces,Chocolate,,Monedas de chocolate con leche,2020-10-02 12:01:00
2209117,Desayuno y Dulces,Mermelada y miel,,Mermelada de melocotón,2020-10-02 12:01:00
2209696,Bodega,Cerveza,,Cerveza Tostada 1897,2020-10-02 12:01:00
2209720,Bodega,Cerveza,,Cerveza de trigo Franziskaner,2020-10-02 12:01:00
2209953,Bodega,Licores,,Vodka Knebep,2020-10-02 12:01:00
2209960,Bodega,Licores,,Licor de anís dulce La Castellana,2020-10-02 12:01:00
2209983,Bodega,Licores,,Cocktail piña colada sin alcohol Pi.omka,2020-10-02 12:01:00
2210612,Bebidas Calientes,Cafe capsula y monodosis,,Café con leche en cápsula descafeinado Cocatech,2020-10-02 12:01:00
2210730,Bebidas Calientes,Cafe molido y en grano,,Café molido natural,2020-10-02 12:01:00
2211170,Carnicería,Aves y pollo,,Alas de pollo rural partidas,2020-10-02 12:01:00
2211291,Carnicería,Cerdo,,Lomo de cerdo ibérico adobado,2020-10-02 12:01:00
2211867,Carnicería,Empanados y elaborados,,Filetes lomo al ajillo,2020-10-02 12:01:00
2212003,Desayuno y Dulces,Galletas,María,Galletas hojaldrada,2020-10-02 12:01:00
2212065,Desayuno y Dulces,Galletas,,Surtido de pastas artesanas,2020-10-02 12:01:00
2212360,Carnicería,Aves y jamon cocido,Hacendado,Jamón cocido extra finas lonchas,2020-10-02 12:01:00
2213204,Charcutería y Quesos,Queso lonchas rallado y en porciones,,Queso en polvo grana padano,2020-10-02 12:01:00
2213370,Charcutería y Quesos,Queso untable y fresco,,Queso fresco Burgos natural,2020-10-02 12:01:00
2213404,Charcutería y Quesos,Queso untable y fresco,,Queso blando blanco y azul Bergader petit blu,2020-10-02 12:01:00
2213489,Carnicería,Carne,,Jamoncitos de pavo duplo congelados,2020-10-02 12:01:00
2213614,Congelados,Helados,,Helado sándwich de nata,2020-10-02 12:01:00
2213673,Congelados,Helados,,Helado de nata y galleta cacao,2020-10-02 12:01:00
2213675,Congelados,Helados,,Helado de fresa con trozos de fresa,2020-10-02 12:01:00
2213681,Congelados,Helados,,"Helado 3 sabores chocolate, vainilla y fresa",2020-10-02 12:01:00
2214126,Panadería y Pastelería,Tartas y churros,,Tarta de galleta 7 congelada,2020-10-02 12:01:00
2214204,Frescos,Verdura,,Patatas horno ultracongeladas,2020-10-02 12:01:00
2214243,Pescadería,Atun y otras conservas de pescado,Hacendado,Ventresca de atún claro en aceite de oliva,2020-10-02 12:01:00
2214844,Cuidado Personal,Coloracion cabello,,Coloración permanente 6.25 marrón avellana,2020-10-02 12:01:00
2214888,Cuidado Personal,Coloracion cabello,,Coloración permanente 7 rubio medio,2020-10-02 12:01:00
2215221,Cuidado Personal,Afeitado y cuidado para hombre,,After shave masaje genuino Floïd mentolado vigoroso,2020-10-02 12:01:00
2215240,Cuidado Personal,Afeitado y cuidado para hombre,,Crema facial antiarrugas y antiedad 9.60 hombre,2020-10-02 12:01:00
2215327,Otros,Cuidado corporal,,Gel corporal aloe vera puro Atlantia,2020-10-02 12:01:00
2215776,Cuidado Personal,Desodorante,,Desodorante dermo extra control,2020-10-02 12:01:00
2216269,Cuidado Personal,Manicura y pedicura,,Laca de uñas Butterfly 951 verde,2020-10-02 12:01:00
2216499,Cuidado Personal,Perfume y colonia,,Eau de toilette mujer Como tú Astucia,2020-10-02 12:01:00
2216751,Cuidado Personal,Protector solar y aftersun,,Leche protección solar Sun Med FPS 50+,2020-10-02 12:01:00
2216985,Frescos,Fruta,,Uva negra sin semillas,2020-10-02 12:01:00
2217281,Lácteos y Huevos,Leche y bebidas vegetales,,Bebida láctea con cereales crecimiento y desarrollo Max,2020-10-02 12:01:00
2217309,Lácteos y Huevos,Leche y bebidas vegetales,,Bebida láctea sabor canela y limón,2020-10-02 12:01:00
2217481,Limpieza y Hogar,Detergente y suavizante ropa,,Agua destilada,2020-10-02 12:01:00
2217529,Limpieza y Hogar,Estropajo bayeta y guantes,,Guantes de látex talla grande,2020-10-02 12:01:00
2217714,Limpieza y Hogar,Insecticida y ambientador,,Barras de incienso Sonata aroma sándalo,2020-10-02 12:01:00
2218253,Limpieza y Hogar,Limpieza muebles y multiusos,,Multiusos perfumado,2020-10-02 12:01:00
2218470,Despensa,Menaje y conservacion de alimentos,,Pastillas enciende fuegos,2020-10-02 12:01:00
2218759,Limpieza y Hogar,Utensilios de limpieza y calzado,,Funda para lavadora,2020-10-02 12:01:00
2218917,Maquillaje,Bases de maquillaje y corrector,,Láminas faciales antibrillos,2020-10-02 12:01:00
2219433,Pescadería,Pescado en bandeja,,Filetes lomo de merluza,2020-10-02 12:01:00
2219628,Pescadería,Salazones y ahumados,,Sucedáneo de caviar negro Ubago Caviartic,2020-10-02 12:01:00
2219682,Pescadería,Sushi,,Nigiris langostino,2020-10-02 12:01:00
2219944,Mascotas,Perro,,Champú perro con aloe vera Krislin,2020-10-02 12:01:00
2220250,Panadería y Pastelería,Bolleria envasada,,Mini croissant bañado al cacao,2020-10-02 12:01:00
2220283,Panadería y Pastelería,Bolleria envasada,,Palmera de cacao sin azúcar añadido,2020-10-02 12:01:00
2220314,Panadería y Pastelería,Harina y preparado reposteria,,Harina de trigo grande,2020-10-02 12:01:00
2220317,Panadería y Pastelería,Harina y preparado reposteria,,Harina de maíz blanco precocida,2020-10-02 12:01:00
2220616,Panadería y Pastelería,Pan de molde y otras especialidades,,Barra de pan multifibras,2020-10-02 12:01:00
2220803,Panadería y Pastelería,Tartas y pasteles,,Trenza hojaldre de mantequilla congelada,2020-10-02 12:01:00
2220840,Otros,Velas y decoracion,,Colorante alimentario 4 colores en gel,2020-10-02 12:01:00
2221646,Frescos,Fruta variada,Hacendado,Fruta + leche Mediterráneo,2020-10-02 12:01:00
2228970,Despensa,Especias,,Jengibre molido,2020-10-03 00:00:00
2229227,Bebidas,Agua,,Agua mineral Aquarel,2020-10-03 00:00:00
2229420,Bebidas,Refresco de cola,,Refresco Zero azúcar,2020-10-03 00:00:00
2229442,Bebidas,Refresco de cola,,Refresco Zero Zero,2020-10-03 00:00:00
2230003,Despensa,Legumbres,,Garbanzo cocido pedrosillano,2020-10-03 00:00:00
2230018,Despensa,Legumbres,,Alubia granja,2020-10-03 00:00:00
2230866,Bebé,Alimentacion infantil,,Zumo de frutas variadas +4 meses baby,2020-10-03 00:00:00
2230872,Bebé,Alimentacion infantil,,Yogur líquido infantil de pera Go-Lácteo +6 meses,2020-10-03 00:00:00
2231023,Cuidado Personal,Higiene y cuidado,,Esponja marina infantil,2020-10-03 00:00:00
2231202,Bodega,Cerveza,,Cerveza Especial Steinburg,2020-10-03 00:00:00
2231924,Bodega,Vino tinto,,Vino tinto D.O Valdepeñas Pata Negra gran reserva,2020-10-03 00:00:00
2232904,Charcutería y Quesos,Embutido,,Morcilla de cebolla oreada,2020-10-03 00:00:00
2233206,Carnicería,Empanados y elaborados,,Flautas de pollo y queso,2020-10-03 00:00:00
2233593,Carnicería,Aves y jamon cocido,,Lacón cortado a mano Noel,2020-10-03 00:00:00
2233646,Charcutería y Quesos,Bacon y salchichas,,Bacón cintas,2020-10-03 00:00:00
2235254,Congelados,Rebozados,,Croquetas de bacalao minis Camós congeladas,2020-10-03 00:00:00
2235746,Frescos,Conservas de verdura y frutas,Hacendado,Ensalada china con mazorquitas,2020-10-03 00:00:00
2235782,Frescos,Conservas de verdura y frutas,Hacendado,Mandarina en almíbar ligero,2020-10-03 00:00:00
2236404,Cuidado Personal,Coloracion cabello,,Coloración sin amoníaco L'Oréal 210 negro azulado,2020-10-03 00:00:00
2236651,Cuidado Personal,Peines y accesorios,,Cepillo cabello térmico iónico 25 mm,2020-10-03 00:00:00
2236717,Cuidado Personal,Afeitado y cuidado para hombre,,Sérum anti-edad Vído hombre,2020-10-03 00:00:00
2236790,Otros,Cuidado corporal,,Aceite corporal tacto seco,2020-10-03 00:00:00
2236893,Cuidado Personal,Cuidado e higiene facial,,Crema facial antioxidante y regenerante Beauté Mediterranea Dragon's blood,2020-10-03 00:00:00
2237147,Cuidado Personal,Desodorante,,Desodorante hombre protección plus,2020-10-03 00:00:00
2237513,Cuidado Personal,Higiene intima,,Protegeslip de incontinencia pequeño,2020-10-03 00:00:00
2237538,Cuidado Personal,Higiene intima,,Pañal adulto braguita talla L Tena pants plus,2020-10-03 00:00:00
2237738,Cuidado Personal,Perfume y colonia,,Agua de colonia S3 Classic fresh,2020-10-03 00:00:00
2237779,Cuidado Personal,Perfume y colonia,,Eau de toilette mujer Malú Live love music,2020-10-03 00:00:00
2237969,Cuidado Personal,Protector solar y aftersun,,Protector solar Delial FPS 50+,2020-10-03 00:00:00
2238152,Salud,Parafarmacia,,Lágrimas hidratantes para ojos secos,2020-10-03 00:00:00
2238255,Frescos,Fruta,,Pera conferencia,2020-10-03 00:00:00
2238256,Frescos,Fruta,,Peras conferencia,2020-10-03 00:00:00
2238432,Frescos,Lechuga y ensalada preparada,,Ensalada César,2020-10-03 00:00:00
2238707,Lácteos y Huevos,Leche y bebidas vegetales,,Bebida láctea crecimiento y desarrollo Max,2020-10-03 00:00:00
2238867,Limpieza y Hogar,Estropajo bayeta y guantes,,Estropajo jabonoso,2020-10-03 00:00:00
2239162,Limpieza y Hogar,Limpiacristales,,Toallitas limpiadoras de cristales y espejos,2020-10-03 00:00:00
2239553,Limpieza y Hogar,Limpieza vajilla,,Limpiador desengrasante en polvo,2020-10-03 00:00:00
2239836,Limpieza y Hogar,Papel higienico y celulosa,,Papel cocina gigante absorbente,2020-10-03 00:00:00
2240144,Limpieza y Hogar,Utensilios de limpieza y calzado,,Esponja de calzado incoloro brillo,2020-10-03 00:00:00
2240195,Maquillaje,Bases de maquillaje y corrector,,Maquillaje fluido lasting performance 108 honey beige,2020-10-03 00:00:00
2240305,Maquillaje,Colorete y polvos,,Polvo compacto matificante universal,2020-10-03 00:00:00
2240951,Pescadería,Salazones y ahumados,Hacendado,Filetes de anchoa en aceite de oliva,2020-10-03 00:00:00
2241072,Pescadería,Sushi,,California rolls crunch de surimi,2020-10-03 00:00:00
2241215,Mascotas,Perro,,"Paté perro junior Delikuit con pollo, pavo y verduras",2020-10-03 00:00:00
2241374,Panadería y Pastelería,Bolleria de horno,,Magdalenas sin gluten  y sin lactosa,2020-10-03 00:00:00
2241843,Panadería y Pastelería,Pan de molde y otras especialidades,,Mini bocados,2020-10-03 00:00:00
2241848,Panadería y Pastelería,Pan de molde y otras especialidades,,Pan de hamburguesa 100% integral,2020-10-03 00:00:00
2241930,Panadería y Pastelería,Picos rosquilletas y picatostes,,Picos 30% integrales,2020-10-03 00:00:00
2242058,Panadería y Pastelería,Tartas y pasteles,,Mousse de queso congelado,2020-10-03 00:00:00
2242074,Panadería y Pastelería,Tartas y pasteles,,Tarta infantil congelada,2020-10-03 00:00:00
2242252,Otros,Platos preparados frios,,Tofu firme Frias,2020-10-03 00:00:00
2242265,Lácteos y Huevos,Bifidus,,Bífidus desnatado de pera 0% materia grasa 0% sin azúcares añadidos,2020-10-03 00:00:00
2242613,Lácteos y Huevos,Yogures y postres infantiles,,Yogur líquido infantil natural Go-Lácteo +6 meses,2020-10-03 00:00:00
2242661,Frescos,Fruta variada,Hacendado,Néctar 5 frutas sin azúcares añadidos,2020-10-03 00:00:00
2242675,Otros,Melocoton y pina,,Néctar de melocotón sin azúcares añadidos,2020-10-03 00:00:00
2250707,Despensa,Especias,,Sazonador para paella con azafrán,2020-10-03 12:00:00
2250800,Despensa,Otras salsas,,Salsa napolitana,2020-10-03 12:00:00
2250977,Bebidas,Agua,,Gaseosa grande,2020-10-03 12:00:00
2251748,Frescos,Frutos secos y fruta desecada,Hacendado,Semillas lino dorado,2020-10-03 12:00:00
2251776,Frescos,Frutos secos y fruta desecada,Hacendado,Piña deshidratada,2020-10-03 12:00:00
2251984,Despensa,Arroz,,Arroz Jazmín aromático,2020-10-03 12:00:00
2252362,Desayuno y Dulces,Azucar y edulcorante,,Azúcar moreno de caña Acor,2020-10-03 12:00:00
2252929,Desayuno y Dulces,Mermelada y miel,,Mermelada de pimiento rojo,2020-10-03 12:00:00
2252938,Desayuno y Dulces,Mermelada y miel,,Cebolla caramelizada,2020-10-03 12:00:00
2253160,Bebé,Biberon chupete y menaje,,Biberón 150 ml tetina látex flujo lento +0 meses,2020-10-03 12:00:00
2253507,Bodega,Cerveza,,Cerveza Clásica Steinburg,2020-10-03 12:00:00
2253519,Bodega,Cerveza,,Cerveza abadía Tongerlo,2020-10-03 12:00:00
2254354,Bodega,Vino tinto,,Vino tinto Dominio de Borgia,2020-10-03 12:00:00
2254539,Bebidas Calientes,Cafe capsula y monodosis,,Café en cápsula sontuoso L'Or Espresso,2020-10-03 12:00:00
2255160,Carnicería,Cerdo,,Filetes lomo de cerdo familiar,2020-10-03 12:00:00
2255698,Carnicería,Empanados y elaborados,,Delicias de fiambre pollo y queso,2020-10-03 12:00:00
2255737,Desayuno y Dulces,Cereales,,Mini cereales rellenos de leche,2020-10-03 12:00:00
2256002,Desayuno y Dulces,Galletas,,Galletas rellenas de coco,2020-10-03 12:00:00
2256155,Carnicería,Aves y jamon cocido,Hacendado,Pechuga de pavo finas lonchas,2020-10-03 12:00:00
2256180,Carnicería,Aves y jamon cocido,Hacendado,Cabeza de cerdo trufa con pistachos finas lonchas,2020-10-03 12:00:00
2256268,Charcutería y Quesos,Bacon y salchichas,,Salchichas cocidas bocata gourmet,2020-10-03 12:00:00
2256518,Charcutería y Quesos,Jamon serrano,,Cecina ahumada natural Embutidos Pajariel lonchas,2020-10-03 12:00:00
2256697,Charcutería y Quesos,Queso lonchas rallado y en porciones,,Queso rallado especial fundir,2020-10-03 12:00:00
2256836,Charcutería y Quesos,Queso untable y fresco,,Queso untar light blanco pasteurizado,2020-10-03 12:00:00
2257191,Congelados,Helados,,Crepes ultracongelados,2020-10-03 12:00:00
2257215,Congelados,Helados,,Helado tarta de queso con fresas,2020-10-03 12:00:00
2257845,Frescos,Verdura,,Rollitos primavera ultracongelados,2020-10-03 12:00:00
2258135,Frescos,Conservas de verdura y frutas,,Ensalada de bacalaos y pimientos asados Ubago estilo esgarraet,2020-10-03 12:00:00
2258826,Cuidado Personal,Coloracion cabello,,Coloración permanente 5.79 marrón chocolate,2020-10-03 12:00:00
2258923,Cuidado Personal,Coloracion cabello,,Coloración permanente 0% amoníaco 7 rubio,2020-10-03 12:00:00
2259309,Cuidado Personal,Afeitado y cuidado para hombre,,Crema contorno de ojos 9.60 hombre,2020-10-03 12:00:00
2259919,Cuidado Personal,Gel y jabon de manos,,Jabón de manos higienizante dermatológico líquido,2020-10-03 12:00:00
2259926,Cuidado Personal,Gel y jabon de manos,,Esponja de baño exfoliación intensa,2020-10-03 12:00:00
2259962,Cuidado Personal,Higiene bucal,,Dentífrico pro-expert con flúor menta fresca,2020-10-03 12:00:00
2259973,Cuidado Personal,Higiene bucal,,Dentífrico gel dientes blancos 2 en 1,2020-10-03 12:00:00
2260497,Cuidado Personal,Perfume y colonia,,Eau de toilette hombre Adolfo Dominguez Agua fresca,2020-10-03 12:00:00
2260541,Cuidado Personal,Perfume y colonia,,Colonia corporal infantil Disney Minnie,2020-10-03 12:00:00
2260685,Cuidado Personal,Protector solar y aftersun,,Neceser solar Delial,2020-10-03 12:00:00
2260948,Frescos,Fruta,,Media papaya,2020-10-03 12:00:00
2260967,Frescos,Lechuga y ensalada preparada,,Cogollos de lechuga,2020-10-03 12:00:00
2261838,Limpieza y Hogar,Limpiacristales,,Limpiacristales,2020-10-03 12:00:00
2262166,Limpieza y Hogar,Limpieza vajilla,,Lavavajillas todo en 1 en pastillas,2020-10-03 12:00:00
2262297,Despensa,Menaje y conservacion de alimentos,,Bandeja de cartón rectangular P&H,2020-10-03 12:00:00
2262374,Limpieza y Hogar,Papel higienico y celulosa,,Pañuelos de papel con loción,2020-10-03 12:00:00
2262613,Limpieza y Hogar,Utensilios de limpieza y calzado,,Mango escoba/fregona 120 cm,2020-10-03 12:00:00
2262832,Maquillaje,Colorete y polvos,,Polvo compacto seda 03,2020-10-03 12:00:00
2262834,Maquillaje,Colorete y polvos,,Polvo compacto matificante universal,2020-10-03 12:00:00
2263402,Pescadería,Pescado congelado,Hacendado,Sepia limpia troceada congelada,2020-10-03 12:00:00
2263714,Pescadería,Pescado fresco,,Sardina sin limpiar,2020-10-03 12:00:00
2263841,Pescadería,Salazones y ahumados,Hacendado,Filetes de anchoa en aceite de oliva,2020-10-03 12:00:00
2264341,Mascotas,Perro,,"Trozos en salsa perro adulto Delikuit con ternera, hígado y verduras",2020-10-03 12:00:00
2264516,Panadería y Pastelería,Bolleria de horno,,Caracola con pasas 10%,2020-10-03 12:00:00
2264593,Panadería y Pastelería,Bolleria envasada,,Napolitanas con crema de cacao,2020-10-03 12:00:00
2264841,Panadería y Pastelería,Pan de horno,,Panecillo de trigo integral 30%,2020-10-03 12:00:00
2265180,Panadería y Pastelería,Tartas y pasteles,,Tarta infantil Peppa Pig congelada,2020-10-03 12:00:00
2265248,Otros,Velas y decoracion,,Caramelo líquido,2020-10-03 12:00:00
2266298,Lácteos y Huevos,Yogures y postres infantiles,,Yogur líquido infantil de pera Go-Lácteo +6 meses,2020-10-03 12:00:00
2266300,Lácteos y Huevos,Yogures y postres infantiles,,Yogur líquido infantil natural Go-Lácteo +6 meses,2020-10-03 12:00:00
2266349,Frescos,Fruta variada,Hacendado,Bebida de arándanos y frutas rojas sin azúcares añadidos,2020-10-03 12:00:00
2266367,Otros,Melocoton y pina,,Néctar de piña sin azúcares añadidos,2020-10-03 12:00:00
2272508,Despensa,Especias,,Pimienta blanca molida,2020-10-04 00:00:00
2272879,Bebidas,Agua,,Agua mineral con gas Cortes pequeña,2020-10-04 00:00:00
2273192,Bebidas,Refresco de naranja y de limon,,Refresco lima limón,2020-10-04 00:00:00
2273361,Bebidas,Refresco de te y sin gas,,Refresco té sabor limón,2020-10-04 00:00:00
2273757,Despensa,Arroz,,Arroz cocido integral Brillante,2020-10-04 00:00:00
2274284,Desayuno y Dulces,Chocolate,,Huevos de chocolate dibujo,2020-10-04 00:00:00
2274288,Desayuno y Dulces,Chocolate,,Barritas de barquillo Kinder Bueno white bañadas de chocolate blanco,2020-10-04 00:00:00
2274956,Bodega,Cerveza,,Cerveza Suave Steinburg,2020-10-04 00:00:00
2274958,Bodega,Cerveza,,Cerveza Pils Krombacher,2020-10-04 00:00:00
2276443,Carnicería,Aves y pollo,,Filetes pechuga de pollo,2020-10-04 00:00:00
2276483,Carnicería,Aves y pollo,,Medio pollo rural,2020-10-04 00:00:00
2276908,Charcutería y Quesos,Embutido,,Embutido blanco,2020-10-04 00:00:00
2277802,Carnicería,Aves y jamon cocido,,Jamón cocido braseado Noel lonchas,2020-10-04 00:00:00
2278062,Charcutería y Quesos,Embutido curado,,Chorizo extra lonchas,2020-10-04 00:00:00
2278297,Charcutería y Quesos,Queso curado semicurado y tierno,,Queso viejo sabor intenso Valle de San Juan,2020-10-04 00:00:00
2278366,Charcutería y Quesos,Queso lonchas rallado y en porciones,,Queso oveja lonchas,2020-10-04 00:00:00
2278448,Charcutería y Quesos,Queso untable y fresco,,Queso brie marcillat Plaisir de Roy,2020-10-04 00:00:00
2278548,Despensa,Arroz y pasta,,Lasaña a la boloñesa ultracongelada,2020-10-04 00:00:00
2279021,Pescadería,Pescado,Hacendado,Lomo de bacalao sin espinas congelado,2020-10-04 00:00:00
2279054,Platos Preparados,Pizzas,,Pizza ibérica ultracongelada,2020-10-04 00:00:00
2279317,Panadería y Pastelería,Tartas y churros,,Tarta blanca con relleno sabor a nata y trufa,2020-10-04 00:00:00
2279319,Panadería y Pastelería,Tartas y churros,,Mousse de queso congelado,2020-10-04 00:00:00
2279572,Pescadería,Atun y otras conservas de pescado,Hacendado,Atún claro en aceite de oliva,2020-10-04 00:00:00
2279742,Despensa,Berberechos y mejillones,,Mejillones en escabeche pequeños,2020-10-04 00:00:00
2280024,Despensa,Sopa y caldo,,Caldo para paella de marisco o fideuá con sofrito,2020-10-04 00:00:00
2280235,Cuidado Personal,Acondicionador y mascarilla,,Mascarilla cabello dañado Elvive total repair,2020-10-04 00:00:00
2280512,Cuidado Personal,Coloracion cabello,,Coloración sin amoníaco L'Oréal 834 rubio ámbar,2020-10-04 00:00:00
2281107,Cuidado Personal,Cuidado e higiene facial,,Perlas faciales Q10 concentrado Khanya reafirmante antiarrugas,2020-10-04 00:00:00
2281183,Cuidado Personal,Depilacion,,Maquinilla depilación Hydro silk bikini,2020-10-04 00:00:00
2281344,Cuidado Personal,Gel y jabon de manos,,Esponja de baño dermo agua,2020-10-04 00:00:00
2281475,Cuidado Personal,Higiene bucal,,Enjuague bucal sensitive zero alcohol,2020-10-04 00:00:00
2281641,Cuidado Personal,Manicura y pedicura,,Laca de uñas alto brillo 22 granate sublime,2020-10-04 00:00:00
2281867,Cuidado Personal,Perfume y colonia,,Fragancia mora Monogotas,2020-10-04 00:00:00
2282005,Cuidado Personal,Protector solar y aftersun,,Fluido solar facial antiedad Sisbela FPS 50+,2020-10-04 00:00:00
2282185,Salud,Parafarmacia,,Agua oxigenada desinfectante,2020-10-04 00:00:00
2282933,Limpieza y Hogar,Detergente y suavizante ropa,,Detergente ropa jabón de Marsella en polvo,2020-10-04 00:00:00
2283022,Limpieza y Hogar,Estropajo bayeta y guantes,,Estropajo fibra verde,2020-10-04 00:00:00
2283029,Limpieza y Hogar,Estropajo bayeta y guantes,,Bayeta grande microfibra,2020-10-04 00:00:00
2283083,Limpieza y Hogar,Insecticida y ambientador,,Ambientador spray infantil,2020-10-04 00:00:00
2283833,Despensa,Menaje y conservacion de alimentos,,Cañas flexibles,2020-10-04 00:00:00
2283948,Limpieza y Hogar,Papel higienico y celulosa,,Papel higiénico acolchado,2020-10-04 00:00:00
2284128,Limpieza y Hogar,Utensilios de limpieza y calzado,,Cordones blancos zapatilla deportiva,2020-10-04 00:00:00
2284592,Maquillaje,Pinceles y brochas,,Pincel sombra,2020-10-04 00:00:00
2285068,Pescadería,Salazones y ahumados,,Bacalao ahumado Ubago en aceite de girasol,2020-10-04 00:00:00
2285427,Mascotas,Perro,,"Trozos en salsa perro adulto Delikuit con pollo, pavo y verduras",2020-10-04 00:00:00
2285621,Mascotas,Pez y otros,,Barritas roedores de miel Natura,2020-10-04 00:00:00
2285981,Panadería y Pastelería,Bolleria envasada,,Tortas de anís,2020-10-04 00:00:00
2286367,Panadería y Pastelería,Pan de horno,,Panecillo de queso 18%,2020-10-04 00:00:00
2286798,Panadería y Pastelería,Tartas y pasteles,,Tarta de galleta 3 congelada,2020-10-04 00:00:00
2286987,Platos Preparados,Platos preparados calientes,,Fideos orientales sabor pollo Yum Yum,2020-10-04 00:00:00
2287026,Platos Preparados,Platos preparados calientes,,Caracoles en salsa mediterránea,2020-10-04 00:00:00
2287600,Lácteos y Huevos,Yogures desnatados,,Yogur sabor coco 0% materia grasa 0% sin azúcares añadidos,2020-10-04 00:00:00
2288327,Bebidas,Naranja,,Zumo de naranja recién exprimido,2020-10-04 00:00:00
2294539,Despensa,Otras salsas,,Carne de pimiento choricero El Sol,2020-10-04 12:00:00
2294715,Bebidas,Isotonico y energetico,,Bebida energética Red Bull,2020-10-04 12:00:00
2294823,Bebidas,Refresco de cola,,Refresco cola,2020-10-04 12:00:00
2294972,Bebidas,Tonica y bitter,,Tónica,2020-10-04 12:00:00
2294983,Bebidas,Tonica y bitter,,Soda cero calorías,2020-10-04 12:00:00
2295012,Bebidas,Refresco de te y sin gas,,Refresco té sabor limón cero,2020-10-04 12:00:00
2295161,Despensa,Aceitunas y encurtidos,,Altramuces Dorisol,2020-10-04 12:00:00
2295411,Aperitivos,Patatas fritas y snacks,,Patatas fritas receta campesina Lay's,2020-10-04 12:00:00
2295412,Aperitivos,Patatas fritas y snacks,,Pringles original,2020-10-04 12:00:00
2295430,Aperitivos,Patatas fritas y snacks,,Nachos tex-mex sabor queso,2020-10-04 12:00:00
2295714,Desayuno y Dulces,Azucar y edulcorante,,Edulcorante en sobres sacarina,2020-10-04 12:00:00
2295718,Desayuno y Dulces,Azucar y edulcorante,,Edulcorante en pastillas stevia,2020-10-04 12:00:00
2296006,Desayuno y Dulces,Chocolate,,Crema al cacao con avellanas,2020-10-04 12:00:00
2296012,Desayuno y Dulces,Chocolate,,Crema al cacao con avellanas de 2 sabores,2020-10-04 12:00:00
2296216,Bebé,Alimentacion infantil,,Papilla verduritas con pollo y ternera baby +6 meses,2020-10-04 12:00:00
2296254,Bebé,Alimentacion infantil,,Preparado lácteo crecimiento Peques 3,2020-10-04 12:00:00
2296257,Bebé,Alimentacion infantil,,Preparado lácteo crecimiento +1 año,2020-10-04 12:00:00
2296657,Bodega,Cerveza,,Cerveza doble malta Voll-Damm,2020-10-04 12:00:00
2297048,Bodega,Tinto de verano y sangria,,Tinto de verano classic Casón Histórico,2020-10-04 12:00:00
2297456,Desayuno y Dulces,Cacao soluble y chocolate a la taza,,Cacao soluble instantáneo,2020-10-04 12:00:00
2297842,Otros,Arreglos,,Hueso garrón,2020-10-04 12:00:00
2298157,Carnicería,Cerdo,,Carrillada de cerdo,2020-10-04 12:00:00
2298173,Carnicería,Cerdo,,Fiambre de magro de cerdo adobado,2020-10-04 12:00:00
2298182,Carnicería,Cerdo,,Libritos lomo de cerdo,2020-10-04 12:00:00
2299233,Charcutería y Quesos,Embutido curado,,Chorizo de bellota ibérico La hacienda del ibérico,2020-10-04 12:00:00
2299284,Charcutería y Quesos,Jamon serrano,,Taquitos de jamón,2020-10-04 12:00:00
2299667,Charcutería y Quesos,Queso untable y fresco,,Mozzarella fresca,2020-10-04 12:00:00
2299676,Charcutería y Quesos,Queso untable y fresco,,Queso fresco de vaca,2020-10-04 12:00:00
2299977,Congelados,Helados,,Helado mini cucurucho nata sin azúcares añadidos,2020-10-04 12:00:00
2300154,Pescadería,Marisco,Pescanova,Tronquitos de surimi ultracongelados,2020-10-04 12:00:00
2300288,Pescadería,Pescado,Hacendado,Merluza del cabo sin cabeza congelada,2020-10-04 12:00:00
2300540,Congelados,Rebozados,,Mini empanadillas de atún ultracongeladas,2020-10-04 12:00:00
2301016,Despensa,Berberechos y mejillones,,Concha fina al natural Marinara,2020-10-04 12:00:00
2301107,Frescos,Conservas de verdura y frutas,Hacendado,Pimientos en tiras condimentados,2020-10-04 12:00:00
2301112,Frescos,Conservas de verdura y frutas,,Habas fritas Peña torcal mini baby extra,2020-10-04 12:00:00
2301293,Despensa,Sopa y caldo,,Sopa de ave con fideos,2020-10-04 12:00:00
2301444,Despensa,Tomate,,Tomate frito,2020-10-04 12:00:00
2301567,Cuidado Personal,Acondicionador y mascarilla,,Mascarilla Argan Oil cabello seco y dañado,2020-10-04 12:00:00
2301594,Cuidado Personal,Acondicionador y mascarilla,,Perfume capilar Hair Mist,2020-10-04 12:00:00
2301852,Cuidado Personal,Coloracion cabello,,Coloración permanente 0% amoníaco 7.73 marrón dorado,2020-10-04 12:00:00
2301881,Cuidado Personal,Coloracion cabello,,Coloración permanente 7.40 rubio cobrizo intenso,2020-10-04 12:00:00
2302467,Otros,Cuidado corporal,,Crema corporal anticelulítica,2020-10-04 12:00:00
2302743,Cuidado Personal,Cuidado e higiene facial,,Contorno de ojos con aloe vera todo tipo de pieles,2020-10-04 12:00:00
2303058,Cuidado Personal,Higiene bucal,,Enjuague bucal white effect blanqueador,2020-10-04 12:00:00
2303625,Cuidado Personal,Perfume y colonia,,Eau de toilette hombre Springfield,2020-10-04 12:00:00
2303979,Salud,Parafarmacia,,Mascarillas higiénicas infantiles 6 a 9 años,2020-10-04 12:00:00
2304312,Lácteos y Huevos,Leche y bebidas vegetales,,Bebida láctea desnatada omega 3 nueces,2020-10-04 12:00:00
2304391,Lácteos y Huevos,Leche y bebidas vegetales,,Preparado lácteo con cereales crecimiento Peques 3,2020-10-04 12:00:00
2304409,Lácteos y Huevos,Leche y bebidas vegetales,,Leche condensada desnatada Nutricia sin lactosa,2020-10-04 12:00:00
2304831,Limpieza y Hogar,Insecticida y ambientador,,Insecticida ácaros especial tejidos,2020-10-04 12:00:00
2304863,Limpieza y Hogar,Insecticida y ambientador,,Difusor ambientador eléctrico,2020-10-04 12:00:00
2304899,Limpieza y Hogar,Insecticida y ambientador,,Ambientador perlas paradise,2020-10-04 12:00:00
2305167,Limpieza y Hogar,Limpieza bano y wc,,Limpiador baños en gel,2020-10-04 12:00:00
2305284,Limpieza y Hogar,Limpieza vajilla,,Lavavajillas a mano,2020-10-04 12:00:00
2305328,Despensa,Menaje y conservacion de alimentos,,"Molde de aluminio cuadrado 2,7L Alibérico",2020-10-04 12:00:00
2305382,Despensa,Menaje y conservacion de alimentos,,Mini mechero Clipper,2020-10-04 12:00:00
2305784,Limpieza y Hogar,Utensilios de limpieza y calzado,,Recambio mopa microfibra pequeño,2020-10-04 12:00:00
2305847,Limpieza y Hogar,Utensilios de limpieza y calzado,,Plantillas invierno talla 22-46,2020-10-04 12:00:00
2306177,Maquillaje,Labios,,Pintalabios mate 19,2020-10-04 12:00:00
2306260,Maquillaje,Ojos,,Máscara de pestañas resistente al agua Beauty eyes,2020-10-04 12:00:00
2306302,Maquillaje,Pinceles y brochas,,Pincel colorete,2020-10-04 12:00:00
2306675,Pescadería,Pescado fresco,,Trucha sin aletas,2020-10-04 12:00:00
2306696,Pescadería,Salazones y ahumados,Hacendado,Filetes de anchoa en aceite de oliva,2020-10-04 12:00:00
2306988,Mascotas,Perro,,"Comida perro adulto con pollo, cordero, verduras y arroz",2020-10-04 12:00:00
2307247,Panadería y Pastelería,Bolleria de horno,,Empanadilla de tomate 18%,2020-10-04 12:00:00
2307351,Panadería y Pastelería,Bolleria envasada,,Coquito El Cateto,2020-10-04 12:00:00
2307357,Panadería y Pastelería,Bolleria envasada,,Hojaldre cabello de Ángel,2020-10-04 12:00:00
2307423,Panadería y Pastelería,Harina y preparado reposteria,,Preparado para bizcochos con levadura incorporada,2020-10-04 12:00:00
2307478,Panadería y Pastelería,Harina y preparado reposteria,,Chocolate con leche fundir,2020-10-04 12:00:00
2307481,Panadería y Pastelería,Harina y preparado reposteria,,Levadura de panadería Nurture,2020-10-04 12:00:00
2307488,Panadería y Pastelería,Harina y preparado reposteria,,Masa filo,2020-10-04 12:00:00
2308450,Lácteos y Huevos,Yogures desnatados,,Yogur sabores 0% materia grasa 0% sin azúcares añadidos,2020-10-04 12:00:00
2308585,Lácteos y Huevos,Yogures liquidos,,Bebida láctea de fresa Densia Forte 0% materia grasa,2020-10-04 12:00:00
2309152,Despensa,Tomate y otros sabores,,Zumo de manzana,2020-10-04 12:00:00
2316023,Despensa,Especias,,Pimentón dulce de la Vera,2020-10-05 00:00:00
2316549,Bebidas,Refresco de cola,,Refresco Zero Zero,2020-10-05 00:00:00
2316600,Bebidas,Refresco de naranja y de limon,,Refresco de limón zero azúcar fresh gas,2020-10-05 00:00:00
2316904,Despensa,Aceitunas y encurtidos,,Jalapeños picantes en vinagre,2020-10-05 00:00:00
2316926,Frescos,Frutos secos y fruta desecada,Hacendado,Almendra frita,2020-10-05 00:00:00
2317292,Despensa,Pasta y fideos,,Tortellini con tres quesos Pagani,2020-10-05 00:00:00
2317661,Desayuno y Dulces,Golosinas,,Golosinas botellas cola,2020-10-05 00:00:00
2317721,Desayuno y Dulces,Mermelada y miel,,Mermelada de melocotón,2020-10-05 00:00:00
2318155,Bodega,Cerveza,,Cerveza suave Budweiser,2020-10-05 00:00:00
2318165,Bodega,Cerveza,,Bebida cider con gas Wild panther sabor a manzana,2020-10-05 00:00:00
2318168,Bodega,Cerveza,,Cerveza Shandy sabor limón Steinburg,2020-10-05 00:00:00
2318449,Bodega,Sidra y cava,,Cava brut nature Bach Extrísimo,2020-10-05 00:00:00
2318758,Bodega,Vino tinto,,Vino tinto D.O Utiel-Requena Enterizo,2020-10-05 00:00:00
2318979,Bebidas Calientes,Cafe capsula y monodosis,,Café monodosis natural Espresso,2020-10-05 00:00:00
2320167,Desayuno y Dulces,Cereales,,Barritas de cereales chocolate con leche,2020-10-05 00:00:00
2320640,Charcutería y Quesos,Jamon serrano,,Taco paleta curada Marpa,2020-10-05 00:00:00
2321775,Platos Preparados,Pizzas,,Pizza boloñesa ultracongelada,2020-10-05 00:00:00
2321778,Platos Preparados,Pizzas,,Pizza salmón y gambas ultracongelada,2020-10-05 00:00:00
2322209,Frescos,Verdura,Hacendado,Ajo tierno ultracongelado,2020-10-05 00:00:00
2322630,Frescos,Conservas de verdura y frutas,Hacendado,Dulce de membrillo sin conservadores,2020-10-05 00:00:00
2322638,Frescos,Conservas de verdura y frutas,Hida,Dulce de boniato,2020-10-05 00:00:00
2322907,Despensa,Sopa y caldo,,Caldo de verduras,2020-10-05 00:00:00
2323058,Cuidado Personal,Acondicionador y mascarilla,,Mascarilla cabello liso keratina TRESemmé nutritiva,2020-10-05 00:00:00
2323391,Cuidado Personal,Fijacion cabello,,Laca cabello Elnett fijación fuerte,2020-10-05 00:00:00
2323397,Cuidado Personal,Fijacion cabello,,Gel fijador fuerte todo tipo de cabello fijación 3,2020-10-05 00:00:00
2323401,Cuidado Personal,Fijacion cabello,,Gel fijador efecto mojado todo tipo de cabello fijación 2,2020-10-05 00:00:00
2323812,Otros,Cuidado corporal,,Crema anticelulítica,2020-10-05 00:00:00
2324165,Cuidado Personal,Desodorante,,Desodorante roll-on mujer invisible,2020-10-05 00:00:00
2324167,Cuidado Personal,Desodorante,,Desodorante roll-on cuidado avena,2020-10-05 00:00:00
2325001,Cuidado Personal,Perfume y colonia,,Eau de cologne hombre Brummel,2020-10-05 00:00:00
2325053,Cuidado Personal,Perfume y colonia,,Lote infantil Ugly dolls,2020-10-05 00:00:00
2325641,Frescos,Lechuga y ensalada preparada,,Rúcula base para ensalada,2020-10-05 00:00:00
2325793,Lácteos y Huevos,Leche y bebidas vegetales,,Bebida láctea desnatada omega 3,2020-10-05 00:00:00
2325865,Lácteos y Huevos,Leche y bebidas vegetales,,Batido de chocolate Energy,2020-10-05 00:00:00
2326280,Limpieza y Hogar,Insecticida y ambientador,,Absorbeolores lavanda,2020-10-05 00:00:00
2326603,Limpieza y Hogar,Limpieza bano y wc,,Recambio limpiador WC discos de gel activos lime zest Pato,2020-10-05 00:00:00
2326665,Limpieza y Hogar,Limpieza muebles y multiusos,,Limpia salpicaderos,2020-10-05 00:00:00
2326666,Limpieza y Hogar,Limpieza muebles y multiusos,,Desincrustante de cementos y limpiajuntas,2020-10-05 00:00:00
2326873,Despensa,Menaje y conservacion de alimentos,,Mantel de papel color aleatorio Papermon,2020-10-05 00:00:00
2327224,Limpieza y Hogar,Utensilios de limpieza y calzado,,Limpiador de calzado burdeos,2020-10-05 00:00:00
2327323,Maquillaje,Bases de maquillaje y corrector,,Maquillaje fluido lasting performance 106 natural beige,2020-10-05 00:00:00
2327564,Maquillaje,Labios,,Perfilador de labios 05 cereza,2020-10-05 00:00:00
2327580,Maquillaje,Labios,,Pintalabios dúo fijo 04,2020-10-05 00:00:00
2327589,Maquillaje,Labios,,Pintalabios larga duración No transfer 01 coral,2020-10-05 00:00:00
2327608,Maquillaje,Labios,,Pintalabios cremoso 19,2020-10-05 00:00:00
2327701,Maquillaje,Ojos,,Perfilador de ojos 01 negro,2020-10-05 00:00:00
2327707,Maquillaje,Ojos,,Perfilador de ojos 06 beige,2020-10-05 00:00:00
2327724,Maquillaje,Ojos,,Máscara de pestañas maxi volumen marrón,2020-10-05 00:00:00
2328210,Pescadería,Pescado fresco,,Calamar grande limpio descongelado sin barquilla y sin tripa,2020-10-05 00:00:00
2328217,Pescadería,Pescado fresco,,Corvina abierta a la espalda con espinas y con cabeza,2020-10-05 00:00:00
2328325,Pescadería,Salazones y ahumados,,Sardinas saladas y prensadas Ubago,2020-10-05 00:00:00
2328327,Pescadería,Salazones y ahumados,Hacendado,Huevas de lumpo,2020-10-05 00:00:00
2328390,Pescadería,Sushi,,Sashimis salmón,2020-10-05 00:00:00
2328856,Panadería y Pastelería,Bolleria de horno,,Berlina al cacao,2020-10-05 00:00:00
2328938,Panadería y Pastelería,Bolleria envasada,,Magdalenas integrales 0% azúcares añadidos,2020-10-05 00:00:00
2329081,Panadería y Pastelería,Pan de horno,,Barra de pan,2020-10-05 00:00:00
2329092,Panadería y Pastelería,Pan de horno,,"Pan de nueces 8,5%",2020-10-05 00:00:00
2329402,Panadería y Pastelería,Tartas y pasteles,,Tarta infantil Frozen congelada,2020-10-05 00:00:00
2330195,Lácteos y Huevos,Yogures naturales y sabores,,Yogur natural con azúcar de caña,2020-10-05 00:00:00
2330546,Bebidas,Naranja,,Zumo pura naranja,2020-10-05 00:00:00
2337593,Despensa,Aceite vinagre y sal,,Aceite de oliva virgen extra,2020-10-05 12:01:00
2337602,Despensa,Aceite vinagre y sal,,Vinagre de vino blanco,2020-10-05 12:01:00
2337614,Despensa,Aceite vinagre y sal,,Sal yodada fina,2020-10-05 12:01:00
2337639,Despensa,Especias,,Pimentón dulce,2020-10-05 12:01:00
2337640,Despensa,Especias,,Pimentón dulce de la Vera,2020-10-05 12:01:00
2337696,Despensa,Mayonesa ketchup y mostaza,,Salsa ligera,2020-10-05 12:01:00
2337779,Bebidas,Agua,,Agua mineral Cortes mediana,2020-10-05 12:01:00
2337938,Bebidas,Refresco de cola,,Refresco Zero azúcar,2020-10-05 12:01:00
2337940,Bebidas,Refresco de cola,,Refresco Zero azúcar,2020-10-05 12:01:00
2338005,Bebidas,Refresco de naranja y de limon,,Refresco de limón fresh gas,2020-10-05 12:01:00
2338094,Bebidas,Refresco de te y sin gas,,Refresco de naranja Gold Spring sin gas,2020-10-05 12:01:00
2338426,Aperitivos,Patatas fritas y snacks,,Torreznos,2020-10-05 12:01:00
2338885,Desayuno y Dulces,Chicles y caramelos,,Chicle original sabor frutas gragea,2020-10-05 12:01:00
2338955,Desayuno y Dulces,Chocolate,,Chocolate con leche classic,2020-10-05 12:01:00
2339019,Desayuno y Dulces,Chocolate,,Surtido bombones Senzza 0% azúcares añadidos,2020-10-05 12:01:00
2339225,Bebé,Alimentacion infantil,,Papilla verduritas con merluza baby +8 meses,2020-10-05 12:01:00
2339393,Bebé,Biberon chupete y menaje,,Chupete silicona anatómico +6 a 18 meses luminiscente,2020-10-05 12:01:00
2339510,Panadería y Pastelería,Toallitas y panales,,Pañales bebé talla 3 de 6-10 kg,2020-10-05 12:01:00
2339673,Bodega,Cerveza,,Cerveza Shandy sabor limón Steinburg,2020-10-05 12:01:00
2339910,Bodega,Licores,,Ginebra London dry Kingerly & Sons,2020-10-05 12:01:00
2339939,Bodega,Licores,,Whisky escocés James Webb,2020-10-05 12:01:00
2340508,Bodega,Vino tinto,,Vino tinto Casón Histórico,2020-10-05 12:01:00
2341220,Carnicería,Aves y pollo,,Contramuslos de pollo rural deshuesados y sin piel,2020-10-05 12:01:00
2341821,Carnicería,Empanados y elaborados,,Delicias de fiambre pollo y queso,2020-10-05 12:01:00
2342576,Charcutería y Quesos,Jamon serrano,,Jamón de bellota ibérico Covap,2020-10-05 12:01:00
2342733,Charcutería y Quesos,Pate y sobrasada,,Paté de cerdo campaña,2020-10-05 12:01:00
2342828,Charcutería y Quesos,Queso curado semicurado y tierno,,Queso oveja añejo fuerte Valle de San Juan,2020-10-05 12:01:00
2343028,Charcutería y Quesos,Queso lonchas rallado y en porciones,,Queso rallado sin lactosa,2020-10-05 12:01:00
2343174,Charcutería y Quesos,Queso untable y fresco,,Queso untar suave blanco pasteurizado,2020-10-05 12:01:00
2343176,Charcutería y Quesos,Queso untable y fresco,,Queso brie marcillat Plaisir de Roy,2020-10-05 12:01:00
2343189,Charcutería y Quesos,Queso untable y fresco,,Queso fresco Burgos natural,2020-10-05 12:01:00
2343231,Despensa,Arroz y pasta,,Arroz con pollo asado ultracongelado,2020-10-05 12:01:00
2343465,Congelados,Helados,,Helado vegetal de avena sabor vainilla,2020-10-05 12:01:00
2343650,Pescadería,Marisco,Pescanova,Tronquitos de surimi ultracongelados,2020-10-05 12:01:00
2345245,Cuidado Personal,Fijacion cabello,,Protector térmico cabello fijación 1,2020-10-05 12:01:00
2345358,Cuidado Personal,Peines y accesorios,,Peine gel,2020-10-05 12:01:00
2346224,Cuidado Personal,Desodorante,,Desodorante hombre invisible antimanchas,2020-10-05 12:01:00
2346484,Cuidado Personal,Higiene intima,,Tampones regular,2020-10-05 12:01:00
2347152,Salud,Parafarmacia,,Protectores para los oídos de cera Doctor San para el agua,2020-10-05 12:01:00
2347246,Frescos,Fruta,Hacendado,Guacamole,2020-10-05 12:01:00
2347387,Lácteos y Huevos,Huevos,,Claras de huevo líquidas pasteurizadas,2020-10-05 12:01:00
2347520,Lácteos y Huevos,Leche y bebidas vegetales,,Bebida láctea crecimiento y desarrollo Max,2020-10-05 12:01:00
2348590,Despensa,Menaje y conservacion de alimentos,,Cañas flexibles,2020-10-05 12:01:00
2348594,Despensa,Menaje y conservacion de alimentos,,Mantel de papel color aleatorio Papermon,2020-10-05 12:01:00
2348724,Limpieza y Hogar,Papel higienico y celulosa,,Servilleta papel suave,2020-10-05 12:01:00
2349108,Maquillaje,Bases de maquillaje y corrector,,Maquillaje fluido face finity 85 caramel,2020-10-05 12:01:00
2349263,Maquillaje,Labios,,Pintalabios color fix 03,2020-10-05 12:01:00
2349307,Maquillaje,Labios,,Pintalabios Bom Bom creamy 01,2020-10-05 12:01:00
2349517,Pescadería,Pescado congelado,,Filetes de panga ultracongelados,2020-10-05 12:01:00
2349727,Pescadería,Pescado en bandeja,Hacendado,Salmón al curry,2020-10-05 12:01:00
2350304,Panadería y Pastelería,Bolleria de horno,,Berlina glacé,2020-10-05 12:01:00
2350338,Panadería y Pastelería,Bolleria de horno,,Empanadilla de tomate 18%,2020-10-05 12:01:00
2350566,Panadería y Pastelería,Harina y preparado reposteria,,Preparado en polvo gelatina sandía,2020-10-05 12:01:00
2350657,Panadería y Pastelería,Pan de horno,,"Pan de nueces 8,5%",2020-10-05 12:01:00
2350941,Panadería y Pastelería,Picos rosquilletas y picatostes,,Rosquillas,2020-10-05 12:01:00
2351190,Platos Preparados,Platos preparados calientes,,Fideos orientales Yakisoba sabor pollo,2020-10-05 12:01:00
2351230,Otros,Platos preparados frios,,Tortilla de patata con cebolla,2020-10-05 12:01:00
2351786,Lácteos y Huevos,Yogures griegos,,Yogur griego con mango,2020-10-05 12:01:00
2352002,Lácteos y Huevos,Yogures liquidos,,Bebida láctea de fresa Cuidacol 0% azúcares añadidos,2020-10-05 12:01:00
2359365,Despensa,Especias,,Pimienta negra en grano,2020-10-06 00:00:00
2359509,Despensa,Otras salsas,,Tomate frito,2020-10-06 00:00:00
2359684,Bebidas,Agua,,Gaseosa La Casera grande,2020-10-06 00:00:00
2360305,Despensa,Aceitunas y encurtidos,,Altramuces,2020-10-06 00:00:00
2360417,Frescos,Frutos secos y fruta desecada,Hacendado,Arándanos deshidratados,2020-10-06 00:00:00
2360464,Aperitivos,Patatas fritas y snacks,,Bombitas de maíz sabor mantequilla,2020-10-06 00:00:00
2360640,Despensa,Pasta y fideos,,Tortiglioni Armando,2020-10-06 00:00:00
2360698,Despensa,Pasta y fideos,,Fideos orientales Yatekomo,2020-10-06 00:00:00
2360959,Desayuno y Dulces,Chocolate,,Chocolate extrafino negro,2020-10-06 00:00:00
2361134,Desayuno y Dulces,Golosinas,,Golosinas moras,2020-10-06 00:00:00
2361370,Bebé,Alimentacion infantil,,Papilla arroz con pollo baby natur +6 meses,2020-10-06 00:00:00
2361845,Bodega,Cerveza,,Cerveza con sabor a tequila 1897,2020-10-06 00:00:00
2362074,Bodega,Licores,,Vermouth blanco Maronti,2020-10-06 00:00:00
2362095,Bodega,Licores,,Whisky escocés Red Label Johnnie Walker,2020-10-06 00:00:00
2362969,Bebidas Calientes,Cafe molido y en grano,,Café molido mezcla fuerte,2020-10-06 00:00:00
2363115,Bebidas Calientes,Cafe soluble y otras bebidas,,Café con leche light sin lactosa,2020-10-06 00:00:00
2363731,Charcutería y Quesos,Embutido,,Embutido blanco,2020-10-06 00:00:00
2363865,Carnicería,Hamburguesas y picadas,,Hamburguesas de vacuno congeladas,2020-10-06 00:00:00
2364247,Desayuno y Dulces,Cereales,,Muesli crunchy,2020-10-06 00:00:00
2364250,Desayuno y Dulces,Cereales,,Avena molida,2020-10-06 00:00:00
2364833,Charcutería y Quesos,Embutido curado,,Chorizo de bellota ibérico cortado a máquina,2020-10-06 00:00:00
2364853,Charcutería y Quesos,Embutido curado,,Caña de lomo cebo ibérico La Hacienda del ibérico,2020-10-06 00:00:00
2365430,Charcutería y Quesos,Queso untable y fresco,,Queso fresco Burgos natural,2020-10-06 00:00:00
2366111,Frescos,Verdura,Hacendado,Garbanzo ultracongelado,2020-10-06 00:00:00
2366130,Frescos,Verdura,Hacendado,Espárrago verde troceado ultracongelado,2020-10-06 00:00:00
2366655,Despensa,Sopa y caldo,,Caldo de cocido,2020-10-06 00:00:00
2367284,Cuidado Personal,Coloracion cabello,,Coloración permanente 9 rubio clarísimo,2020-10-06 00:00:00
2367341,Cuidado Personal,Coloracion cabello,,Retoca raíces instantáneo L'Oréal rubio,2020-10-06 00:00:00
2367433,Cuidado Personal,Fijacion cabello,,Gel fijador ondas rizadas todo tipo de cabello fijación 3,2020-10-06 00:00:00
2367774,Otros,Cuidado corporal,,Crema corporal con aceite de argán,2020-10-06 00:00:00
2367969,Cuidado Personal,Cuidado e higiene facial,,Lote facial mujer My Moment,2020-10-06 00:00:00
2368048,Cuidado Personal,Depilacion,,Recambios maquinilla depilación Venus Breeze comfortglide,2020-10-06 00:00:00
2368103,Cuidado Personal,Desodorante,,Desodorante hombre marine,2020-10-06 00:00:00
2368239,Cuidado Personal,Higiene bucal,,Dentífrico repair & protect con flúor,2020-10-06 00:00:00
2368340,Cuidado Personal,Higiene intima,,Compresa con alas super Dry,2020-10-06 00:00:00
2368380,Cuidado Personal,Higiene intima,,Protegeslip normal Cotton,2020-10-06 00:00:00
2368566,Cuidado Personal,Manicura y pedicura,,Separador dedos,2020-10-06 00:00:00
2368748,Cuidado Personal,Perfume y colonia,,Lote hombre Adidas Ice dive,2020-10-06 00:00:00
2369128,Frescos,Fruta,,Manzana fuji,2020-10-06 00:00:00
2369659,Lácteos y Huevos,Mantequilla y margarina,,Margarina 100% vegetal,2020-10-06 00:00:00
2369810,Limpieza y Hogar,Detergente y suavizante ropa,,Perfumador ropa intensificador de fragancia,2020-10-06 00:00:00
2369916,Limpieza y Hogar,Insecticida y ambientador,,Ambientador automático infantil,2020-10-06 00:00:00
2370204,Limpieza y Hogar,Limpiahogar y friegasuelos,,Toallitas limpiadoras de suelo,2020-10-06 00:00:00
2370213,Limpieza y Hogar,Limpiahogar y friegasuelos,,Limpiahogar brillo,2020-10-06 00:00:00
2370627,Despensa,Menaje y conservacion de alimentos,,Velote rojo Roura,2020-10-06 00:00:00
2370913,Limpieza y Hogar,Utensilios de limpieza y calzado,,Pinzas de plástico gigantes,2020-10-06 00:00:00
2370915,Limpieza y Hogar,Utensilios de limpieza y calzado,,Fundas guarda ropa transparentes,2020-10-06 00:00:00
2370924,Limpieza y Hogar,Utensilios de limpieza y calzado,,Plumero atrapa polvo Zeppilin electroestático,2020-10-06 00:00:00
2371010,Maquillaje,Bases de maquillaje y corrector,,Maquillaje fluido lasting performance 105 soft beige,2020-10-06 00:00:00
2371199,Maquillaje,Labios,,Perfilador de labios 02 burdeos,2020-10-06 00:00:00
2371205,Maquillaje,Labios,,Perfilador de labios larga duración 03 vino,2020-10-06 00:00:00
2371215,Maquillaje,Labios,,Pintalabios color fix 06,2020-10-06 00:00:00
2372333,Panadería y Pastelería,Bolleria de horno,,Empanadilla de tomate 18%,2020-10-06 00:00:00
2372899,Panadería y Pastelería,Pan de molde y otras especialidades,,Pan de molde sin gluten multicereales Beiker,2020-10-06 00:00:00
2372948,Panadería y Pastelería,Pan tostado y rallado,,Pan rallado sin gluten,2020-10-06 00:00:00
2373368,Platos Preparados,Platos preparados calientes,,Fideos orientales Yakisoba curry Maggi,2020-10-06 00:00:00
2373969,Lácteos y Huevos,Yogures liquidos,,Yogur líquido desnatado natural edulcorado,2020-10-06 00:00:00
2373978,Lácteos y Huevos,Yogures liquidos,,Bebida láctea sabores L-casei,2020-10-06 00:00:00
2374067,Lácteos y Huevos,Yogures naturales y sabores,,Yogur con mermelada de fresas Nutricia,2020-10-06 00:00:00
2376556,Despensa,Especias,,Pimentón picante,2020-10-06 12:01:00
2376862,Bebidas,Isotonico y energetico,,Bebida energética energy ultra Monster,2020-10-06 12:01:00
2376866,Bebidas,Isotonico y energetico,,Bebida energética energy Monster,2020-10-06 12:01:00
2377197,Bebidas,Tonica y bitter,,Tónica Nordic Mist,2020-10-06 12:01:00
2378329,Desayuno y Dulces,Golosinas,,Golosinas spaguetti fresa,2020-10-06 12:01:00
2378715,Bodega,Cerveza,,Cerveza Clásica Steinburg,2020-10-06 12:01:00
2378743,Bodega,Cerveza,,Cerveza Pilsen Sabor a Sur Steinburg,2020-10-06 12:01:00
2378914,Bodega,Licores,,Ginebra extra dry gin Seagram's,2020-10-06 12:01:00
2379110,Bodega,Sidra y cava,,Cava brut nature vintage Cabré & Sabaté,2020-10-06 12:01:00
2380328,Carnicería,Conejo y cordero,,Chuletas de cordero palo y riñonada,2020-10-06 12:01:00
2380514,Carnicería,Hamburguesas y picadas,,Burger de pavo y espinacas,2020-10-06 12:01:00
2380890,Desayuno y Dulces,Galletas,,Galletas Digestive chocolate con leche,2020-10-06 12:01:00
2381188,Charcutería y Quesos,Bacon y salchichas,,Salchichas cocidas Vegana,2020-10-06 12:01:00
2381195,Charcutería y Quesos,Chopped y mortadela,,Mortadela lonchas,2020-10-06 12:01:00
2381410,Charcutería y Quesos,Jamon serrano,,Paleta de cebo ibérica La Hacienda del ibérico,2020-10-06 12:01:00
2382197,Pescadería,Pescado,Hacendado,Filetes de merluza del cabo sin piel ultracongelados,2020-10-06 12:01:00
2382336,Congelados,Rebozados,,Empanadillas de atún ultracongeladas,2020-10-06 12:01:00
2382806,Pescadería,Atun y otras conservas de pescado,Hacendado,Agujas en aceite de oliva,2020-10-06 12:01:00
2383489,Cuidado Personal,Acondicionador y mascarilla,,Mascarilla Repair & Nutrition cabello seco y dañado,2020-10-06 12:01:00
2384410,Cuidado Personal,Cuidado e higiene facial,,Desmaquillador de ojos todo tipo de pieles,2020-10-06 12:01:00
2384419,Cuidado Personal,Cuidado e higiene facial,,Exfoliante facial hombre,2020-10-06 12:01:00
2384430,Cuidado Personal,Cuidado e higiene facial,,Crema facial antiedad revitalizante Sisbela reestructuradora,2020-10-06 12:01:00
2384461,Cuidado Personal,Cuidado e higiene facial,,Crema facial Vitamina C Viseger Pharma,2020-10-06 12:01:00
2384947,Cuidado Personal,Manicura y pedicura,,Alicate uñas,2020-10-06 12:01:00
2385593,Frescos,Fruta,,Manzana royal gala,2020-10-06 12:01:00
2385763,Lácteos y Huevos,Huevos,,Huevos de gallinas camperas,2020-10-06 12:01:00
2386068,Lácteos y Huevos,Mantequilla y margarina,,Crema de soja,2020-10-06 12:01:00
2386094,Limpieza y Hogar,Detergente y suavizante ropa,,Detergente ropa All in 1 en cápsulas,2020-10-06 12:01:00
2386137,Limpieza y Hogar,Detergente y suavizante ropa,,Perfumador ropa intensificador de fragancia,2020-10-06 12:01:00
2386252,Limpieza y Hogar,Estropajo bayeta y guantes,,Borrador mágico,2020-10-06 12:01:00
2386267,Limpieza y Hogar,Estropajo bayeta y guantes,,Guantes de látex talla pequeña-mediana,2020-10-06 12:01:00
2386300,Limpieza y Hogar,Insecticida y ambientador,,Insecticida antimosquitos eléctrico recambio pastillas,2020-10-06 12:01:00
2386865,Limpieza y Hogar,Limpieza vajilla,,Abrillantador lavavajillas líquido,2020-10-06 12:01:00
2386960,Despensa,Menaje y conservacion de alimentos,,Velote rojo Roura,2020-10-06 12:01:00
2387186,Limpieza y Hogar,Utensilios de limpieza y calzado,,Toallitas limpiadoras de suelo,2020-10-06 12:01:00
2387540,Maquillaje,Labios,,Perfilador de labios 02 burdeos,2020-10-06 12:01:00
2387555,Maquillaje,Labios,,Pintalabios color fix 05,2020-10-06 12:01:00
2388046,Pescadería,Pescado fresco,,Rape sin aletas y sin dientes,2020-10-06 12:01:00
2388355,Mascotas,Gato,,Spray anti-insectos para perros y gatos Krislin,2020-10-06 12:01:00
2388740,Panadería y Pastelería,Harina y preparado reposteria,,Preparado en polvo gelatina piña,2020-10-06 12:01:00
2388755,Panadería y Pastelería,Harina y preparado reposteria,,Masa de hojaldre sin gluten,2020-10-06 12:01:00
2388900,Panadería y Pastelería,Pan de molde y otras especialidades,,Tortillas integrales,2020-10-06 12:01:00
2389084,Panadería y Pastelería,Picos rosquilletas y picatostes,,Palitos con frutos secos,2020-10-06 12:01:00
2389520,Lácteos y Huevos,Flan y natillas,,Flan de huevo,2020-10-06 12:01:00
2389531,Lácteos y Huevos,Flan y natillas,,Natillas de chocolate Danet,2020-10-06 12:01:00
2389742,Otros,Postres de soja,,Postre de soja sabor mango Alpro sin azúcares añadidos,2020-10-06 12:01:00
2389947,Lácteos y Huevos,Yogures griegos,,Yogur griego con fresa,2020-10-06 12:01:00
2390703,Bebidas,Naranja,,Zumo de clementina selección,2020-10-06 12:01:00
2398012,Despensa,Especias,,Hoja de laurel,2020-10-07 00:00:00
2398020,Despensa,Especias,,Colorante alimentario,2020-10-07 00:00:00
2398519,Bebidas,Refresco de cola,,Refresco light,2020-10-07 00:00:00
2398815,Frescos,Frutos secos y fruta desecada,Hacendado,Avellana tostada sin sal,2020-10-07 00:00:00
2399117,Despensa,Pasta y fideos,,Hélices con vegetales,2020-10-07 00:00:00
2399131,Despensa,Pasta y fideos,,Spaghetti,2020-10-07 00:00:00
2399976,Bebé,Alimentacion infantil,,Preparado lácteo con cereales crecimiento Peques 3,2020-10-07 00:00:00
2400274,Cuidado Personal,Higiene y cuidado,,Recambios recarga aspirador nasal anatómico,2020-10-07 00:00:00
2400393,Bodega,Cerveza,,Cerveza Clásica Steinburg,2020-10-07 00:00:00
2400447,Bodega,Cerveza,,"Cerveza Radler Steinburg 0,0% sin alcohol",2020-10-07 00:00:00
2400534,Bodega,Cerveza sin alcohol,,"Cerveza 0,0% sin alcohol",2020-10-07 00:00:00
2400651,Bodega,Licores,,Licor de hierbas Ruavieja,2020-10-07 00:00:00
2400662,Bodega,Licores,,Tequila reposado Jose Cuervo,2020-10-07 00:00:00
2400784,Bodega,Sidra y cava,,Cava brut nature vintage Cabré & Sabaté,2020-10-07 00:00:00
2400794,Bodega,Sidra y cava,,Bebida zumo de frutas con gas Magic sin alcohol,2020-10-07 00:00:00
2401091,Bodega,Vino tinto,,Vino tinto D.O Valdepeñas Señorío de los Llanos crianza,2020-10-07 00:00:00
2401140,Desayuno y Dulces,Cacao soluble y chocolate a la taza,,Cacao soluble CaoBon,2020-10-07 00:00:00
2401155,Desayuno y Dulces,Cacao soluble y chocolate a la taza,,Cacao en polvo instantáneo a la taza,2020-10-07 00:00:00
2401392,Bebidas Calientes,Cafe molido y en grano,,Café molido descafeinado mezcla,2020-10-07 00:00:00
2401600,Bebidas Calientes,Te e infusiones,,Infusión Hinojo,2020-10-07 00:00:00
2401726,Carnicería,Aves y pollo,,Nuggets de pollo,2020-10-07 00:00:00
2402064,Carnicería,Conejo y cordero,,Medio conejo troceado,2020-10-07 00:00:00
2402445,Carnicería,Vacuno,,Churrasco de vacuno añojo,2020-10-07 00:00:00
2402549,Carnicería,Empanados y elaborados,,Churrasco marinado,2020-10-07 00:00:00
2402747,Desayuno y Dulces,Galletas,María,Galletas,2020-10-07 00:00:00
2402889,Desayuno y Dulces,Tortitas,,Tortitas de maíz con chocolate,2020-10-07 00:00:00
2403027,Charcutería y Quesos,Bacon y salchichas,,Salchichas cocidas de pollo,2020-10-07 00:00:00
2403057,Charcutería y Quesos,Chopped y mortadela,,Chopped cocido en lata finas lonchas,2020-10-07 00:00:00
2403264,Charcutería y Quesos,Embutido curado,,Surtido de ibéricos La Hacienda del ibérico,2020-10-07 00:00:00
2403497,Charcutería y Quesos,Queso curado semicurado y tierno,,Queso semicurado,2020-10-07 00:00:00
2403582,Charcutería y Quesos,Queso lonchas rallado y en porciones,,Queso rallado emmental gratinar,2020-10-07 00:00:00
2403590,Charcutería y Quesos,Queso lonchas rallado y en porciones,,Mini Babybel,2020-10-07 00:00:00
2403635,Charcutería y Quesos,Queso untable y fresco,,Queso fresco batido desnatado 0% materia grasa,2020-10-07 00:00:00
2403854,Congelados,Helados,,Helado de horchata,2020-10-07 00:00:00
2404294,Pescadería,Pescado,,Tubo de pota congelado,2020-10-07 00:00:00
2404426,Platos Preparados,Pizzas,,Bases de pizza artesanas extrafinas y crujientes ultracongeladas,2020-10-07 00:00:00
2404694,Panadería y Pastelería,Tartas y churros,,Tarta de galleta 7 congelada,2020-10-07 00:00:00
2405239,Frescos,Conservas de verdura y frutas,Hacendado,Cebolla caramelizada,2020-10-07 00:00:00
2405352,Despensa,Gazpacho y cremas,,Crema de marisco,2020-10-07 00:00:00
2405360,Despensa,Sopa y caldo,,Tallarines a la carbonara,2020-10-07 00:00:00
2405726,Cuidado Personal,Champu,,Champú repara & protege cabello débil y dañado,2020-10-07 00:00:00
2405729,Cuidado Personal,Champu,,Champú Color Intense cabello teñido o con mechas,2020-10-07 00:00:00
2405940,Cuidado Personal,Coloracion cabello,,Coloración permanente 6.35 rubio caramelo,2020-10-07 00:00:00
2406336,Otros,Cuidado corporal,,Crema corporal con aceite de argán,2020-10-07 00:00:00
2406387,Otros,Cuidado corporal,,Papel higiénico húmedo WC,2020-10-07 00:00:00
2406397,Otros,Cuidado corporal,,Toallitas desmaquillantes Micelar & Oil para todo tipo de pieles,2020-10-07 00:00:00
2406539,Cuidado Personal,Cuidado e higiene facial,,Crema facial limpiadora anti-age rosa mosqueta,2020-10-07 00:00:00
2406551,Cuidado Personal,Cuidado e higiene facial,,Toallitas desmaquillantes Micelar & Oil para todo tipo de pieles,2020-10-07 00:00:00
2406598,Cuidado Personal,Cuidado e higiene facial,,Tratamiento facial intensivo regenerador Sisbela,2020-10-07 00:00:00
2406844,Cuidado Personal,Desodorante,,Desodorante fresh & dry para pies,2020-10-07 00:00:00
2407345,Cuidado Personal,Manicura y pedicura,,Laca de uñas Glitter 944 coral,2020-10-07 00:00:00
2407524,Cuidado Personal,Perfume y colonia,,Body spray té verde fresco,2020-10-07 00:00:00
2407533,Cuidado Personal,Perfume y colonia,,Eau de toilette mujer Chanson d'Eau,2020-10-07 00:00:00
2407857,Salud,Fitoterapia,,Polen,2020-10-07 00:00:00
2408102,Frescos,Fruta,,Pera rocha,2020-10-07 00:00:00
2408438,Lácteos y Huevos,Leche y bebidas vegetales,,Bebida de avena Alitey,2020-10-07 00:00:00
2408449,Lácteos y Huevos,Leche y bebidas vegetales,,Bebida de arroz Alitey,2020-10-07 00:00:00
2408576,Lácteos y Huevos,Mantequilla y margarina,,Manteca de cerdo Mont-Palau para cocinar,2020-10-07 00:00:00
2408631,Limpieza y Hogar,Detergente y suavizante ropa,,Detergente ropa blanca y de color en polvo,2020-10-07 00:00:00
2408634,Limpieza y Hogar,Detergente y suavizante ropa,,Detergente ropa en polvo,2020-10-07 00:00:00
2408640,Limpieza y Hogar,Detergente y suavizante ropa,,Toallitas lavadora acción 2 en 1,2020-10-07 00:00:00
2408675,Limpieza y Hogar,Detergente y suavizante ropa,,Tinte para ropa negro La Nave,2020-10-07 00:00:00
2408720,Limpieza y Hogar,Estropajo bayeta y guantes,,Estropajo baño fibra blanca,2020-10-07 00:00:00
2409644,Despensa,Menaje y conservacion de alimentos,,Velote blanco Roura,2020-10-07 00:00:00
2409974,Limpieza y Hogar,Utensilios de limpieza y calzado,,"Cubo de basura reciclaje 50L (30L + 10L) 35,5 x 41,5 x 45 cm",2020-10-07 00:00:00
2410074,Maquillaje,Bases de maquillaje y corrector,,Maquillaje fluido hydra-confort 05 dorado,2020-10-07 00:00:00
2410313,Maquillaje,Labios,,Perfilador de labios larga duración 03 vino,2020-10-07 00:00:00
2410336,Maquillaje,Labios,,Pintalabios larga duración No transfer 02 rojo,2020-10-07 00:00:00
2410566,Maquillaje,Pinceles y brochas,,Pincel difuminador,2020-10-07 00:00:00
2411087,Mascotas,Gato,,Anti orines para perros y gatos Krislin,2020-10-07 00:00:00
2411938,Panadería y Pastelería,Pan de molde y otras especialidades,,Mini tortillas de trigo,2020-10-07 00:00:00
2412469,Platos Preparados,Platos preparados calientes,,Arroz cocido integral Brillante,2020-10-07 00:00:00
2412824,Cuidado Personal,Gelatina y otros postres,,Gelatina 0% azúcar sabor fresa,2020-10-07 00:00:00
2413235,Lácteos y Huevos,Yogures naturales y sabores,,Yogur sabor fresa,2020-10-07 00:00:00
2413494,Otros,Melocoton y pina,,Néctar de melocotón sin azúcares añadidos,2020-10-07 00:00:00
2413506,Otros,Melocoton y pina,,Néctar de piña La Verja,2020-10-07 00:00:00
2419596,Despensa,Aceite especias y salsas aceite vinagre y sal,,Sal de ajo,2020-10-07 12:00:00
2419630,Despensa,Aceite especias y salsas especias,,Orégano,2020-10-07 12:00:00
2419740,Despensa,Aceite especias y salsas mayonesa ketchup y mostaza,,Salsa ligera Ligeresa,2020-10-07 12:00:00
2419830,Despensa,Aceite especias y salsas otras salsas,,Salsa agridulce,2020-10-07 12:00:00
2419875,Bebidas,Agua y refrescos agua,,Agua mineral Cortes mediana,2020-10-07 12:00:00
2419941,Bebidas,Agua y refrescos isotonico y energetico,,Bebida energética light,2020-10-07 12:00:00
2420029,Bebidas,Agua y refrescos refresco de cola,,Refresco cola Zero azúcar,2020-10-07 12:00:00
2420073,Bebidas,Agua y refrescos refresco de naranja y de limon,,Refresco lima limón fresh gas,2020-10-07 12:00:00
2420107,Bebidas,Agua y refrescos tonica y bitter,,Tónica original,2020-10-07 12:00:00
2420198,Bebidas,Agua y refrescos refresco de te y sin gas,,Limonada light sin gas,2020-10-07 12:00:00
2420242,Despensa,Aperitivos aceitunas y encurtidos,,Aceitunas rellenas de pimiento,2020-10-07 12:00:00
2420317,Frescos,Aperitivos frutos secos y fruta desecada,Hacendado,Castañas tostadas y peladas,2020-10-07 12:00:00
2420389,Aperitivos,Aperitivos patatas fritas y snacks,,Patatas fritas estilo tradicional,2020-10-07 12:00:00
2420486,Despensa,Arroz legumbres y pasta arroz,,Arroz redondo,2020-10-07 12:00:00
2420546,Despensa,Arroz legumbres y pasta legumbres,,Alubia cocida blanca,2020-10-07 12:00:00
2420569,Despensa,Arroz legumbres y pasta pasta y fideos,,Pasta maravilla,2020-10-07 12:00:00
2420667,Desayuno y Dulces,Azucar caramelos y chocolate azucar y edulcorante,,Azúcar blanco,2020-10-07 12:00:00
2420781,Desayuno y Dulces,Azucar caramelos y chocolate chicles y caramelos,,Caramelos menta minigrageas Smint,2020-10-07 12:00:00
2420933,Desayuno y Dulces,Azucar caramelos y chocolate chocolate,,Chocolate extrafino con leche almendras enteras,2020-10-07 12:00:00
2421090,Desayuno y Dulces,Azucar caramelos y chocolate golosinas,,Golosinas Halloween,2020-10-07 12:00:00
2421120,Desayuno y Dulces,Azucar caramelos y chocolate mermelada y miel,,Confitura de fresa,2020-10-07 12:00:00
2421207,Bebé,Bebe alimentacion infantil,,Papilla verduritas con pollo baby buenas noches +6 meses,2020-10-07 12:00:00
2421324,Bebé,Bebe biberon chupete y menaje,,Chupete látex anatómico +6 a 18 meses luminiscente,2020-10-07 12:00:00
2421434,Bebé,Bebe higiene y cuidado,,Peine para bebé con púas redondeadas,2020-10-07 12:00:00
2421495,Bebé,Bebe toallitas y panales,,Pañal bebé braguita talla XL de 16-28 kg,2020-10-07 12:00:00
2421552,Bodega,Bodega cerveza,,Cerveza Amstel,2020-10-07 12:00:00
2421639,Bodega,Bodega cerveza sin alcohol,,"Cerveza 0,0% sin alcohol",2020-10-07 12:00:00
2421760,Bodega,Bodega licores,,Licor dulce Anís del mono,2020-10-07 12:00:00
2421819,Bodega,Bodega sidra y cava,,Cava brut Cabré & Sabaté,2020-10-07 12:00:00
2421881,Bodega,Bodega tinto de verano y sangria,,Tinto de verano classic Casón Histórico,2020-10-07 12:00:00
2421913,Bodega,Bodega vino blanco,,Vino blanco verdejo D.O Rueda Arribeño,2020-10-07 12:00:00
2421935,Bodega,Bodega vino lambrusco y espumoso,,Vino tinto dulce de aguja Sangue di Giuda Cueva peccato,2020-10-07 12:00:00
2421944,Bodega,Bodega vino rosado,,Vino rosado D.O Valencia Castillo de Liria,2020-10-07 12:00:00
2422021,Bodega,Bodega vino tinto,,Vino tinto Casón Histórico,2020-10-07 12:00:00
2422103,Desayuno y Dulces,Cacao cafe e infusiones cacao soluble y chocolate a la taza,,Cacao soluble instantáneo,2020-10-07 12:00:00
2422154,Desayuno y Dulces,Cacao cafe e infusiones cafe capsula y monodosis,,Café con leche en cápsula descafeinado Cocatech,2020-10-07 12:00:00
2422216,Desayuno y Dulces,Cacao cafe e infusiones cafe molido y en grano,,Café molido mezcla fuerte,2020-10-07 12:00:00
2422258,Desayuno y Dulces,Cacao cafe e infusiones cafe soluble y otras bebidas,,Café soluble descafeinado classic,2020-10-07 12:00:00
2422314,Desayuno y Dulces,Cacao cafe e infusiones te e infusiones,,Infusión Manzanilla sabor a miel,2020-10-07 12:00:00
2422373,Carnicería,Carne arreglos,,"Arreglo para puchero vacuno, cerdo y pollo",2020-10-07 12:00:00
2422461,Carnicería,Carne aves y pollo,,Filetes pechuga de pavo,2020-10-07 12:00:00
2422547,Carnicería,Carne carne congelada,,Jamoncitos de pollo congelados,2020-10-07 12:00:00
2422618,Carnicería,Carne cerdo,,Pinchos de cerdo con varilla,2020-10-07 12:00:00
2422681,Carnicería,Carne conejo y cordero,,Cuello de cordero,2020-10-07 12:00:00
2422683,Carnicería,Carne embutido,,Longaniza magro fresca,2020-10-07 12:00:00
2422707,Carnicería,Carne hamburguesas y picadas,,Mini burgers de pollo,2020-10-07 12:00:00
2422751,Carnicería,Carne vacuno,,Filetes de vacuno 1ªB añojo,2020-10-07 12:00:00
2422831,Carnicería,Carne empanados y elaborados,,Oreja de cerdo cocida adobada Rogusa,2020-10-07 12:00:00
2422864,Desayuno y Dulces,Cereales y galletas cereales,,Cereales rellenos de leche,2020-10-07 12:00:00
2423006,Desayuno y Dulces,Cereales y galletas galletas,,Galletas Digestive chocolate con leche,2020-10-07 12:00:00
2423072,Desayuno y Dulces,Cereales y galletas tortitas,,Tortitas de maíz,2020-10-07 12:00:00
2423151,Carnicería,Charcuteria y quesos aves y jamon cocido,Hacendado,Fiambre magro sándwich lonchas,2020-10-07 12:00:00
2423190,Charcutería y Quesos,Charcuteria y quesos bacon y salchichas,,Salchichas cocidas pollo y pavo,2020-10-07 12:00:00
2423243,Charcutería y Quesos,Charcuteria y quesos chopped y mortadela,,Galantina aceituna y pimiento finas lonchas,2020-10-07 12:00:00
2423329,Charcutería y Quesos,Charcuteria y quesos embutido curado,,Chorizo extra pimienta finas lonchas,2020-10-07 12:00:00
2423388,Charcutería y Quesos,Charcuteria y quesos jamon serrano,,Paleta de bellota ibérica La Hacienda del ibérico,2020-10-07 12:00:00
2423470,Charcutería y Quesos,Charcuteria y quesos pate y sobrasada,,Sobrasada con miel L'Illa especialidades,2020-10-07 12:00:00
2423589,Charcutería y Quesos,Charcuteria y quesos queso curado semicurado y tierno,,Queso light 30% menos de grasa,2020-10-07 12:00:00
2423635,Charcutería y Quesos,Charcuteria y quesos queso lonchas rallado y en porciones,,Queso en polvo grana padano,2020-10-07 12:00:00
2423714,Charcutería y Quesos,Charcuteria y quesos queso untable y fresco,,Queso azul Danés Viking danablu,2020-10-07 12:00:00
2423722,Despensa,Congelados arroz y pasta,,Arroz tres delicias ultracongelado,2020-10-07 12:00:00
2423740,Carnicería,Congelados carne,,Jamoncitos de pollo congelados,2020-10-07 12:00:00
2423794,Congelados,Congelados helados,,Helado mini cucurucho nata,2020-10-07 12:00:00
2423863,Congelados,Congelados hielo,,Cubos de hielo,2020-10-07 12:00:00
2423933,Pescadería,Congelados marisco,Hacendado,Almeja del Pacífico congelada,2020-10-07 12:00:00
2423957,Pescadería,Congelados pescado,Hacendado,Sepia limpia pequeña congelada,2020-10-07 12:00:00
2424002,Platos Preparados,Congelados pizzas,,Pizzas tomate y queso ultracongeladas,2020-10-07 12:00:00
2424107,Congelados,Congelados rebozados,,Rollitos primavera ultracongelados,2020-10-07 12:00:00
2424166,Panadería y Pastelería,Congelados tartas y churros,,Tarta infantil congelada,2020-10-07 12:00:00
2424259,Frescos,Congelados verdura,Hacendado,Wok de verduras asiático ultracongelado,2020-10-07 12:00:00
2424290,Pescadería,Conservas caldos y cremas atun y otras conservas de pescado,Hacendado,Bonito del norte en aceite de oliva,2020-10-07 12:00:00
2424353,Despensa,Conservas caldos y cremas berberechos y mejillones,,Berberecho al natural XS,2020-10-07 12:00:00
2424418,Frescos,Conservas caldos y cremas conservas de verdura y frutas,Hacendado,Remolacha en tiras,2020-10-07 12:00:00
2424525,Despensa,Conservas caldos y cremas gazpacho y cremas,,Gazpacho fresco,2020-10-07 12:00:00
2424601,Despensa,Conservas caldos y cremas sopa y caldo,,Doble caldo sabor clásico carne Knorr en pastillas,2020-10-07 12:00:00
2424628,Despensa,Conservas caldos y cremas tomate,,Tomate triturado,2020-10-07 12:00:00
2424686,Cuidado Personal,Cuidado del cabello acondicionador y mascarilla,,Sérum Natural todo tipo de cabello,2020-10-07 12:00:00
2424742,Cuidado Personal,Cuidado del cabello champu,,Champú Anticaída Men,2020-10-07 12:00:00
2424919,Cuidado Personal,Cuidado del cabello coloracion cabello,,Coloración sin amoníaco L'Oréal 5 castaño natural,2020-10-07 12:00:00
2424965,Cuidado Personal,Cuidado del cabello fijacion cabello,,Gel fijador fuerte todo tipo de cabello fijación 3,2020-10-07 12:00:00
2425019,Cuidado Personal,Cuidado del cabello peines y accesorios,,Redecilla rubia,2020-10-07 12:00:00
2425069,Cuidado Personal,Cuidado facial y corporal afeitado y cuidado para hombre,,After shave bálsamo hidratante Men con aloe vera,2020-10-07 12:00:00
2425178,Cuidado Personal,Cuidado facial y corporal cuidado corporal,,Aceite corporal reparador estrías y cicatrices,2020-10-07 12:00:00
2425240,Cuidado Personal,Cuidado facial y corporal cuidado e higiene facial,,Mascarilla facial de carbón + azúcar moreno Montagne Jeunesse,2020-10-07 12:00:00
2425333,Cuidado Personal,Cuidado facial y corporal depilacion,,Cera tibia en tarro piel sensible,2020-10-07 12:00:00
2425388,Cuidado Personal,Cuidado facial y corporal desodorante,,Desodorante roll-on cuidado aloe,2020-10-07 12:00:00
2425502,Cuidado Personal,Cuidado facial y corporal gel y jabon de manos,,Jabón de manos kids líquido,2020-10-07 12:00:00
2425554,Cuidado Personal,Cuidado facial y corporal higiene bucal,,Dentífrico gel infantil + 2 años Pjmasks,2020-10-07 12:00:00
2425705,Cuidado Personal,Cuidado facial y corporal higiene intima,,Pañal adulto talla M,2020-10-07 12:00:00
2425786,Cuidado Personal,Cuidado facial y corporal manicura y pedicura,,Laca de uñas alto brillo 31 negro místico,2020-10-07 12:00:00
2425898,Cuidado Personal,Cuidado facial y corporal neceseres,,Neceser mediano con asas,2020-10-07 12:00:00
2426136,Cuidado Personal,Cuidado facial y corporal perfume y colonia,,Lote hombre Antonio Banderas Power of Seduction,2020-10-07 12:00:00
2426196,Cuidado Personal,Cuidado facial y corporal protector solar y aftersun,,Protector labial FPS 15,2020-10-07 12:00:00
2426346,Salud,Fitoterapia y parafarmacia fitoterapia,,Lecitina de soja en gránulos,2020-10-07 12:00:00
2426394,Salud,Fitoterapia y parafarmacia parafarmacia,,Stick de árnica cata pum,2020-10-07 12:00:00
2426492,Frescos,Fruta y verdura fruta,,Melón piel de sapo,2020-10-07 12:00:00
2426555,Frescos,Fruta y verdura lechuga y ensalada preparada,,Ensalada ensatún,2020-10-07 12:00:00
2426677,Frescos,Fruta y verdura verdura,,Maíz dulce en mazorca cocido,2020-10-07 12:00:00
2426702,Lácteos y Huevos,Huevos leche y mantequilla huevos,,Claras de huevo líquidas pasteurizadas,2020-10-07 12:00:00
2426891,Lácteos y Huevos,Huevos leche y mantequilla leche y bebidas vegetales,,Leche de continuación Peques 2,2020-10-07 12:00:00
2426923,Lácteos y Huevos,Huevos leche y mantequilla mantequilla y margarina,,Margarina Tulipán,2020-10-07 12:00:00
2426997,Limpieza y Hogar,Limpieza y hogar detergente y suavizante ropa,,Detergente ropa blanca y de color en polvo,2020-10-07 12:00:00
2427116,Limpieza y Hogar,Limpieza y hogar estropajo bayeta y guantes,,Guantes de látex talla mediana,2020-10-07 12:00:00
2427211,Limpieza y Hogar,Limpieza y hogar insecticida y ambientador,Brise,Ambientador automático by lavanda y jazmín,2020-10-07 12:00:00
2427347,Limpieza y Hogar,Limpieza y hogar lejia y liquidos fuertes,,Kit minipiscinas,2020-10-07 12:00:00
2427412,Limpieza y Hogar,Limpieza y hogar limpiacristales,,Toallitas limpiagafas monodosis,2020-10-07 12:00:00
2427469,Limpieza y Hogar,Limpieza y hogar limpiahogar y friegasuelos,,Limpiahogar multiusos pino líquido,2020-10-07 12:00:00
2427554,Limpieza y Hogar,Limpieza y hogar limpieza bano y wc,,Limpiador ducha,2020-10-07 12:00:00
2427562,Limpieza y Hogar,Limpieza y hogar limpieza cocina,,Quitagrasas perfume Marsella,2020-10-07 12:00:00
2427630,Limpieza y Hogar,Limpieza y hogar limpieza muebles y multiusos,,70% Alcohol limpieza hogar,2020-10-07 12:00:00
2427663,Limpieza y Hogar,Limpieza y hogar limpieza vajilla,,Sal lavavajillas en pastillas,2020-10-07 12:00:00
2427721,Limpieza y Hogar,Limpieza y hogar menaje y conservacion de alimentos,,Velote blanco Roura,2020-10-07 12:00:00
2427742,Limpieza y Hogar,Limpieza y hogar papel higienico y celulosa,,Papel cocina gigante absorbente,2020-10-07 12:00:00
2427793,Limpieza y Hogar,Limpieza y hogar pilas y bolsas de basura,,Pila micro alcalina LRV08 Panasonic,2020-10-07 12:00:00
2427928,Limpieza y Hogar,Limpieza y hogar utensilios de limpieza y calzado,,Plantillas aloe vera + carbón activo talla 22-46,2020-10-07 12:00:00
2427976,Maquillaje,Maquillaje bases de maquillaje y corrector,,Maquillaje fluido fijo & cubriente 10,2020-10-07 12:00:00
2428060,Maquillaje,Maquillaje colorete y polvos,,Colorete compacto 01,2020-10-07 12:00:00
2428147,Maquillaje,Maquillaje labios,,Pintalabios larga duración No transfer 01 coral,2020-10-07 12:00:00
2428192,Maquillaje,Maquillaje ojos,,Perfilador de ojos 01 negro,2020-10-07 12:00:00
2428310,Maquillaje,Maquillaje pinceles y brochas,,Pincel difuminador,2020-10-07 12:00:00
2428379,Pescadería,Marisco y pescado marisco,Pescanova,Palitos de surimi,2020-10-07 12:00:00
2428411,Pescadería,Marisco y pescado pescado congelado,Hacendado,Filetes de merluza Argentina sin piel ultracongelados,2020-10-07 12:00:00
2428517,Pescadería,Marisco y pescado pescado en bandeja,,Filetes de dorada,2020-10-07 12:00:00
2428597,Pescadería,Marisco y pescado pescado fresco,,Lubina sin limpiar,2020-10-07 12:00:00
2428626,Pescadería,Marisco y pescado salazones y ahumados,,Migas de bacalao al estilo inglés Ubago,2020-10-07 12:00:00
2428692,Pescadería,Marisco y pescado sushi,,Surtido sushi,2020-10-07 12:00:00
2428748,Mascotas,Mascotas gato,,"Bocaditos en salsa gato adulto Delikuit con pollo, pavo y verduras",2020-10-07 12:00:00
2428854,Mascotas,Mascotas perro,,Paté perro júnior Delikuit con ternera y leche,2020-10-07 12:00:00
2428939,Mascotas,Mascotas pez y otros,,Alimento completo para periquitos Granzoo,2020-10-07 12:00:00
2429029,Panadería y Pastelería,Panaderia y pasteleria bolleria de horno,,Xuxu rayado relleno de chocolate 57%,2020-10-07 12:00:00
2429114,Panadería y Pastelería,Panaderia y pasteleria bolleria envasada,,Magdalenas,2020-10-07 12:00:00
2429230,Panadería y Pastelería,Panaderia y pasteleria harina y preparado reposteria,,Levadura en polvo Royal,2020-10-07 12:00:00
2429307,Panadería y Pastelería,Panaderia y pasteleria pan de horno,,"Panecillo de ajo 1,2%",2020-10-07 12:00:00
2429362,Panadería y Pastelería,Panaderia y pasteleria pan de molde y otras especialidades,,Pan de molde semillas y pipas de calabaza,2020-10-07 12:00:00
2429419,Panadería y Pastelería,Panaderia y pasteleria pan tostado y rallado,,Crackers con sal Galbusera,2020-10-07 12:00:00
2429483,Panadería y Pastelería,Panaderia y pasteleria picos rosquilletas y picatostes,,Picatostes fritos con ajo,2020-10-07 12:00:00
2429556,Panadería y Pastelería,Panaderia y pasteleria tartas y pasteles,,Surtido de repostería congelada,2020-10-07 12:00:00
2429611,Panadería y Pastelería,Panaderia y pasteleria velas y decoracion,,Vela de cumpleaños 8,2020-10-07 12:00:00
2429690,Platos Preparados,Pizzas y platos preparados pizzas,,Masa fresca pizza,2020-10-07 12:00:00
2429745,Platos Preparados,Pizzas y platos preparados platos preparados calientes,,"Pollo asado Tradigust relleno con ciruelas, pasas y nueces",2020-10-07 12:00:00
2429877,Platos Preparados,Pizzas y platos preparados platos preparados frios,,Sándwich jamón york y queso pan sin corteza,2020-10-07 12:00:00
2429924,Lácteos y Huevos,Postres y yogures bifidus,,Bífidus desnatado con nueces y cereales,2020-10-07 12:00:00
2430015,Lácteos y Huevos,Postres y yogures flan y natillas,,Natillas sabor coco,2020-10-07 12:00:00
2430049,Lácteos y Huevos,Postres y yogures gelatina y otros postres,,Arroz con leche,2020-10-07 12:00:00
2430151,Lácteos y Huevos,Postres y yogures postres de soja,,Postre de soja sabor vainilla Alpro,2020-10-07 12:00:00
2430210,Lácteos y Huevos,Postres y yogures yogures desnatados,,Yogur natural edulcorado 0% materia grasa 0% sin azúcares añadidos,2020-10-07 12:00:00
2430286,Lácteos y Huevos,Postres y yogures yogures griegos,,Yogur griego natural con azúcar de caña,2020-10-07 12:00:00
2430370,Lácteos y Huevos,Postres y yogures yogures liquidos,,Bebida láctea de fresa Cuidacol 0% azúcares añadidos,2020-10-07 12:00:00
2430423,Lácteos y Huevos,Postres y yogures yogures naturales y sabores,,Yogur natural,2020-10-07 12:00:00
2430497,Lácteos y Huevos,Postres y yogures yogures y postres infantiles,,Petit de bolsillo de fresa,2020-10-07 12:00:00
2430578,Frescos,Zumos fruta variada,Hacendado,Smoothie mango & coco,2020-10-07 12:00:00
2430585,Bebidas,Zumos melocoton y pina,,Zumo de melocotón y uva,2020-10-07 12:00:00
2430651,Bebidas,Zumos naranja,,Néctar de naranja sin azúcares añadidos,2020-10-07 12:00:00
2430673,Despensa,Zumos tomate y otros sabores,,Zumo de pomelo,2020-10-07 12:00:00
