Genre,ArtistName,TrackName,Popularity,Duration
Dance,Ariana Grande,7 rings,100,178
Pop,Ariana Grande,"break up with your girlfriend, i'm bored",99,190
Rap,Post Malone,Wow.,99,149
Hip-Hop,Daddy Yankee,Con Calma,98,193
Pop,Ava Max,Sweet but Psycho,97,187
Rap,Post Malone,Sunflower - Spider-Man: Into the Spider-Verse,97,158
Pop,Pedro Capó,Calma - Remix,97,238
Indie,Halsey,Without Me,97,201
Pop,Marshmello,Happier,97,214
Pop,Sam Smith,Dancing With A Stranger (with Normani),97,171
Rap,J. Cole,MIDDLE CHILD,96,213
Reggaeton,Anuel Aa,Secreto,96,258
Pop,Lady Gaga,Shallow,96,215
Pop,DJ Snake,"Taki Taki (with Selena Gomez, Ozuna & Cardi B)",96,212
Reggaeton,Ozuna,Baila Baila Baila,95,158
Pop,Ariana Grande,"thank u, next",95,207
Hip-Hop,Meek Mill,Going Bad (feat. Drake),95,180
Pop,Panic! At The Disco,High Hopes,95,190
Hip-Hop,Paulo Londra,Adan y Eva,95,258
Reggaeton,Bad Bunny,MIA (feat. Drake),95,210
Pop,Calvin Harris,Giant (with Rag'n'Bone Man),94,229
Pop,Khalid,Talk,94,197
Pop,Jonas Brothers,Sucker,94,181
Pop,Lauv,i'm so tired...,94,162
Pop,Travis Scott,SICKO MODE,94,312
Hip-Hop,21 Savage,a lot,93,288
Rap,Blueface,Thotiana,93,129
Rap,Kodak Black,ZEZE (feat. Travis Scott & Offset),93,228
Rap,Post Malone,Better Now,93,231
Pop,Mau y Ricky,Desconocidos,93,204
Reggaeton,Anuel Aa,Amanece,92,190
Pop,The Chainsmokers,Who Do You Love (with 5 Seconds of Summer),92,226
Rap,XXXTENTACION,SAD!,92,166
Rap,Juice WRLD,Lucid Dreams,92,239
Pop,Alec Benjamin,Let Me Down Slowly,92,169
Pop,Ariana Grande,needy,92,171
Dance,Ellie Goulding,Close To Me (with Diplo) (feat. Swae Lee),92,182
Rap,Lil Baby,Drip Too Hard (Lil Baby & Gunna),92,145
Rap,Sheck Wes,Mo Bamba,92,183
Pop,Dean Lewis,Be Alright,92,196
Pop,Mark Ronson,Nothing Breaks Like a Heart (feat. Miley Cyrus),92,217
Pop,Ariana Grande,NASA,91,182
Rap,A Boogie Wit da Hoodie,Look Back At It,91,179
Rap,A Boogie Wit da Hoodie,Swervin (feat. 6ix9ine),91,189
Rap,Juice WRLD,Robbery,91,240
Pop,Calvin Harris,Promises (with Sam Smith),91,213
Rap,Post Malone,rockstar (feat. 21 Savage),91,218
Pop,Piso 21,Te Vi,91,231
Hip-Hop,Mustard,Pure Water (with Migos),91,194
Hip-Hop,XXXTENTACION,Moonlight,91,135
Pop,Lewis Capaldi,Someone You Loved,91,182
Reggaeton,Daddy Yankee,Adictiva,91,207
Rap,Cardi B,Please Me,91,200
Dance,Ariana Grande,bad idea,91,267
Pop,benny blanco,Eastside (with Halsey & Khalid),91,173
R&B,Mabel,Don't Call Me Up,91,178
Pop,Ariana Grande,bloodline,91,216
Pop,Ariana Grande,fake smile,90,208
Pop,Lady Gaga,Shallow - Radio Edit,90,217
Reggaeton,Bad Bunny,NI BIEN NI MAL,90,236
Rap,XXXTENTACION,Arms Around You (feat. Maluma & Swae Lee),90,198
Hip-Hop,Flipp Dinero,Leave Me Alone,90,195
Hip-Hop,XXXTENTACION,Jocelyn Flores,90,119
Dance,Ariana Grande,no tears left to cry,90,205
Pop,Cardi B,I Like It,90,253
Rap,Tyga,Taste (feat. Offset),90,232
Pop,Sebastian Yatra,Un Año,90,164
Pop,Ariana Grande,imagine,90,212
Rock,Imagine Dragons,Bad Liar,90,260
Hip-Hop,Gucci Mane,Wake Up in the Sky,89,204
Pop,Becky G,Bubalu,89,228
Rap,Juice WRLD,Armed And Dangerous,89,169
Pop,J Balvin,Reggaeton,89,158
Pop,Maroon 5,Girls Like You (feat. Cardi B),89,235
Dance,Bazzi,Beautiful (feat. Camila Cabello),89,180
Rap,Cardi B,Money,89,183
Hip-Hop,Drake,God's Plan,89,198
Pop,Post Malone,Psycho (feat. Ty Dolla $ign),89,221
Pop,Billie Eilish,idontwannabeyouanymore,89,203
Pop,Calvin Harris,One Kiss (with Dua Lipa),89,214
Rock,Imagine Dragons,Believer,89,204
Rock,Imagine Dragons,Natural,89,189
Pop,Ed Sheeran,Perfect,89,263
Pop,Zedd,The Middle,88,184
Hip-Hop,French Montana,No Stylist,88,192
Dance,The Chainsmokers,This Feeling,88,197
Pop,Kygo,Happy Now,88,211
Pop,Lauv,I Like Me Better,88,197
Pop,Zedd,365,88,181
Pop,Lady Gaga,Always Remember Us This Way,88,210
Dance,Zara Larsson,Ruin My Life,88,190
Rap,6ix9ine,BEBE (feat. Anuel Aa),88,217
Pop,Marshmello,FRIENDS,88,202
Pop,benny blanco,"I Can’t Get Enough (benny blanco, Selena Gomez, J Balvin, Tainy)",88,158
Reggaeton,Ozuna,Vaina Loca,88,176
Dance,The Chainsmokers,Hope,88,180
Pop,Ariana Grande,in my head,88,222
Pop,Khalid,Better,88,229
Pop,Robin Schulz,Speechless (feat. Erika Sirola),88,214
Rap,XXXTENTACION,changes,88,121
Rap,Rich The Kid,Splashin,88,177
Pop,Luis Fonsi,Imposible,88,163
R&B,Camila Cabello,Havana,88,217
Rap,Drake,In My Feelings,88,217
Rap,6ix9ine,KIKA (feat. Tory Lanez),88,136
Rap,Post Malone,I Fall Apart,88,223
Reggaeton,Karol G,Créeme,88,212
Rock,Imagine Dragons,Thunder,88,187
Rap,XXXTENTACION,Fuck Love (feat. Trippie Redd),87,146
Rap,Lil Peep,Falling Down - Bonus Track,87,196
Rap,BlocBoy JB,Look Alive (feat. Drake),87,181
Pop,Becky G,Cuando Te Besé,87,254
Dance,Clean Bandit,Solo (feat. Demi Lovato),87,222
Pop,George Ezra,Shotgun,87,201
Indie,YUNGBLUD,11 Minutes (with Halsey feat. Travis Barker),87,239
Pop,Ariana Grande,breathin,87,198
Rap,Post Malone,Congratulations,87,220
Rap,6ix9ine,MALA (feat. Anuel Aa),87,206
Pop,Sebastian Yatra,Ya No Tiene Novio,87,198
Pop,Silk City,Electricity (with Dua Lipa),87,238
Rap,Lil Mosey,Noticed,87,165
Pop,Rita Ora,Let You Love Me,87,190
Pop,Billie Eilish,bellyache,87,179
Reggaeton,Karol G,Culpables,87,226
Pop,Travis Scott,YOSEMITE,87,150
Dance,Ariana Grande,God is a woman,87,197
Pop,Khalid,Saturday Nights,87,209
Pop,Shawn Mendes,In My Blood,87,211
Pop,Metro Boomin,Space Cadet (feat. Gunna),87,203
Pop,Billie Eilish,wish you were gay,87,221
Pop,Dua Lipa,Kiss and Make Up,87,189
Pop,5 Seconds of Summer,Youngblood,87,203
Pop,Logic,Keanu Reeves,87,225
Pop,Ed Sheeran,Shape of You,87,233
Reggaeton,Brytiago,Asesina - Remix,87,327
Dance,Dua Lipa,"Swan Song (From the Motion Picture ""Alita: Battle Angel"")",87,182
Reggaeton,Nio Garcia,Te Boté - Remix,87,417
Pop,Dua Lipa,IDGAF,87,217
Pop,Ariana Grande,make up,87,140
Rap,Kanye West,I Love It (& Lil Pump),87,127
Pop,Billie Eilish,ocean eyes,86,200
Pop,Anne-Marie,2002,86,186
Pop,Ed Sheeran,Happier,86,207
Rap,Amenazzy,Baby,86,235
Hip-Hop,Eminem,Lucky You (feat. Joyner Lucas),86,244
Pop,Sam Smith,"Fire On Fire - From ""Watership Down""",86,246
Pop,Dua Lipa,New Rules,86,209
Dance,NOTD,So Close,86,190
R&B,Chris Brown,Undecided,86,187
Pop,Bebe Rexha,Last Hurrah,86,150
Rap,A$AP Rocky,Praise The Lord (Da Shine) (feat. Skepta),86,205
Dance,Tiësto,Jackie Chan,86,215
Pop,Hailee Steinfeld,"Let Me Go (with Alesso, Florida Georgia Line & watt)",86,174
Pop,Kygo,Think About You (feat. Valerie Broussard),86,208
Hip-Hop,Drake,Nice For What,86,210
Hip-Hop,XXXTENTACION,Everybody Dies In Their Nightmares,86,95
Pop,Bebe Rexha,Meant to Be (feat. Florida Georgia Line),86,163
Pop,Lukas Graham,Love Someone,86,205
Pop,Marshmello,Silence,86,180
Reggaeton,Cauty,Ta To Gucci (Remix),86,304
Rap,Lil Baby,Pure Cocaine,86,154
Rap,Travis Scott,goosebumps,86,243
Pop,Jonas Blue,Rise,86,194
Dance,Sia,"Thunderclouds (with Sia, Diplo & Labrinth)",86,187
Pop,Lil Uzi Vert,XO TOUR Llif3,86,182
Pop,Ed Sheeran,Photograph,86,258
Pop,Becky G,Sin Pijama,86,188
Pop,Khalid,Young Dumb & Broke,86,202
Pop,Selena Gomez,Wolves,86,197
Pop,Why Don't We,Big Plans,86,179
Pop,The Chainsmokers,Closer,86,244
Rap,Offset,Ric Flair Drip (& Metro Boomin),86,172
Hip-Hop,Kendrick Lamar,HUMBLE.,86,177
Pop,Bazzi,Mine,86,131
Rap,6ix9ine,"FEFE (feat. Nicki Minaj, Murda Beatz)",86,179
Pop,Reik,Amigos Con Derechos,86,227
Pop,Khalid,Love Lies (with Normani),86,201
Pop,ChocQuibTown,Pa Olvidarte (feat. Manuel Turizo) - Remix,86,256
Dance,Bebe Rexha,I'm a Mess,86,195
Rap,Juice WRLD,All Girls Are The Same,86,165
Pop,Selena Gomez,Back To You - From 13 Reasons Why – Season 2 Soundtrack,85,207
Rap,Calboy,Envy Me,85,120
Pop,Martin Garrix,Ocean (feat. Khalid),85,216
Rock,Toto,Africa,85,295
Pop,David Guetta,Better When You're Gone,85,192
Rap,Offset,Red Room,85,241
Pop,Billie Eilish,you should see me in a crown,85,180
Pop,P!nk,Walk Me Home,85,177
Pop,The Weeknd,Starboy,85,230
Pop,Galantis,Bones (feat. OneRepublic),85,205
Dance,Zedd,Happy Now,85,207
Pop,Tropkillaz,Bola Rebola,85,193
Reggaeton,Kevin Roldan,PPP,85,129
Pop,Piso 21,Puntos Suspensivos,85,186
Soul,John Legend,All of Me,85,269
Pop,Ed Sheeran,Thinking Out Loud,85,281
Reggaeton,Manuel Turizo,Esclavo de Tus Besos,85,219
Reggaeton,Bad Bunny,Caro,85,229
Reggaeton,Bad Bunny,Solo de Mi,85,197
Pop,Mario Bautista,Baby Girl (feat. Lalo Ebratt),85,218
Pop,Kenny Man,Ni Gucci Ni Prada,85,175
Reggaeton,Ozuna,Ibiza,85,200
Pop,Billie Eilish,my boy,85,170
Rap,Ski Mask The Slump God,Nuketown (feat. Juice WRLD),85,166
Pop,Kodak Black,Calling My Spirit,85,152
Pop,Lauv,There's No Way (feat. Julia Michaels),85,174
Pop,Shawn Mendes,There's Nothing Holdin' Me Back,85,199
Rap,21 Savage,monster,85,233
Pop,Metro Boomin,10 Freaky Girls (with 21 Savage),85,208
Dance,Rudimental,"These Days (feat. Jess Glynne, Macklemore & Dan Caplen)",85,210
Rock,Imagine Dragons,Whatever It Takes,85,201
Pop,Marshmello,Alone,85,273
Rap,A Boogie Wit da Hoodie,Startender (feat. Offset and Tyga),85,192
Pop,Sam Smith,Stay With Me,85,172
Rock,Jason Mraz,I'm Yours,85,242
Rap,Kehlani,Nights Like This (feat. Ty Dolla $ign),85,201
Rap,Offset,Legacy (feat. Travis Scott & 21 Savage),85,244
Rap,French Montana,Unforgettable,85,233
Pop,Bruno Mars,That's What I Like,85,206
Pop,Lil Baby,Yes Indeed,85,142
Rap,Eminem,'Till I Collapse,85,297
Pop,James Arthur,Say You Won't Let Go,85,211
Pop,5 Seconds of Summer,Lie To Me (feat. Julia Michaels),85,149
Rap,Future,First Off (feat. Travis Scott),85,228
Rap,Future,Fine China,85,141
Rap,Ski Mask The Slump God,Faucet Failure,85,145
Pop,H.E.R.,Best Part (feat. Daniel Caesar),85,209
Pop,Shawn Mendes,Treat You Better,85,187
Pop,King Princess,1950,84,225
Hip-Hop,NF,Let You Down,84,212
Children’s Music,Joji,SLOW DANCING IN THE DARK,84,209
Pop,Dean Lewis,7 Minutes,84,211
Pop,Billie Eilish,bitches broken hearts,84,176
Rap,Juice WRLD,Lean Wit Me,84,175
Dance,a-ha,Take on Me,84,225
Pop,Travis Scott,BUTTERFLY EFFECT,84,190
Rap,Lil Peep,I've Been Waiting (w/ ILoveMakonnen & Fall Out Boy),84,233
Pop,Lil Baby,"Never Recover (Lil Baby & Gunna, Drake)",84,194
Rock,Twenty One Pilots,Stressed Out,84,202
Pop,Maluma,HP,84,184
Hip-Hop,21 Savage,Bank Account,84,220
Reggaeton,Maluma,Mala Mía,84,183
Pop,Future,Crushed Up,84,149
Rap,Logic,Everyday,84,204
Hip-Hop,Paulo Londra,Forever Alone,84,215
Rap,Travis Scott,STARGAZING,84,270
Pop,Avicii,Without You (feat. Sandro Cavazza),84,181
Pop,ZAYN,Dusk Till Dawn - Radio Edit,84,239
Indie,Dermot Kennedy,Power Over Me,84,206
Pop,Coldplay,The Scientist,84,309
Pop,Anitta,Terremoto,84,146
Pop,Billie Eilish,come out and play,84,210
Reggaeton,Lunay,A Solas - Remix,84,273
Reggaeton,Dalex,Pa Mí - Remix,84,360
Pop,Khalid,Location,84,219
Dance,Avicii,Wake Me Up,84,247
Pop,Martin Garrix,No Sleep (feat. Bonn),84,207
Pop,Logic,1-800-273-8255,84,250
Dance,Ariana Grande,Into You,84,244
Hip-Hop,XXXTENTACION,Sauce!,84,144
Reggaeton,Paloma Mami,No Te Enamores,84,183
Rap,Migos,Walk It Talk It,84,276
Pop,John Mayer,New Light,84,216
Dance,Ariana Grande,One Last Time,84,197
Rap,Kendrick Lamar,All The Stars (with SZA),84,232
Rap,Rich The Kid,Plug Walk,84,175
Pop,Billie Eilish,COPYCAT,84,194
Reggaeton,Nicky Jam,X,84,173
Dance,Little Mix,Woman Like Me (feat. Nicki Minaj),84,228
R&B,Tory Lanez,TAlk tO Me (with Rich The Kid feat. Lil Wayne) - Remix,84,248
Pop,Ella Mai,Trip,84,213
Pop,benny blanco,Roses (with Juice WRLD feat. Brendon Urie),84,223
R&B,DJ Khaled,No Brainer,84,260
Rock,Arctic Monkeys,Do I Wanna Know?,84,272
Dance,Shawn Mendes,Lost In Japan,84,201
Pop,Ariana Grande,Side To Side,84,226
Pop,Post Malone,Candy Paint,84,227
R&B,Julia Michaels,What A Time (feat. Niall Horan),84,173
Rap,Linkin Park,In The End,84,216
Dance,Jonas Blue,Polaroid,84,193
Pop,Danny Ocean,Me Rehúso,84,205
Rock,AC/DC,Highway to Hell,84,208
Hip-Hop,Wisin & Yandel,Aullando,84,226
Hip-Hop,J. Cole,No Role Modelz,84,292
Pop,Dennis Lloyd,Nevermind,84,156
Pop,Axwell /\ Ingrosso,More Than You Know,83,203
Rap,Trippie Redd,Topanga,83,215
Hip-Hop,Lil Pump,Butterfly Doors,83,132
Rap,Lil Mosey,Kamikaze,83,139
Pop,Michael Jackson,Billie Jean,83,293
Pop,Calum Scott,Dancing On My Own,83,260
Rap,Blueface,"Thotiana (feat. Cardi B, YG) [Remix]",83,297
Pop,Shawn Mendes,Mercy,83,208
Alternative,Joji,Sanctuary,83,180
Pop,Shakira,Hips Don't Lie,83,218
Rap,XXXTENTACION,BAD!,83,94
Hip-Hop,Drake,One Dance,83,173
Rap,A Boogie Wit da Hoodie,Demons and Angels (feat. Juice WRLD),83,214
Rap,Juice WRLD,Hide (feat. Seezyn),83,205
Reggaeton,Ozuna,Luz Apaga,83,245
Rap,Trippie Redd,1400 / 999 Freestyle,83,175
Pop,Sam Smith,I'm Not The Only One,83,239
Pop,Clean Bandit,I Miss You (feat. Julia Michaels),83,205
Pop,DJ Snake,Let Me Love You,83,205
Pop,Ed Sheeran,Perfect Duet (Ed Sheeran & Beyoncé),83,259
Rock,AC/DC,Back In Black,83,255
Pop,The Chainsmokers,Something Just Like This,83,247
Pop,Justin Bieber,Love Yourself,83,233
Rap,Blueface,Bleed It,83,145
Pop,Loud Luxury,Body,83,163
Pop,gnash,"i hate u, i love u (feat. olivia o'brien)",83,251
Pop,Khalid,OTW,83,263
Reggaeton,Rauw Alejandro,Que Le De,83,225
Pop,Tyga,Girls Have Fun (feat. G-Eazy & Rich The Kid),83,175
Pop,Marshmello,Project Dreams,83,167
Pop,Zac Efron,Rewrite The Stars,83,217
Rap,XXXTENTACION,the remedy for a broken heart (why am I so in love),83,160
Pop,Lady Gaga,Million Reasons,83,205
Pop,Tyga,SWISH,83,194
R&B,Demi Lovato,Sorry Not Sorry,83,203
Dance,Charlie Puth,Attention,83,208
Pop,Martin Garrix,High On Life (feat. Bonn),83,230
Pop,Ed Sheeran,Galway Girl,83,170
R&B,The Weeknd,Call Out My Name,83,228
Folk,Eagles,Hotel California - Eagles 2013 Remaster,83,391
Indie,Charli XCX,1999,83,189
Rock,Twenty One Pilots,Ride,83,214
Rock,Train,"Hey, Soul Sister",83,216
Pop,Martin Garrix,In the Name of Love,83,195
R&B,Julia Michaels,Anxiety (with Selena Gomez),83,210
Dance,James Arthur,Rewrite The Stars (with James Arthur & Anne-Marie),83,218
Children’s Music,Foster The People,Pumped Up Kicks,83,239
Pop,Post Malone,Go Flex,83,179
Pop,Maroon 5,She Will Be Loved - Radio Mix,83,259
Hip-Hop,YG,"BIG BANK (feat. 2 Chainz, Big Sean, Nicki Minaj)",83,237
Pop,Bruno Mars,Finesse (Remix) [feat. Cardi B],83,217
Dance,David Guetta,Flames,83,195
Hip-Hop,Zion & Lennox,La Player (Bandolera),83,249
Rap,XXXTENTACION,Hope,83,110
Pop,Shawn Mendes,Lost In Japan - Remix,83,201
Rap,XXXTENTACION,Look At Me!,83,126
Pop,Aminé,REEL IT IN,83,121
Pop,Alesso,REMEDY,83,190
R&B,Whitney Houston,I Wanna Dance with Somebody (Who Loves Me),83,291
Pop,Post Malone,White Iverson,83,256
Hip-Hop,Eminem,Love The Way You Lie,82,263
Rap,Juice WRLD,Hear Me Calling,82,189
Pop,Dennis Lloyd,Never Go Back,82,175
Reggaeton,Reik,Me Niego,82,221
Pop,Sofia Reyes,"1, 2, 3 (feat. Jason Derulo & De La Ghetto)",82,201
Pop,Thalía,No Me Acuerdo,82,217
Reggaeton,Natti Natasha,Criminal,82,232
Reggaeton,Ozuna,Devuelveme,82,188
Pop,R.E.M.,Losing My Religion,82,268
Pop,Eurythmics,Sweet Dreams (Are Made of This) - Remastered,82,216
Reggaeton,Bad Bunny,La Romana,82,300
Pop,Nacho,Déjalo,82,202
Hip-Hop,Ninho,Goutte d’eau,82,157
Reggaeton,Bad Bunny,Si Estuviésemos Juntos,82,169
Pop,Sigala,Just Got Paid,82,218
Dance,Mark Ronson,Uptown Funk,82,269
Rap,Kodak Black,Roll In Peace (feat. XXXTENTACION),82,213
Pop,Why Don't We,8 Letters,82,190
Hip-Hop,Comethazine,Walk,82,96
Pop,Martin Garrix,Scared to Be Lonely,82,220
Dance,ITZY,달라달라 DALLA DALLA,82,199
Hip-Hop,Russ,Missin You Crazy,82,226
Dance,benny blanco,I Found You (with Calvin Harris),82,191
Pop,Billie Eilish,watch,82,177
Pop,SHAUN,Way Back Home (feat. Conor Maynard) - Sam Feldt Edit,82,192
Pop,Jeremy Zucker,comethru,82,181
Pop,Hailee Steinfeld,Starving,82,181
Hip-Hop,Eminem,Without Me,82,290
Rap,Eminem,River (feat. Ed Sheeran),82,221
Rock,Red Hot Chili Peppers,Can't Stop,82,269
Hip-Hop,Duki,Sin Culpa (feat. DrefQuila),82,244
Rock,Red Hot Chili Peppers,Californication,82,329
Movie,Loren Allred,Never Enough,82,207
Pop,Macklemore & Ryan Lewis,Can't Hold Us - feat. Ray Dalton,82,258
Pop,Zedd,Stay (with Alessia Cara),82,210
Rap,Eminem,Venom - Music From The Motion Picture,82,269
Rock,Radiohead,Creep,82,238
Rap,Linkin Park,Numb,82,185
Country,Luke Combs,Beautiful Crazy,82,193
Dance,Jax Jones,Play,82,186
Pop,Kris Kross Amsterdam,Whenever (feat. Conor Maynard),82,163
Rap,Post Malone,Stay,82,204
Pop,Clean Bandit,Symphony (feat. Zara Larsson),82,212
Pop,Khalid,Suncity (feat. Empress Of),82,189
Rap,Nicki Minaj,"Familia (with Anuel Aa, feat. Bantu) - Spider-Man: Into the Spider-Verse",82,174
Rock,Tame Impala,The Less I Know The Better,82,216
Rock,Red Hot Chili Peppers,Under The Bridge,82,264
Rap,Eminem,Killshot,82,253
Pop,Maluma,Mala Mía - Remix,82,207
Pop,James Arthur,Empty Space,82,214
Hip-Hop,Migos,MotorSport,82,303
Rock,The Beatles,Here Comes The Sun - Remastered 2009,82,185
Pop,Marc Anthony,Está Rico,82,215
Rock,Smash Mouth,All Star,82,200
Pop,Jess Glynne,I'll Be There,82,193
R&B,The Weeknd,The Hills,82,242
Pop,Coldplay,Yellow,82,266
R&B,6LACK,Pretty Little Fears (feat. J. Cole),82,240
Rock,Queen,Bohemian Rhapsody - Remastered 2011,82,354
Rock,Twenty One Pilots,Heathens,82,195
Pop,Manuel Turizo,Sola,82,195
Rap,Future,Mask Off,82,204
Pop,G-Eazy,Him & I (with Halsey),82,268
Rock,Twenty One Pilots,Chlorine,82,324
R&B,Madison Beer,Hurts Like Hell (feat. Offset),82,207
Rock,Lynyrd Skynyrd,Sweet Home Alabama,82,283
Pop,Lil Baby,Close Friends (Lil Baby & Gunna),82,203
Pop,Lil Dicky,Freaky Friday (feat. Chris Brown),82,216
Pop,The Chainsmokers,Don't Let Me Down,82,208
Pop,Ed Sheeran,Castle on the Hill,82,261
Pop,Spice Girls,Wannabe,82,173
Dance,Luis Fonsi,Despacito - Remix,82,228
Rap,Juice WRLD,Wasted (feat. Lil Uzi Vert),82,258
Hip-Hop,Kendrick Lamar,DNA.,82,185
Rap,Juice WRLD,Legends,82,191
Reggaeton,Wisin & Yandel,Reggaetón en lo Oscuro,82,208
Hip-Hop,Jason Derulo,Goodbye (feat. Nicki Minaj & Willy William),82,195
Pop,Travis Scott,CAN'T SAY,82,198
R&B,Rihanna,Umbrella,82,275
Rap,Drake,Passionfruit,82,298
R&B,City Girls,Twerk (feat. Cardi B),82,166
Hip-Hop,Rvssian,Ponle,82,164
Rap,Drake,Don’t Matter To Me (with Michael Jackson),82,245
Rap,Juice WRLD,Black & White,82,186
Pop,James Arthur,Naked,82,234
Pop,Hailee Steinfeld,Capital Letters,81,219
Indie,Kings of Leon,Sex on Fire,81,203
Indie,December Avenue,Kung 'Di Rin Lang Ikaw,81,267
Rap,6ix9ine,"MAMA (feat. Nicki Minaj, Kanye West)",81,192
Hip-Hop,Daddy Yankee,Dura,81,200
Folk,Tom Walker,Leave a Light On,81,185
Pop,J Balvin,No Es Justo,81,250
Hip-Hop,Ski Mask The Slump God,Foot Fungus,81,129
Pop,Alex & Sierra,Little Do You Know,81,185
Pop,Migos,Stir Fry,81,190
Pop,Kygo,Remind Me to Forget,81,217
Pop,Steve Aoki,Waste It On Me (feat. BTS),81,192
Pop,Justin Bieber,Sorry,81,200
Hip-Hop,NSG,Options,81,240
Pop,Billie Eilish,Six Feet Under,81,189
Pop,Kendrick Lamar,LOVE. FEAT. ZACARI.,81,213
Pop,Daniel Caesar,Best Part (feat. H.E.R.),81,209
Reggaeton,Bad Bunny,200 Mph,81,170
Pop,Tears For Fears,Everybody Wants To Rule The World,81,251
Rap,A Boogie Wit da Hoodie,Drowning (feat. Kodak Black),81,209
Reggaeton,CNCO,Llegaste Tú,81,190
Pop,George Ezra,Hold My Girl,81,211
Pop,Fall Out Boy,Centuries,81,228
Rock,Queen,Don't Stop Me Now - Remastered,81,209
Soul,Rag'n'Bone Man,Human,81,200
Rock,Elton John,"Rocket Man (I Think It's Going To Be A Long, Long Time)",81,281
Rock,AC/DC,Thunderstruck,81,292
Pop,Electric Light Orchestra,Mr. Blue Sky,81,303
Dance,Shakira,Clandestino,81,231
Dance,Clean Bandit,Rockabye (feat. Sean Paul & Anne-Marie),81,251
Hip-Hop,Lil Peep,Save That Shit,81,231
Indie,This Band,Kahit Ayaw Mo Na,81,243
Rock,Guns N' Roses,November Rain,81,536
Hip-Hop,Eminem,"Lose Yourself - From ""8 Mile"" Soundtrack",81,326
Reggaeton,Bad Bunny,Otra Noche en Miami,81,233
Reggaeton,Bad Bunny,Estamos Bien,81,208
Rock,The Cranberries,Zombie,81,306
Rap,6ix9ine,TIC TOC (feat. Lil Baby),81,135
Reggaeton,Ozuna,Cama Vacia,81,201
Pop,Ariana Grande,Dangerous Woman,81,235
Pop,J. Cole,Wet Dreamz,81,239
Pop,Joji,YEAH RIGHT,81,174
Hip-Hop,TLC,No Scrubs,81,214
Pop,Halsey,Without Me (with Juice WRLD),81,228
Pop,J. Cole,KOD,81,191
Hip-Hop,Wisin & Yandel,Callao,81,219
Pop,Camila Cabello,Consequences - orchestra,81,181
Pop,DNCE,Cake By The Ocean,81,219
Pop,A$AP Ferg,Plain Jane,81,173
Pop,The Weeknd,Pray For Me (with Kendrick Lamar),81,211
Hip-Hop,Lil Pump,Be Like Me (feat. Lil Wayne),81,240
Pop,Usher,Yeah! (feat. Lil Jon & Ludacris),81,250
Pop,Bryson Tiller,Exchange,81,194
Pop,Calvin Harris,This Is What You Came For,81,222
Hip-Hop,Heuss L'enfoiré,Khapta,81,162
Pop,Liam Payne,Strip That Down,81,204
Pop,Rae Sremmurd,Powerglide (feat. Juicy J) - From SR3MM,81,332
Pop,Tyga,Dip (feat. Nicki Minaj),81,195
Hip-Hop,Gorillaz,Feel Good Inc,81,222
Pop,Childish Gambino,This Is America,81,225
Pop,Camila Cabello,Never Be the Same,81,226
Pop,Lil Uzi Vert,New Patek,81,343
Pop,Metro Boomin,Don't Come Out The House (with 21 Savage),81,168
Pop,Lennon Stella,La Di Da,81,209
Pop,Seeb,Grip,81,198
Pop,Mac Miller,Self Care,81,345
Rap,System Of A Down,Chop Suey!,81,210
Pop,Christina Perri,A Thousand Years,81,285
Pop,Billie Eilish,WHEN I WAS OLDER - Music Inspired By The Film ROMA,81,270
Pop,Bruno Mars,24K Magic,81,225
Pop,Lil Wayne,Uproar,81,194
Pop,Cardi B,Bodak Yellow,81,223
Pop,Halsey,Bad At Love,81,181
Pop,James TW,When You Love Someone,81,216
Pop,Famous Dex,JAPAN,81,142
Rap,Wiz Khalifa,See You Again (feat. Charlie Puth),81,229
Rap,Eminem,The Ringer,81,337
Pop,The Fray,How to Save a Life,81,262
Pop,Post Malone,Ball For Me (feat. Nicki Minaj),81,206
R&B,The Weeknd,I Feel It Coming,81,269
Pop,Sia,"Genius (with Sia, Diplo & Labrinth)",81,213
Rap,Jason Derulo,Swalla (feat. Nicki Minaj & Ty Dolla $ign),81,216
Pop,Rihanna,FourFiveSeconds,80,188
Pop,Gunna,Speed It Up,80,179
Pop,Fifth Harmony,Work from Home (feat. Ty Dolla $ign),80,214
Hip-Hop,2 Chainz,Whip (feat. Travis Scott),80,226
Pop,Macklemore,Glorious (feat. Skylar Grey),80,220
Pop,Maroon 5,Sugar,80,235
Rap,XXXTENTACION,NUMB,80,186
Pop,Shawn Mendes,Fallin' All In You,80,235
Pop,Post Malone,Rich & Sad,80,206
R&B,The Weeknd,Can't Feel My Face,80,213
Rap,Kina,Get You The Moon (feat. Snøw),80,179
Pop,Kanye West,Gold Digger,80,207
Indie,Olivia O'Brien,hate u love u,80,175
Pop,Backstreet Boys,I Want It That Way,80,213
Pop,Meghan Trainor,Like I'm Gonna Lose You,80,225
Pop,Rihanna,Take A Bow,80,229
Pop,Avicii,The Nights,80,176
Pop,Rex Orange County,Sunflower,80,252
Pop,Shawn Mendes,Youth (feat. Khalid),80,190
Pop,John Mayer,I Guess I Just Feel Like,80,285
Dance,Zara Larsson,Lush Life,80,201
Dance,Anne-Marie,Perfect To Me,80,197
Hip-Hop,Eminem,The Real Slim Shady,80,284
Pop,Rachel Platten,Fight Song,80,204
Reggaeton,Lunay,Soltera,80,213
Reggaeton,Brytiago,Controla,80,208
Pop,Rex Orange County,Loving Is Easy,80,155
Rock,A Great Big World,Say Something,80,229
Reggaeton,Wisin,Escápate Conmigo (feat. Ozuna),80,232
Rock,blink-182,All The Small Things,80,168
Pop,Coldplay,Viva La Vida,80,242
Pop,James TW,You & Me,80,231
Rap,Trippie Redd,Taking A Walk,80,121
Pop,Bryan Adams,Summer Of '69,80,216
Rap,XXXTENTACION,I Don't Wanna Do This Anymore,80,87
Indie,juan karlos,Buwan,80,343
Pop,Green Day,Basket Case,80,181
Pop,Grupo Arranke,A Través Del Vaso,80,188
Pop,Khalid,Saved,80,206
Alternative,Linkin Park,In the End,80,216
Pop,Anitta,Veneno,80,158
Pop,BTS,FAKE LOVE,80,242
Pop,blackbear,Idfc,80,245
Pop,Ed Sheeran,Dive,80,238
Pop,James Bay,Peer Pressure (feat. Julia Michaels),80,176
R&B,Demi Lovato,Sober,80,197
Rap,6ix9ine,WAKA (feat. A Boogie Wit da Hoodie),80,128
Pop,Mario,Let Me Love You,80,256
Rap,Alle Farben,Fading,80,207
Rock,Creedence Clearwater Revival,Fortunate Son,80,140
Pop,Sam Smith,Too Good At Goodbyes,80,201
Rock,Elton John,Tiny Dancer,80,377
Pop,21 Savage,all my friends,80,211
Rock,Journey,Don't Stop Believin',80,250
Rap,XXXTENTACION,Revenge,80,120
Pop,David Guetta,Like I Do,80,202
Indie,The Killers,Mr. Brightside,80,222
Pop,Ed Sheeran,Supermarket Flowers,80,221
Pop,blackbear,do re mi,80,212
Rap,XXXTENTACION,Carry On,80,129
Indie,Two Feet,Go Fuck Yourself,80,129
Pop,Ella Mai,Boo'd Up,80,256
Children’s Music,Red Hot Chili Peppers,Snow (Hey Oh),80,335
Reggaeton,Anuel Aa,Ella Quiere Beber - Remix,80,219
Pop,2 Chainz,Rule The World (feat. Ariana Grande),80,245
Rock,Wham!,Wake Me up Before You Go-Go,80,231
Pop,Lukas Graham,7 Years,80,237
Hip-Hop,Danny Ocean,Epa Wei,80,208
Hip-Hop,Paulo Londra,Chica Paranormal,80,221
Hip-Hop,Migos,Narcos,80,255
Pop,The Verve,Bitter Sweet Symphony,80,357
Dance,Avicii,Waiting For Love,80,230
Pop,Billie Eilish,Bored,80,180
Pop,SZA,Love Galore (feat. Travis Scott),80,275
Country,Sam Hunt,Body Like A Back Road,80,165
Pop,LANY,Malibu Nights,80,286
Dance,Little Mix,Shout Out to My Ex,80,246
Folk,Van Morrison,Brown Eyed Girl,80,183
Pop,Playboi Carti,Shoota (feat. Lil Uzi Vert),80,153
Pop,KYLE,Playinwitme (feat. Kehlani),80,191
Soul,Leona Lewis,Bleeding Love,80,262
Pop,Clean Bandit,Baby (feat. MARINA & Luis Fonsi),80,205
Pop,Beyoncé,Halo,80,261
Pop,NAV,Champion (feat. Travis Scott),80,195
Soul,Alicia Keys,If I Ain't Got You,80,228
Soul,Alicia Keys,No One,80,253
Pop,Travis Scott,SICKO MODE - Skrillex Remix,80,304
Pop,Taylor Swift,Delicate,80,232
Pop,Bruno Mars,Just the Way You Are,80,220
Pop,Lil Uzi Vert,The Way Life Goes (feat. Oh Wonder),80,221
Children’s Music,WALK THE MOON,Shut Up and Dance,80,199
Rock,4 Non Blondes,What's Up?,80,295
Indie,I Belong to the Zoo,Sana,80,277
Pop,21 Savage,can't leave without it,80,205
Pop,Peter Manos,In My Head,80,214
Pop,George Ezra,Paradise,80,222
Folk,Tom Walker,Just You and I,80,174
Hip-Hop,Lil Pump,Racks on Racks,80,129
Hip-Hop,Coolio,Gangsta's Paradise,80,240
Pop,Lele Pons,Celoso,80,179
Reggaeton,Ozuna,Síguelo Bailando,80,226
Pop,JENNIE,SOLO,80,169
Reggaeton,Maluma,Felices los 4,80,230
Reggaeton,Bad Bunny,Cuando Perriabas,80,188
Pop,Demi Lovato,Stone Cold,80,191
Pop,Rombai,Me Voy,80,177
Pop,Plain White T's,Hey There Delilah,80,232
Reggaeton,Ozuna,Solita,80,311
Pop,XO Cupid,True Colors (feat. Maya Avedis),80,184
Hip-Hop,Ramz,Barking,80,202
Hip-Hop,Kevin Roldan,PPP - Remix,80,214
Pop,Rita Ora,Anywhere,80,215
Reggaeton,Ozuna,Se Preparó,80,188
Hip-Hop,Shoreline Mafia,"Bands (feat. Ohgeesy, Fenix Flexin & Master Kato)",80,174
Pop,Daniel Caesar,Get You (feat. Kali Uchis),80,278
Pop,Sabrina Carpenter,Sue Me,80,179
Hip-Hop,Drake,Mob Ties,80,205
Pop,Jessie J,Bang Bang,80,199
Pop,Post Malone,Paranoid,80,221
Pop,Flo Rida,Low (feat. T-Pain),80,231
Pop,Piso 21,Te Amo,80,201
Pop,Offset,How Did I Get Here (feat. J. Cole),80,276
Children’s Music,Summer Walker,Girls Need Love (with Drake) - Remix,80,222
Folk,Grouplove,Tongue Tied,80,218
Pop,Bruno Mars,Locked Out Of Heaven,79,233
R&B,Nick Jonas,Right Now,79,201
Pop,Lizzo,Juice,79,195
R&B,Rita Ora,Only Want You,79,180
Jazz,"Earth, Wind & Fire",September,79,214
R&B,Rita Ora,Your Song,79,180
R&B,Blackstreet,No Diggity,79,304
Pop,Michael Jackson,Beat It - Single Version,79,258
Pop,EXO,Love Shot,79,200
Rap,Rae Sremmurd,Guatemala - From Swaecation,79,256
R&B,Julia Michaels,Heaven,79,191
Pop,Harry Styles,Sign of the Times,79,340
Pop,Joel Adams,Please Don't Go,79,210
Pop,BTS,IDOL,79,222
Pop,Maroon 5,This Love,79,206
R&B,Zara Larsson,Never Forget You,79,213
R&B,Britney Spears,Toxic,79,198
Pop,The Temptations,My Girl,79,165
Pop,Charlie Puth,How Long,79,200
Dance,Miley Cyrus,We Can't Stop,79,231
Reggaeton,Bryant Myers,Tanta Falta,79,181
Rap,Ty Dolla $ign,"Or Nah (feat. The Weeknd, Wiz Khalifa and DJ Mustard) - Remix",79,242
Rap,2Pac,Ambitionz Az A Ridah,79,278
Pop,Sia,"Audio (with Sia, Diplo & Labrinth)",79,203
Dance,Lauv,Superhero,79,179
Dance,Niall Horan,Slow Hands,79,188
Dance,Madison Beer,Home with You,79,190
R&B,Camila Cabello,Real Friends,79,223
Rap,Lil Wayne,Scared of the Dark (feat. XXXTENTACION),79,233
Pop,Rihanna,Don't Stop The Music,79,267
Rap,Kanye West,POWER,79,292
Pop,The Chainsmokers,Sick Boy,79,193
Pop,One Direction,Story of My Life,79,245
R&B,Ne-Yo,So Sick,79,207
Reggaeton,Yannc,Sigue Bailandome,79,352
Rap,Eminem,Not Afraid,79,248
Pop,Calvin Harris,My Way,79,219
Pop,Carlos Vives,Robarte un Beso,79,194
Rap,Trippie Redd,Shake It Up,79,116
Rap,YBN Cordae,Kung Fu,79,199
Pop,Aitana,Vas A Quedarte,79,226
Pop,Avicii,Hey Brother,79,255
Rap,Juice WRLD,Fast,79,208
Rap,Offset,Lick,79,204
Country,Dan + Shay,Tequila,79,195
Hip-Hop,Eminem,Rap God,79,363
Pop,P!nk,What About Us,79,269
Rap,Eminem,Fall,79,262
Pop,Marshmello,Spotlight,79,177
Country,Luke Combs,She Got the Best of Me,79,183
Country,Kane Brown,Heaven,79,179
Country,Dan + Shay,Speechless,79,212
Pop,DJ Snake,Middle,79,220
Dance,James Arthur,Can I Be Him,79,246
Dance,NOTD,I Wanna Know (feat. Bea Miller),79,197
Rap,Pardison Fontaine,Backin' It Up (feat. Cardi B),79,190
Pop,Avicii,Lonely Together (feat. Rita Ora),79,181
Reggaeton,Manuel Turizo,Una Lady Como Tú,79,213
Reggaeton,Bad Bunny,Desde el Corazón,79,127
Pop,Kygo,Stargazing,79,236
Pop,David Guetta,Don't Leave Me Alone (feat. Anne-Marie),79,183
Pop,Luis Fonsi,Sola,79,205
Reggaeton,Nicky Jam,X - Remix,79,235
Reggaeton,Ozuna,Unica,79,218
Hip-Hop,Lalo Ebratt,Mocca - Remix,79,202
Children’s Music,Evanescence,Bring Me To Life,79,235
Pop,Manuel Turizo,Culpables,79,233
Pop,Anitta,Downtown,79,193
Pop,Sebastian Yatra,Vuelve,79,224
Soul,Marvin Gaye,Ain't No Mountain High Enough - Mono,79,148
Pop,Piso 21,Déjala que vuelva (feat. Manuel Turizo),79,220
Pop,Miley Cyrus,Malibu,79,231
Hip-Hop,Gunna,Outstanding,79,180
Pop,Maluma,Corazón (feat. Nego do Borel),79,184
Hip-Hop,Jay Rock,"King's Dead (with Kendrick Lamar, Future & James Blake)",79,229
Pop,J. Cole,Kevin’s Heart,79,200
Hip-Hop,Lil Baby,Freestyle,79,162
Hip-Hop,Takeoff,Casper,79,197
Hip-Hop,Kodak Black,MoshPit (feat. Juice WRLD),79,164
Rock,3 Doors Down,Kryptonite,79,233
Hip-Hop,Yo Gotti,Put a Date On It (feat. Lil Baby),79,195
Hip-Hop,Famous Dex,PICK IT UP (feat. A$AP Rocky),79,191
Rock,Sixpence None The Richer,Kiss Me,79,208
Hip-Hop,Young Thug,Chanel (Go Get It) [feat. Gunna & Lil Baby],79,201
Pop,Khalid,8TEEN,79,228
Hip-Hop,Reykon,Domingo (feat. Cosculluela),79,222
Pop,Bryson Tiller,Don't,79,198
Rock,The 1975,It's Not Living (If It's Not With You),79,248
Pop,YK Osiris,Worth It,79,189
Pop,Russ,Losin Control,79,237
Rock,The Neighbourhood,Sweater Weather,79,240
Pop,Adele,Someone Like You,79,285
Electronic,Gaullin,Moonlight,79,173
Dance,Ariana Grande,sweetener,79,208
Pop,Katrina & The Waves,Walking On Sunshine,79,238
Pop,H.E.R.,Could've Been (feat. Bryson Tiller),79,248
Rock,Fall Out Boy,"Sugar, We're Goin Down",79,229
Pop,Post Malone,Over Now,79,246
Rock,Billy Joel,Uptown Girl,79,197
Pop,Panic! At The Disco,Death Of A Bachelor,79,203
Hip-Hop,Paulo Londra,Nena Maldición (feat. Lenny Tavárez),79,228
Pop,Drax Project,Woke Up Late (feat. Hailee Steinfeld),79,181
Pop,Wiz Khalifa,Hopeless Romantic (feat. Swae Lee),79,226
Hip-Hop,Ski Mask The Slump God,Take A Step Back,79,210
Pop,Gunna,Sold Out Dates (feat. Lil Baby),79,166
Hip-Hop,Darell,Caliente,79,240
Rock,Fleetwood Mac,Dreams - 2004 Remaster,79,257
Hip-Hop,Rob $tone,Chill Bill,79,177
Hip-Hop,Gucci Mane,I Get The Bag (feat. Migos),79,233
Pop,Migos,Bad and Boujee (feat. Lil Uzi Vert),79,343
Rock,Red Hot Chili Peppers,Otherside,79,255
Rock,Nickelback,How You Remind Me - LP Mix,79,223
Rock,Jason Mraz,Lucky,79,191
Indie,G-Eazy,"Me, Myself & I",79,251
Rock,Fleetwood Mac,Everywhere - 2017 Remaster,79,226
Rock,The Beatles,Come Together - Remastered 2009,79,259
Pop,Tory Lanez,FeRRis WhEEL (feat. Trippie Redd),79,151
Rock,The Beatles,Let It Be - Remastered 2009,79,243
Rock,Hoobastank,The Reason,79,232
Pop,Post Malone,92 Explorer,79,211
Indie,December Avenue,Sa Ngalan Ng Pag-Ibig,79,285
Rap,6ix9ine,BILLY,79,112
Rap,6ix9ine,STOOPID (feat. Bobby Shmurda),79,152
Pop,Leslie Grace,Duro y Suave,79,207
Pop,Lil Wayne,"Sucker For Pain (with Wiz Khalifa, Imagine Dragons, Logic & Ty Dolla $ign feat. X Ambassadors)",79,243
Hip-Hop,Lil Yachty,Yacht Club (feat. Juice WRLD),79,166
Rock,Ben E. King,Stand by Me,79,180
Rock,The Clash,Should I Stay or Should I Go - Remastered,79,188
Pop,Post Malone,Spoil My Night (feat. Swae Lee),79,194
Dance,Hailee Steinfeld,Most Girls,79,204
Rock,Arctic Monkeys,R U Mine?,79,201
Hip-Hop,Drake,I'm Upset,79,214
Hip-Hop,Big Sean,Bounce Back,79,222
Hip-Hop,NF,Lie,79,209
Hip-Hop,Danny Ocean,Dembow,79,215
Rock,U2,With Or Without You - Remastered,79,295
Rock,John Denver,"Take Me Home, Country Roads - Rerecorded",79,197
Rock,Aerosmith,Dream On,79,266
Pop,Train,Drops of Jupiter,79,259
Rock,Led Zeppelin,Stairway to Heaven - Remastered,79,482
Indie,Rex Orange County,Best Friend,79,262
Rock,Owl City,Fireflies,79,228
Rock,Twenty One Pilots,My Blood,79,229
Indie,James Blake,Mile High (feat. Travis Scott & Metro Boomin),79,193
Hip-Hop,The Notorious B.I.G.,Juicy,78,302
Pop,BLACKPINK,As If It's Your Last,78,213
Hip-Hop,Eminem,Not Alike (feat. Royce Da 5'9),78,288
Pop,Kygo,Firestone (feat. Conrad Sewell),78,273
Hip-Hop,OutKast,Ms. Jackson,78,270
Pop,Future,Jumpin on a Jet,78,137
Rock,James Blunt,You're Beautiful,78,209
Rock,Daniel Powter,Bad Day,78,233
Pop,The Weeknd,"Earned It (Fifty Shades Of Grey) - From The ""Fifty Shades Of Grey"" Soundtrack",78,252
Pop,JP Cooper,September Song,78,220
Pop,Coldplay,Paradise,78,278
Dance,Clean Bandit,Mama (feat. Ellie Goulding),78,189
Pop,The Weeknd,Die For You,78,260
Pop,Drake,Hotline Bling,78,267
Reggaeton,Farruko,Nadie,78,228
Pop,Martin Garrix,There for You,78,221
Pop,Coldplay,Hymn for the Weekend,78,258
Pop,Daddy Yankee,Gasolina,78,192
Pop,The Offspring,The Kids Aren't Alright,78,180
Pop,Migos,Slippery (feat. Gucci Mane),78,304
Folk,Tracy Chapman,Fast Car,78,296
Pop,Daniel Caesar,Who Hurt You?,78,231
Pop,Lewis Capaldi,Grace,78,184
Reggaeton,Maluma,El Préstamo,78,219
Soul,GASHI,My Year,78,190
Pop,Swedish House Mafia,Don't You Worry Child - Radio Edit,78,212
Pop,Reik,Ráptame,78,199
Reggaeton,Paloma Mami,Not Steady,78,190
Reggaeton,Tommy Boysen,Hookah & Sheridan s,78,195
Dance,Bazzi,Why,78,148
Pop,Daddy Yankee,Dura - Remix,78,242
Soul,Estelle,American Boy,78,284
Children’s Music,Summer Walker,Girls Need Love,78,140
Pop,Snoop Dogg,"Young, Wild & Free (feat. Bruno Mars)",78,207
Children’s Music,X Ambassadors,Unsteady,78,193
Indie,Ben&Ben,Kathang Isip,78,318
Indie,Ben&Ben,Maybe The Night,78,217
Pop,T-Pain,Buy U a Drank (Shawty Snappin'),78,227
Children’s Music,Jimmy Eat World,The Middle,78,168
Pop,Jesse & Joy,Te Esperé,78,215
Pop,Luis Fonsi,Calypso,78,200
Folk,Boston,More Than a Feeling,78,285
Rock,Led Zeppelin,Immigrant Song - Remastered,78,146
Reggaeton,Becky G,Mayores,78,202
Country,Luke Combs,Hurricane,78,222
R&B,Little Mix,Black Magic,78,211
Pop,Ariana Grande,Break Free,78,214
Pop,Lorde,Royals,78,190
Pop,Sia,"Genius (with Lil Wayne, Sia, Diplo & Labrinth - Lil Wayne Remix)",78,162
Country,Luke Combs,When It Rains It Pours,78,240
Rock,Fleetwood Mac,The Chain - 2004 Remaster,78,270
Country,Morgan Wallen,Whiskey Glasses,78,234
Country,Kane Brown,What Ifs,78,188
Rock,Snow Patrol,Chasing Cars,78,267
Reggaeton,Cosculluela,Madura (feat. Bad Bunny),78,190
Alternative,Red Hot Chili Peppers,Under the Bridge,78,264
Hip-Hop,XXXTENTACION,Depression & Obsession,78,144
Rap,A Boogie Wit da Hoodie,Come Closer (feat. Queen Naija),78,156
Pop,Bhad Bhabie,Bestie (feat. Kodak Black),78,140
Country,Kacey Musgraves,Rainbow,78,214
Pop,TOMORROW X TOGETHER,CROWN,78,230
Rock,Van Halen,Jump - 2015 Remaster,78,241
Rock,Fleetwood Mac,Landslide,78,199
Rap,$uicideBoy$,Kill Yourself (Part III),78,145
Rap,Joyner Lucas,I Love,78,210
Country,Chris Stapleton,Tennessee Whiskey,78,293
Pop,CHUNG HA,Gotta Go,78,221
Pop,Coldplay,A Sky Full of Stars,78,268
Reggaeton,Bad Bunny,Sensualidad,78,297
Reggaeton,Ozuna,El Farsante - Remix,78,258
Hip-Hop,Ski Mask The Slump God,Catch Me Outside,78,145
Rap,Lil Pump,Gucci Gang,78,124
Rap,Quavo,WORKIN ME,78,169
Pop,Bazzi,3:15,78,167
Pop,Westlife,Hello My Love,78,214
Pop,Miguel,Sky Walker (feat. Travis Scott),78,259
Pop,Childish Gambino,Redbone,78,326
Hip-Hop,Lil Pump,Esskeetit,78,181
Pop,Katy Perry,Dark Horse,78,215
Pop,Khalid,My Bad,78,166
Pop,LANY,Thru These Tears,78,204
Pop,Zara Larsson,I Can't Fall in Love Without You,78,180
Rap,6ix9ine,TATI (feat. DJ SpinKing),78,154
Pop,Sebastian Yatra,No Hay Nadie Más,78,199
Soul,Amy Winehouse,Back To Black,78,240
Children’s Music,Joji,CAN'T GET OVER YOU (feat. Clams Casino),78,107
Folk,Vance Joy,Riptide,78,204
Pop,Ariana Grande,Love Me Harder,78,236
Hip-Hop,Lil Wayne,Mona Lisa (feat. Kendrick Lamar),78,324
Hip-Hop,Quavo,FLIP THE SWITCH (feat. Drake),78,156
Indie,lovelytheband,broken,78,204
Rock,Elvis Presley,Can't Help Falling in Love,78,179
Dance,Justin Bieber,Friends (with BloodPop®),78,189
Dance,James TW,Say Love,78,219
Dance,Calvin Harris,Summer,78,222
Dance,Shakira,Chantaje (feat. Maluma),78,195
Rock,KISS,I Was Made For Lovin' You,78,271
Dance,Liam Payne,Familiar,78,196
Dance,Calvin Harris,"Feels (feat. Pharrell Williams, Katy Perry & Big Sean)",78,223
Hip-Hop,Jaden Smith,Icon,78,220
Pop,Joji,TEST DRIVE,78,179
Rock,Green Day,American Idiot,78,176
Dance,Luis Fonsi,Échame La Culpa,78,173
Dance,Niall Horan,Too Much To Ask,78,223
Pop,Gunna,One Call,78,195
Dance,Nelly,Dilemma,78,289
Dance,Calvin Harris,How Deep Is Your Love,78,212
Rock,Juanes,La Plata (feat. Lalo Ebratt),78,195
Dance,Shawn Mendes,Where Were You In The Morning?,78,200
Rock,AC/DC,You Shook Me All Night Long,78,210
Rap,Bryce Vine,Drew Barrymore,78,190
Folk,Hozier,Almost (Sweet Music),78,217
Rock,Arctic Monkeys,Why'd You Only Call Me When You're High?,78,161
Hip-Hop,Frank Ocean,Nights,78,307
Indie,G-Eazy,No Limit,78,245
Dance,Prince Royce,Adicto,78,209
Rap,Cardi B,Ring (feat. Kehlani),78,177
Indie,Ruth B.,Lost Boy,78,275
Dance,Justin Bieber,What Do You Mean?,78,205
Pop,Cardi B,Be Careful,78,210
Dance,OneRepublic,Connection,78,148
Rock,Vanessa Carlton,A Thousand Miles,78,237
Rap,Lil Uzi Vert,Money Longer,78,198
Pop,Counting Crows,Mr. Jones,78,272
Pop,Lil Baby,Life Goes On,78,247
Dance,Maggie Lindemann,Pretty Girl - Cheat Codes X CADE Remix,78,193
Rock,Aerosmith,I Don't Want to Miss a Thing,78,298
Rock,Twenty One Pilots,Jumpsuit,78,238
Hip-Hop,Aminé,Caroline,78,209
Pop,Bazzi,Beautiful,78,178
Rap,Sean Paul,No Lie,78,221
Rock,John Mayer,Slow Dancing in a Burning Room,78,242
Rock,Rage Against The Machine,Killing In The Name,78,313
Pop,Lord Huron,The Night We Met,78,208
Rap,"Tyler, The Creator",See You Again,78,180
Hip-Hop,J. Cole,G.O.M.D.,78,301
Rock,AC/DC,T.N.T.,78,214
Rock,John Lennon,Imagine - Remastered,78,187
Hip-Hop,Bas,Tribe (with J. Cole),78,238
Dance,Troye Sivan,Dance To This (feat. Ariana Grande),78,231
Pop,Khalid,Saturday Nights REMIX,78,211
Dance,ZAYN,Good Years,78,180
Rock,John Mayer,Your Body Is a Wonderland,78,249
Rap,50 Cent,Candy Shop,78,209
Pop,Robin Schulz,Sugar (feat. Francesco Yates),78,219
Pop,KYLE,iSpy (feat. Lil Yachty),78,253
Children’s Music,Papa Roach,Last Resort,78,199
Children’s Music,System Of A Down,Toxicity,78,218
Dance,ZAYN,There You Are,78,199
Pop,Martin Garrix,Burn Out (feat. Dewain Whitmore),78,200
Rock,The Goo Goo Dolls,Iris,78,289
Hip-Hop,Logic,44 More,78,188
Indie,MKTO,Classic,78,175
Rap,Travis Scott,NO BYSTANDERS,78,218
Indie,Ruel,Younger,78,222
Dance,The Chainsmokers,Paris,78,221
Reggae,Bob Marley & The Wailers,Three Little Birds,78,180
Hip-Hop,OutKast,Hey Ya! - Radio Mix / Club Mix,78,235
R&B,Little Mix,Think About Us (feat. Ty Dolla $ign),78,234
Dance,ZAYN,PILLOWTALK,78,202
Rap,Kanye West,All Mine,78,145
Pop,Jack & Jack,No One Compares To You,78,182
Rock,Imagine Dragons,"Zero - From the Original Motion Picture ""Ralph Breaks The Internet""",78,210
Rock,The Beatles,Hey Jude - Remastered 2015,78,425
Rap,Juice WRLD,Rich And Blind,78,228
Dance,Bruno Mars,Versace On The Floor,78,261
Dance,Lady Gaga,Music To My Eyes,78,199
Hip-Hop,Rae Sremmurd,Black Beatles,78,291
Dance,Destiny's Child,Say My Name,78,271
Dance,Beyoncé,Crazy In Love,78,236
Rap,Cardi B,Bartier Cardi (feat. 21 Savage),78,224
Rock,The Rolling Stones,"Paint It, Black",77,202
Pop,Cher,Believe,77,239
Rock,Pink Floyd,"Another Brick in the Wall, Pt. 2",77,238
Pop,Sean Paul,Temperature,77,218
Pop,iKON,LOVE SCENARIO,77,209
Pop,BTS,DNA,77,223
Pop,Lou Bega,Mambo No. 5 (a Little Bit of...),77,220
Pop,Ariana Grande,Problem,77,193
Pop,My Chemical Romance,Teenagers,77,161
Pop,Avril Lavigne,Head Above Water,77,220
Pop,Khalid,Another Sad Love Song,77,244
Dance,The Chainsmokers,Side Effects,77,172
Pop,Green Day,Good Riddance (Time of Your Life),77,153
Dance,Sigala,Lullaby,77,204
Dance,Flo Rida,Wild Ones (feat. Sia),77,232
Rock,Thomas Rhett,Die A Happy Man,77,227
Dance,Years & Years,If You're Over Me,77,189
Rock,Panic! At The Disco,Say Amen (Saturday Night),77,189
Dance,Jess Glynne,All I Am,77,218
Rock,Pink Floyd,Wish You Were Here,77,334
Dance,David Guetta,Your Love,77,185
Pop,Why Don't We,Hooked,77,204
Pop,Selena Gomez,Bad Liar,77,214
Alternative,Gorillaz,Feel Good Inc.,77,222
Pop,Ariana Grande,R.E.M,77,245
Pop,Kenny Man,Ni Gucci Ni Prada - Remix,77,212
Pop,Lady Gaga,Look What I Found,77,175
Reggaeton,Bad Bunny,Tenemos Que Hablar,77,224
Pop,Taylor Swift,Look What You Made Me Do,77,211
Pop,Maroon 5,What Lovers Do (feat. SZA),77,199
Rock,Scorpions,Wind Of Change,77,313
Pop,Gryffin,Tie Me Down (with Elley Duhé),77,218
Children’s Music,Bomba Estéreo,To My Love - Tainy Remix,77,251
Pop,Alvaro Soler,La Cintura,77,204
Country,Luke Combs,One Number Away,77,221
Indie,LP,Lost on You,77,268
Reggaeton,Ozuna,La Modelo,77,255
Reggaeton,Bad Bunny,¿Quien Tu Eres?,77,159
R&B,Julia Michaels,Issues,77,176
Reggaeton,Bad Bunny,Ser Bichote,77,193
Indie,MGMT,Kids,77,302
Rock,Jimi Hendrix,All Along the Watchtower,77,240
Pop,Bazzi,Honest,77,175
Dance,Katy Perry,Roar,77,223
Dance,Dua Lipa,Want To,77,211
Pop,Panic! At The Disco,I Write Sins Not Tragedies,77,187
Dance,The Vamps,All Night,77,197
Hip-Hop,Kevin Roldan,Nadie Como Yo,77,184
Rock,Queen,Under Pressure - Remastered,77,248
Rock,Queen,Somebody To Love - Remastered 2011,77,296
Pop,Maroon 5,Maps,77,189
Dance,Nicki Minaj,Bed (feat. Ariana Grande),77,189
Dance,P!nk,A Million Dreams,77,273
Pop,Avril Lavigne,Complicated,77,244
Pop,Ariana Grande,everytime,77,172
Pop,Ed Sheeran,The A Team,77,258
Pop,Jack Ü,Where Are Ü Now (with Justin Bieber),77,250
Indie,December Avenue,Bulong,77,270
Pop,ZAYN,Entertainer,77,202
Pop,Jax Jones,Breathe,77,207
Rock,Yusuf / Cat Stevens,Wild World,77,200
Rock,Foreigner,I Want to Know What Love Is,77,304
Rock,Muse,Uprising,77,304
Rock,Red Hot Chili Peppers,Dani California,77,283
Pop,Bhad Bhabie,Gucci Flip Flops (feat. Lil Yachty),77,151
Pop,Enrique Iglesias,SUBEME LA RADIO,77,208
Rock,Bee Gees,"Stayin' Alive - From ""Saturday Night Fever"" Soundtrack",77,281
Pop,Sara Bareilles,Love Song,77,258
Pop,KIAN,Waiting,77,215
Indie,This Band,Hindi Na Nga,77,282
Pop,Pedro Capó,Calma,77,180
Pop,My Chemical Romance,Welcome to the Black Parade,77,311
Rock,Bon Jovi,It's My Life,77,224
Pop,Shawn Mendes,Nervous,77,164
Pop,Alejandro Fernandez,Me Dediqué a Perderte,77,231
Rock,Survivor,Eye of the Tiger,77,245
Pop,Prince Royce,El Clavo - Remix,77,171
Folk,George Harrison,My Sweet Lord,77,281
Pop,BLACKPINK,BOOMBAYAH,77,240
Pop,Luis Miguel,La Incondicional,77,257
Pop,Coldplay,Hymn For The Weekend - Seeb Remix,77,212
Rock,Led Zeppelin,Whole Lotta Love - 1990 Remaster,77,333
Pop,BLACKPINK,DDU-DU DDU-DU,77,209
Pop,Nightcall,Let You Go,77,181
Pop,Ruben,Lay By Me,77,170
Rap,A Boogie Wit da Hoodie,Love Drugs and Sex,77,157
Rock,Phil Collins,In The Air Tonight - 2015 Remastered,77,336
Pop,Lifehouse,You And Me,77,195
Rock,The Rolling Stones,(I Can't Get No) Satisfaction - Mono Version,77,222
Rock,Green Day,Wake Me up When September Ends,77,285
Pop,BTS,Euphoria,77,228
Pop,Luis Miguel,Ahora Te Puedes Marchar,77,191
Pop,Louis Tomlinson,Back to You (feat. Bebe Rexha & Digital Farm Animals),77,190
Pop,Blue Swede,Hooked on a Feeling,77,172
Pop,Alec Benjamin,If We Have Each Other,77,181
Pop,BTS,Blood Sweat & Tears,77,217
Pop,Alec Benjamin,Let Me Down Slowly (feat. Alessia Cara),77,169
Pop,The Chainsmokers,Beach House,77,206
Pop,Bruno Mars,Treasure,77,178
Pop,Marshmello,Fly,77,193
Pop,Bishop Briggs,River,77,216
Pop,Sia,The Greatest,77,210
Pop,Michael Jackson,Don't Stop 'Til You Get Enough - Single Version,77,365
Pop,Ariana Grande,goodnight n go,77,189
Dance,Hailee Steinfeld,Love Myself,77,218
Pop,Jeremy Zucker,all the kids are depressed,77,169
Pop,Twenty One Pilots,Nico And The Niners,77,225
Dance,Lauv,Enemies,77,194
Pop,Jubël,Dancing in the Moonlight,77,164
Pop,Kesha,TiK ToK,77,199
Rock,Guns N' Roses,Knockin' On Heaven's Door,77,336
Pop,Kansas,Dust in the Wind,77,206
Rock,John Mayer,"Free Fallin' - Live at the Nokia Theatre, Los Angeles, CA - December 2007",77,263
Rock,Phil Collins,You Can't Hurry Love - 2016 Remastered,77,175
Rock,Imagine Dragons,Next To Me,77,230
R&B,Ella Mai,Shot Clock,77,201
Rap,The Notorious B.I.G.,Hypnotize - 2014 Remastered Version,77,229
R&B,Rihanna,Bitch Better Have My Money,77,219
Rap,Dr. Dre,Still D.R.E.,77,270
R&B,Sean Kingston,Beautiful Girls,77,225
Reggae,MAGIC!,Rude,77,224
Children’s Music,Ari Lennox,Shea Butter Baby (with J. Cole),77,210
Children’s Music,Linkin Park,What I've Done,77,205
Reggaeton,Manuel Turizo,Esperándote,77,199
Rap,Mac Miller,Ladders,77,287
Children’s Music,The 1975,Love It If We Made It,77,252
R&B,Beyoncé,Run the World (Girls),77,236
Hip-Hop,XXXTENTACION,Guardian angel,77,108
Hip-Hop,ScHoolboy Q,X (with 2 Chainz & Saudi),77,267
Hip-Hop,21 Savage,X (feat. Future),77,258
Indie,MGMT,Electric Feel,77,229
Rock,David Bisbal,A Partir De Hoy,77,196
Soul,Bill Withers,Ain't No Sunshine,77,125
Hip-Hop,2Pac,All Eyez On Me,77,307
Indie,Pink Sweat$,Honesty,77,191
Rap,Jacquees,You,77,217
Children’s Music,The Offspring,"You're Gonna Go Far, Kid",77,177
Rap,Lund,Broken,77,200
Rap,Trippie Redd,Love Scars 3,77,129
Indie,Ansel Elgort,Supernova,77,191
Rap,Frank Ocean,Pink + White,77,184
R&B,Little Mix,Secret Love Song,77,249
Hip-Hop,Russ,"Psycho, Pt. 2",77,161
Rap,Soulja Boy,Crank That (Soulja Boy),77,221
Rap,Rae Sremmurd,Swang,77,208
Reggaeton,Zion & Lennox,Hola,77,220
Hip-Hop,NF,If You Want Love,77,199
Children’s Music,Soundgarden,Black Hole Sun,77,318
Reggaeton,CNCO,Reggaetón Lento (Bailemos),77,222
Indie,Jet,Are You Gonna Be My Girl,77,213
Reggae,Bob Marley & The Wailers,Could You Be Loved,77,237
Hip-Hop,Pitbull,Time of Our Lives,77,229
Rap,Playboi Carti,Magnolia,77,181
Country,Chord Overstreet,Hold On,77,198
Reggaeton,Super Yei,La Forma en Que Me Miras,77,307
Soul,GASHI,Creep On Me,77,194
Rap,Kanye West,Heartless,77,211
Indie,Ruel,Dazed & Confused,77,189
Hip-Hop,Ski Mask The Slump God,BabyWipe,77,168
Children’s Music,Catfish and the Bottlemen,Longshot,77,232
R&B,Usher,My Boo,77,223
R&B,Britney Spears,...Baby One More Time,77,211
Hip-Hop,Frank Ocean,Ivy,77,249
R&B,Corinne Bailey Rae,Put Your Records On,77,215
R&B,Natasha Bedingfield,Unwritten,77,259
Country,America,A Horse with No Name,77,252
Children’s Music,Pearl Jam,Alive,77,340
R&B,Britney Spears,Oops!...I Did It Again,77,211
Reggaeton,Danny Ocean,Swing,77,155
Hip-Hop,Drake,Jumpman,77,205
Rap,Justin Timberlake,Cry Me a River,77,288
Children’s Music,Foo Fighters,Everlong,77,250
Rap,Lil Peep,Life is Beautiful,77,207
Hip-Hop,XXXTENTACION,YuNg BrAtZ,77,101
Hip-Hop,Young Thug,Sin (feat. Jaden Smith),77,202
R&B,Beyoncé,Love On Top,77,267
Children’s Music,Red Hot Chili Peppers,Scar Tissue,77,215
Hip-Hop,Flo Rida,My House,77,192
Rap,Post Malone,Zack And Codeine,77,204
Reggaeton,Brytiago,Asesina,77,187
Hip-Hop,J. Cole,ATM,77,216
Hip-Hop,KIDS SEE GHOSTS,Reborn,77,324
Hip-Hop,Chris Jeday,Bipolar,77,219
Hip-Hop,Beret,Lo siento,77,229
Rap,Post Malone,No Option,77,179
Rap,A Boogie Wit da Hoodie,Just Like Me (feat. Young Thug),77,220
Rap,Offset,Wild Wild West (feat. Gunna),77,236
Rap,Aminé,REEL IT IN (feat. Gucci Mane) - Remix,77,166
Rap,Post Malone,Same Bitches (feat. G-Eazy & YG),77,212
Rap,Trippie Redd,Love Scars,77,143
Rap,Travis Scott,Antidote,77,262
Rap,JID,Off Deez (with J. Cole),77,213
Reggaeton,J Balvin,Bonita,77,265
Reggaeton,Farruko,"Diles (feat. Arcangel, Nengo Flow, Dj Luian & Mambo Kings)",77,279
Country,Dolly Parton,9 to 5,77,162
Indie,Capital Cities,Safe And Sound,77,192
Country,Dolly Parton,Jolene,77,161
Reggaeton,Karol G,Mi Cama - Remix,77,196
Rap,Justin Timberlake,Mirrors,77,484
Reggaeton,Ozuna,Me Dijeron,77,170
Indie,Kina Grannis,Can’t Help Falling in Love,77,201
Hip-Hop,Khea,Loca Remix,77,346
R&B,Julia Michaels,Jump (with Trippie Redd),77,207
Children’s Music,American Authors,Best Day Of My Life,77,194
Country,Chase Rice,Eyes On You,77,182
R&B,Masego,Tadow,77,301
Indie,Noah Kahan,Hurt Somebody (With Julia Michaels),77,168
Rap,Eminem,Greatest,77,226
Rap,Fort Minor,Remember The Name (feat. Styles Of Beyond),77,230
Rap,6ix9ine,GOTTI,77,166
Rap,Gym Class Heroes,Stereo Hearts (feat. Adam Levine),77,210
Hip-Hop,XXXTENTACION,I don’t let go,77,121
Rap,Social House,Magic In The Hamptons (feat. Lil Yachty),77,164
Rap,A$AP Rocky,Sundress,77,158
Hip-Hop,Gunna,Same Yung Nigga (feat. Playboi Carti),77,180
Children’s Music,Foo Fighters,The Pretender,77,269
Rap,Mac Miller,Weekend (feat. Miguel),77,208
Rap,2 Chainz,Bigger Than You (feat. Drake & Quavo),77,225
Soul,Solange,Almeda,77,236
Hip-Hop,Eminem,Kamikaze,77,216
Indie,Kings of Leon,Use Somebody,77,230
Rap,2 Chainz,It's A Vibe,77,210
Hip-Hop,Cadet,Advice,77,192
Rap,Travis Scott,WAKE UP,77,231
Hip-Hop,Nicky Jam,El Perdón,77,205
Rap,Roddy Ricch,Die Young,77,161
Rap,Future,Hard Work Pays Off,77,224
Country,Thomas Rhett,Marry Me,77,205
Rap,Post Malone,Deja Vu,77,234
Hip-Hop,Kodak Black,Codeine Dreaming (feat. Lil Wayne),77,264
Hip-Hop,21 Savage,1.5,77,148
Rap,Post Malone,Takin' Shots,77,216
Hip-Hop,Offset,Clout (feat. Cardi B),77,205
Rap,Lil Tjay,Brothers,76,210
Rap,2 Chainz,Momma I Hit A Lick (feat. Kendrick Lamar),76,173
Pop,Alok,Hear Me Now,76,194
Pop,Childish Gambino,Feels Like Summer,76,297
Pop,Drake,Fake Love,76,210
Folk,Hozier,Take Me to Church,76,241
Pop,Disclosure,Latch,76,255
Rap,Polo G,Pop Out (feat. Lil TJay),76,166
Rap,G-Eazy,West Coast,76,139
Rap,A Boogie Wit da Hoodie,Skeezers,76,198
Movie,Auli'i Cravalho,How Far I'll Go,76,163
Pop,LANY,I Don't Wanna Love You Anymore,76,201
Pop,One Direction,Night Changes,76,226
Rap,Juice WRLD,Candles,76,183
Dance,Calvin Harris,Slide (feat. Frank Ocean & Migos),76,230
Rap,Lil Uzi Vert,Dark Queen,76,173
Dance,Noah Cyrus,Again,76,193
Dance,Halsey,Gasoline,76,199
Dance,Halsey,Now Or Never,76,214
Pop,Selena Gomez,Back To You,76,210
Rap,G-Eazy,1942,76,213
Rap,Roddy Ricch,Every Season,76,214
Pop,Drake,Portland,76,236
Pop,blink-182,What's My Age Again?,76,148
Rap,Travis Scott,HOUSTONFORNICATION,76,217
Rap,Lil Mosey,Pull Up,76,183
Pop,Coldplay,Adventure of a Lifetime,76,263
Children’s Music,The 1975,TOOTIMETOOTIMETOOTIME,76,207
Pop,Jax Jones,You Don't Know Me - Radio Edit,76,213
Children’s Music,Audioslave,Like a Stone,76,293
Pop,Backstreet Boys,Shape of My Heart,76,230
Pop,The Chainsmokers,Somebody,76,221
Dance,Mike Perry,The Ocean (feat. Shy Martin),76,183
Dance,Jonas Blue,Perfect Strangers,76,196
Children’s Music,Blur,Song 2 - 2012 Remastered Version,76,121
Dance,Simple Minds,Don't You (Forget About Me) - Remastered,76,260
Pop,Rita Ora,"Girls (feat. Cardi B, Bebe Rexha & Charli XCX)",76,221
Reggaeton,Myke Towers,Si Se Da,76,237
Reggaeton,Natti Natasha,Pa' Mala Yo,76,159
Hip-Hop,Rae Sremmurd,No Type,76,200
Children’s Music,Oliver Tree,Alien Boy,76,163
Soul,Al Green,Let's Stay Together,76,199
Pop,Zion & Lennox,Otra Vez (feat. J Balvin),76,209
Pop,Mobb Deep,"Shook Ones, Pt. II",76,325
Pop,George Michael,Careless Whisper,76,300
Children’s Music,Disturbed,The Sound Of Silence,76,248
Pop,Bonnie Tyler,Total Eclipse of the Heart,76,269
Children’s Music,KALEO,Way Down We Go,76,213
Pop,Silvestre Dangond,Vivir Bailando,76,214
Children’s Music,The White Stripes,Seven Nation Army,76,231
Pop,Katy Perry,Swish Swish,76,242
Pop,Kendrick Lamar,King Kunta,76,234
Pop,Kygo,Stole the Show,76,222
Reggaeton,CNCO,Hey DJ - Remix,76,189
Pop,Sebastian Yatra,Por Perro,76,245
Pop,James Arthur,Impossible,76,209
Pop,LANY,Thick And Thin,76,212
Hip-Hop,Eminem,The Monster,76,250
Dance,Kesha,Praying,76,230
Hip-Hop,Booba,PGP,76,167
Rock,Elton John,Your Song,76,240
Rock,KISS,Rock And Roll All Nite,76,168
Rock,Imagine Dragons,Machine,76,181
Rock,Imagine Dragons,Believer (feat. Lil Wayne),76,219
Rock,Elton John,I'm Still Standing,76,183
Indie,December Avenue,Kahit Di Mo Alam,76,282
Dance,Miley Cyrus,Party In The U.S.A.,76,202
Pop,Bryan Adams,Heaven,76,243
Pop,Alejandro Fernandez,Contigo Siempre,76,201
Rock,Red Hot Chili Peppers,By The Way,76,216
Rock,U2,I Still Haven't Found What I'm Looking For,76,277
Hip-Hop,Oliver Tree,Hurt,76,145
Rock,Queen,We Will Rock You - Remastered,76,122
Pop,Smokepurpp,Nephew (feat. Lil Pump),76,202
Indie,Franz Ferdinand,Take Me Out,76,237
Electronic,Daft Punk,Get Lucky (feat. Pharrell Williams & Nile Rodgers) - Radio Edit,76,248
Rock,Zac Brown Band,Chicken Fried,76,238
Rock,Ozzy Osbourne,Crazy Train - Remastered,76,296
Reggae,UB40,Red Red Wine,76,183
Rock,Twenty One Pilots,Morph,76,258
Rock,Dustin Lynch,Small Town Boy,76,205
Rock,Jon Pardi,Night Shift,76,172
Rap,6ix9ine,GUMMO,76,157
Pop,Post Malone,Blame It On Me,76,261
Hip-Hop,Aleman,Rucón,76,168
Rap,Slipknot,Duality,76,252
Rock,The Beatles,Twist And Shout - Remastered 2009,76,155
Rock,The Rolling Stones,Start Me Up - Remastered 2009,76,213
Rock,Toto,Hold the Line,76,235
Folk,The Who,Baba O'Riley,76,300
Rap,Juice WRLD,Empty,76,248
Pop,Ed Sheeran,Give Me Love,76,526
Dance,Shawn Mendes,Use Somebody - Recorded at Spotify Studios NYC,76,176
Dance,Nicki Minaj,Chun-Li,76,191
R&B,Kehlani,Feels,76,181
Hip-Hop,Kontra K,Warnung,76,194
Pop,Jimmie Allen,Best Shot,76,195
Pop,Khalid,This Way,76,211
Pop,Khalid,American Teen,76,250
Pop,The Script,Breakeven,76,261
Hip-Hop,Aminé,Invincible,76,196
Country,Scotty McCreery,This Is It,76,230
Pop,Alec Benjamin,Water Fountain,76,218
Country,Jake Owen,Down To The Honkytonk,76,183
Country,Rodney Atkins,Caught Up In The Country,76,160
Hip-Hop,Lil Xan,Betrayed,76,187
Hip-Hop,Lil Peep,Awful Things,76,214
Country,Brett Young,In Case You Didn't Know,76,224
Pop,FLETCHER,Undrunk,76,183
Pop,Panic! At The Disco,"Hey Look Ma, I Made It",76,169
Country,Lee Brice,Rumor,76,198
Pop,Khalid,Vertigo,76,270
Pop,Hikaru Utada,Face My Fears - English Version,76,222
Hip-Hop,Lil Peep,Beamer Boy,76,203
Rock,The Beatles,I Want To Hold Your Hand - Remastered 2015,76,145
Rock,Commodores,Easy,76,256
Rap,Juice WRLD,Scared Of Love,76,170
Hip-Hop,$uicideBoy$,Paris,76,111
Pop,Quavo,LOSE IT (feat. Lil Baby),76,237
Pop,Tory Lanez,TAlk tO Me (with Rich The Kid),76,184
Pop,Fall Out Boy,Thnks fr th Mmrs,76,203
Pop,Pitbull,Timber,76,204
Rap,Lil Yachty,Get Dripped (feat. Playboi Carti),76,158
Rap,SZA,The Weekend,76,272
Rap,Meek Mill,On Me (feat. Cardi B),76,225
Jazz,Aretha Franklin,I Say a Little Prayer,76,216
Pop,FRENSHIP,Capsize,76,237
Pop,Panic! At The Disco,This Is Gospel,76,187
R&B,Normani,Waves (feat. 6LACK),76,215
Rap,Yung Gravy,1 Thot 2 Thot Red Thot Blue Thot,76,131
World,Cory Asbury,Reckless Love,76,333
R&B,Demi Lovato,Confident,76,205
Pop,Soulja Boy,Kiss Me Thru The Phone,76,193
R&B,Ciara,"One, Two Step",76,203
Pop,A$AP Rocky,L$D,76,238
R&B,Trey Songz,Chi Chi (feat. Chris Brown),76,139
R&B,Big Sean,I Don't Fuck With You,76,284
R&B,SZA,The Weekend - Funk Wav Remix,76,171
Pop,Mike Posner,Move On,76,178
Rap,Jeremih,oui,76,238
Pop,Rich The Kid,New Freezer (feat. Kendrick Lamar),76,191
Pop,Gunna,3 Headed Snake (feat. Young Thug),76,241
R&B,DaniLeigh,Lil Bebe (feat. Lil Baby) - Remix,76,174
Pop,Wiz Khalifa,Fr Fr (feat. Lil Skies),76,195
Pop,Jax Jones,Ring Ring (feat. Mabel & Rich The Kid),76,217
Pop,Kanye West,Black Skinhead,76,188
Rap,Travis Scott,STOP TRYING TO BE GOD,76,338
Pop,Pia Mia,Do It Again,76,207
Pop,Future,Low Life,76,313
Hip-Hop,Eminem,Stan,76,404
Rap,Tay-K,The Race,76,140
Pop,Machine Gun Kelly,Bad Things (with Camila Cabello),76,239
Pop,Jaden Smith,Way Up,76,153
Pop,Gucci Mane,BiPolar (feat. Quavo),76,214
R&B,Demi Lovato,Tell Me You Love Me,76,236
Pop,Joji,ATTENTION,76,128
Rap,21 Savage,Ghostface Killers,76,268
Pop,Rich The Kid,4 Phones,76,217
Rap,blackbear,1 SIDED LOVE,76,170
Pop,Jeremih,Impatient,76,245
Rap,Migos,Notice Me,76,233
Rap,MadeinTYO,Ned Flanders (feat. A$AP Ferg),76,161
Pop,"Tyler, The Creator",Potato Salad,76,182
Pop,6LACK,PRBLMS,76,246
Rap,gianni & kyle,do u even miss me at all?,76,177
R&B,Frank Ocean,Chanel,76,210
Rap,Kodak Black,Tunnel Vision,76,268
Pop,Ariana Grande,Everyday,76,194
R&B,The Weeknd,Often,76,249
Rap,J. Cole,Neighbors,76,216
Pop,Rae Sremmurd,Come Get Her,76,212
Pop,Charlie Puth,The Way I Am,76,186
Rap,21 Savage,ball w/o you,76,195
Rap,Post Malone,Sugar Wraith,76,228
R&B,Daniel Caesar,Japanese Denim,76,270
Rap,Young Thug,Relationship (feat. Future),76,215
R&B,Alessia Cara,Scars To Your Beautiful,76,230
Folk,Eagles,Take It Easy - 2013 Remaster,76,211
Hip-Hop,Pitbull,Give Me Everything,76,252
Reggaeton,Bad Bunny,RLNDT,76,284
Pop,Cyndi Lauper,Girls Just Want to Have Fun,76,238
Pop,One Direction,Little Things,76,219
Pop,The Cranberries,Linger,76,274
Pop,Shania Twain,Man! I Feel Like A Woman!,76,233
Pop,Kendrick Lamar,LOYALTY. FEAT. RIHANNA.,76,227
Pop,Boogie,Rainy Days (feat. Eminem),76,234
Reggaeton,Becky G,Shower,76,206
Reggaeton,Alex Rose,Darte Remix,76,512
Pop,Green Day,When I Come Around,76,178
Pop,Céline Dion,"My Heart Will Go On - Love Theme from ""Titanic""",76,280
Pop,IZ*ONE,La Vie en Rose,76,218
Pop,A$AP Rocky,"F**kin' Problems (feat. Drake, 2 Chainz & Kendrick Lamar)",76,233
R&B,Jason Derulo,Tip Toe (feat. French Montana),76,187
Reggaeton,Chris Jeday,Ahora Dice,76,271
Reggaeton,Anuel Aa,"Sola (Remix) [feat. Daddy Yankee, Wisin, Farruko, Zion & Lennox]",76,307
Folk,Paul Simon,You Can Call Me Al,76,280
Reggaeton,Plan B,Ella Fuma,76,271
Reggaeton,Bad Bunny,Como Antes,76,230
Pop,The Proclaimers,I'm Gonna Be (500 Miles),76,219
Reggaeton,Brytiago,La Mentira,76,197
Pop,Fifth Harmony,Worth It,76,224
Hip-Hop,Lil Peep,Benz Truck (гелик),76,159
Hip-Hop,Drake,Too Good,76,263
Pop,Mac Miller,Hurt Feelings,76,245
Pop,TWICE,YES or YES,76,237
Folk,Carly Simon,You're so Vain,76,258
R&B,Rihanna,Pon de Replay,76,246
Pop,Vampire Weekend,Harmony Hall,76,308
Rock,U2,One,76,276
Pop,Lil Wayne,Don't Cry (feat. XXXTENTACION),76,249
Pop,Billie Eilish,Ocean Eyes - Blackbear Remix,76,195
R&B,Alina Baraz,Electric (feat. Khalid),76,246
Pop,Charlie Puth,Done for Me (feat. Kehlani),76,180
Pop,Billie Eilish,&burn (with Vince Staples),76,179
Pop,Foster The People,Sit Next to Me,76,243
Hip-Hop,Jason Derulo,Want to Want Me,76,207
R&B,Usher,DJ Got Us Fallin' In Love (feat. Pitbull),76,220
Pop,OneRepublic,Secrets,76,224
R&B,Ella Mai,Whatchamacallit (feat. Chris Brown),76,179
R&B,Ciara,Level Up,76,204
Pop,Fetty Wap,679 (feat. Remy Boyz),76,196
Pop,Macklemore,Good Old Days (feat. Kesha),76,240
R&B,Mariah Carey,All I Want for Christmas Is You,76,241
Rap,Post Malone,Too Young,76,237
Rap,Post Malone,Otherside,76,228
Rap,Playboi Carti,wokeuplikethis*,76,235
R&B,Camila Cabello,Crying in the Club,76,216
Pop,Metro Boomin,Overdue (with Travis Scott),76,166
Pop,Lauv,Never Not,76,208
R&B,Usher,U Remind Me,76,266
Pop,Twenty One Pilots,Car Radio,76,267
R&B,Alicia Keys,Girl On Fire,76,224
Pop,John Mayer,Waiting On the World to Change,76,201
Rock,Men At Work,Down Under,75,220
Rap,The Weeknd,Wasted Times,75,220
Rock,John Mayer,Gravity,75,245
Rap,Miguel,Sure Thing,75,195
Reggaeton,Bryant Myers,Ganas Sobran,75,237
Rock,Bruce Springsteen,Dancing In the Dark,75,241
Reggaeton,Lary Over,Subete,75,224
Rock,The Beatles,Yesterday - Remastered 2009,75,125
Rap,Tee Grizzley,First Day Out,75,254
Pop,Jess Glynne,Thursday,75,214
Rock,Kelly Clarkson,Since U Been Gone,75,188
Reggaeton,Bad Bunny,¿Cual es tu plan?,75,243
R&B,Fergie,Big Girls Don't Cry (Personal),75,268
Pop,Avril Lavigne,Sk8er Boi,75,204
Pop,BLACKPINK,PLAYING WITH FIRE,75,197
Pop,MOMOLAND,BBoom BBoom,75,208
Folk,Norah Jones,Don't Know Why,75,186
Pop,Calvin Harris,Feel So Close - Radio Edit,75,206
Reggaeton,Miky Woodz,Na' Personal,75,225
Pop,Miley Cyrus,Wrecking Ball,75,221
Pop,Avril Lavigne,Dumb Blonde (feat. Nicki Minaj),75,214
Pop,Snakehips,All My Friends (feat. Tinashe & Chance the Rapper),75,229
Pop,Lil Wayne,A Milli,75,221
Pop,Hailee Steinfeld,"Back to Life - from ""Bumblebee""",75,233
Rap,Jon Bellion,All Time Low,75,217
Rap,XXXTENTACION,infinity (888) - feat. Joey Bada$$,75,176
Hip-Hop,Young Thug,pick up the phone,75,252
Pop,Ariana Grande,the light is coming (feat. Nicki Minaj),75,228
Pop,Gucci Mane,Both (feat. Drake),75,190
Pop,Ed Sheeran,Kiss Me,75,280
Dance,Joey Montana,Suena El Dembow,75,195
Rap,Trippie Redd,BANG!,75,283
Rock,The 1975,Somebody Else,75,347
Dance,Justin Timberlake,"CAN'T STOP THE FEELING! (Original Song from DreamWorks Animation's ""TROLLS"")",75,237
Pop,Katy Perry,Chained To The Rhythm,75,237
Pop,Starship,We Built This City,75,296
R&B,Ella Mai,She Don't (feat. Ty Dolla $Ign),75,264
Children’s Music,Jhene Aiko,Sativa,75,276
Pop,Sigrid,Don’t Feel Like Crying,75,157
Pop,Gente De Zona,La Gozadera,75,203
Pop,KREAM,Decisions (feat. Maia Wright),75,212
Rap,Shoreline Mafia,Musty,75,161
Pop,Alien Ant Farm,Smooth Criminal,75,209
Pop,Pearl Jam,Black,75,342
Pop,Nicky Jam,El Amante,75,219
Rap,J. Cole,Work Out,75,235
Folk,Derek & The Dominos,Layla - 40th Anniversary Version / 2010 Remastered,75,423
Pop,Kansas,Carry on Wayward Son,75,323
Pop,CNCO,Hey DJ,75,206
Indie,I Belong to the Zoo,Balang Araw,75,288
Rap,21 Savage,asmr,75,171
Rap,Mac Miller,My Favorite Part,75,216
Rock,System Of A Down,B.Y.O.B.,75,255
Pop,Reik,Ya Me Enteré,75,204
Pop,The Supremes,You Can't Hurry Love,75,167
Rap,NAV,Wanted You (feat. Lil Uzi Vert),75,228
Rock,Kelly Clarkson,Because of You,75,219
Rap,Fuego,Good Vibes,75,235
Pop,Coldplay,Clocks,75,307
Rock,New Radicals,You Get What You Give,75,300
Pop,Juicy J,Neighbor (feat. Travis Scott),75,162
Reggaeton,Justin Quiles,No Quiero Amarte (feat. Zion & Lennox),75,235
Rap,Kanye West,Famous,75,196
Reggaeton,Daddy Yankee,Zum Zum,75,235
Reggaeton,Bryant Myers,Noche De Fantasia,75,226
Reggaeton,CNCO,Pretend,75,200
Hip-Hop,Metro Boomin,Dreamcatcher (feat. Swae Lee & Travis Scott),75,211
Rap,Kanye West,Stronger,75,311
Rap,Juice WRLD,Hurt Me,75,122
Rap,Juice WRLD,Maze,75,144
Rock,Blue Öyster Cult,(Don't Fear) The Reaper,75,308
Pop,Adele,Make You Feel My Love,75,212
Pop,Marshmello,Here With Me,75,156
Dance,Pharrell Williams,Happy,75,233
Pop,James Bay,Let It Go,75,260
Pop,AJR,Burn the House Down,75,212
Dance,Katy Perry,Last Friday Night (T.G.I.F.),75,230
Hip-Hop,Bass Santana,Make Eem Run!,75,192
Rap,Trippie Redd,Dark Knight Dummo (Feat. Travis Scott),75,256
Country,Old Dominion,Written in the Sand,75,184
Pop,The Chainsmokers,Roses,75,226
R&B,Kehlani,Honey,75,199
Pop,LANCO,Greatest Love Story,75,222
Hip-Hop,XXXTENTACION,Save Me,75,163
Rap,XXXTENTACION,$$$ - with Matt Ox,75,130
Rap,YBN Nahmir,Bounce Out With That,75,97
Rock,Nirvana,Smells Like Teen Spirit,75,301
Pop,BTS,Spring Day,75,274
Rock,Guns N' Roses,Sweet Child O' Mine,75,356
Rap,XXXTENTACION,going down!,75,115
Pop,Drake,Marvins Room,75,347
Rock,3 Doors Down,Here Without You,75,238
Dance,Bruno Mars,Grenade,75,223
Pop,Bazzi,Myself,75,167
Hip-Hop,Mr. Probz,Waves - Robin Schulz Radio Edit,75,208
Rock,Eric Clapton,Tears In Heaven,75,280
Soul,Mura Masa,Love$ick (feat. A$AP Rocky),75,192
Alternative,Slipknot,Unsainted,75,260
Alternative,Nickelback,How You Remind Me,75,223
Rock,Guns N' Roses,Don't Cry (Original),75,283
Children’s Music,Bad Wolves,Zombie,75,254
Pop,Ariana Grande,better off,75,171
Rap,Travis Scott,R.I.P. SCREW,75,185
Rap,Travis Scott,ASTROTHUNDER,75,142
Pop,Selena Gomez,Fetish (feat. Gucci Mane),75,186
Country,Johnny Cash,Hurt,75,216
Pop,Gryffin,Remember (with ZOHARA),75,221
Pop,BTS,MIC Drop (feat. Desiigner) [Steve Aoki Remix],75,238
Rap,Lil Uzi Vert,20 Min,75,220
Rock,David Bisbal,Perdón,75,206
Pop,Cardi B,I Do (feat. SZA),75,200
Pop,Ariana Grande,Santa Tell Me,75,204
R&B,Frank Ocean,Thinkin Bout You,75,200
R&B,Joji,Will He,75,202
Pop,Niall Horan,This Town,75,232
Pop,Ellie Goulding,Flux,75,229
Hip-Hop,Meek Mill,24/7 (feat. Ella Mai),75,221
Pop,One Direction,They Don't Know About Us,75,201
Pop,Shawn Mendes,Like To Be You (feat. Julia Michaels),75,159
Rap,NAV,Some Way,75,179
Rap,Shoreline Mafia,Nun Major,75,151
Pop,Bazzi,Dreams,75,147
Rap,Juice WRLD,I'll Be Fine,75,244
R&B,Solange,Stay Flo,75,175
Pop,Ariana Grande,pete davidson,75,73
Rap,Chance the Rapper,No Problem (feat. Lil Wayne & 2 Chainz),75,304
Pop,Drake,The Motto,75,181
Pop,P!nk,Raise Your Glass,75,203
Country,Brett Young,Here Tonight,75,216
Pop,Troye Sivan,My My My!,75,204
R&B,YK Osiris,Valentine,75,206
Folk,The Doobie Brothers,Listen to the Music,75,227
Pop,Ariana Grande,Be Alright,75,179
R&B,Queen Naija,Medicine,75,219
Pop,Michael Jackson,Rock with You - Single Version,75,220
Pop,The Notorious B.I.G.,Mo Money Mo Problems (feat. Mase & Puff Daddy) - 2014 Remastered Version,75,257
Rock,Skillet,Monster,75,178
Pop,(G)I-DLE,Senorita,75,197
Folk,Yusuf / Cat Stevens,Father And Son,75,221
Folk,Maisie Peters,Worst of You,75,197
Rock,Dierks Bentley,Burning Man,75,238
Pop,The Human League,Don't You Want Me,75,236
Indie,Radiohead,Karma Police,75,264
Pop,Shakira,Waka Waka (This Time for Africa) [The Official 2010 FIFA World Cup (TM) Song],75,202
Pop,Machine Gun Kelly,"Home (with Machine Gun Kelly, X Ambassadors & Bebe Rexha)",75,202
Indie,Rhys Lewis,No Right To Love You - Acoustic,75,229
Dance,Duke Dumont,Ocean Drive,75,206
Rap,T.I.,Whatever You Like,75,249
Indie,Olivia O'Brien,Complicated,75,189
Rock,Florida Georgia Line,Simple,75,185
Reggaeton,Ozuna,Dile Que Tu Me Quieres,75,226
Indie,MKTO,How Can I Forget,75,177
Reggaeton,J Balvin,Mi Gente,75,189
Pop,OneRepublic,Start Again (feat. Logic),75,165
Pop,EXO,Tempo,75,224
Rock,The Police,Every Breath You Take - Remastered 2003,75,253
Rock,Weezer,Island In The Sun,75,200
Rap,NAV,Myself,75,226
Hip-Hop,Don Omar,Danza Kuduro,75,198
Rap,Nicki Minaj,Good Form (feat. Lil Wayne),75,237
R&B,Camila Cabello,All These Years,75,164
Country,Shania Twain,You're Still The One,75,212
Pop,Lorde,Green Light,75,234
Hip-Hop,Offset,Father Of 4 (feat. Big Rube),75,259
Dance,R3HAB,BAD!,75,173
Hip-Hop,Drake,Controlla,75,245
Hip-Hop,PARTYNEXTDOOR,Come and See Me (feat. Drake),75,235
Rock,Pink Floyd,Comfortably Numb,75,382
R&B,6LACK,Switch,75,207
Indie,Louis The Child,Better Not (with Wafia),75,222
Folk,Don Henley,The Boys Of Summer,75,288
Pop,T.I.,Live Your Life (feat. Rihanna),75,338
Dance,Galantis,No Money,75,189
Rock,The Killers,When You Were Young,75,220
R&B,B.o.B,Airplanes (feat. Hayley Williams),75,180
Indie,Two Feet,I Feel Like I'm Drowning,75,185
Pop,A$AP Rocky,Everyday,75,260
Pop,The 1975,Sincerity Is Scary,75,225
R&B,Iggy Azalea,Kream (feat. Tyga),75,166
Folk,Steve Miller Band,The Joker,75,264
Pop,Alicia Keys,Fallin',75,210
Rock,The Rolling Stones,Gimme Shelter,75,270
Rock,Russell Dickerson,Yours,75,216
Pop,The Neighbourhood,Daddy Issues,75,260
Rap,Kanye West,All Of The Lights,75,299
Indie,Ansel Elgort,Thief,75,220
Pop,Simon & Garfunkel,Mrs. Robinson,75,244
Rock,Blind Melon,No Rain,75,217
Rock,Russell Dickerson,Blue Tacoma,75,212
Rap,Offset,North Star (feat. CeeLo Green),75,245
Rock,Fountains Of Wayne,Stacy's Mom,75,197
R&B,Britney Spears,Womanizer,75,224
R&B,Rihanna,We Found Love,75,215
Pop,Drake,Teenage Fever,75,219
Pop,ZAYN,Let Me,75,185
Rock,Def Leppard,Pour Some Sugar On Me - Remastered 2017,75,267
Rock,Logan Mize,Better Off Gone,75,182
Pop,The Script,Superheroes,75,245
Pop,Louis Tomlinson,Two of Us,75,217
Rock,Florida Georgia Line,H.O.L.Y.,75,194
Rock,Panic! At The Disco,Emperor's New Clothes,75,158
Rap,Vigiland,Be Your Friend‬‬,75,180
Pop,Ed Sheeran,What Do I Know?,75,237
Rock,The Fray,You Found Me,75,241
R&B,Demi Lovato,Heart Attack,75,210
Pop,Red Velvet,Bad Boy,75,210
Reggaeton,Ozuna,Quiero Repetir,75,200
R&B,Beyoncé,Irreplaceable,75,227
Pop,Joyner Lucas,Stranger Things,75,219
Pop,Steve Aoki,Are You Lonely (feat. ISÁK),75,157
Rock,Nirvana,The Man Who Sold The World,75,260
Pop,Yo Gotti,Rake It Up,75,276
Pop,Gunna,Who You Foolin,75,151
Rock,Fall Out Boy,"Dance, Dance",75,180
Pop,Kacey Musgraves,Butterflies,75,219
Dance,David Bowie,"""Heroes"" - 2017 Remastered Version",75,371
Dance,Shakira,Perro Fiel (feat. Nicky Jam),75,195
Rock,Buffalo Springfield,For What It's Worth,75,153
Indie,Charlotte Lawrence,Stole Your Car,75,215
Rock,Thomas Rhett,Look What God Gave Her,75,168
R&B,Beyoncé,7/11,75,213
Indie,G-Eazy,I Mean It,75,236
Hip-Hop,House Of Pain,Jump Around,75,214
Rock,Foo Fighters,Learn to Fly,75,235
Rock,We The Kings,Sad Song (feat. Elena Coats),75,226
Pop,Daddy Yankee,La Rompe Corazones,75,204
Pop,Kygo,First Time,75,193
Rock,Green Day,21 Guns,75,321
Rap,Trippie Redd,Poles 1469,75,149
Pop,JAY Z,Numb / Encore,75,205
Pop,Neil Diamond,Sweet Caroline,75,203
Rock,Starship,Nothing's Gonna Stop Us Now,75,270
Rock,X Ambassadors,Renegades,75,195
Rap,XXXTENTACION,what are you so afraid of,75,150
Pop,The Notorious B.I.G.,Big Poppa,75,252
Pop,Pearl Jam,Even Flow,75,292
Pop,George Michael,Faith - Remastered,75,193
Pop,Ed Sheeran,Don't,75,219
Pop,Piso 21,Me Llamas (feat. Maluma) - Remix,75,210
Rock,Red Hot Chili Peppers,Dark Necessities,75,302
Indie,SYML,Where's My Love - Piano Solo,75,274
Pop,Astrid S,Someone New,75,176
Pop,Lil Uzi Vert,Erase Your Social,75,199
Rock,Third Eye Blind,Semi-Charmed Life,75,268
Rock,Jon Pardi,Heartache On The Dance Floor,75,205
Pop,Charlie Puth,Patient,75,190
Dance,Ricky Martin,Vente Pa' Ca,75,259
Hip-Hop,Duckwrth,Start a Riot,75,171
Hip-Hop,Eminem,My Name Is,75,268
Hip-Hop,Offset,Quarter Milli (feat. Gucci Mane),75,194
Pop,One Direction,Drag Me Down,75,192
Rock,Thomas Rhett,Sixteen,75,178
Pop,GoldLink,Crew (feat. Brent Faiyaz & Shy Glizzy),75,176
Folk,The Mamas & The Papas,California Dreamin' - Single Version,75,162
Pop,Diplo,"Welcome to the Party (with French Montana & Lil Pump, feat. Zhavia Ward) - from Deadpool 2",75,181
Rap,Yung Gravy,Mr. Clean,75,211
Dance,Sigala,Came Here for Love,75,202
Dance,Calvin Harris,Blame,75,212
R&B,Chris Brown,Loyal,75,264
Hip-Hop,Migos,T-Shirt,75,242
Pop,Camila Cabello,She Loves Control,75,177
Dance,Axwell /\ Ingrosso,Dreamer,75,251
Rap,Offset,Tats On My Face,75,182
Pop,Galantis,Runaway (U & I),75,227
Pop,Tiffany,I Think We're Alone Now,75,228
Dance,Alphaville,Forever Young,75,226
Dance,Steve Aoki,"Azukita (Steve Aoki, Daddy Yankee, Play-N-Skillz & Elvis Crespo)",75,226
Pop,John Legend,Preach,75,236
R&B,Chris Brown,Ayo,75,225
Dance,Lou Reed,Walk On the Wild Side,75,254
Rock,Florida Georgia Line,Talk You Out Of It,75,202
Pop,Tee Grizzley,From The D To The A (feat. Lil Yachty),75,158
Reggae,Bob Marley & The Wailers,One Love / People Get Ready,75,172
Dance,Dua Lipa,Be The One,75,202
Pop,Lady Gaga,The Cure,74,211
Pop,Jeremy Zucker,better off,74,193
Pop,David Guetta,Say My Name,74,198
Pop,Lana Del Rey,Love,74,272
Pop,Taylor Swift,End Game,74,244
Pop,Drake,Headlines,74,235
Pop,Russ,Ain't Nobody Takin My Baby,74,189
Pop,Ariana Grande,successful,74,227
Rap,A Boogie Wit da Hoodie,Savage,74,169
Pop,Christina Perri,Jar of Hearts,74,246
Hip-Hop,Lalo Ebratt,Mocca,74,200
Pop,Post Malone,Money Made Me Do It,74,224
Pop,The Turtles,Happy Together,74,176
Rap,Kodak Black,Transportin',74,169
Pop,Maluma,Borro Cassette,74,207
Pop,IU,BBIBBI,74,194
Rap,Rage Against The Machine,Bulls On Parade,74,229
Rock,Bring Me The Horizon,medicine,74,227
Pop,Drake,Can’t Take A Joke,74,163
Indie,Christian Leave,Please Notice,74,116
Dance,Ariana Grande,Let Me Love You,74,223
Pop,J. Cole,Deja Vu,74,264
Pop,Ariana Grande,get well soon,74,322
Pop,Adele,Rolling in the Deep,74,228
Folk,Billy Joel,Piano Man,74,336
Rap,Linkin Park,Crawling,74,208
Hip-Hop,NF,WHY,74,188
Dance,PRETTYMUCH,Summer on You,74,205
Ska,Los Enanitos Verdes,Lamento Boliviano,74,222
Pop,ayokay,Stay With Me,74,189
Pop,Alvaro Soler,Loca,74,191
Dance,Lady Gaga,I Don't Know What Love Is,74,177
Indie,BØRNS,Electric Love,74,218
Pop,Khalid,Motion,74,235
Indie,Pixies,Where Is My Mind?,74,236
Pop,Mozart La Para,"Mujeres (Mozart La Para, Justin Quiles, Farruko, Jowell & Randy) - Remix",74,236
Pop,Alejandro Sanz,Corazón partío,74,343
Pop,Lady Gaga,Telephone,74,220
Pop,Why Don't We,Cold In LA,74,206
Hip-Hop,Lit Killah,Tan Bien (feat. Agus Padilla),74,204
Pop,Chino & Nacho,Andas En Mi Cabeza,74,247
Rap,Juice WRLD,Make Believe,74,142
Pop,Mike Posner,I Took A Pill In Ibiza - Seeb Remix,74,197
Pop,Smokepurpp,Do Not Disturb (feat. Lil Yachty & Offset),74,157
Rock,James Bay,If You Ever Wanna Be In Love - James Bay Spotify Session 2015,74,236
Pop,Tungevaag & Raaban,All For Love,74,180
Folk,Picture This,One Drink,74,200
Pop,Maluma,Marinero,74,189
Rap,BROCKHAMPTON,BLEACH,74,273
Rock,Panic! At The Disco,Don't Threaten Me With A Good Time,74,213
Rap,Limp Bizkit,Rollin' (Air Raid Vehicle),74,213
Rap,Kodak Black,Pimpin Ain't Eazy,74,177
Pop,Gotye,Somebody That I Used To Know - feat. Kimbra,74,244
Pop,Khalid,Shot Down,74,207
Pop,Céline Dion,"Because You Loved Me (Theme from ""Up Close and Personal"")",74,273
Pop,blackbear,i miss the old u,74,211
Pop,Sheck Wes,Live Sheck Wes,74,147
Rock,Red Hot Chili Peppers,Give It Away,74,282
Rock,Queen,Killer Queen - Remastered 2011,74,179
Rock,Imagine Dragons,Demons,74,175
Pop,Lord Huron,The Night We Met (feat. Phoebe Bridgers),74,208
Hip-Hop,Nicky Jam,Jaleo,74,176
Pop,Panic! At The Disco,Roaring 20s,74,186
Rock,Oasis,Wonderwall - Remastered,74,258
Rap,Blueface,Respect My Cryppin’,74,141
Rap,Lil Uzi Vert,Sauce It Up,74,207
Pop,Chris Lane,I Don't Know About You,74,207
Rap,Selena Gomez & The Scene,Love You Like A Love Song,74,188
Rock,Trapt,Headstrong,74,285
Hip-Hop,Offset,Don't Lose Me,74,200
Hip-Hop,Warren G,Regulate,74,248
Hip-Hop,21 Savage,No Heart,74,235
Hip-Hop,Kodak Black,Gnarly (feat. Lil Pump),74,186
Pop,One Direction,History,74,187
Pop,The Knack,My Sharona,74,295
Children’s Music,Motörhead,Ace of Spades,74,165
Movie,Loren Allred,Never Enough (Reprise),74,80
Rock,Pink Floyd,Money,74,382
Hip-Hop,Offset,Made Men,74,214
Pop,Virlan Garcia,En Donde Esta Tu Amor,74,217
Pop,Wu-Tang Clan,C.R.E.A.M.,74,252
Hip-Hop,$uicideBoy$,2nd Hand,74,123
Pop,PENTAGON,Shine,74,198
Rap,Lil Uzi Vert,You Was Right,74,163
Pop,iLOVEFRiDAY,Mia Khalifa,74,177
Reggaeton,Ozuna,El Farsante,74,233
Pop,Post Malone,Patient,74,194
Rock,Skylar Grey,Everything I Need (From Aquaman: Original Motion Picture Soundtrack) - Film Version,74,196
Reggaeton,Ozuna,Tú Foto,74,193
Reggaeton,Plan B,Zum Zum - Remix,74,276
Soul,Leon Bridges,River,74,238
Pop,Michael Bublé,Love You Anymore,74,182
Rock,ZZ Top,La Grange - 2005 Remaster,74,230
Reggaeton,Bryant Myers,Triste,74,264
Dance,Robin Schulz,Oh Child,74,195
Reggaeton,CNCO,Se Vuelve Loca,74,191
Pop,Carlos Baute,Colgando en tus manos (con Marta Sánchez),74,230
Indie,The Mayries,Rockabye - Acoustic Version,74,157
Rock,The Rolling Stones,Sympathy For The Devil - 50th Anniversary Edition,74,378
Pop,Ed Sheeran,Candle In The Wind - 2018 Version,74,198
Soul,Amy Winehouse,Rehab,74,213
Rock,Imagine Dragons,Boomerang,74,187
Country,Dan + Shay,All To Myself,74,169
Hip-Hop,Bass Santana,Curse,74,118
Country,Kane Brown,Lose It,74,178
Hip-Hop,Paulo Londra,Dímelo,74,212
Pop,Enrique Iglesias,DUELE EL CORAZON,74,200
Rock,The Doors,Riders on the Storm,74,434
Soul,Amy Winehouse,You Know I'm No Good,74,256
Pop,Sum 41,In Too Deep,74,207
Pop,Snoop Dogg,Gin And Juice (feat. Dat Nigga Daz),74,211
Rock,David Bowie,Rebel Rebel - 2016 Remastered Version,74,274
Reggaeton,Alex Sensation,Que Va,74,238
Rock,Bruce Springsteen,Born in the U.S.A.,74,278
Rock,Europe,The Final Countdown,74,310
Rock,Daryl Hall & John Oates,Maneater,74,271
Rock,Twenty One Pilots,Levitate,74,145
Children’s Music,Nirvana,Heart-Shaped Box,74,281
Soul,Leon Bridges,Beyond,74,240
Pop,Maroon 5,She Will Be Loved - Acoustic,74,276
Rock,Tame Impala,Let It Happen,74,467
Reggaeton,Bad Bunny,Soy Peor,74,257
Rock,Imagine Dragons,Walking The Wire,74,232
Pop,Sum 41,Fat Lip,74,178
Children’s Music,Avenged Sevenfold,Hail to the King,74,304
Reggaeton,Karol G,Mi Cama,74,151
Rock,Muse,Supermassive Black Hole,74,212
Reggae,Boomdabash,Per Un Milione,74,174
Country,Brett Young,Mercy,74,217
Pop,Billie Eilish,Bellyache - Marian Hill Remix,74,220
Pop,Lost Kings,Don't Kill My High,74,180
Indie,No Rome,Narcissist (feat. The 1975),74,195
Pop,Rex Orange County,Corduroy Dreams,74,206
Reggae,Bob Marley & The Wailers,Buffalo Soldier,74,257
Pop,Justin Bieber,Baby,74,214
Pop,Harry Styles,"Girl Crush - Recorded at Metropolis Studios, London",74,243
Pop,Twenty One Pilots,Tear in My Heart,74,188
Pop,Hot Shade,California,74,169
Pop,Kacey Musgraves,Slow Burn,74,246
Pop,Paramore,Hard Times,74,182
Country,Luke Bryan,Play It Again,74,226
Pop,Aminé,Spice Girl,74,173
Pop,Quality Control,Ice Tray,74,213
Rap,Mozart La Para,Mujeres,74,187
Pop,Russ,What They Want,74,165
Pop,Drake,0 To 100 / The Catch Up,74,275
Pop,Meek Mill,What's Free (feat. Rick Ross & Jay Z),74,362
Pop,Justin Timberlake,Rock Your Body,74,267
Pop,Billie Eilish,Ocean Eyes - Astronomyy Remix,74,296
Pop,Post Malone,Big Lie,74,207
Pop,Adele,Set Fire to the Rain,74,241
Pop,Rich The Kid,Lost It (feat. Quavo & Offset),74,272
Pop,Maroon 5,Animals,74,231
Country,Jason Aldean,Girl Like You,74,193
Country,Jason Aldean,You Make It Easy,74,196
Rap,Beau Young Prince,Let Go,74,177
Pop,Lauv,Chasing Fire,74,205
Rap,6ix9ine,KANGA (feat. Kanye West),74,132
Rap,XXXTENTACION,Gassed Up!,74,225
Dance,Calvin Harris,Outside,74,227
Dance,Calvin Harris,One Kiss (with Dua Lipa) - Oliver Heldens Remix,74,281
Rap,XXXTENTACION,RIP Roach (feat. $ki Mask The Slump God),74,169
Rap,Luniz,I Got 5 On It,74,253
Rap,XXXTENTACION,"I don’t even speak spanish lol - feat. Rio Santana, Judah, Carlos Andrez",74,192
Rap,SOB X RBE,Paramedic!,74,219
Pop,Fall Out Boy,Immortals,74,189
Pop,Troye Sivan,Lucky Strike,74,208
Pop,Jesse & Joy,3 A.M.,74,183
Pop,Lost Kings,When We Were Young,74,193
Pop,Billie Eilish,MyBoi - TroyBoi Remix,74,211
Pop,TWICE,What is Love?,74,208
Rock,Bon Jovi,Always,74,353
Rock,System Of A Down,Aerials,74,235
Hip-Hop,Meek Mill,"That's My N**** (with Meek Mill, YG & Snoop Dogg)",74,199
Rock,Thin Lizzy,The Boys Are Back in Town,74,266
Rap,PnB Rock,Selfish,74,245
Hip-Hop,Eminem,Shake That,74,274
Hip-Hop,Kid Cudi,Pursuit Of Happiness - Extended Steve Aoki Remix (Explicit),74,373
R&B,Zara Larsson,Ain't My Fault,74,224
Rock,Jon Pardi,Head Over Boots,74,202
Pop,Travis Scott,WHO? WHAT!,74,176
Pop,BTS,I'm Fine,74,240
Dance,Vengaboys,"Boom, Boom, Boom, Boom!!",74,201
Pop,Tee Grizzley,Fuck It Off (feat. Chris Brown),74,147
Rap,Mac Miller,2009,74,347
Rap,Linkin Park,One Step Closer,74,157
Pop,Jason Derulo,Let's Shut Up & Dance,74,208
Pop,Green Day,Boulevard of Broken Dreams,74,262
Pop,Jordan Davis,Take It From Me,74,174
Pop,Travis Scott,CAROUSEL,74,180
Pop,Kid Cudi,Day 'N' Nite (nightmare),74,221
Pop,Ed Sheeran,Tenerife Sea,74,241
Pop,Christian French,By Myself,74,184
Pop,Rihanna,Rude Boy,74,222
Rap,J. Cole,Motiv8,74,133
Rap,Mac Miller,What's the Use?,74,288
Pop,Logic,Everybody,74,162
Soul,Ginuwine,Pony,74,251
Rap,Ice Cube,It Was A Good Day,74,260
Rap,Gunna,Wit It,74,139
Pop,BTS,Serendipity (Full Length Edition),74,276
Rap,"Tyler, The Creator",Boredom,74,320
Rap,A Boogie Wit da Hoodie,Jungle,74,174
R&B,Jordin Sparks,No Air (feat. Chris Brown),74,264
Rap,Lil Mosey,Burberry Headband,74,146
Rap,Yung Gravy,Alley Oop (feat. Lil Baby),74,152
R&B,Nick Jonas,Find You,74,197
R&B,Jennifer Lopez,Te Guste,74,222
Rap,Meek Mill,Uptown Vibes (feat. Fabolous & Anuel AA),74,190
Rap,Gunna,Richard Millie Plain,74,200
Hip-Hop,Nicky Jam,Hasta el Amanecer,74,198
R&B,JP Cooper,All This Love,74,193
Dance,Carlos Vives,La Bicicleta,74,229
R&B,Madison Beer,Dead,74,194
Rap,Juice WRLD,Used To,74,176
Rap,A Boogie Wit da Hoodie,Still Think About You,74,246
Rap,Ms. Lauryn Hill,Doo Wop (That Thing),74,320
Pop,Jordan Davis,Singles You Up,74,182
Pop,One Direction,Steal My Girl,74,228
Dance,Jax Jones,Instruction (feat. Demi Lovato & Stefflon Don),74,165
R&B,Rex Orange County,New House,74,199
R&B,Lauren Jauregui,More Than That,74,158
Rap,Quinn XCII,Flare Guns,74,240
Pop,Marshmello,Sell Out,74,192
R&B,Still Woozy,Goodie Bag,74,146
Rap,Slipknot,Before I Forget,74,278
Pop,Alta Consigna,Culpable Tu,74,231
Rap,Kanye West,Father Stretch My Hands Pt. 1,74,135
Pop,Katy Perry,Firework,74,227
Pop,BTS,Trivia 轉 : Seesaw,74,246
R&B,SZA,Broken Clocks,74,231
R&B,Teyana Taylor,Gonna Love Me,74,166
R&B,Rihanna,Love On The Brain,74,224
Rock,Mötley Crüe,Kickstart My Heart,74,284
Folk,Freya Ridings,Lost Without You,74,225
Rock,Drowning Pool,Bodies,74,201
R&B,The Weeknd,Reminder,74,218
R&B,Meghan Trainor,NO EXCUSES,74,152
Dance,Shakira,Me Enamoré,74,226
Rap,50 Cent,Just A Lil Bit,74,237
Rap,Travis Scott,5% TINT,74,196
Folk,Ben Howard,Only Love,74,249
Rap,Kanye West,Ghost Town,74,271
Rap,Travis Scott,beibs in the trap,74,213
Dance,Liam Payne,For You (Fifty Shades Freed),74,244
Rap,Slipknot,All Out Life,74,340
R&B,Shoffy,Cool Again,74,191
Pop,Destiny's Child,Survivor,74,254
Rap,JAY Z,Ni**as In Paris,74,219
R&B,Frank Ocean,Self Control,74,249
Rap,Kanye West,Yikes,74,188
Pop,AWOLNATION,Sail,74,259
R&B,The Weeknd,Wicked Games,74,323
Pop,Twenty One Pilots,Heavydirtysoul,74,234
R&B,Nelly,Ride Wit Me,74,291
R&B,The Weeknd,Try Me,74,221
R&B,The Weeknd,Party Monster,74,249
Rap,Lil Mosey,Yoppa (with BlocBoy JB),74,163
R&B,Kehlani,Nunya (feat. Dom Kennedy),74,244
Rap,Lil Baby,Time (feat. Meek Mill),74,182
Folk,Edward Sharpe & The Magnetic Zeros,Home,74,303
Rock,Bon Jovi,Livin' On A Prayer,74,249
Pop,Jonas Brothers,Burnin' Up,74,175
Folk,Blanco White,Olalla,74,247
Pop,Marc Anthony,Vivir Mi Vida,74,252
Pop,Greeicy,Amantes,74,235
Pop,2 Chainz,High Top Versace (feat. Young Thug),74,176
Children’s Music,Radiohead,High And Dry,74,257
Hip-Hop,Lil Peep,Runaway,74,192
Electronic,Yellow Claw,DJ Turn It Up,74,211
Pop,Bastille,Quarter Past Midnight,74,201
Electronic,Daft Punk,One More Time,74,320
Rock,OneRepublic,Counting Stars,74,257
Pop,Kendrick Lamar,ELEMENT.,74,208
Pop,Woodkid,Run Boy Run,74,213
Hip-Hop,Gorillaz,On Melancholy Hill,74,233
Pop,Diplo,Color Blind,74,177
Hip-Hop,Stefflon Don,16 Shots,74,224
Rock,Aerosmith,"I Don't Want to Miss a Thing - From the Touchstone film, ""Armageddon""",74,299
Pop,Mike Bahía,Serenata,74,206
Electronic,Daft Punk,Instant Crush,74,337
Children’s Music,Café Tacvba,Eres,74,267
Pop,Shakira,"Whenever, Wherever",74,196
Pop,Smokepurpp,Audi.,74,159
Pop,Mac Miller,Dang! (feat. Anderson .Paak),74,305
Pop,Vince Staples,Home,74,211
Pop,Desiigner,Tiimmy Turner,74,239
Folk,The Paper Kites,Bloom - Bonus Track,74,210
Rock,Cage The Elephant,Ain't No Rest for the Wicked,74,175
Rock,Ricardo Arjona,Fuiste Tú,74,265
Pop,Culture Club,Karma Chameleon - Remastered 2002,74,252
Rock,Arctic Monkeys,Arabella,74,207
Rock,Darius Rucker,Wagon Wheel,74,298
Pop,Calvin Harris,Under Control,74,184
Rock,Foo Fighters,Best of You,74,255
Pop,Kendrick Lamar,Big Shot (with Travis Scott),74,221
Pop,Three Days Grace,I Hate Everything About You,74,231
Pop,Red Velvet,RBB (Really Bad Boy),74,188
Rock,Guns N' Roses,Welcome To The Jungle,74,273
Pop,Camila Cabello,Havana - Remix,74,199
Pop,SUNMI,Gashina,74,180
Rock,AJR,100 Bad Days,74,212
Pop,Wiz Khalifa,Black and Yellow,74,217
Dance,Alesso,Heroes (we could be),74,210
Pop,Adele,When We Were Young,74,290
Pop,Lana Del Rey,Summertime Sadness (Lana Del Rey Vs. Cedric Gervais) - Cedric Gervais Remix / Radio Edit,74,214
Jazz,Nina Simone,Feeling Good,74,174
Rap,Eminem,Good Guy (feat. Jessie Reyez),74,142
Rock,Dustin Lynch,Good Girl,74,189
Dance,OneRepublic,Rich Love (with Seeb),74,201
R&B,JoJo,"Too Little, Too Late - Radio Version",74,221
Indie,Ocean Alley,Confidence,74,253
Soul,Robin Thicke,Blurred Lines,74,263
Rap,Hot Chelle Rae,Tonight Tonight,74,200
Pop,5 Seconds of Summer,Want You Back,74,173
Rap,Aminé,BLACKJACK,74,117
Rap,Fetty Wap,Trap Queen,74,222
Pop,Rixton,Me And My Broken Heart,74,193
Rap,J. Cole,1985 - Intro to “The Fall Off”,74,190
Rap,Meek Mill,Dangerous (feat. Jeremih and PnB Rock),74,234
Rock,Welshly Arms,Legendary,74,232
Pop,Lady Gaga,Diggin' My Grave,74,237
R&B,Beyoncé,Drunk in Love,74,323
Rock,Richard Marx,Right Here Waiting,74,264
Dance,DJ Snake,Magenta Riddim,74,194
Rap,Mike WiLL Made-It,"Runnin (with A$AP Rocky, A$AP Ferg & Nicki Minaj)",74,131
Hip-Hop,Tyga,Floss In The Bank,74,151
Jazz,Etta James,At Last,74,182
Pop,Lady Gaga,Heal Me,74,196
Alternative,Rammstein,AUSLÄNDER,74,231
Pop,BTS,Save Me,74,196
Pop,5 Seconds of Summer,Valentine,74,196
Pop,Clairo,Flaming Hot Cheetos,74,123
Rock,The Foundations,Build Me Up Buttercup,74,177
Pop,Childish Gambino,Summertime Magic,74,213
Rap,Linkin Park,Bleed It Out,74,166
Dance,David Bowie,Starman - 2012 Remastered Version,74,254
Pop,Fat Joe,What's Luv? (feat. Ja-Rule & Ashanti),74,267
Hip-Hop,Aventura,Ella Y Yo - Featuring Don Omar,74,267
R&B,Tory Lanez,FlEXiBle (feat. Chris Brown & Lil Baby),74,199
Folk,Tom Walker,Now You're Gone (feat. Zara Larsson),74,212
Pop,Zedd,Clarity,74,271
Jazz,Kelsea Ballerini,Miss Me More,74,192
Pop,Drake,Elevate,73,184
Pop,Piso 21,La Vida Sin Ti,73,194
Pop,Lenin Ramírez,Rolling One,73,243
Pop,Daya,New,73,230
Pop,Cuco,Lo Que Siento,73,312
Pop,Little Mix,Touch,73,213
Pop,Chance the Rapper,Juke Jam (feat. Justin Bieber & Towkio),73,219
Children’s Music,Three Days Grace,Animal I Have Become,73,231
Alternative,88-Keys,That's Life (feat. Mac Miller & Sia),73,202
Pop,Drake,Take Care,73,277
Hip-Hop,Beret,Te echo de menos,73,194
Pop,Paramore,Still Into You,73,216
Dance,Miley Cyrus,Adore You,73,278
Hip-Hop,Aventura,El Malo,73,238
Pop,Nacho,Báilame - Remix,73,217
Pop,El Bebeto,Seremos,73,186
Alternative,Jhene Aiko,Triggered (freestyle),73,211
Pop,Grupo Codiciado,Gente De Accionar,73,172
Pop,Cash Cash,Finest Hour (feat. Abir),73,215
Rock,Hot Chocolate,You Sexy Thing,73,244
Indie,Cage The Elephant,Ready To Let Go,73,187
Rap,NF,Paralyzed,73,270
Hip-Hop,Ski Mask The Slump God,Unbothered,73,138
Dance,DNCE,Truthfully,73,182
Hip-Hop,ScHoolboy Q,Collard Greens,73,299
Rap,will.i.am,Scream & Shout,73,283
Rock,Imagine Dragons,West Coast,73,217
Pop,Jeremy Zucker,talk is overrated,73,189
Pop,Sia,Cheap Thrills,73,211
Rap,Lil Peep,Sex with My Ex,73,213
Dance,Nicki Minaj,Barbie Dreams,73,279
Dance,Pharrell Williams,"Happy - From ""Despicable Me 2""",73,232
Hip-Hop,Grits,Ooh Ahh (My Life Be Like) (feat. Toby Mac),73,233
Rap,XXXTENTACION,difference (interlude),73,76
Rap,A Boogie Wit da Hoodie,4 Min Convo (Favorite Song),73,257
Rock,Diego Torres,Un Poquito,73,186
Pop,J Balvin,Safari,73,205
Pop,Bhad Bhabie,Babyface Savage (feat. Tory Lanez),73,161
Dance,Jonas Blue,Mama,73,184
Children’s Music,Linkin Park,Papercut,73,184
Country,Chris Stapleton,Millionaire,73,210
Blues,Thin Lizzy,The Boys Are Back In Town,73,266
Hip-Hop,Lalo Ebratt,Déjate Querer,73,202
Dance,Kacey Musgraves,High Horse,73,213
Reggaeton,Calle 13,Muerte En Hawaii,73,189
Dance,Ariana Grande,7 rings (feat. 2 Chainz) - Remix,73,178
Soul,Aretha Franklin,Respect,73,147
Dance,Taylor Swift,...Ready For It?,73,208
Children’s Music,Weezer,Say It Ain't So,73,256
Hip-Hop,J. Cole,Power Trip,73,241
Indie,The Smiths,This Charming Man - 2011 Remaster,73,162
Ska,Sublime,Santeria,73,182
Pop,Travis Scott,NC-17,73,156
Hip-Hop,Mr. Probz,Space for Two,73,206
Dance,Gryffin,Just For A Moment (feat. Iselin),73,254
Rock,Panic! At The Disco,LA Devotee,73,196
Country,Thomas Rhett,Unforgettable,73,157
Rap,Blueface,Studio,73,223
Rap,Nelly,Hot In Herre,73,228
Hip-Hop,A$AP Ferg,Work REMIX,73,283
Hip-Hop,Young Thug,High (feat. Elton John),73,195
Rock,Twenty One Pilots,House Of Gold,73,163
Indie,Dermot Kennedy,Lost,73,224
R&B,Rihanna,Unfaithful,73,226
Indie,Khel Pangilinan,Weak,73,211
Pop,Mark Diamond,You're My Girl (Lost Recording #6),73,195
Rap,Only The Family,No Auto Durk (feat. Lil Durk),73,184
Pop,Panic! At The Disco,The Greatest Show,73,174
Pop,Lit,My Own Worst Enemy,73,169
Rock,Twenty One Pilots,Smithereens,73,177
Hip-Hop,Drake,Jaded,73,262
Pop,ZAYN,Fingers,73,171
Pop,One Direction,You & I,73,237
Pop,ZAYN,I Don’t Wanna Live Forever (Fifty Shades Darker),73,247
Rock,Noah Kahan,False Confidence,73,222
Pop,Sam Smith,Like I Can,73,167
Hip-Hop,Eminem,The Way I Am,73,290
Pop,ABBA,Dancing Queen,73,230
Children’s Music,León Larregui,Brillas,73,226
Pop,Christina Aguilera,Genie in a Bottle,73,217
Pop,*NSYNC,Bye Bye Bye,73,200
Pop,My Chemical Romance,I'm Not Okay (I Promise),73,186
Hip-Hop,2 Chainz,4 AM,73,255
Hip-Hop,J. Cole,A Tale of 2 Citiez,73,269
Country,Old Dominion,One Man Band,73,186
Rock,Bacilos,Caraluna,73,266
Rock,Alejandro Sanz,Back In The City,73,201
Country,Billy Currington,Do I Make You Wanna,73,234
Hip-Hop,XXXTENTACION,A GHETTO CHRISTMAS CAROL,73,104
Hip-Hop,Ski Mask The Slump God,LA LA,73,147
Hip-Hop,NF,NO NAME,73,183
Hip-Hop,6 Dogs,Faygo Dreams,73,171
Hip-Hop,Rich Brian,Gospel,73,173
Rock,The Beach Boys,Wouldn't It Be Nice - Stereo Mix,73,153
Hip-Hop,Drake,Best I Ever Had,73,258
Hip-Hop,Aminé,Heebiejeebies - Bonus,73,220
Hip-Hop,Duki,She Don't Give a Fo,73,209
Pop,Eiffel 65,Blue (Da Ba Dee) - Gabry Ponte Ice Pop Radio,73,283
Dance,Why Don't We,Trust Fund Baby,73,184
Rock,Billy Joel,She's Always a Woman,73,201
Pop,blackbear,chateau,73,212
Indie,The Mayries,Umbrella - Acoustic Version,73,178
Rock,Tame Impala,Feels Like We Only Go Backwards,73,192
Pop,Lewis Capaldi,Rush (feat. Jessie Reyez),73,198
Dance,Carrie Underwood,Before He Cheats,73,199
Rock,Don McLean,American Pie,73,515
Rap,Lil Yachty,66,73,153
Rap,Drake,Ignant Shit (feat. Lil Wayne),73,302
Rock,Seal,Kiss From A Rose,73,288
Hip-Hop,J. Cole,Love Yourz,73,211
Pop,Lenny Kravitz,Are You Gonna Go My Way,73,211
Pop,Ed Sheeran,Barcelona,73,191
Reggaeton,Mike Bahía,Esta Noche,73,168
Pop,Michael Bublé,Haven't Met You Yet,73,244
Rock,Van Halen,Panama - 2015 Remaster,73,210
Pop,Sam Smith,Make It To Me,73,162
Rock,Cyndi Lauper,Time After Time,73,243
Rock,Bring Me The Horizon,in the dark,73,271
Pop,CLC,No,73,181
Rock,Muse,Starlight,73,240
Rock,Pantera,Walk,73,315
Pop,Mitch James,Bright Blue Skies,73,182
Pop,Mamamoo,Egotistic,73,196
Reggaeton,Ozuna,Supuestamente,73,198
Pop,Michael Bublé,Everything,73,212
Reggaeton,Ozuna,Quiero Mas,73,244
Rock,Bring Me The Horizon,sugar honey ice & tea,73,261
Pop,AronChupa,I'm an Albatraoz,73,166
Pop,Ed Sheeran,How Would You Feel (Paean),73,280
Pop,EXID,I Love You,73,194
Electronic,New Order,Blue Monday - 2016 Remastered Version,73,450
Rock,Eric Church,Springsteen,73,263
Pop,John De Sohn,Forever Young,73,167
Pop,Ed Sheeran,Lego House,73,185
Rock,James Taylor,Fire and Rain,73,200
Reggaeton,Bad Bunny,MIA,73,210
Pop,Fonseca,Volver a Verte (feat. Cali y El Dandee),73,169
Pop,Diplo,Welcome to the Party (feat. Zhavia Ward) - Valentino Khan Remix,73,165
Pop,Silvestre Dangond,Justicia,73,209
Reggaeton,Yandel,Sumba Yandel,73,208
Pop,Martin Jensen,Nobody,73,211
Pop,Red Velvet,피카부 Peek-A-Boo,73,189
Pop,Ally Brooke,Low Key (feat. Tyga),73,201
Alternative,Rammstein,ZEIG DICH,73,255
Soul,Stevie Wonder,I Just Called To Say I Love You,73,262
Rock,Fleetwood Mac,Go Your Own Way - 2004 Remaster,73,223
Soul,Stevie Wonder,For Once In My Life,73,169
Pop,Dua Lipa,Homesick,73,230
Rock,Queen,We Are The Champions - Remastered 2011,73,179
Reggaeton,J Balvin,Ambiente,73,249
Rock,Imagine Dragons,Radioactive,73,186
Rock,Foo Fighters,All My Life,73,263
Pop,Wolfine,Bella - Remix,73,218
Pop,BLACKPINK,WHISTLE,73,211
Rock,Metallica,Enter Sandman,73,331
Rock,Nirvana,Come As You Are,73,218
Pop,Taylor Swift,I Did Something Bad,73,238
Reggaeton,Ozuna,Coméntale,73,214
Pop,Maná,En El Muelle De San Blas,73,352
Rap,Linkin Park,BURN IT DOWN,73,230
Pop,(G)I-DLE,LATATA,73,202
Pop,Syn Cole,Getaway - VIP Mix,73,189
Rock,Aerosmith,Sweet Emotion,73,274
Pop,Ed Sheeran,Nancy Mulligan,73,179
Pop,Ed Sheeran,New Man,73,189
Pop,LANY,Super Far,73,203
Rock,Heart,Barracuda,73,261
Rock,The Beatles,Blackbird - Remastered 2009,73,138
Pop,TWICE,Dance The Night Away,73,180
Rap,Machine Gun Kelly,RAP DEVIL,73,286
Pop,iKON,KILLING ME,73,193
Country,Morgan Wallen,Up Down (feat. Florida Georgia Line),73,198
Rock,Andrés Calamaro,Flaca,73,277
Pop,Coldplay,Magic,73,285
Rap,6ix9ine,KEKE,73,151
Rock,The Cranberries,Dreams,73,271
Rock,Twisted Sister,We're Not Gonna Take It,73,219
Rock,Kim Carnes,Bette Davis Eyes,73,228
Rock,Rod Stewart,Maggie May,73,350
Dance,MØ,Final Song,73,235
Rap,Trippie Redd,Can't Love,73,169
Rap,Gunna,Derek Fisher (feat. Lil Baby),73,189
Rock,Elvis Presley,Jailhouse Rock,73,146
Hip-Hop,Wiley,Boasty (feat. Idris Elba),73,177
Rock,ZZ Top,Sharp Dressed Man - 2008 Remaster,73,258
Dance,Dua Lipa,Blow Your Mind (Mwah),73,178
Rap,Trippie Redd,Negative Energy,73,178
Dance,Clean Bandit,Rather Be (feat. Jess Glynne),73,227
Pop,Aventura,Obsesion,73,254
R&B,ROSALÍA,MALAMENTE - Cap.1: Augurio,73,150
Indie,Loote,Your Side Of The Bed,73,197
Rap,A Boogie Wit da Hoodie,Beasty,73,152
Rap,Timmies,Tell Me Why I'm Waiting,73,123
Reggae,Bob Marley & The Wailers,Waiting In Vain,73,256
Rap,Offset,On Fleek (feat. Quavo),73,229
Soul,Adele,Send My Love (To Your New Lover),73,223
Rap,XXXTENTACION,One Minute (feat. Kanye West & Travis Barker),73,197
Rock,Phil Collins,Another Day In Paradise - 2016 Remastered,73,322
Pop,Lucas Estrada,Everything with You,73,166
Rap,MC Hammer,U Can't Touch This,73,257
Rock,The Calling,Wherever You Will Go,73,208
Reggaeton,Ozuna,Pasado y Presente,73,221
Pop,BTS,MIC Drop (Steve Aoki Remix) [Full Length Edition],73,307
Rock,Looking Glass,Brandy (You're a Fine Girl),73,186
Reggaeton,Wisin & Yandel,Dame Algo,73,237
Rock,Muse,Pressure,73,235
Pop,Paramore,Ain't It Fun,73,296
Pop,Katy Perry,Unconditionally,73,228
Rock,Bon Jovi,You Give Love A Bad Name,73,222
Pop,Michael Jackson,Love Never Felt so Good,73,246
Rock,The Rolling Stones,Beast Of Burden - Remastered,73,265
Pop,SUNMI,Siren,73,199
Rap,Lil Peep,Better Off (Dying),73,154
Rock,Greta Van Fleet,Highway Tune,73,180
Pop,Mitchell Tenpenny,Drunk Me,73,211
Rap,Bobby Shmurda,Hot N*gga,73,194
Rap,Yung Gravy,Cheryl,73,169
Rap,Kendrick Lamar,Alright,73,219
Rap,Drake,Signs,73,234
Rap,XXXTENTACION,"ALONE, PART 3",73,109
Pop,Robinson,Nothing to Regret,73,208
Rap,Quavo,PASS OUT (feat. 21 Savage),73,224
Pop,Meek Mill,R.I.C.O. (feat. Drake),73,197
Rap,Offset,Came A Long Way,73,172
Pop,50 Cent,In Da Club,73,193
Dance,Lauv,Getting Over You,73,255
Pop,P!nk,Just Give Me a Reason (feat. Nate Ruess),73,242
R&B,Whitney Houston,I Have Nothing,73,289
Rock,Creedence Clearwater Revival,Down On The Corner,73,166
Dance,David Bowie,Space Oddity - 2015 Remastered Version,73,318
Dance,Juan Magán,Usted,73,233
Rap,Meek Mill,Dreams and Nightmares,73,230
Pop,Shakira,La Tortura (feat. Alejandro Sanz),73,212
Rap,"Tyler, The Creator",911 / Mr. Lonely,73,255
Rap,Travie McCoy,Billionaire (feat. Bruno Mars),73,211
Rap,Lil Baby,Ready (feat. Gunna),73,213
Pop,Bruno Mars,Chunky,73,186
Dance,Felix Jaehn,"Jennie (feat. R. City, Bori)",73,184
Dance,Flo Rida,Right Round,73,204
Pop,Conan Gray,Crush Culture,73,204
Hip-Hop,The Game,Hate It Or Love It,73,206
R&B,Little Mix,Power,73,242
Dance,The Clash,London Calling - Remastered,73,200
Rap,Eve,Let Me Blow Ya Mind,73,229
R&B,K-Ci & JoJo,All My Life,73,331
Soul,Thutmose,Memories,73,199
Pop,NAV,Held Me Down,73,228
Rock,blink-182,First Date,73,171
Rap,A$AP Rocky,A$AP Forever,73,233
R&B,Jorja Smith,Blue Lights,73,250
Rock,Twenty One Pilots,Neon Gravestones,73,240
Dance,Jonas Blue,Wherever You Go,73,208
Pop,Mau y Ricky,Mi Mala - Remix,73,255
Rock,Bon Jovi,Bed Of Roses,73,394
Soul,Bill Withers,Lovely Day,73,254
Pop,Alec Benjamin,Boy In The Bubble,73,181
Dance,James TW,Please Keep Loving Me,73,195
R&B,Demi Lovato,Cool for the Summer,73,214
Pop,Drake,Emotionless,73,302
Rock,Billy Currington,Bring It On Over,73,182
Children’s Music,Incubus,Drive,73,232
Pop,Khalid,The Ways (with Swae Lee),73,238
Indie,Halsey,Without Me - ILLENIUM Remix,73,248
Pop,Vance Joy,Georgia,73,230
Pop,Michael Ray,One That Got Away,73,218
Pop,Rudimental,Walk Alone (feat. Tom Walker),73,205
Rock,WALK THE MOON,Timebomb,73,218
Rock,Twenty One Pilots,Cut My Lip,73,282
Pop,Deorro,Five More Hours - Deorro x Chris Brown,73,211
Hip-Hop,Daddy Yankee,Limbo,73,224
R&B,Cassie,Me & U,73,192
Rap,Waka Flocka Flame,No Hands (feat. Roscoe Dash and Wale),73,263
Rap,Dr. Dre,Forgot About Dre,73,222
Pop,Selena Gomez,The Heart Wants What It Wants,73,227
Rock,Jackie Wilson,(Your Love Keeps Lifting Me) Higher & Higher,73,181
R&B,Rihanna,Disturbia,73,238
Pop,Ne-Yo,Because Of You,73,266
Indie,Giant Rooks,Wild Stare,73,194
Pop,Florida Georgia Line,Women,73,211
Rock,Maná,Clavado En Un Bar,73,310
Pop,Ivy Adara,Rebels,73,176
Pop,Charlotte Lawrence,Sleep Talking,73,224
Rap,Seether,Fake It,73,193
Indie,Lykke Li,I Follow Rivers - The Magician Remix,73,280
Pop,TLC,Waterfalls,73,279
Folk,Bob Dylan,Knockin' On Heaven's Door - Remastered,73,149
Pop,Beyoncé,Best Thing I Never Had,73,253
Indie,Arctic Monkeys,I Wanna Be Yours,73,183
R&B,Tory Lanez,Say It,73,237
Pop,Dexys Midnight Runners,Come On Eileen,73,287
Pop,Sia,I'm Still Here,73,241
R&B,Jessie Reyez,Figures,73,240
Pop,AJ Mitchell,Used to Be,73,174
Rap,Eminem,Stepping Stone,73,309
Pop,Jeremih,Don't Tell 'Em,73,266
R&B,Miguel,Come Through and Chill,73,322
R&B,6LACK,Ex Calling,73,211
Rock,Twenty One Pilots,Bandito,73,330
Rock,Crowded House,Don't Dream It's Over,73,236
Rock,Pearl Jam,Jeremy,73,318
Pop,Alina Baraz,Floating (feat. Khalid),73,174
Jazz,Norah Jones,Come Away With Me,73,198
Reggaeton,Sech,Miss Lonely - Dimelo Flow Remix,73,225
R&B,Bryson Tiller,Right My Wrongs,73,249
R&B,Olivia O'Brien,RIP (feat. G-Eazy & Drew Love),73,200
Pop,DNCE,Toothbrush,73,231
Rap,Juice WRLD,I'm Still,73,192
Pop,Jeremih,Planez,73,240
R&B,Ashanti,Foolish,73,227
Pop,Loud Luxury,Love No More,73,168
Rock,Arctic Monkeys,Snap Out Of It,73,193
R&B,Bryson Tiller,Canceled,73,183
Rap,Missy Elliott,Get Ur Freak On,73,211
Indie,Bea Miller,it's not u it's me,73,194
R&B,DJ Khaled,"I'm the One (feat. Justin Bieber, Quavo, Chance the Rapper & Lil Wayne)",73,288
Rap,The Game,How We Do,73,235
Children’s Music,Mac Ayres,Easy,73,314
Pop,Bruno Major,Easily,73,210
R&B,Frank Ocean,Nikes,73,314
R&B,6LACK,Seasons (feat. Khalid),73,250
Rap,Major Lazer,Lean On,73,176
R&B,Trey Songz,Slow Motion,73,197
Rap,Travis Scott,Watch (feat. Lil Uzi Vert & Kanye West),73,217
Pop,Queen Naija,Karma,73,176
Pop,Hailee Steinfeld,"Flashlight (Sweet Life Mix) - From ""Pitch Perfect 2"" Soundtrack",73,178
Rap,Eminem,Normal,73,222
Rap,Disturbed,Down With the Sickness,73,279
R&B,The Weeknd,Hurt You,73,230
R&B,Tory Lanez,DrIP DrIp Drip (feat. Meek Mill),73,230
Pop,Chris Lane,Take Back Home Girl (feat. Tori Kelly),73,212
Pop,Jeff Buckley,Hallelujah,73,413
Rap,Nelly,Just A Dream - Main,73,237
Pop,Migos,Danger (with Migos & Marshmello),73,214
Rock,Korn,Freak On a Leash,73,255
Dance,Oliver Heldens,Fire In My Soul,73,175
Pop,Travis Scott,SKELETONS,73,145
Pop,Cardi B,Thru Your Phone,73,188
Pop,Bruno Mars,Talking to the Moon,73,217
Pop,Daddy Yankee,Vuelve,73,279
Pop,Heart,Alone,73,218
R&B,Rels B,A Mí,73,209
Rock,Elle King,Ex's & Oh's,73,202
Soul,Chuck Berry,Johnny B. Goode,73,161
Pop,Reyli Barba,Amor del Bueno,73,242
Rap,Eminem,Sing For The Moment,73,339
Pop,JID,151 Rum,73,156
Folk,Tom Petty,Free Fallin',73,256
Reggaeton,Valentino,Tú Y Yo (feat. Nicky Jam & Justin Quiles),73,200
Soul,Roberta Flack,Killing Me Softly with His Song,73,286
R&B,Diddy,I'll Be Missing You (feat. 112),73,301
Pop,Franco De Vita,Tú de Qué Vas,73,238
Pop,Sigma,Anywhere,73,205
Pop,Ed Sheeran,Hearts Don't Break Around Here,73,248
Pop,J. Cole,Photograph,73,218
Pop,P!nk,Beautiful Trauma,73,250
Pop,Michael Jackson,The Way You Make Me Feel - 2012 Remaster,73,298
Pop,Twenty One Pilots,Lane Boy,73,253
Pop,DJ Snake,You Know You Like It,73,247
Hip-Hop,Dr. Dre,I Need A Doctor,73,283
Rap,Juice WRLD,HeMotions,73,187
Pop,TAEMIN,WANT,73,208
Pop,Mon Laferte,Tu Falta De Querer,73,278
Pop,Roxette,Listen to Your Heart,73,328
Pop,Charlie Puth,Marvin Gaye (feat. Meghan Trainor),73,190
Pop,One Direction,Perfect,73,230
Pop,Eric Carmen,Hungry Eyes,73,251
Pop,R3HAB,Freak - Joe Stone 2K18 Edit,73,177
Pop,Iyaz,Replay,73,182
Pop,Joey Bada$$,DEVASTATED,73,207
Pop,Shawn Mendes,Roses,73,232
Hip-Hop,Yung Pinch,Nightmares (feat. Lil Skies),73,200
Rap,A Boogie Wit da Hoodie,My Shit,73,128
Pop,Metro Boomin,Borrowed Love (feat. Swae Lee & WizKid),73,230
Pop,Huncho Jack,Saint,73,140
R&B,Rihanna,Needed Me,73,191
R&B,Ella Mai,Naked - Bonus Track,73,197
R&B,H.E.R.,Focus,73,200
Indie,IV Of Spades,Mundo,73,349
R&B,Jhene Aiko,Never Call Me (feat. YG) - Remix,73,232
Rap,Ghostemane,Mercury: Retrograde,73,124
Folk,Florence + The Machine,Moderation,73,188
Rock,Stone Temple Pilots,Interstate Love Song,73,193
Folk,Chicago,If You Leave Me Now - Remastered,73,235
Pop,Bruno Mars,Marry You,73,230
Rap,Polo G,Finer Things,73,182
Rock,Led Zeppelin,Black Dog - Remastered,73,295
Rap,Kanye West,Waves,73,181
Rock,Spandau Ballet,True,73,328
Rock,AC/DC,Dirty Deeds Done Dirt Cheap,73,231
Pop,Drake,Do Not Disturb,73,283
Pop,Matchbox Twenty,Push,73,238
Children’s Music,The Offspring,Pretty Fly (For A White Guy),73,188
Reggaeton,Calle 13,Atrévete-Te-Te,73,239
Soul,Sam Cooke,(What A) Wonderful World,73,125
Rock,Aerosmith,Crazy,73,316
Children’s Music,Kid Rock,All Summer Long,73,297
R&B,Kehlani,Footsteps (feat. Musiq Soulchild),73,273
Pop,PRETTYMUCH,Solita (feat. Rich The Kid),73,186
Soul,Alicia Keys,No One - Acoustic,73,259
Pop,Marshmello,Chasing Colors (feat. Noah Cyrus),73,195
Folk,The Monkees,I'm a Believer - 2006 Remaster,73,167
Rock,Supertramp,Give A Little Bit,73,248
Pop,Passenger,Let Her Go,73,252
Pop,Drake,Blue Tint,73,162
Pop,YBN Cordae,Locationships,73,182
Pop,Backstreet Boys,No Place,73,179
Hip-Hop,Eminem,Superman,73,350
Pop,Good Charlotte,The Anthem,73,175
Rock,Thomas Rhett,Life Changes,73,190
Pop,Shawn Mendes,Perfectly Wrong,73,212
Pop,BTS,Burning Up (Fire),73,203
Pop,The Script,Hall of Fame,73,202
Dance,Jennifer Lopez,On The Floor - Radio Edit,73,230
R&B,Joji,NO FUN,73,168
Pop,Metro Boomin,"No More (feat. Travis Scott, Kodak Black & 21 Savage)",73,265
Rap,Jennifer Lopez,Ain't Your Mama,73,218
Dance,Enrique Iglesias,EL BAÑO,73,228
R&B,Macy Gray,I Try,73,239
R&B,Rels B,Buenos Genes,73,245
R&B,Camila Cabello,Something's Gotta Give,73,236
Rock,REO Speedwagon,Can't Fight This Feeling,73,294
Pop,Vance Joy,Saturday Sun,73,214
Rap,A$AP Rocky,Fukk Sleep,73,192
Pop,Shawn Mendes,Stitches,73,206
Rap,Ja Rule,Always On Time,73,245
Pop,Cher,If I Could Turn Back Time,73,239
Pop,PnB Rock,"Horses (with PnB Rock, Kodak Black & A Boogie Wit da Hoodie)",73,249
Reggaeton,Nicky Jam,Si Tú La Ves (feat. Wisin),73,221
Reggaeton,Daddy Yankee,"Lo Que Pasó, Pasó",73,210
Pop,The Red Jumpsuit Apparatus,Face Down,73,192
Dance,Axwell /\ Ingrosso,Sun Is Shining,73,254
Pop,R.E.M.,Everybody Hurts,73,320
Hip-Hop,Gunna,Baby Birkin,73,181
Pop,James TW,Soldier,73,224
Hip-Hop,Lil Yachty,One Night,73,243
Rap,Slipknot,Psychosocial,73,283
Reggaeton,J Balvin,Peligrosa,73,202
Pop,Future,F&N,73,189
Pop,Akon,Smack That,73,212
Soul,Amy Winehouse,Tears Dry On Their Own,73,185
Pop,Cameron Dallas,Why Haven't I Met You?,73,180
Pop,BTS,Epiphany,73,240
Pop,Lady Gaga,Why Did You Do That?,73,184
Pop,HRVY,Personal,73,198
Hip-Hop,Mike Stud,These Days,73,268
Pop,Thalía,Lindo Pero Bruto,73,177
Pop,Twenty One Pilots,The Judge,73,297
Children’s Music,Los Fabulosos Cadillacs,Vasos Vacíos - Remasterizado 2008,73,279
Pop,Spin Doctors,Two Princes,73,256
Pop,5 Seconds of Summer,Lie To Me,73,150
Pop,Alicia Keys,Empire State of Mind (Part II) Broken Down,73,216
Hip-Hop,Ski Mask The Slump God,Save The Day (feat. Coi Leray & LouGotCash),72,178
Rock,Guns N' Roses,Paradise City,72,406
Pop,Duran Duran,Hungry Like The Wolf - 2009 Remastered Version,72,220
Rap,Roddy Ricch,How It Is (feat. The Plug),72,277
Rap,Lil Dicky,Molly (feat. Brendon Urie of Panic at the Disco),72,244
Country,Luke Bryan,What Makes You Country,72,235
Pop,Kanye West,Runaway,72,547
Pop,Alessia Cara,How Far I'll Go - Alessia Cara Version,72,175
Reggaeton,Becky G,LBD,72,203
Hip-Hop,Ñejo & Dalmata,Pasarela,72,227
Soul,Mark Morrison,Return Of The Mack,72,213
Rock,David Bowie,Life On Mars? - 2015 Remastered Version,72,235
Rock,grandson,Blood // Water,72,214
Rock,Bruce Springsteen,I'm on Fire,72,155
Indie,Ruth B.,Superficial Love,72,207
Pop,One Direction,Best Song Ever,72,200
R&B,Missy Elliott,Work It,72,263
Dance,Liam Payne,First Time,72,192
Pop,Uncle Kracker,Follow Me,72,218
Rap,Blueface,Thotiana (REMIX feat. YG),72,202
Pop,OutKast,Roses,72,369
Reggaeton,J Balvin,Si Tu Novio Te Deja Sola,72,243
Pop,LANCO,Born to Love You,72,230
Dance,Astrid S,Hurts So Good,72,208
Indie,Cage The Elephant,Trouble,72,225
Dance,Robbie Williams,Feel,72,263
Children’s Music,The Score,Legend,72,189
Soul,Stevie Wonder,Sir Duke,72,234
Pop,Ed Sheeran,Save Myself,72,247
Rock,Chris Young,Losing Sleep,72,178
Country,Old Dominion,Make It Sweet,72,186
Hip-Hop,Eminem,Space Bound,72,278
Rock,Bring Me The Horizon,MANTRA,72,233
Rap,KIDS SEE GHOSTS,Feel The Love,72,165
Rock,Bee Gees,"How Deep Is Your Love - From ""Saturday Night Fever"" Soundtrack",72,241
Pop,Steve Aoki,Just Hold On,72,198
Rap,Travis Scott,90210 (feat. Kacy Hill),72,339
Rap,Lil Wayne,Let It Fly (feat. Travis Scott),72,186
Rock,The Doors,Roadhouse Blues,72,243
Country,Sam Hunt,House Party,72,190
Rap,Lil Tjay,Goat,72,238
Dance,Oliver Heldens,This Groove,72,188
Rap,The Carters,APESHIT,72,264
Rock,The Smashing Pumpkins,Bullet With Butterfly Wings - Remastered 2012,72,258
Pop,Cuco,Lover Is a Day,72,456
Dance,The Clash,Rock the Casbah - Remastered,72,222
Country,Brett Young,Like I Loved You,72,207
Hip-Hop,Gadiel,Has Cambiado,72,163
Pop,Felix Jaehn,Feel Good,72,166
Pop,Calum Scott,You Are The Reason - Duet Version,72,190
Rap,Juice WRLD,End Of The Road,72,162
Hip-Hop,Don Omar,Salio El Sol,72,315
Dance,KREAM,Deep End (feat. JHart) - Eden Prince Remix,72,208
Pop,Taylor Swift,Don’t Blame Me,72,236
Dance,Simple Minds,Don't You (Forget About Me),72,263
Pop,R3HAB,Up All Night,72,161
Hip-Hop,Yandel,Explícale (feat. Bad Bunny),72,223
Dance,Fine Young Cannibals,She Drives Me Crazy,72,215
Rock,Audioslave,Show Me How to Live,72,277
Country,Chris Stapleton,Parachute,72,253
Rock,John Mayer,XO,72,213
Pop,Madonna,Like a Prayer,72,342
Dance,The Chainsmokers,All We Know,72,194
Rock,Creedence Clearwater Revival,Have You Ever Seen The Rain,72,160
Rap,Sik World,7 Years (Remix),72,134
Rock,Queen,Radio Ga Ga - Remastered,72,348
Pop,Felix Jaehn,Ain't Nobody (Loves Me Better) (feat. Jasmine Thompson),72,186
Rap,Kanye West,Monster,72,378
Rap,A Boogie Wit da Hoodie,Voices In My Head,72,142
Folk,John Mellencamp,Jack & Diane,72,254
Dance,Harry Styles,Two Ghosts,72,229
Dance,P!nk,"Just Like Fire (From the Original Motion Picture ""Alice Through The Looking Glass"")",72,215
Dance,Justin Timberlake,What Goes Around.../...Comes Around (Interlude),72,448
Rap,Fergie,Fergalicious,72,292
Rock,Jósean Log,Chachachá,72,215
Dance,Bag Raiders,Shooting Stars,72,235
Dance,Hardwell,How You Love Me (feat. Conor Maynard & Snoop Dogg),72,194
Rap,"Tyler, The Creator",Who Dat Boy,72,205
Pop,Kodak Black,No Flockin,72,165
Rap,A Boogie Wit da Hoodie,Odee,72,160
Rock,System Of A Down,Lonely Day,72,167
Rock,Dread Mar I,Tu Sin Mi,72,245
Rap,YBN Nahmir,Rubbin Off The Paint,72,157
Pop,Cashmere Cat,Quit (feat. Ariana Grande),72,258
Reggaeton,Karol G,Pineapple,72,178
Rap,Gunna,Top Off,72,197
Dance,ZAYN,Too Much (feat. Timbaland),72,187
Rock,Roy Orbison,"Oh, Pretty Woman",72,178
Alternative,Rammstein,DEUTSCHLAND,72,322
Rock,Stealers Wheel,Stuck In The Middle With You,72,203
Rap,Kanye West,Ultralight Beam,72,320
Dance,Ariana Grande,Greedy,72,214
Pop,Bruno Mars,Count on Me - EP Version,72,197
Dance,Baby Bash,Suga Suga,72,239
R&B,Whitney Houston,How Will I Know,72,275
Rap,Kanye West,Violent Crimes,72,215
Country,Kane Brown,Lost in the Middle of Nowhere (feat. Becky G),72,188
Rap,Drake,Legend,72,241
Rap,21 Savage,gun smoke,72,167
Rap,Gunna,Out The Hood,72,155
Reggaeton,Gigolo Y La Exce,Sexto Sentido (feat. Bad Bunny),72,227
Pop,Tyga,Dip,72,127
Pop,Tracy Chapman,Give Me One Reason,72,268
Pop,CNCO,Mamita,72,174
Rap,KIDS SEE GHOSTS,4th Dimension,72,153
Pop,MOMOLAND,BAAM,72,208
Hip-Hop,Jeremih,Down On Me,72,228
Dance,DJ Snake,Turn Down for What,72,213
Rap,21 Savage,out for the night - part 2,72,235
Pop,Justin Bieber,Purpose,72,210
Rap,Kehlani,RPG (feat. 6lack),72,236
Dance,Troye Sivan,Bloom,72,222
Pop,Selena Gomez & The Scene,Who Says,72,195
Rock,Zac Brown Band,Someone I Used To Know,72,209
Pop,Jack & Jack,Day Dreaming,72,211
Children’s Music,Disturbed,Stricken,72,245
Pop,Maroon 5,Payphone,72,231
Pop,Tal Bachman,She's so High,72,224
Hip-Hop,Ski Mask The Slump God,He Diddy!,72,74
Rock,Bring Me The Horizon,nihilist blues (feat. Grimes),72,325
Pop,Maite Perroni,Loca (feat. Cali Y El Dandee),72,234
Alternative,DaniLeigh,Easy - Remix,72,186
Rock,Duran Duran,Ordinary World,72,340
Rap,Slipknot,The Devil In I,72,342
Reggaeton,Chris Jeday,Ahora Dice - Real Hasta La Muerte Remix,72,275
Pop,Lizzo,Good as Hell,72,159
Pop,Train,Marry Me,72,205
Reggaeton,Alex Sensation,La Diabla,72,202
Pop,Train,Drive By,72,195
Hip-Hop,Daddy Yankee,Donde Estan Las Gatas (feat. Nicky Jam),72,170
Folk,Bob Seger,Old Time Rock & Roll,72,194
Pop,Banda Los Sebastianes,A Través Del Vaso,72,180
R&B,Little Mix,Think About Us,72,235
Soul,Rag'n'Bone Man,Skin,72,239
Rock,Imagine Dragons,Cool Out,72,217
Rock,Eric Clapton,Wonderful Tonight,72,225
Pop,Kodaline,All I Want,72,305
Pop,BLACKPINK,Forever Young,72,237
Dance,Mariah Carey,We Belong Together,72,201
Hip-Hop,Brennan Savage,Look at Me Now,72,150
Rock,Fall Out Boy,Uma Thurman,72,211
Folk,Cream,Sunshine Of Your Love,72,250
Rock,Imagine Dragons,Rise Up,72,231
Hip-Hop,Bhavi,No Lo Entiendo,72,176
Rock,The Doors,Break On Through (To The Other Side),72,145
Indie,The Smiths,There Is a Light That Never Goes Out - 2011 Remaster,72,244
Pop,Ed Sheeran,Sing,72,235
Hip-Hop,Lartiste,Mafiosa (feat. Caroliina),72,193
Pop,Shawn Mendes,Because I Had You,72,142
Soul,Otis Redding,(Sittin' On) The Dock of the Bay - Mono,72,163
Pop,Calvin Harris,Feels,72,223
Pop,My Chemical Romance,Helena (So Long & Goodnight),72,204
Pop,Marshmello,Summer,72,233
Pop,Lorde,Liability,72,171
Pop,Tiësto,Grapevine,72,150
Pop,EXO,Monster,72,221
Pop,Billie Eilish,COPYCAT - Sofi Tukker Remix,72,198
Pop,Michael Jackson,P.Y.T. (Pretty Young Thing),72,238
Hip-Hop,Lil Pump,ION (feat. Smokepurpp),72,141
Soundtrack,Hans Zimmer,Time,72,275
Pop,Ariana Grande,Best Mistake,72,233
Soundtrack,Max Richter,A Catalogue Of Afternoons,72,110
Pop,Michael Jackson,Remember the Time,72,239
Rock,Melendi,Destino o casualidad,72,258
Rock,Phil Collins,Against All Odds (Take a Look at Me Now) - 2016 Remaster,72,206
Pop,ARTY,Save Me Tonight,72,170
Pop,Maroon 5,Don't Wanna Know (feat. Kendrick Lamar),72,214
Movie,Idina Menzel,"Let It Go - From ""Frozen""/Soundtrack Version",72,223
Pop,Matoma,Old Thing Back (feat. Ja Rule and Ralph Tresvant),72,321
Rock,Madonna,Material Girl,72,240
Pop,Adriel Favela,La Escuela No Me Gustó,72,176
Rock,Eagles,Life in the Fast Lane - Eagles 2013 Remaster,72,286
Folk,John Lennon,Woman,72,212
Pop,Daniel Caesar,We Find Love,72,254
Pop,Sara Bareilles,Gravity,72,232
Pop,Jesse & Joy,Dueles,72,247
Pop,Juan Gabriel,Abrázame Muy Fuerte,72,239
Rock,Elvis Presley,Suspicious Minds,72,261
Dance,Bazzi,Star,72,169
Dance,Juanes,Es Por Tí,72,250
Children’s Music,Disturbed,Down with the Sickness,72,278
Folk,Matt Nathanson,Come On Get Higher,72,215
Dance,Charlie Puth,We Don't Talk Anymore (feat. Selena Gomez),72,217
Rap,Juice WRLD,Flaws And Sins,72,218
Pop,Natti Natasha,La Mejor Versión de Mi,72,134
Pop,Taylor Swift,Gorgeous,72,209
Soul,Adele,Hello,72,295
Rap,Juice WRLD,Feeling,72,201
Pop,Fonseca,Te Mando Flores,72,227
Children’s Music,Rise Against,Savior,72,242
Dance,Axwell /\ Ingrosso,Dancing Alone,72,253
Pop,Wheatus,Teenage Dirtbag,72,241
Rock,Twenty One Pilots,Pet Cheetah,72,198
Reggaeton,Justin Quiles,Me Frontió,72,211
Pop,Jason Mraz,I Won't Give Up,72,240
Ska,Soda Stereo,Cuando Pase El Temblor - Remasterizado 2007,72,229
Pop,Dimitri Vegas & Like Mike,Selfish,72,167
Rap,Snakehips,Don't Leave,72,214
Pop,Maroon 5,Wait,72,190
Pop,Marshmello,You Can Cry,72,194
Hip-Hop,Paulo Londra,Condenado Para El Millón,72,224
Rock,The Rolling Stones,Angie,72,272
Children’s Music,Los Enanitos Verdes,Luz De Dia,72,293
R&B,ROSALÍA,DI MI NOMBRE - Cap.8: Éxtasis,72,162
Reggaeton,Anuel Aa,Hipócrita,72,192
Dance,Sia,Chandelier,72,216
Indie,Callalily,Ex,72,279
Pop,LANY,ILYSB,72,211
Pop,Madonna,Like a Virgin,72,218
Indie,Two Feet,Love Is a Bitch,72,181
Rap,Juice WRLD,Big,72,224
Pop,Ruel,Not Thinkin' Bout You,72,188
Rap,Olly Murs,Moves (feat. Snoop Dogg),72,165
Rock,James Bay,Let It Go - James Bay Spotify Session 2015,72,285
Pop,Dean Lewis,Chemicals,72,221
Rock,The Black Keys,Lonely Boy,72,193
Children’s Music,Mazzy Star,Fade Into You,72,295
Children’s Music,Natalia Lafourcade,Hasta la Raíz,72,221
Pop,H.E.R.,Hard Place,72,271
Rap,Lil Pump,Boss,72,106
Pop,Kacey Musgraves,Golden Hour,72,198
Pop,Dzeko,Heaven (feat. Veronica),72,195
Pop,SHAUN,Way Back Home,72,214
Pop,Milky Chance,Stolen Dance,72,313
Folk,Daryl Hall & John Oates,Rich Girl - Remastered,72,144
Rock,León Larregui,Locos,72,177
Indie,Angus & Julia Stone,Stay With Me - Live From Spotify Berlin,72,174
Alternative,Blur,Song 2 - 2012 Remaster,72,121
Pop,Galantis,Spaceship (feat. Uffie) - MOTi Remix,72,189
Rock,Tina Turner,The Best - Edit,72,250
Pop,Marshmello,Check This Out,72,219
Rock,Elton John,Sacrifice,72,304
R&B,Greeicy,Jacuzzi,72,184
Pop,Christina Aguilera,Beautiful,72,238
Pop,CNCO,Reggaetón Lento (Remix),72,188
Pop,Lorde,Team,72,193
Pop,Dylan Schneider,How Does It Sound,72,162
R&B,Charli XCX,Boys,72,162
R&B,Tory Lanez,Shooters,72,208
Rap,Ronny J,Costa Rica (feat. Ski Mask The Slump God),72,120
Pop,Hailee Steinfeld,Rock Bottom,72,198
Pop,Leona Lewis,Better in Time,72,234
Pop,Gerard Way,Hazy Shade of Winter (feat. Ray Toro),72,197
Rap,Justin Timberlake,My Love (feat. T.I.),72,276
Soul,Gnarls Barkley,Crazy,72,182
Pop,Nico & Vinz,Am I Wrong,72,247
Rap,mansionz,STFU,72,230
Indie,Kiiara,Gold,72,225
Children’s Music,Linkin Park,Heavy (feat. Kiiara),72,169
Rock,Yellowcard,Ocean Avenue,72,198
Pop,Seeb,Drink About,72,182
Hip-Hop,Lil Peep,U Said,72,224
Children’s Music,Mon Laferte,Amárrame,72,207
Pop,The 1975,I Always Wanna Die (Sometimes),72,314
Pop,Frank Ocean,Novacane,72,302
Folk,Chicago,You're the Inspiration - 2006 Remaster,72,229
Pop,Lana Del Rey,Mariners Apartment Complex,72,246
Dance,ZAYN,fOoL fOr YoU,72,202
R&B,Meghan Trainor,Me Too,72,181
Pop,Lil Baby,Off White VLONE (Lil Baby & Gunna feat. Lil Durk & NAV),72,187
Pop,Olivia O'Brien,Tequilawine,72,206
Dance,Don Diablo,"Survive (feat. Emeli Sandé, Gucci Mane)",72,189
Rap,Drake,Energy,72,181
Indie,Modest Mouse,Float On,72,208
Reggaeton,Bad Bunny,Chambea,72,192
Dance,Iggy Pop,The Passenger,72,283
Hip-Hop,J. Cole,Apparently,72,293
Folk,Van Morrison,Into The Mystic,72,205
Pop,The Chainsmokers,Everybody Hates Me,72,223
Pop,Denzel Curry,CLOUT COBAIN | CLOUT CO13A1N,72,231
Rap,KILLY,No Sad No Bad,72,131
Rap,Will Smith,Gettin' Jiggy Wit It,72,227
Hip-Hop,Cartel De Santa,Leve,72,225
Children’s Music,MGMT,Time to Pretend,72,261
Indie,Foals,My Number,72,240
Rap,Jaden Smith,GHOST,72,129
Dance,Huey Lewis & The News,The Power Of Love,72,234
Alternative,Rammstein,PUPPE,72,273
Hip-Hop,Eminem,Cleanin' Out My Closet,72,297
Children’s Music,Stone Sour,Through Glass,72,282
Pop,BTS,Not Today,72,231
Indie,SYML,Where's My Love,72,202
Pop,Rae Sremmurd,This Could Be Us,72,206
R&B,Kid Ink,YUSO (feat. Lil Wayne & Saweetie),72,173
R&B,Niykee Heaton,Bad Intentions,72,245
Indie,Supergrass,Alright,72,180
Pop,Offset,After Dark,72,172
Pop,TOMORROW X TOGETHER,Our Summer,72,210
R&B,The Weeknd,Acquainted,72,348
Dance,Ariana Grande,Moonlight,72,202
Hip-Hop,Roy Jones Jr.,Can't Be Touched (feat. Mr. Magic & Trouble),72,214
Hip-Hop,Young Dolph,Major (feat. Key Glock),72,195
Jazz,Leslie Odom Jr.,Alexander Hamilton,72,236
Pop,Ricky Martin,Livin' la Vida Loca,72,243
Pop,Nina Nesbitt,Is It Really Me You're Missing,72,232
R&B,Boyz II Men,End Of The Road,72,351
Soul,Solange,Dreams,72,148
Pop,6LACK,East Atlanta Love Letter (feat. Future),72,246
Pop,Juan Magán,Déjate Llevar,72,233
Pop,Kodak Black,"If I'm Lyin, I'm Flyin",72,130
Pop,Lil Uzi Vert,Do What I Want,72,175
Dance,Bebe Rexha,Knees,72,206
Hip-Hop,Huncho Jack,Dubai Shit,72,228
R&B,Beyoncé,Single Ladies (Put a Ring on It),72,193
Reggaeton,Sech,Qué Más Pues,72,203
Pop,Nick Jonas,Close,72,234
Rap,Mike WiLL Made-It,Aries (YuGo) Part 2 (with Rae Sremmurd & Big Sean feat. Quavo & Pharrell),72,273
Pop,Florida Georgia Line,May We All,72,226
Hip-Hop,Takeoff,Last Memory,72,171
R&B,JP Cooper,September Song - Guitar Acoustic,72,212
Rock,Amber Run,I Found,72,273
Pop,They Might Be Giants,Istanbul,72,153
Dance,R3HAB,Lullaby,72,160
Dance,Jonas Blue,Fast Car,72,212
Dance,Calvin Harris,Sweet Nothing (feat. Florence Welch),72,212
Rap,Lil Peep,16 Lines,72,244
Pop,Conor Maynard,Don't Let Me Down,72,164
Hip-Hop,Big Boy,Mis Ojos Lloran Por Ti,72,295
Dance,Dead Or Alive,You Spin Me Round (Like a Record),72,199
Indie,Ray LaMontagne,Such A Simple Thing,72,296
Pop,Nacho,Casualidad,72,184
R&B,Mariah Carey,Always Be My Baby,72,258
Rock,The Doors,Light My Fire,72,429
Rock,Chris Young,Hangin' On,72,185
Hip-Hop,Comethazine,NONSENSE,72,73
Pop,SHY Martin,Forget to Forget,72,155
Rock,The Cardigans,Lovefool,72,193
Indie,Justine Skye,Know Myself,72,167
Pop,Panic! At The Disco,King Of The Clouds,72,160
Pop,iKON,I’M OK,72,216
Pop,NAV,Call Me,72,215
Pop,The Wallflowers,One Headlight,72,312
Hip-Hop,Lil Xan,Lies (feat. Lil Skies),72,206
Rock,Bob Dylan,Like a Rolling Stone,72,369
Dance,Gryffin,Bye Bye (feat. Ivy Adara),72,210
Pop,Joji,WANTED U,72,251
Pop,Harry Styles,Kiwi,72,176
Dance,MARINA,Handmade Heaven,72,209
Rock,Brett Eldredge,Love Someone,72,211
Hip-Hop,Beastie Boys,Sabotage,72,178
Pop,Camila Cabello,OMG,72,228
Rap,OneRepublic,Apologize,72,208
Children’s Music,Gorillaz,DARE,72,245
Pop,Quality Control,Movin’ Up,72,167
R&B,Jorja Smith,On My Mind (Jorja Smith X Preditah),72,181
World,Elevation Worship,O Come to the Altar (Live),72,349
Rap,Quinn XCII,Straightjacket,72,206
Rap,XXXTENTACION,Looking for a Star,72,137
Children’s Music,Radiohead,Fake Plastic Trees,72,290
Pop,Desiigner,Panda,72,247
Rap,BROCKHAMPTON,1999 WILDFIRE,72,251
Rap,Mac Miller,Wings,72,250
Rock,The Beatles,In My Life - Remastered 2009,72,146
Rap,Trippie Redd,Toxic Waste,72,173
Hip-Hop,Eminem,Beautiful,72,392
Rap,Kodak Black,Identity Theft,72,127
Rap,21 Savage,out for the night,72,137
Pop,SEVENTEEN,Home,72,203
Rap,SZA,Garden (Say It Like Dat),72,208
Hip-Hop,Omar LinX,Keep It Mello (feat. Omar LinX),72,243
Dance,Macklemore & Ryan Lewis,Thrift Shop (feat. Wanz),72,235
Rap,ScHoolboy Q,Man Of The Year,72,216
Rap,Jaden Smith,SOHO,72,208
Reggae,Shaggy,It Wasn't Me,72,227
Rap,Lil Mosey,Boof Pack,72,135
Pop,Future,Jet Lag (feat. Young Scooter),72,271
Pop,TOMORROW X TOGETHER,Cat & Dog,72,187
Rap,Drake,Gyalchester,72,189
Children’s Music,Skillet,Feel Invincible,72,229
Rap,21 Savage,break da law,72,177
Country,Maren Morris,The Bones,72,197
Pop,Ed Sheeran,Shape of You - Acoustic,72,223
Dance,Justin Bieber,As Long As You Love Me,72,229
Rap,XXXTENTACION,STARING AT THE SKY,72,85
Rap,Drake,Finesse,72,182
R&B,Madison Beer,Teenager in Love,72,214
Dance,Rihanna,Hate That I Love You,72,218
Reggaeton,Bad Bunny,Dime Si Te Acuerdas,72,187
Pop,(G)I-DLE,HANN (Alone),72,205
Dance,David Archuleta,Crush,72,213
Rap,Lil Wayne,Lollipop,72,299
Pop,gnash,imagine if,72,197
Rock,Bruce Springsteen,Born to Run,72,269
Dance,James Arthur,At My Weakest,72,217
Dance,5 Seconds of Summer,Killer Queen,72,199
Pop,Wiz Khalifa,Alright (feat. Trippie Redd & Preme),72,177
Rap,Roddy Ricch,Down Below,72,224
Pop,Gunna,Cash War,72,195
Rap,Migos,Fight Night,72,216
Rap,Drake,Successful (feat. Trey Songz & Lil Wayne),72,375
Rap,Travis Scott,COFFEE BEAN,72,209
Hip-Hop,Cartel De Santa,Pollo y Conejo,72,214
Rock,Mr. Big,To Be With You - 2010 Remastered Version,72,210
Rap,Future,Realer N Realer,72,170
Rap,XXXTENTACION,Train food,72,164
Rap,Travis Scott,through the late night,72,286
Rock,Weezer,Buddy Holly,72,159
Country,Noah Schnacky,Maybe We Will,72,189
Country,Chris Stapleton,Broken Halos,72,180
Rap,$uicideBoy$,Carrollton,72,203
Rap,6ix9ine,KOODA,72,142
Rap,Major Lazer,Cold Water,72,185
Rock,Panic! At The Disco,Dying In LA,72,229
Pop,Luis Enrique,Yo No Se Manana,72,259
Dance,Flo Rida,Whistle,72,224
Children’s Music,Skillet,Hero,72,186
Pop,Playboi Carti,FlatBed Freestyle,72,193
Rock,Cartel De Santa,Si Te Vienen a Contar,72,219
Rock,The Doobie Brothers,Long Train Runnin',72,207
World,Aphex Twin,Avril 14th,72,125
Rap,NF,How Could You Leave Us,72,322
Pop,Devin Dawson,All on Me,72,224
Rock,Los Enanitos Verdes,La Muralla Verde,72,161
Hip-Hop,Kid Ink,Show Me (feat. Chris Brown),72,217
Rap,Ying Yang Twins,Get Low,72,334
Rock,Bring Me The Horizon,mother tongue,72,217
Rock,The Shins,New Slang,72,231
Dance,Prince Royce,Deja vu,72,196
Rap,Lil Peep,Broken Smile (My All),72,280
Pop,Tom Petty and the Heartbreakers,American Girl,72,214
Children’s Music,Foo Fighters,Everlong - Acoustic Version,72,250
Indie,Young the Giant,Superposition,72,230
Dance,Niall Horan,Seeing Blind,72,185
Hip-Hop,Eminem,No Love,72,299
R&B,Big Sean,Jump Out The Window,72,213
Pop,50 Cent,21 Questions,72,224
Rock,Panic! At The Disco,Victorious,72,178
Dance,Talking Heads,Psycho Killer - 2005 Remastered Version,72,261
R&B,The Weeknd,Secrets,72,265
Hip-Hop,Drake,Back To Back,72,170
Hip-Hop,Drake,Jungle,72,320
Rock,Cream,White Room,72,303
Rock,The Beatles,Help! - Remastered 2009,72,139
Dance,Halsey,Colors,72,249
Pop,Drake,"Hold On, We're Going Home",72,227
R&B,Roy Woods,Drama (feat. Drake),72,251
Pop,Mike Posner,Cooler Than Me - Single Mix,72,213
Pop,Manuel Turizo,Una Vez Más,72,252
Rap,Lil Peep,The Brightside,72,216
Rock,Twenty One Pilots,The Hype,72,265
Dance,DJ Snake,A Different Way (with Lauv),72,198
Pop,Ron Pope,A Drop In The Ocean,72,220
Hip-Hop,21 Savage,a&t,72,211
Hip-Hop,21 Savage,4L,72,288
Rap,Meek Mill,All Eyes on You (feat. Chris Brown & Nicki Minaj),72,223
Hip-Hop,Russ,Ride Slow,72,185
Rock,The Kinks,You Really Got Me - Mono Mix,72,134
Pop,Justin Bieber,Company,72,208
Hip-Hop,Eminem,Cinderella Man,72,279
R&B,Lauren Jauregui,Expectations,72,204
Indie,Radiohead,No Surprises,72,229
Pop,Rex Orange County,Television / So Far So Good,72,262
Indie,Band of Horses,The Funeral,72,321
R&B,Destiny's Child,"Jumpin', Jumpin'",72,230
Hip-Hop,Lil Peep,Cry Alone,72,167
Folk,Ben Howard,Old Pine,72,328
Pop,Kygo,Born To Be Yours,71,193
R&B,Alessia Cara,Out Of Love,71,227
Rap,Nick Jonas,Jealous - Remix,71,222
Rap,Yung Bans,Ridin (feat. Landon Cube & YBN Nahmir),71,225
R&B,Daniel Caesar,Hold Me Down,71,231
Pop,Paramore,Misery Business,71,211
Pop,Cardi B,Get Up 10,71,231
Pop,Little Mix,Strip (feat. Sharaya J),71,199
Pop,Panic! At The Disco,High Hopes - Don Diablo Remix,71,185
Hip-Hop,NAV,Know Me,71,155
Children’s Music,Hinder,Lips Of An Angel,71,261
R&B,Grace,You Don't Own Me,71,201
World,for KING & COUNTRY,God Only Knows,71,229
Hip-Hop,N.W.A.,Straight Outta Compton,71,258
Rap,Joey Trap,Sesame Street (Extended Version),71,108
Hip-Hop,Rich Brian,Dat $tick,71,126
Indie,James Blake,Barefoot In The Park (feat. ROSALÍA),71,211
Rock,Santana,Smooth (feat. Rob Thomas),71,294
Rock,Joan Jett & The Blackhearts,I Love Rock 'N Roll,71,175
Rock,Scorpions,Still Loving You,71,403
R&B,Fifth Harmony,That's My Girl,71,204
Dance,Chaka Khan,Ain't Nobody,71,280
Rap,Night Lovell,Dark Light,71,206
Rock,Twenty One Pilots,Migraine,71,239
Pop,Huncho Jack,Motorcycle Patches,71,191
Rock,The Fray,Over My Head (Cable Car),71,236
Reggaeton,Yandel,Como Antes (feat. Wisin),71,210
Hip-Hop,Drake,After Dark (feat. Static Major & Ty Dolla $ign),71,289
Dance,Deorro,Bring It Back,71,165
Pop,Sebastian Yatra,SUTRA,71,203
Rock,Natalie Cole,This Will Be (An Everlasting Love),71,171
Folk,Sleeping At Last,Already Gone,71,240
Pop,The Weeknd,I Was Never There,71,241
Rock,Imagine Dragons,Blank Space/Stand By Me - Live From Spotify London,71,303
Indie,Missy & Blonde,Something Just Like This - Acoustic,71,189
Pop,The Weeknd,In The Night,71,235
Dance,Nelly Furtado,I'm Like A Bird,71,243
Pop,Ice Cube,Check Yo Self - Remix,71,273
Hip-Hop,Yella Beezy,That's On Me,71,219
Pop,Camila Cabello,I Have Questions,71,221
Pop,Jeremih,The Light,71,179
Reggaeton,Sky,Bajo Cero,71,287
Reggaeton,Natti Natasha,Me Gusta,71,197
Children’s Music,Hombres G,Te Quiero,71,225
Rap,Alle Farben,H.O.L.Y.,71,175
Pop,Camila,Mientes,71,205
R&B,Summer Walker,Session 32,71,98
Pop,Lenin Ramírez,El de la Gorra 27,71,200
Pop,Cardi B,She Bad,71,230
Rap,Will Smith,Miami,71,197
Reggaeton,Ozuna,Unica - Remix,71,216
R&B,Daniel Caesar,Streetcar,71,246
R&B,Solange,Down With the Clique,71,222
Rock,Twenty One Pilots,Holding On To You,71,263
R&B,Solange,Way to the Show,71,175
R&B,Joji,R.I.P. (feat. Trippie Redd),71,158
Hip-Hop,Young Thug,Anybody (feat. Nicki Minaj),71,254
Pop,EXO,Ko Ko Bop,71,190
Children’s Music,The 1975,Give Yourself A Try,71,196
Rap,Chris Brown,Questions,71,129
Folk,The Band,The Weight - Remastered,71,274
Alternative,Red Hot Chili Peppers,By the Way,71,216
Rock,Caifanes,La Célula Que Explota,71,215
Pop,Hozier,Cherry Wine - Live,71,240
Rock,U2,Sunday Bloody Sunday - Remastered 2008,71,279
Hip-Hop,Wisin,Vacaciones,71,238
Pop,Panic! At The Disco,Dancing's Not A Crime,71,219
Hip-Hop,Joyner Lucas,Just Let Go,71,266
Rock,Breaking Benjamin,I Will Not Bow,71,216
Hip-Hop,Lloyd,You,71,273
Pop,R3HAB,This Is How We Party (with Icona Pop),71,147
Hip-Hop,Kodak Black,Testimony,71,240
Pop,Future,Never Stop,71,291
Reggaeton,Reykon,Macarena,71,194
Pop,The Weeknd,True Colors,71,206
Pop,Shawn Mendes,In My Blood - Acoustic,71,212
Soul,Ginuwine,Differences,71,265
Pop,Liam Payne,For You (Fifty Shades Freed) (& Rita Ora),71,245
Hip-Hop,Eminem,Kill You,71,264
Rock,The Killers,Human,71,245
Pop,The Ronettes,Be My Baby,71,160
Rock,Panic! At The Disco,The Ballad Of Mona Lisa,71,226
Pop,Camila,Todo Cambió,71,193
Rock,Jimi Hendrix,Purple Haze,71,170
Pop,Joyner Lucas,I Don't Die,71,224
Hip-Hop,Nicky Jam,Live It Up - Official Song 2018 FIFA World Cup Russia,71,207
Rock,Aerosmith,Walk This Way,71,220
Country,Jason Aldean,Dirt Road Anthem,71,229
Rock,Korn,Falling Away from Me,71,270
Pop,J Balvin,6 AM,71,243
Country,Kenny Chesney,Get Along,71,199
Rock,Twenty One Pilots,We Don't Believe What's on TV,71,177
Dance,Noah Cyrus,Live or Die,71,194
Dance,Ariana Grande,The Way,71,227
Country,Cole Swindell,Break up in the End,71,199
Children’s Music,Theory of a Deadman,Rx (Medicate),71,233
Pop,Katy Perry,The One That Got Away,71,227
Pop,Panic! At The Disco,Girls / Girls / Boys,71,206
Reggaeton,Justin Quiles,Si Tú,71,228
Pop,Mac Miller,So It Goes,71,312
Dance,Jonas Blue,I See Love - From Hotel Transylvania 3,71,173
Soul,Simply Red,If You Don't Know Me By Now - 2008 Remastered Version,71,204
Pop,Howie Day,Collide - Acoustic Version,71,277
Pop,Banda Tierra Sagrada,La Buena y la Mala,71,204
Dance,Juanes,La Camisa Negra,71,216
Alternative,Disturbed,The Sound of Silence,71,248
Dance,Don Diablo,King Of My Castle - Don Diablo Edit,71,173
Reggaeton,Eladio Carrion,Mi Error,71,215
Rock,Owl City,Good Time,71,205
Rock,Josh Turner,Your Man,71,211
Reggaeton,Farruko,Coolant,71,211
Pop,Russ,Nobody Knows,71,215
R&B,Mariah Carey,Hero,71,257
Rock,Led Zeppelin,Ramble On - 1990 Remaster,71,263
Rock,Brett Eldredge,The Long Way,71,208
Children’s Music,Caifanes,Afuera,71,288
Rock,Jaguares,Te Lo Pido por Favor,71,206
Pop,Kanye West,Champions,71,334
Reggaeton,Alex Rose,No Quiere Amores,71,275
Indie,Clara Luciani,La grenade,71,194
Pop,Peter Bradley Adams,Interlude for Piano,71,115
Hip-Hop,Ronny J,Banded Up (feat. XXXTENTACION),71,239
Pop,Cardi B,Best Life (feat. Chance The Rapper),71,284
Pop,PARTYNEXTDOOR,Break From Toronto,71,99
Pop,Sigala,We Don't Care,71,207
Pop,David Guetta,Don't Leave Me Alone (feat. Anne-Marie) - R3hab Remix,71,182
World,Manu Chao,Me Gustas Tu,71,239
Hip-Hop,Future,F*ck Up Some Commas,71,237
Rap,P.O.D.,Youth of the Nation,71,256
Reggaeton,Wisin & Yandel,Pam Pam,71,227
Pop,El Fantasma,Vengo a Aclarar (En Vivo),71,156
Pop,Rhys,Too Good To Be True,71,201
Pop,Bruno Mars,Perm,71,210
Rock,Neil Young,Heart of Gold - 2009 Remaster,71,187
Rap,Korn,Coming Undone,71,199
Rap,6ix9ine,FEEFA (feat. Gunna),71,163
Rock,Lionel Richie,"Say You, Say Me",71,241
Pop,Jesse McCartney,Beautiful Soul,71,214
Rock,Panic! At The Disco,Miss Jackson (feat. LOLO),71,192
Pop,Red Velvet,Power Up,71,202
Rap,A Boogie Wit da Hoodie,Beast Mode (feat. PnB Rock & YoungBoy Never Broke Again),71,258
Rap,A Boogie Wit da Hoodie,Uptown / Bustdown (feat. PnB Rock and Lil Durk),71,177
Dance,Why Don't We,Talk,71,190
Pop,Justin Bieber,Beauty And A Beat,71,227
Rock,The Score,Unstoppable,71,192
Reggae,Bob Marley & The Wailers,Redemption Song,71,233
Rock,Imagine Dragons,Bullet In A Gun,71,204
Pop,BTS,Singularity,71,196
Pop,Isaiah,It's Gotta Be You,71,193
Hip-Hop,Arcangel,Original,71,246
Rock,Supertramp,The Logical Song - Remastered 2010,71,251
Rock,Bring Me The Horizon,why you gotta kick me when i'm down?,71,268
Pop,Ed Sheeran,Perfect Symphony (Ed Sheeran & Andrea Bocelli),71,265
Dance,Jess Glynne,123,71,190
Rap,Blueface,Dead Locs,71,133
Hip-Hop,Aventura,Dile al Amor,71,229
Rock,KONGOS,Come with Me Now,71,211
Electronic,The Prodigy,Breathe,71,334
Pop,BTS,The Truth Untold,71,242
Rock,The Offspring,Self Esteem,71,257
Rock,Billy Joel,We Didn't Start the Fire,71,287
Rap,Juice WRLD,Make It Back,71,102
Pop,Kygo,Happy Now - R3HAB Remix,71,189
Rap,Trippie Redd,It Takes Time,71,282
Rap,Lil Tjay,Long Time,71,202
Reggaeton,Lasso,Un Millón Como Tú,71,275
Pop,The Weeknd,Privilege,71,170
Pop,AFI,Miss Murder,71,206
Pop,Marshmello,BIBA,71,175
Rap,Kina,U're Mine,71,138
Rock,Greta Van Fleet,Black Smoke Rising,71,259
Rap,Josh A,Suicidal Thoughts,71,181
Pop,Coldplay,Trouble,71,273
Alternative,Rammstein,RADIO,71,277
Electronic,Daft Punk,Lose Yourself to Dance,71,353
Pop,Maroon 5,Sunday Morning,71,244
Pop,Lost Frequencies,Like I Love You,71,190
Electronic,Daft Punk,Get Lucky,71,369
Dance,Justin Bieber,Mistletoe,71,182
Dance,Robbie Williams,Angels,71,265
Pop,ILLENIUM,Crashing (feat. Bahari),71,230
Hip-Hop,Comethazine,Bands,71,98
Pop,Kygo,It Ain’t Me (with Selena Gomez),71,220
Country,Johnny Cash,I Walk the Line,71,176
Pop,The Weeknd,The Morning,71,312
Rock,Poison,Every Rose Has Its Thorn - Remastered 2003,71,260
Pop,Hozier,Shrike,71,300
Rock,Pantera,Cowboys From Hell,71,243
Soul,The Jacksons,Blame It on the Boogie,71,214
Pop,Bruno Mars,Finesse,71,191
Reggaeton,Ozuna,Noches de Aventura,71,236
Rap,Lil Mosey,Greet Her,71,174
Rap,Trippie Redd,Romeo & Juliet,71,208
Rap,Juice WRLD,Long Gone,71,187
Pop,SEVENTEEN,Good to Me,71,189
Pop,Lizzo,Truth Hurts,71,173
Rock,Norman Greenbaum,Spirit in the Sky,71,239
Pop,Travis Scott,wonderful,71,216
Rap,Vigiland,Friday Night‬‬‬,71,173
Pop,Lil Uzi Vert,Ps & Qs,71,221
Pop,B.o.B,Nothin' on You (feat. Bruno Mars),71,268
Pop,Sebastian Yatra,Traicionera,71,228
Pop,Drake,Summer Games,71,247
Pop,Shawn Mendes,Why,71,238
Pop,TWICE,LIKEY,71,207
Pop,Frank Ocean,Provider,71,243
Pop,Sam Hunt,Make You Miss Me,71,225
Reggaeton,J Balvin,Sigo Extrañándote,71,201
Reggaeton,Anuel Aa,Quiere Beber,71,187
Pop,A$AP Mob,Yamborghini High,71,302
Indie,Halsey,Alone (Calvin Harris Remix) (Feat. Stefflon Don),71,199
Rock,Imagine Dragons,Birds,71,219
Folk,Bon Iver,Holocene,71,336
Rock,Nena,99 Luftballons,71,233
Pop,The Weeknd,Sidewalks,71,231
Rock,The All-American Rejects,Gives You Hell,71,213
Movie,Jason Weaver,"I Just Can't Wait to Be King - From ""The Lion King""/Soundtrack Version",71,170
R&B,Rels B,Euromillón,71,194
Pop,2Pac,Hit 'Em Up - Single Version,71,312
Pop,Marc Anthony,Tu Amor Me Hace Bien - Salsa Version,71,300
Hip-Hop,MadeinTYO,Skateboard P (feat. Big Sean),71,242
Pop,Christina Perri,human,71,250
Pop,Meghan Trainor,Dear Future Husband,71,184
Rap,Juice WRLD,Who Shot Cupid?,71,214
Rap,Juice WRLD,Ring Ring (feat. Clever),71,171
Rap,Juice WRLD,Demonz (feat. Brent Faiyaz) - Interlude,71,95
Hip-Hop,Lil Wayne,6 Foot 7 Foot,71,248
Pop,Aldo Trujillo,"Todos Hablan, Nada Saben",71,163
Hip-Hop,Chance the Rapper,My Own Thing,71,181
Pop,Saweetie,ICY GRL,71,109
Folk,REO Speedwagon,Keep on Loving You - Remastered,71,200
Reggaeton,Karol G,A Ella,71,198
Reggaeton,Ozuna,Balenciaga,71,223
Pop,Youngbloodz,Snap Yo Fingers,71,274
Pop,bülow,Two Punks In Love,71,195
Pop,The Beach Boys,Surfin' U.S.A. - Remastered,71,149
Rock,Led Zeppelin,Good Times Bad Times - 1993 Remaster,71,166
Rock,Green Day,Holiday / Boulevard of Broken Dreams,71,493
Rock,Journey,Any Way You Want It,71,201
Pop,Dua Lipa,"I'm Not the Only One (Sam Smith Cover) - Live from Spotify, London",71,195
Dance,Wham!,Last Christmas - Remastered,71,267
Rock,Dropkick Murphys,I'm Shipping Up To Boston,71,153
Reggaeton,Farruko,Chillax (feat. Ky-Mani Marley),71,197
Pop,EDEN,XO,71,159
Rap,Disturbed,Indestructible,71,278
Pop,Mary J. Blige,Family Affair,71,265
Pop,El Fantasma,Mi 45,71,151
Pop,Anna Clendening,Boys Like You - Acoustic,71,238
Hip-Hop,Young Money,BedRock,71,288
Reggaeton,J Balvin,Ginza,71,171
Pop,6LACK,Nonchalant,71,183
Pop,Mark Ronson,Nothing Breaks Like a Heart - Don Diablo Remix,71,216
Rock,AC/DC,Hells Bells,71,312
Pop,San Holo,Light,71,239
Rock,David Bowie,Let's Dance - 1999 Remastered Version,71,457
Pop,Paramore,The Only Exception,71,267
Soul,Elderbrook,Old Friend,71,199
Pop,Alessia Cara,Trust My Lonely,71,199
Pop,Edwin McCain,I'll Be,71,266
Pop,Kanye West,Mercy,71,332
Rock,Neil Young,Harvest Moon,71,303
Pop,Nas,If I Ruled the World (Imagine That),71,282
Pop,Lorde,Homemade Dynamite - REMIX,71,214
Country,Keith Urban,Blue Ain't Your Color,71,230
Pop,Jonas Blue,Rise - Acoustic,71,232
Hip-Hop,Wisin & Yandel,La Luz,71,225
Hip-Hop,Eminem,Nice Guy (with Jessie Reyez),71,150
Rap,Kodak Black,Take One,71,165
Hip-Hop,Lit Killah,Si Te Vas,71,240
Rock,Twenty One Pilots,Fairly Local,71,207
Rap,Kodak Black,Too Many Years,71,196
Dance,Jason Derulo,"Colors - Coca-Cola® Anthem, 2018 FIFA World CupTM",71,187
Pop,Kendrick Lamar,Swimming Pools (Drank),71,247
Indie,Quinn XCII,Tough (feat. Noah Kahan),71,178
Hip-Hop,Flo Rida,Good Feeling,71,248
Pop,Sam Feldt,Gold,71,181
Pop,Reik,Creo en Ti,71,163
Soul,James Brown & The Famous Flames,I Got You (I Feel Good),71,165
Pop,Andy Grammer,"Don't Give Up On Me - (From ""Five Feet Apart"")",71,196
Indie,boy pablo,Everytime,71,172
Rap,J. Cole,Crooked Smile,71,278
Folk,Simon & Garfunkel,The Boxer,71,308
Pop,Kenny Loggins,Danger Zone,71,215
Hip-Hop,Paris,GONE (feat. Trippie Redd),71,190
Indie,Young the Giant,Cough Syrup,71,249
Country,Rascal Flatts,What Hurts The Most,71,214
Pop,*NSYNC,This I Promise You,71,284
Children’s Music,Still Woozy,Habit,71,153
Pop,Ed Sheeran,I'm A Mess,71,244
Hip-Hop,88GLAM,Lil Boat,71,180
Dance,Hayley Kiyoko,What I Need (feat. Kehlani),71,219
Pop,Lil Dicky,$ave Dat Money (feat. Fetty Wap & Rich Homie Quan),71,290
Rock,Wallows,Are You Bored Yet? (feat. Clairo),71,178
Pop,PLVTINUM,Champagne & Sunshine (Ellusive Remix),71,184
Rap,Gunna,Big Shot,71,177
Indie,Quinn XCII,U & Us,71,226
Rap,A Boogie Wit da Hoodie,Bosses and Workers (feat. Don Q and Trap Manny),71,207
Pop,Peter Cetera,Glory Of Love,71,258
Rap,Chance the Rapper,All Night (feat. Knox Fortune),71,141
Rap,Playboi Carti,Love Hurts (feat. Travis Scott),71,180
Hip-Hop,Eminem,When I'm Gone,71,281
Folk,Charlie Cunningham,Minimum,71,194
Pop,Ed Sheeran,Eraser,71,227
Pop,Tiësto,BOOM,71,179
Pop,Alfredo Olivas,El Paciente,71,211
Pop,Drake,That’s How You Feel,71,157
Children’s Music,Jhene Aiko,While We're Young,71,236
Folk,The Who,My Generation - Stereo Version,71,198
Alternative,Oliver Tree,Miracle Man,71,124
Rock,Semisonic,Closing Time,71,274
Pop,Ed Sheeran,Bloodstream,71,300
Pop,Shawn Mendes,Mutual,71,148
R&B,Tove Lo,Cool Girl,71,199
Hip-Hop,B.o.B,HeadBand (feat. 2 Chainz),71,220
Rock,Steely Dan,Do It Again,71,356
Hip-Hop,Russ,The Flute Song,71,147
Hip-Hop,Joey Trap,I Got Top in Bikini Bottom (feat. Kg Smokey),71,88
Soul,Jorja Smith,The One - Radio Edit,71,165
Pop,Kehlani,Too Deep,71,167
Pop,The Offspring,Why Don't You Get A Job,71,172
Rock,Bring Me The Horizon,heavy metal (feat. Rahzel),71,240
Pop,Alfredo Olivas,El Día De Los Muertos,71,203
Rock,The Killers,Somebody Told Me,71,197
Pop,Future,Mask Off - Remix,71,257
Pop,Zak Abel,You Come First (feat. Saweetie),71,191
Rock,Lee Brice,I Don't Dance,71,221
Hip-Hop,Snoop Dogg,Who Am I (What's My Name)?,71,246
Rock,Elton John,Bennie And The Jets - Remastered 2014,71,322
Pop,Chris Brown,Look At Me Now,71,223
Rap,Ski Mask The Slump God,Cat Piss (feat. Lil Yachty),71,167
Rap,Kevin Gates,2 Phones,71,240
Country,Filmore,Love That About You,71,157
Pop,Florence + The Machine,Hunger,71,214
Indie,The Strokes,Reptilia,71,219
Dance,Lana Del Rey,Lust For Life (with The Weeknd),71,264
Rap,Lupe Fiasco,Battle Scars,71,250
Rap,fun.,We Are Young (feat. Janelle Monáe),71,250
Rock,Bronski Beat,Smalltown Boy,71,302
Hip-Hop,Lil Xan,Watch Me Fall,71,167
Rap,Gunna,Idk Why,71,199
Country,Jon Pardi,Dirt On My Boots,71,201
Rock,Crazy Town,Butterfly,71,216
Rap,Lil Baby,Crush A Lot,71,159
Indie,Catfish and the Bottlemen,Fluctuate,71,192
Country,Chris Young,I'm Comin' Over,71,197
Pop,Prince Royce,Darte un Beso,71,206
Rock,Bunbury,Aunque no sea conmigo,71,212
Country,Luke Bryan,Most People Are Good,71,221
Dance,Lady Gaga,Before I Cry,71,258
Rap,Ty Dolla $ign,Love U Better (feat. Lil Wayne & The-Dream),71,181
Pop,Jason Derulo,It Girl,71,192
Rock,Bob Seger,Night Moves,71,324
Pop,Alannah Myles,Black Velvet,71,287
Indie,Carly Rae Jepsen,Now That I Found You,71,200
Pop,T-Pain,Bartender,71,238
Pop,2Pac,I Get Around,71,259
Children’s Music,Kali Uchis,"After The Storm (feat. Tyler, The Creator & Bootsy Collins)",71,207
Folk,Sinéad O'Connor,Nothing Compares 2 U,71,280
Pop,Drake,Lust For Life,71,176
Pop,Camila,Te Confieso,71,193
Rap,Future,Faceshot,71,175
Reggaeton,Bad Bunny,Me Mata,71,412
Folk,The J. Geils Band,Centerfold,71,216
Indie,Cage The Elephant,Cigarette Daydreams,71,208
Rock,Rascal Flatts,Life is a Highway,71,276
Pop,Chamillionaire,Ridin',71,302
Dance,benny blanco,Better To Lie (with Jesse & Swae Lee),71,176
Pop,Kiana Ledé,EX,71,222
Pop,Twenty One Pilots,Polarize,71,226
Pop,Katy Perry,Part Of Me,71,216
Dance,Anne-Marie,Ciao Adios,71,200
Soul,Adele,All I Ask,71,271
Rap,KYLE,Hey Julie! (feat. Lil Yachty),71,156
Rap,Young Money,Trophies,71,188
Pop,James Blunt,Goodbye My Lover,71,258
Rap,DJ Khaled,Wild Thoughts (feat. Rihanna & Bryson Tiller),71,204
Pop,Kid Cudi,Pursuit Of Happiness (Nightmare),71,295
Rock,Panic! At The Disco,One Of The Drunks,71,198
Pop,Ed Sheeran,All of the Stars - Soundtrack Version,71,234
Rap,Gunna,On A Mountain,71,175
Rap,Lil Baby,Global,71,169
Rock,AC/DC,It's a Long Way to the Top (If You Wanna Rock 'N' Roll),71,301
Rock,Alice In Chains,Man in the Box,71,284
Pop,BTS,Airplane pt.2,71,218
Hip-Hop,Eazy-E,Real Muthaphuckkin' G's,71,332
Rock,La Mosca Tse-Tse,Para No Verte Más,71,191
Rap,Nicki Minaj,Super Bass,71,200
Reggae,Bob Marley & The Wailers,"No Woman, No Cry - Live At The Lyceum, London/1975",71,427
Children’s Music,A Tribe Called Quest,Can I Kick It?,71,251
Country,Teddy Robb,Lead Me On,71,189
Pop,Drake,Doing It Wrong,71,265
Pop,Taio Cruz,Dynamite,71,203
Pop,Jennifer Lopez,El Anillo,71,176
Pop,Hollow Coves,Coastline,71,233
Pop,Bright Eyes,First Day Of My Life,71,188
Pop,Dr. Dre,The Next Episode,71,161
Rap,NF,Remember This,71,240
Folk,Dusty Springfield,Son Of A Preacher Man,71,148
Pop,Bon Iver,Skinny Love,71,238
Rock,Glass Animals,Gooey,71,289
Pop,PRETTYMUCH,Would You Mind,71,179
Pop,James TW,Suitcase,71,214
Rap,Moneybagg Yo,Say Na (feat. J. Cole),71,160
Rap,Shoreline Mafia,Whuss The Deal,71,195
Hip-Hop,Duki,LeBron,71,213
Rock,Muse,Madness,71,281
Indie,Gregory Alan Isakov,Chemicals,71,199
Pop,Lenny Kravitz,Fly Away,71,221
Indie,Michael Schulte,You Said You'd Grow Old With Me,71,224
Pop,WINNER,MILLIONS,71,208
Dance,Kehlani,Gangsta,71,177
Rock,Queen,Love Of My Life - Remastered 2011,71,217
Hip-Hop,Vanilla Ice,Ice Ice Baby,71,254
Rock,half•alive,still feel.,71,247
Pop,Ed Sheeran,Bibia Be Ye Ye,71,176
Pop,Alanis Morissette,Ironic - 2015 Remaster,71,230
Folk,The Cars,Drive,71,234
Hip-Hop,Beret,Ojalá,71,220
Children’s Music,Summer Walker,CPR,71,203
Hip-Hop,ChocQuibTown,Pa Olvidarte,71,166
Pop,Cristian Castro,Por Amarte Así,71,272
Rock,Des Rocs,Let Me Live / Let Me Die,71,207
Reggae,MAGIC!,Rude (Acoustic),71,223
Dance,Gwen Stefani,Hollaback Girl,71,199
Pop,G-Eazy,Some Kind Of Drug,71,222
Children’s Music,Avenged Sevenfold,Nightmare,71,374
Indie,Clairo,4EVER,71,159
Rock,The Rolling Stones,Wild Horses - Remastered,71,341
Rap,Lil Yachty,NBAYOUNGBOAT,71,139
Reggae,Inner Circle,Sweat (A La La La La Long),71,227
Pop,The Outfield,Your Love,71,221
Dance,Beyoncé,Partition,71,319
Hip-Hop,Omarion,Post to Be (feat. Chris Brown & Jhene Aiko),71,226
Indie,alt-J,Breezeblocks,71,227
Pop,BTS,Anpanman,71,232
Dance,Calvin Harris,Rollin,71,272
Pop,Mike Perry,Hands,71,167
Dance,Don Diablo,Anthem (We Love House Music),71,157
Hip-Hop,Pouya,1000 Rounds,71,163
Rock,Dustin Lynch,I'd Be Jealous Too,71,185
Rock,Lynyrd Skynyrd,Free Bird,71,547
Pop,TOMORROW X TOGETHER,Blue Orangeade,71,185
Indie,Lost Kings,Stuck,71,192
Pop,Sigrid,Strangers,71,233
Dance,ZAYN,Common,71,232
Pop,Zedd,Beautiful Now,71,218
Rock,Vance Joy,Mess Is Mine,71,223
R&B,Christina Aguilera,Dirrty (feat. Redman),71,298
Rap,Craig David,7 Days,71,235
Rock,The Killers,The Man,71,250
Hip-Hop,Usher,I Don't Mind (feat. Juicy J),71,251
Rock,Andy Grammer,Fresh Eyes,71,198
Country,Luke Combs,Must've Never Met You,71,198
Indie,Elina,Wild Enough,71,186
Pop,VAX,Crime,71,153
Hip-Hop,Cypress Hill,Insane in the Brain,71,208
Pop,The Beach Boys,Good Vibrations - Remastered,71,219
Pop,Berlin,"Take My Breath Away - Love Theme from ""Top Gun""",71,255
Rap,Offset,Underrated,71,149
Indie,Bea Miller,like that,71,185
Country,Devin Dawson,All On Me,71,224
Rap,BROCKHAMPTON,SWEET,71,274
Country,Kacey Musgraves,Space Cowboy,71,216
Rock,Thirty Seconds To Mars,The Kill,71,231
Rock,Gavin DeGraw,I Don't Want to Be - Stripped Version,71,244
R&B,Brian McKnight,Back At One,71,263
Rap,Kendrick Lamar,A.D.H.D,71,215
Pop,Astrid S,Think Before I Talk,71,184
Rap,Yung Gravy,Rotisserie,71,123
Pop,Vic Mensa,Reverse (Ft. G-Eazy),71,211
Pop,blink-182,Adam's Song,71,249
Hip-Hop,AJ x Deno,London,71,228
Hip-Hop,Jacquees,B.E.D.,71,236
Pop,Cutting Crew,(I Just) Died In Your Arms,71,278
Children’s Music,Linkin Park,CASTLE OF GLASS,71,205
Pop,Jason Mraz,Have It All,71,226
Pop,Sigala,Somebody,71,238
Rock,Ryan Hurd,To a T,71,178
Rap,Kap G,Marvelous Day (feat. Lil Uzi Vert & Gunna),71,223
Rock,Soda Stereo,Persiana Americana - Remasterizado 2007,71,292
Hip-Hop,Usher,U Got It Bad,71,247
Indie,Mac DeMarco,Chamber Of Reflection,71,231
Dance,King Princess,Pussy Is God,71,205
Dance,Boyzone,When You Say Nothing At All,71,257
Rap,XXXTENTACION,King,71,112
Pop,One Direction,Kiss You,71,182
Folk,Supertramp,Breakfast In America - Remastered,71,159
Children’s Music,Alice In Chains,Would?,71,206
Pop,ATEEZ,Say My Name,71,222
Folk,Seals and Crofts,Summer Breeze,71,203
Children’s Music,Pearl Jam,Last Kiss,71,195
Indie,Empire of the Sun,Walking On A Dream,71,198
Rock,Paul Simon,Me and Julio Down by the Schoolyard,71,164
Dance,Taylor Swift,Getaway Car,71,233
Dance,King Princess,Talia,71,207
Pop,Lady Gaga,Hair Body Face,71,202
Rock,Panic! At The Disco,(Fuck A) Silver Lining,71,168
Pop,Marc Anthony,Flor Pálida,71,280
Rap,fun.,Some Nights,71,277
Soul,Sam Cooke,Bring It On Home to Me,71,162
Children’s Music,Limp Bizkit,Break Stuff,71,166
Children’s Music,The Revivalists,Wish I Knew You,71,274
Pop,BTS,I Need U,71,210
Rap,Childish Gambino,Sober,71,252
Hip-Hop,Kevin Gates,Really Really,71,232
Rock,Annie Lennox,Walking on Broken Glass,71,253
Pop,Kygo,Stranger Things (feat. OneRepublic),71,221
Pop,Tory Lanez,Pa Mi (with Ozuna),71,216
Pop,BTS,Answer : Love Myself,71,251
Hip-Hop,2 Chainz,Money In The Way,71,161
Rock,La Unión,Lobo-Hombre En Paris,71,233
Soul,Al Green,Tired of Being Alone,71,172
Dance,Noah Cyrus,Make Me (Cry),71,242
Dance,Martin Solveig,All Stars,71,170
Dance,Alec Benjamin,Outrunning Karma,71,188
Pop,J Balvin,Brillo,71,159
Pop,Sia,Helium,71,252
Hip-Hop,Chief Keef,Love Sosa,71,246
Soul,Otis Redding,Stand by Me,71,172
Hip-Hop,Yandel,Te Amare,71,241
Rap,J. Cole,Album of the Year - Freestyle,71,138
Pop,Donna Lewis,I Love You Always Forever,71,239
Hip-Hop,2 Chainz,"2 Dollar Bill (feat. Lil Wayne, E-40)",71,240
Dance,Gryffin,Feel Good (feat. Daya),71,248
Rap,Drake,November 18th,71,188
Pop,Katy Perry,California Gurls,71,234
Pop,Alfredo Olivas,El Malo De Culiacán,71,215
Pop,Virlan Garcia,Y Cambió Mi Suerte,71,185
Rap,J. Cole,Immortal,71,201
R&B,Olivia O'Brien,Fuck Feelings,70,180
Hip-Hop,Daddy Yankee,Llamado de Emergencia,70,239
R&B,Frank Ocean,White Ferrari,70,248
R&B,Mario Winans,I Don't Wanna Know (feat. Enya & P. Diddy) - 2016 Remaster,70,257
Dance,Spice Girls,Stop,70,204
Pop,Kanye West,All Falls Down,70,223
R&B,Rex Orange County,Happiness,70,279
R&B,Berhana,Grey Luh,70,261
Pop,One Direction,What Makes You Beautiful,70,198
R&B,Jorja Smith,I Am,70,208
Pop,Ariana Grande,borderline (feat. Missy Elliott),70,177
Dance,Enrique Iglesias,MOVE TO MIAMI,70,169
Dance,DNCE,Kissing Strangers,70,202
R&B,Beyoncé,If I Were a Boy,70,249
Hip-Hop,Tony Dize,Quizas - Remix,70,240
R&B,Solange,Binz,70,111
R&B,Solange,My Skin My Logo,70,175
Pop,Luis Fonsi,Despacito,70,228
Pop,Sech,Solita,70,219
R&B,Xavier Omär,Blind Man,70,242
Hip-Hop,Kid Cudi,Erase Me - Main,70,192
Pop,Calvin Harris,I Need Your Love (feat. Ellie Goulding),70,234
Pop,Mac Miller,Cinderella (feat. Ty Dolla $ign),70,480
Rock,The Rolling Stones,Brown Sugar - Remastered,70,228
Hip-Hop,Kendrick Lamar,m.A.A.d city,70,350
Pop,Lil Wayne,Can't Be Broken,70,193
Pop,Joji,Demons,70,176
Dance,Avicii,Addicted To You,70,148
R&B,Daniel Caesar,Blessed,70,241
R&B,Kehlani,Butterfly,70,163
R&B,Rex Orange County,Untitled,70,135
Dance,Daya,Safe,70,200
R&B,Sabrina Claudio,Belong to You (feat. 6LACK),70,185
R&B,Lucky Daye,Roll Some Mo,70,292
R&B,Ella Mai,Gut Feeling (feat. H.E.R.),70,236
R&B,Jakob Ogawa,Let It Pass,70,126
R&B,Ella Mai,Everything (feat. John Legend),70,181
Country,Johnny Cash,Ring of Fire,70,158
Dance,Rudimental,Sun Comes Up (feat. James Arthur),70,232
Pop,Absofacto,Dissolve,70,224
Reggaeton,Wisin & Yandel,Guaya,70,223
Pop,Coldplay,Up&Up,70,405
Rock,Three Days Grace,Never Too Late,70,209
Pop,Sam Hunt,Take Your Time,70,243
Dance,James Arthur,You Deserve Better,70,207
Pop,Halsey,Control,70,214
Dance,Katy Perry,Bon appétit,70,227
Rock,X Ambassadors,American Oxygen,70,305
Pop,One Direction,18,70,248
Pop,Halsey,Castle,70,277
Pop,Michael Jackson,Thriller,70,358
Reggaeton,Feid,Sígueme - Remix,70,202
Reggaeton,Wisin & Yandel,Algo Me Gusta De Ti,70,274
Pop,BTS,Dope,70,240
Reggaeton,Dalex,Pa Mí,70,210
Pop,Austin Mahone,All I Ever Need,70,213
Pop,BTS,So What,70,281
Pop,Kacey Musgraves,"Oh, What A World",70,241
Pop,Lost Kings,Anti-Everything,70,183
Dance,The Vamps,Middle Of The Night,70,174
Dance,The Vamps,Just My Type,70,211
Rock,Thirty Seconds To Mars,Walk On Water,70,185
Pop,Ariana Grande,blazed (feat. Pharrell Williams),70,196
Alternative,Rammstein,WAS ICH LIEBE,70,269
Pop,R.E.M.,Shiny Happy People,70,225
Pop,Melanie Martinez,Dollhouse,70,231
Pop,Melanie Martinez,Mad Hatter,70,201
Rock,Imagine Dragons,Only,70,180
Rock,A R I Z O N A,Freaking Out,70,199
Dance,Sister Sledge,We Are Family,70,216
Pop,Metro Station,Shake It,70,179
Folk,Joni Mitchell,Big Yellow Taxi,70,134
R&B,H.E.R.,Every Kind Of Way,70,160
R&B,H.E.R.,Losing,70,225
R&B,Solange,Time (is),70,219
Dance,Cheat Codes,Let Me Hold You (Turn Me On),70,162
Pop,Kodak Black,Patty Cake,70,198
Rock,Roxette,The Look,70,237
Pop,Janelle Monáe,Make Me Feel,70,194
Indie,Whethan,High (& Dua Lipa),70,196
Rap,Takeoff,She Gon Wink,70,216
Rap,21 Savage,Numb,70,271
Rap,Drake,Talk Up (feat. Jay-Z),70,223
Rock,Panic! At The Disco,House Of Memories,70,208
Rock,Greta Van Fleet,When The Curtain Falls,70,222
Rap,Future,Unicorn Purp (feat. Young Thug & Gunna),70,246
Rap,Lil Peep,Problems,70,209
Rap,YG,My Nigga,70,235
Rap,Migos,Get Right Witcha,70,257
Indie,Silent Sanctuary,Pasensya Ka Na,70,241
Rock,The Beatles,I Saw Her Standing There - Remastered 2009,70,173
Rap,Juice WRLD,Syphilis,70,131
Rap,Juice WRLD,ON GOD (feat. Young Thug),70,250
Rap,Juice WRLD,Desire,70,189
Pop,Ariana Grande,Thinking Bout You,70,200
Pop,Cavetown,This Is Home,70,226
Rap,Drake,Survival,70,136
Rap,Drake,Sandra’s Rose,70,216
Pop,YG,SLAY (feat. Quavo),70,284
Rap,Tinie Tempah,Girls Like (feat. Zara Larsson),70,196
Rap,Vince Staples,Norf Norf,70,183
Rap,Nelly,Country Grammar (Hot Shit),70,287
Rap,Future,Promise U That,70,205
Rap,Russ,Me You,70,164
Rap,Ski Mask The Slump God,COOLEST MONKEY IN THE JUNGLE,70,152
Rap,Ty Dolla $ign,Clout (feat. 21 Savage),70,200
Rap,XXXTENTACION,Touch Eem Body,70,187
Rap,Trippie Redd,Dark Knight Dummo,70,256
Rap,JID,NEVER,70,241
Rock,Aerosmith,Dude (Looks Like A Lady),70,265
Rap,Big Sean,Moves,70,142
Rap,A$AP Rocky,Lord Pretty Flacko Jodye 2 (LPFJ2),70,126
Rap,Bryson Tiller,Run Me Dry,70,169
Indie,Sam Fender,Play God,70,226
Rock,The Goo Goo Dolls,Slide,70,212
Rock,The Head and the Heart,Rivers and Roads,70,284
Pop,Julia Michaels,Into You,70,192
Pop,Gryffin,Nobody Compares To You (feat. Katie Pearlman),70,231
Pop,3 Doors Down,When I'm Gone,70,260
Hip-Hop,Logic,Flexicution,70,218
Pop,Roxette,"It Must Have Been Love - From the ""Pretty Woman"" Soundtrack",70,258
Alternative,Rammstein,SEX,70,236
Pop,Daddy Yankee,Tu Príncipe,70,205
Pop,Tate McRae,One Day,70,202
Folk,Hozier,Work Song,70,229
Pop,Aitana,TELÉFONO - Remix,70,163
Pop,Kanye West,FML,70,236
Pop,5 Seconds of Summer,Ghost Of You,70,197
Dance,Tears For Fears,Shout,70,393
Hip-Hop,Mac Miller,Jet Fuel,70,345
Pop,John Mayer,In the Blood,70,243
Rock,Twenty One Pilots,Leave The City,70,280
Pop,Bhad Bhabie,Geek'd (feat. Lil Baby),70,134
Pop,Felipe Peláez,Vivo Pensando En Ti (feat. Maluma),70,232
Hip-Hop,Logic,Midnight,70,241
Children’s Music,Mon Laferte,Mi Buen Amor,70,227
Rock,Foo Fighters,My Hero,70,260
Pop,Meghan Trainor,Better When I'm Dancin',70,176
Soul,Toni Braxton,Un-Break My Heart,70,270
Pop,Flume,Never Be Like You (feat. Kai),70,234
Dance,Avicii,You Make Me,70,233
Pop,George Ezra,Pretty Shining People,70,212
Dance,Dimitri Vegas & Like Mike,Complicated (feat. Kiiara) (feat. Kiiara),70,184
Pop,Birdy,Let It All Go,70,280
Rock,Tame Impala,Elephant,70,211
Pop,Cavetown,Boys Will Be Bugs,70,329
Pop,Bridgit Mendler,Ready or Not,70,200
Pop,Lil Wayne,Dedicate,70,189
Rock,Fleetwood Mac,Little Lies - 2017 Remaster,70,221
Soul,Jorja Smith,Don't Watch Me Cry,70,190
Pop,Yo Trane,Alone,70,169
Pop,Chelsea Cutler,The Reason,70,184
Rock,Three Days Grace,Riot,70,207
Rock,The Police,Every Breath You Take,70,251
Folk,Dermot Kennedy,A closeness,70,251
Children’s Music,Nickelback,Burn It To The Ground,70,212
Rock,Bring Me The Horizon,wonderful life (feat. Dani Filth),70,274
Pop,NCT 127,Simon Says,70,199
Rock,Alice Cooper,Poison,70,270
Pop,Conan Gray,Generation Why,70,219
Pop,Zendaya,Replay,70,209
Reggae,Sublime,What I Got,70,170
Pop,Jess Glynne,Thursday (feat. H.E.R.),70,216
Hip-Hop,Drake,Forever,70,357
Rap,Trippie Redd,I Tried Loving,70,193
Pop,Bebe Rexha,Bad Bitch (feat. Ty Dolla $ign),70,197
Pop,Tyler Rich,The Difference,70,188
Rap,Drake,From Time,70,322
Dance,JVG,Ikuinen vappu,70,189
Pop,Coldplay,Everglow,70,282
Rock,George Harrison,Got My Mind Set On You - Remastered 2004,70,234
Reggae,Natiruts,Quero Ser Feliz Também - Ao Vivo,70,214
Hip-Hop,Drake,All Me,70,270
Rap,Blueface,Next Big Thing,70,97
Pop,Cardi B,Money Bag,70,229
Reggae,Bob Marley & The Wailers,Jamming,70,211
Indie,Chelsea Cutler,Your Shirt,70,232
Pop,Khalid,Therapy,70,257
Pop,Marshmello,Moving On,70,179
Indie,Up Dharma Down,Tadhana,70,222
Pop,ZAYN,Still Got Time,70,188
Pop,Gerard Way,Happy Together (feat. Ray Toro),70,179
Pop,Cornelio Vega y su Dinastia,No Me Hubiera Enamorado,70,207
Pop,John Mayer,Who Says,70,175
Dance,Mr. President,Coco Jamboo,70,218
Pop,BTS,Love Maze,70,221
Pop,Cashmere Cat,Miss You (with Major Lazer & Tory Lanez),70,186
Hip-Hop,Paulo Londra,Cámara Lenta,70,195
Pop,BTS,Trivia 起 : Just Dance,70,225
Pop,BTS,Go Go,70,235
Pop,Backstreet Boys,Chances,70,172
Pop,The Script,"Never Seen Anything ""Quite Like You"" - Acoustic",70,228
Children’s Music,Volbeat,Still Counting,70,261
Rock,Josh Turner,Hometown Girl,70,215
Pop,Hailee Steinfeld,You're Such A,70,216
Pop,Carly Pearce,Closer To You,70,187
Dance,Willow,Wait a Minute!,70,196
Children’s Music,Masego,Navajo,70,194
Pop,Avicii,The Days,70,278
Pop,Bruno Mars,The Lazy Song,70,190
Pop,Khalid,Winter,70,241
Rock,Ramones,Blitzkrieg Bop - 2016 Remastered Version,70,134
Hip-Hop,B Young,Jumanji,70,173
Rap,DRAM,Broccoli,70,225
Pop,Maroon 5,Moves Like Jagger - Studio Recording From The Voice Performance,70,201
Hip-Hop,B Young,079ME,70,211
Pop,Maroon 5,Girls Like You,70,215
Pop,Galantis,San Francisco (with Sofia Carson),70,154
Pop,Silk City,Electricity (feat. Dua Lipa) - MK Remix,70,346
Pop,Conan Gray,Idle Town,70,237
Rap,Taio Cruz,Hangover,70,244
Reggae,Santaferia,El Gil de Tu Ex,70,193
Pop,Years & Years,Valentino,70,181
Hip-Hop,Paulo Londra,Me Tiene Mal,70,250
Rap,Gucci Mane,Kept Back (feat. Lil Pump) - Bonus Track,70,177
Rap,Cardi B,Bickenhead,70,181
Hip-Hop,MHD,Bébé,70,245
Ska,Soda Stereo,Trátame Suavemente - Remasterizado 2007,70,200
Pop,CHANYEOL,Stay With Me,70,192
Country,Kane Brown,Good as You,70,192
Country,Jimmie Allen,Make Me Want To,70,172
Pop,Sam Hunt,Break Up In A Small Town,70,229
Country,Luke Bryan,Country Girl (Shake It For Me),70,225
Dance,PRETTYMUCH,Jello,70,177
Pop,Lewis Capaldi,Bruises,70,218
Reggae,Santaferia,Algún Día Volveras,70,253
Country,Luke Combs,"Houston, We Got a Problem",70,191
Pop,David Guetta,2U,70,194
Reggae,Jireel,Alla Mina,70,200
Country,Jason Aldean,Drowns The Whiskey (feat. Miranda Lambert),70,202
Country,Filmore,Heart's Having a Hard Time,70,174
Rap,A Boogie Wit da Hoodie,The Reaper,70,176
Pop,El Bebeto,¿Por Qué Dejaste Que Te Amara?,70,224
Rap,Donnie Trumpet & The Social Experiment,Sunday Candy,70,226
Pop,Simon & Garfunkel,Bridge Over Troubled Water,70,293
Pop,NCT,BOSS,70,210
Soul,Aretha Franklin,(You Make Me Feel Like) A Natural Woman,70,166
Pop,Kygo,This Town (feat. Sasha Sloan),70,202
Reggaeton,Fuego,Sigo Fresh,70,190
Reggaeton,Alex Rose,Percocet - Remix,70,314
Reggaeton,Alex Rose,Khalifa,70,256
Pop,EXO,전야 前夜 The Eve,70,176
Pop,Good Charlotte,Lifestyles of the Rich & Famous,70,190
Soul,Adele,Water Under the Bridge,70,240
Pop,Monsta X,Alligator,70,192
Pop,Ava Max,Not Your Barbie Girl,70,186
Pop,Céline Dion,"Ashes - from ""Deadpool 2"" Motion Picture Soundtrack",70,199
Pop,j-hope,Daydream (백일몽),70,228
Reggaeton,DrefQuila,A fuego,70,233
Pop,Whethan,When I'm Down,70,164
Pop,Remmy Valenzuela,Loco Enamorado,70,209
Pop,SEVENTEEN,Don't Wanna Cry,70,203
Pop,Lewis Capaldi,Tough,70,229
Pop,James Barker Band,Keep It Simple,70,187
Reggaeton,Alkilados,Ella Me Persigue,70,210
Pop,Liam Payne,Bedroom Floor,70,188
Reggaeton,Trebol Clan,Gata Fiera,70,208
Pop,Abraham Vazquez,El De Las Dos Pistolas,70,167
Reggaeton,Natti Natasha,Amantes de una Noche,70,225
Reggaeton,Wisin,Quisiera Alejarme (feat. Ozuna & CNCO) - Remix,70,238
Pop,Pancho Barraza,Mi Enemigo El Amor,70,234
Reggaeton,Daddy Yankee,Ella Me Levanto,70,209
Pop,LANY,ILYSB - STRIPPED,70,244
Reggaeton,Alex Rose,Dejate Llevar,70,243
Pop,GOT7,Lullaby,70,217
Pop,Bebe Rexha,Self Control,70,174
Reggaeton,J Balvin,Ay Vamos,70,226
Pop,LANY,If You See Her,70,182
R&B,ROSALÍA,BAGDAD - Cap.7: Liturgia,70,182
Reggaeton,Farruko,Coolant - Remix,70,230
Reggaeton,Jon Z,"0 Sentimientos (Remix) [feat. Noriel, Darkiel, Lyan, Messiah & Baby Rasta]",70,335
Reggaeton,Farruko,Diabla - Official Remix,70,331
Pop,LANY,13,70,234
Reggaeton,Maluma,GPS,70,216
Pop,TWICE,TT,70,212
Pop,Louis Tomlinson,Miss You,70,182
R&B,ROSALÍA,PIENSO EN TU MIRÁ - Cap.3: Celos,70,193
Pop,David Guetta,Say My Name (feat. Bebe Rexha & J Balvin) - Afrojack & Chasner Remix,70,251
Pop,Naughty Boy,Runnin' (Lose It All),70,213
Pop,Shawn Mendes,When You're Ready,70,169
Pop,Ariana Grande,Touch It,70,260
Hip-Hop,Afroman,Crazy Rap (Colt 45 & 2 Zig Zags),70,328
Pop,Echosmith,Cool Kids,70,237
Pop,Kanye West,Clique,70,293
Pop,Katy Perry,Teenage Dream,70,227
Pop,Shontelle,Impossible - Main,70,226
Pop,Ava Max,So Am I,70,184
Pop,BTS,Magic Shop,70,275
Pop,Diddy - Dirty Money,Coming Home,70,238
Soul,Luther Vandross,Never Too Much,70,230
Dance,Rudimental,Scared of Love (feat. RAY BLK & Stefflon Don),70,203
Pop,BTS,Don't Leave Me,70,227
Pop,Virlan Garcia,Mi Vida Eres Tú,70,200
Pop,The 1975,Be My Mistake,70,256
Pop,James Bay,Us,70,181
Rock,Toto,Rosanna,70,331
Pop,Lenin Ramírez,Recordando a Manuel,70,208
Pop,Jesse & Joy,¡¡Corre!,70,288
Pop,Kygo,Sunrise (feat. Jason Walker),70,214
Pop,BIGBANG,BANG BANG BANG,70,220
Pop,Lady Gaga,Perfect Illusion,70,182
Pop,SUNMI,Noir 누아르,70,209
Pop,Avril Lavigne,Tell Me It's Over,70,188
Pop,LOOΠΔ,Butterfly,70,237
Pop,Jamiroquai,Virtual Insanity - Remastered,70,229
Pop,Meghan Trainor,NO,70,213
Hip-Hop,Kent Jones,Don't Mind,70,198
Pop,Ulices Chaidez,Te Regalo,70,194
Dance,Thalía,Lento,70,216
Pop,Michael Jackson,Man in the Mirror - 2012 Remaster,70,318
Dance,10cc,I'm Not In Love,70,366
Pop,BTS,Lie,70,215
Pop,My Chemical Romance,Famous Last Words,70,299
Pop,DEAN,instagram,70,255
Rap,Russ,Serious,70,188
Dance,Astrid S,Emotion,70,190
Rap,Logic,Ballin,70,166
Rock,The Animals,House Of The Rising Sun,70,271
Rock,Marcy Playground,Sex & Candy,70,173
Pop,2 Chainz,Threat 2 Society,70,225
Rap,Nick Jonas,Chainsaw,70,199
Rap,Kesha,Die Young,70,211
Rock,The Black Keys,Howlin' For You,70,191
Hip-Hop,Usher,OMG (feat. will.i.am),70,269
Rock,Saving Abel,Addicted,70,222
Rock,Colbie Caillat,Bubbly,70,196
Children’s Music,Zoé,Soñé - Live,70,226
Rock,The Darkness,I Believe in a Thing Called Love,70,217
Rock,Queen,Crazy Little Thing Called Love - Remastered 2011,70,163
Rock,Rick Springfield,Jessie's Girl,70,194
Rock,Twenty One Pilots,Doubt,70,191
Pop,R3HAB,Fuego,70,136
Rap,Tinashe,2 On (feat. ScHoolboy Q),70,227
Rock,Jimi Hendrix,Hey Joe,70,210
Rap,Papa Roach,Elevate,70,191
Rock,Chase Bryant,Hell If I Know,70,169
Rock,Twenty One Pilots,Message Man,70,240
Rap,88GLAM,Bali,70,185
Rap,Macklemore & Ryan Lewis,"Downtown (feat. Melle Mel, Grandmaster Caz, Kool Moe Dee & Eric Nally)",70,292
Rap,Lil Pump,Stripper Name (feat. YG and 2 Chainz),70,182
Rock,Quiet Riot,Cum on Feel the Noize,70,287
Rap,Lil Jon,Alive (with Offset & 2 Chainz),70,235
Pop,Abraham Mateo,Loco Enamorado,70,252
Rock,Jake Owen,I Was Jack (You Were Diane),70,188
Rap,Valee,Womp Womp,70,226
Rap,Tory Lanez,LUV,70,228
Rap,Lil Pump,Fasho Fasho (feat. Offset),70,178
Pop,Jonas Brothers,S.O.S.,70,153
R&B,James Morrison,My Love Goes On (feat. Joss Stone),70,216
Rap,A$AP Ferg,Plain Jane REMIX,70,202
Children’s Music,Elefante,Así Es La Vida,70,309
Pop,2 Chainz,NCAA,70,248
Rap,Andy Grammer,"Honey, I'm Good.",70,199
Pop,2 Chainz,Forgiven (feat. Marsha Ambrosius),70,323
Hip-Hop,N.E.R.D,Lemon - Drake Remix,70,226
Hip-Hop,Darell,Tu Peor Error,70,260
Hip-Hop,Arcangel,Me Acostumbre (feat. Bad Bunny),70,263
Electronic,Daft Punk,Harder Better Faster Stronger,70,224
Rock,Imagine Dragons,Warriors,70,170
Rock,X Ambassadors,BOOM,70,163
Rock,The Neighbourhood,Afraid,70,251
Rock,Metallica,Nothing Else Matters,70,388
Rap,Fifth Harmony,All In My Head (Flex) (feat. Fetty Wap),70,210
Rock,Steely Dan,Reelin' In The Years,70,277
Hip-Hop,Aventura,Los Infieles,70,257
Rock,The Strokes,Last Nite,70,193
Rap,Marilyn Manson,The Beautiful People,70,218
Rock,Imagine Dragons,I Don’t Know Why,70,190
Rock,The Beatles,Something - Remastered 2009,70,182
Electronic,RL Grime,UCLA,70,192
Hip-Hop,2Pac,Dear Mama,70,280
Rock,Elvis Presley,Hound Dog,70,136
Electronic,Daft Punk,Around The World,70,429
Rock,Bowling For Soup,1985,70,193
Rap,Jagged Edge,Where the Party At,70,232
Alternative,Los Auténticos Decadentes,Loco (Tu Forma de Ser) [Ft. Rubén Albarrán] - MTV Unplugged,70,249
Rock,Queen,I Want To Break Free - Remastered 2011,70,258
Rock,The All-American Rejects,Dirty Little Secret,70,193
Rap,Creed,My Sacrifice,70,294
Folk,Tom Walker,Not Giving In,70,228
Rap,Jennifer Lopez,Dinero,70,213
Rock,My Darkest Days,Porn Star Dancing,70,199
Rock,Elton John,Don't Go Breaking My Heart,70,271
Folk,José González,Stay Alive,70,266
Rock,Matchbox Twenty,3AM,70,225
Rock,blink-182,I Miss You,70,227
Rock,Foreign Air,Free Animal,70,180
Rock,Jimi Hendrix,Little Wing,70,145
Rock,Megadeth,Symphony Of Destruction,70,246
Rock,Imagine Dragons,Thunder / Young Dumb & Broke (with Khalid) - Medley,70,251
Rock,Hunter Hayes,Wanted,70,228
Rap,Slipknot,Snuff,70,276
Rock,The Allman Brothers Band,Ramblin' Man,70,288
Hip-Hop,Paris,Po'ed Up (feat. Gunna),70,163
R&B,Greeicy,Más Fuerte,70,184
Rap,TK Kravitz,Ocean (feat. Jacquees),70,219
Rap,Kid Trunks,777,70,180
Pop,Rihanna,Work,70,219
Pop,2Pac,Only God Can Judge Me,70,296
Folk,Sara Bareilles,Brave,70,220
Indie,Foster The People,Houdini,70,202
Folk,Mahalia,I Wish I Missed My Ex,70,205
Pop,Ed Sheeran,...Baby One More Time - Recorded at Spotify Studios NYC,70,177
Pop,Cheat Codes,Feels Great (feat. Fetty Wap & CVBZ),70,193
Pop,Clean Bandit,Tears (feat. Louisa Johnson),70,225
Rock,Barenaked Ladies,One Week,70,169
Pop,Quinn XCII,Always Been You,70,235
Indie,Juke Ross,Fresh Roses,70,201
Pop,The Lumineers,Ho Hey,70,163
Pop,Ice Cube,You Know How We Do It - Remastered,70,232
Pop,George Ezra,Budapest,70,200
Indie,Iron & Wine,Time After Time,70,170
Hip-Hop,Nicky Jam,Travesuras,70,195
Indie,SYML,Girl - Acoustic,70,211
Pop,Tiësto,WOW,70,148
Indie,The Black Keys,Lo/Hi,70,177
Children’s Music,Café Tacvba,Como te extraño mi amor,70,214
Rock,Lee Brice,Hard To Love,70,224
Rock,Janis Joplin,Me and Bobby McGee,70,271
Pop,Jay Sean,Down,70,212
Pop,Chris Brown,Yo (Excuse Me Miss),70,229
Indie,Eric Bellinger,G.O.A.T.,70,184
Pop,Simon & Garfunkel,The Sound of Silence,70,185
Pop,AJR,Sober Up,70,218
Rock,Dylan Scott,Hooked,70,149
Pop,Dean Lewis,Waves,70,241
Pop,Queen Naija,Butterflies,70,212
Rock,Fall Out Boy,The Last Of The Real Ones,70,230
Rock,Led Zeppelin,Kashmir,70,508
Folk,Villagers,Nothing Arrived - Live from Spotify London,70,219
Indie,Halsey,Strangers,70,221
R&B,Rita Ora,Only Want You (feat. 6LACK),70,192
Indie,Rhys Lewis,Better Than Today,70,230
Rock,Breaking Benjamin,The Diary of Jane - Single Version,70,200
Rock,Judas Priest,Breaking the Law,70,153
Indie,Violent Femmes,Blister in the Sun - 2002 Remastered Version,70,144
Pop,Bastille,Pompeii,70,214
Hip-Hop,Jacquees,You (Remix) feat. Blueface - Remix,70,224
Hip-Hop,Chingy,Right Thurr,70,249
Hip-Hop,Jory Boy,No Te Hagas,70,233
Rap,Busta Rhymes,Break Ya Neck,70,231
Rock,Catfish and the Bottlemen,7,70,256
Rock,Tame Impala,"New Person, Same Old Mistakes",70,363
Rock,Metronomy,The Look,70,277
Rap,DMX,Party Up,70,268
Rap,Seether,Remedy,70,207
Hip-Hop,Daddy Yankee,Shaky Shaky,70,234
Rock,Limp Bizkit,Take A Look Around,70,321
Rap,Trey Songz,Solid,70,219
Rock,Electric Light Orchestra,Livin' Thing,70,212
Rap,Mobb Deep,Survival of the Fittest,70,224
Rap,Chevelle,The Red,70,238
Rap,Rae Sremmurd,CLOSE (feat. Travis Scott) - From SR3MM,70,193
Rap,Britney Spears,Gimme More,70,251
Children’s Music,Los Auténticos Decadentes,Amor (Ft. Mon Laferte) - Mtv Unplugged,70,312
Rap,Beastie Boys,Intergalactic - Remastered,70,231
Rock,Kenny Rogers,The Gambler,70,214
Rock,Inspector,Amargo Adiós,70,229
Rap,TWENTY88,Push It,70,154
Hip-Hop,Rick James,Super Freak,70,205
Rock,Rush,Tom Sawyer,70,276
Rock,Madonna,4 Minutes (feat. Justin Timberlake & Timbaland),70,189
Pop,Ed Sheeran,Happier - Acoustic,70,206
Rock,Zoé,Labios Rotos - Live,70,243
Rap,Mos Def,Ms. Fat Booty,70,223
Rap,The Weeknd,Six Feet Under,70,237
Hip-Hop,DJ Khaled,All I Do Is Win,70,227
Rap,Major Lazer,Light It Up - Remix,70,166
Rock,Eric Clapton,Layla,70,289
Rap,$uicideBoy$,Mount Sinai,70,145
Folk,Norah Jones,Sunrise,70,200
Rap,Trey Songz,Nobody Else But You,70,229
Rap,The Weeknd,Dark Times,70,260
Rap,Eminem,Berzerk,70,238
Rap,The Notorious B.I.G.,Hypnotize,70,230
Rap,Snakehips,Gucci Rock N Rolla (feat. Rivers Cuomo & KYLE),70,159
Pop,Michael Bublé,It's Beginning to Look a Lot Like Christmas,70,206
Rap,Meek Mill,Intro,70,213
Pop,The Black Eyed Peas,Where Is The Love?,70,272
Rock,America,Ventura Highway,70,211
Rap,Chance the Rapper,I Might Need Security,70,240
Pop,The Black Eyed Peas,I Gotta Feeling,70,289
Rock,Foo Fighters,The Sky Is A Neighborhood,70,244
Indie,The Mayries,Mine - Acoustic Version,70,140
Rock,Cartel De Santa,Los Mensajes del Whatsapp,70,213
Rap,A Boogie Wit da Hoodie,I Did It,70,215
Rap,Drake,Crew Love,70,208
Pop,Florence + The Machine,Dog Days Are Over,70,251
Rap,The Weeknd,Earned It (Fifty Shades Of Grey),70,277
Rap,Bad Meets Evil,Fast Lane,70,249
Rock,Zac Brown Band,Toes,70,262
Rap,Tory Lanez,MiAMi (feat. Gunna),70,244
Rap,Cardi B,I Like It - Dillon Francis Remix,70,219
Rock,Florida Georgia Line,Cruise,70,208
Rock,Florida Georgia Line,"God, Your Mama, And Me",70,183
Rap,Kehlani,Love Language,70,213
Pop,Thalía,Desde Esa Noche,70,227
Rock,Hootie & The Blowfish,Only Wanna Be with You,70,229
Pop,2Pac,Do For Love,70,281
Pop,Lady Gaga,Bad Romance,70,294
Hip-Hop,$uicideBoy$,Runnin' Thru The 7th With My Woadies,70,205
Rock,Rascal Flatts,I Like The Sound Of That,70,209
Pop,Nicki Minaj,Only,70,312
Pop,BLACKPINK,STAY,70,230
Pop,Miley Cyrus,The Climb,70,236
Rock,Chris Cagle,What Kinda Gone,70,181
Pop,Daya,"Sit Still, Look Pretty",70,202
Rap,Rage Against The Machine,Guerrilla Radio,70,206
Rap,A Boogie Wit da Hoodie,Need A Best Friend (feat. Lil Quee and Quando Rondo),70,204
Folk,Christopher Cross,Arthur's Theme (Best That You Can Do),70,234
Rap,Meek Mill,Wit The Shits (W.T.S) [feat. Melii],70,170
Rock,Extreme,More Than Words,70,334
Rap,A Boogie Wit da Hoodie,Pull Up (feat. NAV),70,193
Rock,Guns N' Roses,Live And Let Die,70,182
Rap,Rich The Kid,Leave Me,70,182
Pop,M.I.A.,Paper Planes,70,203
Rap,Future,Astronauts,70,169
Rap,Casanova,2AM (feat. Tory Lanez & Davido),70,210
Rap,Flo Rida,GDFR (feat. Sage The Gemini & Lookas),70,190
World,Elevation Worship,Do It Again,70,398
World,Mosaic MSC,Tremble - Live,70,309
World,Hillsong UNITED,Oceans (Where Feet May Fail),70,536
Rap,Frank Ocean,Biking,70,277
Rap,XXXTENTACION,Slipknot (feat. Kin$oul & Killstation),70,209
Rap,Drake,8 Out Of 10,70,195
Rap,XXXTENTACION,Floor 555,70,93
Rap,Ty Dolla $ign,Wavy (feat. Joe Moses),70,187
Rock,Twenty One Pilots,Legend,70,172
Rap,6LACK,Luving U,70,252
Rock,Dylan Scott,Nothing To Do Town,70,185
Rap,Slipknot,Wait and Bleed,70,147
Blues,Eric Clapton,"Tears in Heaven - Acoustic; Live at MTV Unplugged, Bray Film Studios, Windsor, England, UK, 1/16/1992; 2013 Remaster",70,280
Rap,Post Malone,Feel,70,197
World,Steffany Gretzinger,King of My Heart (Live),70,299
Rock,Kenny Loggins,Footloose,70,220
Rock,Creedence Clearwater Revival,Up Around The Bend,70,161
Rap,OneRepublic,Good Life,70,253
Rap,Marc E. Bassy,You & Me,70,218
Rap,Jeremih,All The Time,70,264
Rap,Kehlani,Morning Glory,70,179
Indie,Sticky Fingers,How To Fly,70,202
Indie,James Smith,T-Shirts,70,190
Rap,Jhene Aiko,The Worst,70,254
Rap,Chris Brown,New Flame,70,244
Rap,DMX,X Gon' Give It To Ya,70,219
Rock,The Lumineers,Ophelia,70,160
Rock,The Bangles,Eternal Flame,70,238
Rap,Wiz Khalifa,So High (feat. Ghost Loft),70,249
Rock,Jake Owen,Barefoot Blue Jean Night,70,167
Pop,MAX,Lights Down Low,70,223
Rap,Macklemore,Marmalade (feat. Lil Yachty),70,261
Hip-Hop,Frank Ocean,Solo,70,257
World,Harold Budd,Olancha Farewell,70,138
Pop,Lady Gaga,Poker Face,70,237
Rap,Lil Peep,White Wine,70,155
Rock,Panic! At The Disco,Hallelujah,70,180
Rap,Aminé,BLACKJACK (feat. YBN Cordae) - Remix,70,163
Rock,Free,All Right Now,70,330
Rock,Aerosmith,Cryin',70,308
Electronic,Massive Attack,Teardrop,70,330
Rap,$uicideBoy$,122 Days,70,184
Rap,Metro Boomin,No Complaints (feat. Offset & Drake) (Bonus),70,265
Pop,Jonas Brothers,Lovebug,70,220
Indie,Nina Nesbitt,Colder,70,188
Rap,N.E.R.D,Lemon,70,219
Rock,Randy Houser,Runnin' Outta Moonlight,70,193
Rap,Jeremih,Birthday Sex,70,226
Rap,Lil Mosey,Rarri,70,105
Rap,Meek Mill,Tic Tac Toe (feat. Kodak Black),70,185
Rap,Shoreline Mafia,Bottle Service,70,156
Hip-Hop,T.I.,Dead And Gone (feat. Justin Timberlake),70,299
Rap,Famous Dex,"Nervous (feat. Lil Baby, Jay Critch & Rich the Kid)",70,230
Indie,The Mayries,In My Mind,70,131
Rap,Eminem,Crack A Bottle,70,297
Rock,Noah Kahan,Sink,70,227
Rap,Kanye West,Fade,70,193
Folk,Eagles,One of These Nights - Eagles 2013 Remaster,70,291
R&B,Jennifer Lopez,Let's Get Loud,70,239
Rock,Grizzly Bear,Two Weeks,70,243
Pop,Riverdale Cast,Mad World,70,188
Electronic,Boombox Cartel,Moon Love,70,243
Rock,Bring Me The Horizon,i apologise if you feel something,70,139
Rap,Pharrell Williams,Sangria Wine,70,202
Rock,Bruce Springsteen,Streets of Philadelphia - Single Edit,70,195
Hip-Hop,Arcangel,Tu No Vive Asi (feat. Mambo Kingz & DJ Luian),70,264
Rock,Bob Dylan,The Times They Are A-Changin',70,192
Rock,AC/DC,Shoot to Thrill,70,317
Rap,Eminem,Survival,70,272
Electronic,Vigiland,Shots & Squats,70,171
Rap,Linkin Park,New Divide,70,268
Rap,Britney Spears,Work B**ch,70,247
Rap,Kelly Rowland,Motivation,70,231
Rap,Limp Bizkit,My Way,70,272
Rap,J. Cole,She Knows,70,296
Rock,Soul Asylum,Runaway Train,70,265
Rap,Key Glock,Russian Cream,70,142
Rap,Drake,Houstatlantavegas,70,290
Rap,Lil Yachty,Who Want The Smoke?,70,198
Rock,Laura Branigan,Self Control,70,246
Rap,Drake,Final Fantasy,70,219
Rap,Hopsin,You Should've Known,70,194
Rap,YFN Lucci,Everyday We Lit (feat. PnB Rock),70,197
Rap,BROCKHAMPTON,GOLD,70,266
Rap,J. Cole,Fire Squad,70,288
Rap,J. Cole,Window Pain - Outro,70,286
Rap,Chris Brown,Pills & Automobiles,70,292
Rock,Weezer,Take On Me,70,223
Rap,Eminem,Mockingbird,70,250
Hip-Hop,Aventura,Un Beso,70,263
Pop,Taylor Swift,Love Story,70,235
Rock,Cheap Trick,Surrender,70,253
Rap,Amenazzy,Solo,70,231
Pop,Silvestre Dangond,Cásate Conmigo,70,209
Rap,Skepta,Energy (Stay Far Away),70,199
Rap,Sean Paul,Shot & Wine,70,208
Rap,Mac Miller,Small Worlds,70,271
Rap,Post Malone,Leave,70,324
Rock,The Walters,I Love You So,70,160
Indie,Nina Nesbitt,The Best You Had,70,175
Rock,Eli Young Band,Love Ain't,70,186
Indie,MARINA,Superstar,70,233
Rap,Mac Miller,Dunno,70,237
Rap,Post Malone,Up There,70,194
Rock,Pink Floyd,Time,70,413
Rap,NF,Therapy Session,70,331
Rap,Logic,ICONIC (ft. Jaden Smith),70,298
Rap,Ne-Yo,Miss Independent,70,232
Rap,blackbear,Weak When Ur Around,70,169
Rap,Future,Temptation,70,167
Rap,XXXTENTACION,Ayala (Outro),70,99
Rap,Joyner Lucas,I'm Sorry,70,349
Rap,Chance the Rapper,The Man Who Has Everything,70,218
Pop,Wilson Phillips,Hold On,69,266
Rap,Trippie Redd,Bust Down,69,245
Electronic,The Prodigy,Firestarter,69,279
Rap,Vice,Make Up (feat. Ava Max),69,160
Pop,Augustana,Boston,69,245
Dance,Kacey Musgraves,Lonely Weekend,69,226
Pop,Mac Miller,Perfecto,69,215
Rock,Phoenix,If I ever feel better,69,266
Electronic,Daft Punk,Something About Us,69,232
Pop,Tatiana Manaois,Helplessly,69,185
Pop,Boyce Avenue,We Can't Stop,69,222
Pop,Joji,XNXX,69,127
Electronic,The Prodigy,Smack My Bitch Up,69,342
Hip-Hop,Night Lovell,Still Cold / Pathway Private,69,271
Hip-Hop,Unknown Mortal Orchestra,Hunnybee,69,268
Pop,Dixie Chicks,Cowboy Take Me Away,69,287
Pop,Lil Baby,I Am (Lil Baby & Gunna),69,145
Rock,KT Tunstall,Suddenly I See,69,201
Dance,Atomic Kitten,Whole Again,69,185
Pop,Aventura,El Perdedor,69,215
Dance,The Kinks,All Day and All of the Night,69,141
Pop,Maná,Oye Mi Amor,69,263
Pop,Gunna,Car Sick (feat. NAV & Metro Boomin),69,219
Pop,BROCKHAMPTON,FACE,69,259
Rock,The Cranberries,Ode To My Family,69,270
Rock,Bob Dylan,Blowin' In the Wind,69,165
Rap,Kanye West,Love Lockdown,69,270
Rock,Natalie Imbruglia,Torn,69,244
Pop,John Mayer,Daughters,69,237
Hip-Hop,Gorillaz,Humility (feat. George Benson),69,197
Rock,Eagles,"Hotel California - Live at the Los Angeles Forum, 10/20-22/76",69,409
Rock,Paul Young,Every Time You Go Away - Radio Edit,69,267
Pop,Panic! At The Disco,Old Fashioned,69,166
Pop,Lil Dicky,Professional Rapper (feat. Snoop Dogg),69,353
Pop,Cody Simpson,La Da Dee,69,196
Rock,Muse,Hysteria,69,227
Dance,Backstreet Boys,Don't Go Breaking My Heart,69,215
Pop,Jasmine Thompson,Like I'm Gonna Lose You,69,232
Rock,Stone Sour,Wicked Game - Live Acoustic,69,267
Dance,Westlife,Uptown Girl - Radio Edit,69,186
Rock,John Waite,Missing You,69,269
Rock,The Doors,People Are Strange,69,130
Pop,Kevin Gates,Me Too,69,202
Rap,Finger Eleven,Paralyzer,69,208
Rap,HoodRich Pablo Juan,We Don't Luv Em (Remix),69,193
Pop,Ulices Chaidez,¿Por Que Me Enamoré?,69,205
Rap,Trippie Redd,Loyalty Before Royalty,69,142
Pop,Drake,HYFR (Hell Ya Fucking Right),69,206
Hip-Hop,A.CHAL,000000,69,165
Rock,Cyndi Lauper,True Colors,69,226
Pop,Pearl Jam,Yellow Ledbetter,69,303
Pop,MINO,FIANCÉ,69,207
Country,Faces,Ooh La La - 2015 Remastered Version,69,214
Rock,Cartel De Santa,Culón Culito,69,223
Soul,The O'Jays,Love Train,69,178
Folk,Big Brother & The Holding Company,Piece of My Heart,69,253
Indie,YUNGBLUD,Loner,69,215
R&B,JP Cooper,Wait,69,231
Indie,The Black Keys,Gold on the Ceiling,69,224
Pop,Lil Baby,All Of A Sudden,69,169
Indie,Arctic Monkeys,Knee Socks,69,257
Pop,A Day To Remember,If It Means a Lot to You,69,243
Pop,Panic! At The Disco,Crazy=Genius,69,198
Hip-Hop,Eminem,Walk On Water (feat. Beyoncé),69,303
Pop,bülow,Sweet Little Lies,69,175
Pop,Florida Georgia Line,This Is How We Roll,69,220
Pop,Alec Benjamin,If I Killed Someone For You,69,185
Rock,Unlike Pluto,Everything Black (feat. Mike Taylor),69,228
Rock,Red Hot Chili Peppers,The Zephyr Song,69,231
Pop,"Tyler, The Creator",Glitter,69,224
Pop,Tate McRae,Teenage Mind,69,155
Pop,Alec Benjamin,Death Of A Hero,69,191
Pop,Sam & Dave,"Hold On, I'm Comin'",69,155
Pop,Dylan Scott,My Girl,69,197
Pop,The Smashing Pumpkins,"Tonight, Tonight - Remastered 2012",69,254
Pop,The Beach Boys,God Only Knows - Remastered,69,173
Pop,No Doubt,Don't Speak,69,263
Rap,Shinedown,DEVIL,69,207
Pop,Hayden James,Just Friends,69,238
Rock,Muse,Psycho,69,316
Rap,Yung Bans,Lonely,69,194
Pop,Panic! At The Disco,Nicotine,69,186
Pop,H.E.R.,As I Am,69,240
Folk,Shakey Graves,Tomorrow,69,240
Pop,Lil Baby,Word On The Street,69,172
Pop,Phoebe Ryan,Middle Finger,69,241
Dance,Chris Brown,Forever,69,278
Rap,Future,Call the Coroner,69,131
Pop,Seth Ennis,Look At You,69,195
Rap,mansionz,Gorgeous,69,148
Pop,Khalid,Let's Go,69,204
Pop,N.W.A.,Fuck Tha Police,69,345
Pop,CVBZ,Be Somebody,69,168
Pop,Gryffin,Winnebago (feat. Quinn XCII & Daniel Wilson),69,179
Rap,Metro Boomin,10AM/Save The World (feat. Gucci Mane),69,226
Pop,John Mayer,Love on the Weekend,69,212
Pop,Maddie & Tae,Friends Don't,69,187
Pop,Hozier,To Noise Making (Sing),69,206
Pop,Neon Trees,Everybody Talks,69,177
Pop,Kygo,Stay,69,239
Rap,NAV,Up,69,199
Hip-Hop,G-Eazy,Drop,69,210
Rap,Drake,Little Bit (feat. Lykke Li),69,230
Rap,Drake,Is There More,69,226
Dance,Apink,%%(Eung Eung),69,208
Pop,Taylor Swift,King Of My Heart,69,214
Pop,Disclosure,You & Me - Flume Remix,69,282
Rap,A Boogie Wit da Hoodie,Billie Jean,69,138
Rock,La Ley,Mentira,69,288
Rap,$uicideBoy$,O Pana!,69,128
Dance,Zedd,Get Low (with Liam Payne),69,204
Dance,T-Pain,I'm N Luv (Wit a Stripper) (feat. Mike Jones),69,265
Pop,Noah Cyrus,Team,69,215
Rap,Nicki Minaj,Barbie Tingz,69,191
Pop,Childish Gambino,3005,69,234
Pop,Travis Scott,way back,69,272
Pop,Maroon 5,Wait (feat. A Boogie Wit da Hoodie),69,190
Alternative,Kiana Ledé,Bouncin (feat. Offset),69,172
Pop,John Legend,A Good Night,69,203
Pop,Drake,Let’s Call It Off (feat. Peter Bjorn and John),69,234
Rap,ScHoolboy Q,Studio,69,278
Folk,John Denver,"Take Me Home, Country Roads - Original Version",69,190
Rap,NF,Mansion,69,323
Pop,Solange,Sound of Rain,69,185
Pop,Dave Matthews Band,Crash into Me,69,316
Dance,Carly Rae Jepsen,I Really Like You,69,204
Pop,We The Kings,"Check Yes, Juliet",69,220
Rock,Bob Dylan,Hurricane,69,512
Rap,Ski Mask The Slump God,Far Gone (feat. Lil Baby),69,236
Rap,Post Malone,"Yours Truly, Austin Post",69,219
Rap,XXXTENTACION,SMASH! - feat. PnB Rock,69,109
Dance,Ella Vos,Temporary,69,151
Rap,XXXTENTACION,Off the Wall!,69,203
Rap,J. Cole,4 Your Eyez Only,69,530
Pop,The Neighbourhood,Scary Love,69,222
Rap,"Tyler, The Creator",OKRA,69,151
Rap,Kanye West,Bound 2,69,229
Rock,The Supremes,Baby Love,69,158
Hip-Hop,Future,Mask Off - Marshmello Remix,69,179
Dance,Sigala,Feels Like Home,69,219
Pop,Lil Baby,Realist In It (feat. Gucci Mane & Offset),69,222
Rap,Run–D.M.C.,Walk This Way (feat. Aerosmith),69,309
Dance,David Guetta,This One's for You (feat. Zara Larsson) (Official Song UEFA EURO 2016),69,207
Dance,Luis Fonsi,No Me Doy Por Vencido,69,239
Rap,"Tyler, The Creator",Where This Flower Blooms,69,194
Pop,The Neighbourhood,Cry Baby,69,235
Rap,XXXTENTACION,love yourself (interlude),69,48
Rap,Future,Stick to the Models,69,196
Pop,Little Mix,No More Sad Songs,69,225
Pop,Enrique Iglesias,Bailando - Spanish Version,69,243
Rap,Ski Mask The Slump God,So High,69,149
Rock,MKTO,Just Imagine It,69,250
Pop,Austin Burke,Slower,69,184
Rap,Rick Ross,Hustlin',69,254
Pop,Drake,Make Me Proud,69,219
Pop,Halsey,Alone (Feat. Big Sean & Stefflon Don),69,207
Pop,2 Chainz,Girl's Best Friend (feat. Ty Dolla $ign),69,192
Pop,Khalid,Keep Me,69,276
Rap,Joey Bada$$,TEMPTATION,69,244
Rap,Big Boi,All Night,69,241
Pop,Pearl Jam,Just Breathe,69,215
Pop,J. Cole,The Cut Off (feat. kiLL edward),69,237
Pop,J. Cole,BRACKETS,69,315
Pop,Jesper Jenset,Bad Vibrations,69,199
Pop,PRETTYMUCH,Open Arms,69,186
Dance,Britney Spears,Circus,69,192
Rap,Drake,Know Yourself,69,275
Reggaeton,Ozuna,Sigueme los Pasos,69,246
Reggaeton,Lali,Sin Querer Queriendo (feat. Mau y Ricky),69,228
Rock,The Beatles,Lucy In The Sky With Diamonds - Remastered 2009,69,208
Jazz,Louis Armstrong,La vie en rose - Single Version,69,204
Reggaeton,Miky Woodz,A Todas Horas,69,194
Children’s Music,Avenged Sevenfold,Bat Country,69,311
Hip-Hop,Kevin Abstract,Empty,69,194
Hip-Hop,Wisin & Yandel,Sexy Movimiento,69,209
Rock,Zoé,Luna - Live,69,280
Children’s Music,grandson,Apologize,69,198
Soul,Leon Bridges,Forgive You,69,221
Pop,Atomic Kitten,The Tide Is High - Radio Mix,69,205
Children’s Music,Calle 13,Ojos Color Sol,69,215
Rock,Bruce Springsteen,Hungry Heart,69,199
Reggaeton,Angel Y Khriz,Na De Na,69,202
R&B,Aloe Blacc,Brooklyn In The Summer,69,208
Alternative,Rammstein,WEIT WEG,69,260
Rock,Zoé,Azul,69,194
Jazz,Leslie Odom Jr.,Wait for It,69,193
R&B,Gaab,Tem Café,69,262
Soul,Leon Bridges,Coming Home,69,206
Reggaeton,Tego Calderon,Pa' Que Retozen,69,151
Jazz,Oscar D'León,Lloraras,69,221
R&B,James Blake,Retrograde,69,223
Reggaeton,Juhn,Confia Remix,69,234
Children’s Music,Mahalia,Do Not Disturb,69,230
Rock,Bread,Everything I Own,69,187
Alternative,ChocQuibTown,Que Me Baile,69,223
Soul,Sophie Meiers,Don't Be Scared,69,184
Indie,Octavian,Bet (feat. Skepta & Michael Phantom),69,166
Rock,Gary Clark Jr.,Come Together,69,193
Soul,Paolo Nutini,Last Request,69,220
Rock,David Bowie,Moonage Daydream - 2012 Remastered Version,69,279
Folk,Traveling Wilburys,End Of The Line,69,209
Rock,Imagine Dragons,Stuck,69,190
Indie,Sara Farell,It Aint me - Acoustic,69,192
Pop,Franco De Vita,Te Amo,69,218
Indie,Peking Duk,Sugar,69,191
Children’s Music,Dread Mar I,Hoja en Blanco,69,282
R&B,Mariah Carey,Without You,69,213
Pop,Daddy Yankee,La Despedida,69,202
Reggaeton,Fanny Lu,Romper el Hielo,69,178
Rock,Yes,Owner Of A Lonely Heart,69,266
Rock,The Beatles,A Hard Day's Night - Remastered 2009,69,154
Movie,Samuel E. Wright,"Under the Sea - From ""The Little Mermaid"" / Soundtrack Version",69,195
Movie,Jodi Benson,"Part of Your World - From ""The Little Mermaid"" / Soundtrack Version",69,195
Rock,The Band Perry,If I Die Young,69,222
Soul,Michael Kiwanuka,Cold Little Heart - Radio Edit,69,210
Rock,Greta Van Fleet,Safari Song,69,234
Reggaeton,DrefQuila,Exhibicionista,69,212
Rock,Thomas Rhett,T-Shirt,69,227
Folk,Tracy Chapman,Baby Can I Hold You,69,193
Rap,21 Savage,My Choppa Hate Niggas,69,148
Indie,Mac DeMarco,My Kind of Woman,69,190
Hip-Hop,Paulo Londra,Luna Llena,69,181
Reggaeton,Lenny Tavárez,No Me Equivoqué,69,192
Hip-Hop,Daddy Yankee,¿Qué Tengo Que Hacer?,69,218
Rock,Fleetwood Mac,Gypsy,69,264
Rock,Journey,Open Arms,69,202
Hip-Hop,Lacrim,Bloody,69,178
Rap,Linkin Park,Faint,69,162
Indie,Sam Tinnesz,Play With Fire (feat. Yacht Money),69,180
Soul,Marvin Gaye,Sexual Healing - Kygo Remix,69,368
Pop,Coldplay,In My Place,69,226
Rock,Pink Floyd,Breathe (In the Air),69,169
Hip-Hop,Shakka,Man Down (feat. AlunaGeorge),69,211
R&B,Rels B,HEY SHORTY!,69,159
Hip-Hop,Flipp Dinero,Feelin Like,69,206
Movie,Kristen Bell,"Love Is an Open Door - From ""Frozen""/Soundtrack Version",69,124
Pop,Sin Bandera,Entra en Mi Vida,69,249
Soul,Stevie Wonder,Isn't She Lovely,69,394
Hip-Hop,Maître Gims,Est-ce que tu m'aimes ? - Pilule Bleue,69,237
Rock,Secondhand Serenade,Fall for You (Acoustic),69,176
Rock,Paul McCartney,Band On The Run - Remastered 2010,69,313
Pop,Calvin Harris,Promises (with Sam Smith) - David Guetta Remix,69,190
Alternative,Breakbot,Baby I'm Yours - feat. Irfane,69,215
Hip-Hop,Beret,Vuelve,69,148
Indie,Magneto,"Vuela, Vuela (Voyage, Voyage)",69,265
Rock,Twenty One Pilots,Cancer,69,236
Hip-Hop,Geko,6:30,69,213
Children’s Music,Evanescence,Going Under,69,214
Rock,Greta Van Fleet,You're The One,69,266
Rock,Andrés Cepeda,Magia (feat. Sebastian Yatra),69,192
Hip-Hop,Khea,Como Le Digo,69,226
Rock,Mötley Crüe,"Girls, Girls, Girls",69,270
Children’s Music,Calle 13,La Vuelta Al Mundo,69,234
R&B,Rihanna,Stay,69,240
Rock,Santana,Maria Maria (feat. The Product G&B) - Radio Mix,69,261
Rock,Skillet,The Resistance,69,232
Rock,Julieta Venegas,Andar Conmigo,69,193
Reggaeton,Farruko,Krippy Kush,69,230
Rock,Goldmund,Threnody,69,281
Rock,Skid Row,18 and Life,69,229
Pop,Jonas Aden,I Dip You Dip,69,144
Rock,The Score,Stronger,69,190
Rock,Scissor Sisters,I Don't Feel Like Dancin' - Radio Edit,69,248
Children’s Music,Nirvana,Where Did You Sleep Last Night,69,308
Rock,Julieta Venegas,Limón y Sal,69,205
World,Brian McBride,Overture (For Other Halfs),69,398
Rock,Thomas Rhett,Craving You,69,223
Country,Jason Aldean,Any Ol' Barstool,69,203
Rock,Def Leppard,Hysteria,69,354
Children’s Music,Linkin Park,Leave Out All The Rest,69,209
Folk,Jefferson Airplane,White Rabbit,69,150
Reggaeton,Manuel Turizo,Ser Un Cantante,69,189
Rock,Muse,Knights Of Cydonia,69,366
Rock,Simon & Garfunkel,Cecilia,69,174
Indie,The Killers,Read My Mind,69,246
Rock,Panteon Rococo,La Dosis Perfecta,69,255
Children’s Music,Rise Against,Satellite,69,238
Rock,Imagine Dragons,Burn Out,69,273
Pop,Burna Boy,On The Low,69,185
Country,Maren Morris,My Church,69,197
Children’s Music,Joji,COME THRU,69,153
Rock,Foreigner,Waiting For A Girl Like You,69,292
Pop,Marc Anthony,Qué Precio Tiene el Cielo - Salsa Version,69,302
Country,Dierks Bentley,"Woman, Amen",69,179
Rock,Zoé,Arrullo De Estrellas,69,252
Rock,Maldita Vecindad Y Los Hijos Del 5to. Patio,Kumbala,69,267
Rock,Jefferson Airplane,Somebody to Love,69,174
Soul,Solange,Jerrod,69,182
Reggaeton,Ozuna,Tu Olor,69,193
Rock,The Byrds,Turn! Turn! Turn! (To Everything There Is a Season),69,229
Pop,Carla Morrison,Eres Tú,69,228
Children’s Music,Soundgarden,Spoonman,69,246
Folk,Ryan Montbleau,Fast Car (feat. Tall Heights),69,272
Soul,Frank Ocean,Moon River,69,188
Reggaeton,Super Yei,"Lean (feat. Towy, Osquel, Beltito & Sammy & Falsetto)",69,260
Hip-Hop,Khea,"Loca (feat. Duki, Cazzu)",69,246
Hip-Hop,Canserbero,Es Épico,69,361
Hip-Hop,Ali Gatie,Moonlight,69,228
Country,Old Dominion,No Such Thing as a Broken Heart,69,176
Country,Brooks & Dunn,Brand New Man - with Luke Combs,69,190
Country,Dan + Shay,How Not To,69,192
Country,Tim McGraw,Thought About You,69,225
Folk,Tom Petty and the Heartbreakers,Learning To Fly,69,242
Alternative,Rammstein,TATTOO,69,251
Rock,Tommee Profitt,In the End,69,234
Country,Johnny Cash,"Folsom Prison Blues - Live at Folsom State Prison, Folsom, CA - January 1968",69,162
Rock,Imagine Dragons,Love,69,166
Indie,This Band,'Di Na Babalik,69,371
Reggaeton,Anuel Aa,Te Boté - Rhlm Version,69,147
Pop,Avicii,For A Better Day,69,206
World,Bethel Music,Raise a Hallelujah (Live),69,470
Rap,Juice WRLD,Out My Way,69,156
Folk,The Doobie Brothers,What A Fool Believes,69,223
Rap,Juice WRLD,The Bees Knees,69,325
Rap,Juice WRLD,10 Feet,69,212
Hip-Hop,Comethazine,HIPPOPOTAMUS,69,102
Country,Luke Bryan,"Sunrise, Sunburn, Sunset",69,216
Country,Kenny Chesney,All the Pretty Girls,69,212
Folk,Talking Heads,Once In A Lifetime - 2005 Remastered Version,69,259
Rock,KISS,Detroit Rock City,69,215
Rock,Dierks Bentley,Living,69,222
Children’s Music,Hillsong UNITED,So Will I (100 Billion X),69,411
Rock,Bacilos,Mi primer millon,69,237
Alternative,Limp Bizkit,Behind Blue Eyes,69,269
Reggaeton,Bad Bunny,Pa Ti,69,191
Country,Old Dominion,Hotel Key,69,166
Country,Cole Swindell,Middle of a Memory,69,226
Rock,Bachman-Turner Overdrive,You Ain't Seen Nothing Yet,69,237
Children’s Music,Five Finger Death Punch,Bad Company,69,262
Country,Eric Church,Record Year,69,179
Country,Luke Combs,Dive - Recorded At Sound Stage Nashville,69,260
Country,Keith Urban,Parallel Line,69,253
Country,Phil Vassar,Just Another Day In Paradise,69,233
Pop,Michael Jackson,Heal the World,69,384
Rock,Imagine Dragons,Real Life,69,247
Country,Zac Brown Band,Knee Deep (feat. Jimmy Buffett),69,203
Rock,The Who,Pinball Wizard,69,180
Pop,Diplo,Wish - Trippie Mix,69,176
Pop,Juan Gabriel,Hasta Que Te Conocí,69,433
Rap,Meek Mill,Pay You Back (feat. 21 Savage),69,235
Pop,King Princess,Holy,69,174
Rock,Imagine Dragons,Not Today,69,261
Dance,OneRepublic,No Vacancy,69,223
Hip-Hop,Cooliecut,Nothing,69,128
Pop,Gucci Mane,Met Gala (feat. Offset),69,209
Rock,Queen,Radio Ga Ga - Live Aid,69,245
Pop,Talk Talk,It's My Life - 1997 Remastered Version,69,232
Pop,Madonna,Hung Up,69,337
Rock,Iron & Wine,Call It Dreaming,69,231
R&B,Jorja Smith,Let Me Down,69,188
Pop,John Mayer,Still Feel Like Your Man,69,234
Pop,Zedd,I Want You To Know,69,240
Hip-Hop,Tyga,Leather in The Rain (feat. Kyndall),69,213
Pop,Smokepurpp,Sauce Like This,69,121
Dance,Syn Cole,Got the Feeling,69,178
Folk,Fleet Foxes,"If You Need To, Keep Time On Me",69,210
Pop,MØ,Sun In Our Eyes,69,217
Pop,The Gregory Brothers,The Muffin Song (asdfmovie),69,187
Rock,Eric Clapton,Cocaine,69,221
Hip-Hop,Salt-N-Pepa,Shoop,69,248
Rap,The Black Eyed Peas,Just Can’t Get Enough,69,219
Pop,Prince Royce,El Clavo,69,172
Pop,Gregory Alan Isakov,San Luis,69,272
Pop,Sean Paul,I'm Still In Love With You (feat. Sasha),69,273
Pop,blackbear,HIGH1X,69,169
Pop,The Lumineers,Sleep On The Floor,69,211
Pop,Ricky Martin,La Mordidita,69,211
Rock,Korn,Got the Life,69,225
Pop,Marc E. Bassy,Morning,69,206
Pop,Isaiah Rashad,Wat's Wrong (feat. Zacari & Kendrick Lamar),69,330
Pop,Flo Rida,"I Don't Like It, I Love It (feat. Robin Thicke & Verdine White)",69,224
Pop,Billie Eilish,Ocean Eyes - GOLDHOUSE Remix,69,213
Hip-Hop,PARTYNEXTDOOR,Not Nice,69,202
Dance,Tungevaag & Raaban,Hey Baby,69,180
Rock,Europe,Carrie,69,272
Pop,21 Savage,letter 2 my momma,69,194
Pop,Banes World,You Say I'm in Love,69,176
Pop,Paul Anka,Put Your Head On My Shoulder,69,154
Rock,Lynyrd Skynyrd,Simple Man,69,356
Pop,Creed,One Last Breath,69,238
Pop,T.I.,That's All She Wrote (feat. Eminem),69,318
Hip-Hop,Fat Joe,All The Way Up,69,191
Pop,A$AP Rocky,Wild for the Night (feat. Skrillex & Birdy Nam Nam),69,212
Pop,Taylor Swift,Blank Space,69,231
Rock,The Police,Roxanne - Remastered 2003,69,191
Pop,Brandi Carlile,Party Of One (feat. Sam Smith),69,259
Pop,The Notorious B.I.G.,Who Shot Ya,69,319
Pop,The Presidents Of The United States Of America,Lump,69,134
Pop,Randy Houser,How Country Feels,69,185
Pop,Vic Mensa,Liquor Locker,69,258
Pop,David Guetta,Dirty Sexy Money (feat. Charli XCX & French Montana),69,172
Pop,Disclosure,Omen - Radio Edit,69,196
Pop,boy pablo,Feeling Lonely,69,197
Pop,Twenty One Pilots,Hometown,69,234
Pop,Lost Kings,FU4E,69,207
Pop,Shy Glizzy,Do You Understand? (feat. Gunna & Tory Lanez),69,279
Pop,The Archies,"Sugar, Sugar",69,167
Pop,Matt Maeson,Cringe - Stripped,69,219
Pop,Shawn Mendes,Bad Reputation,69,198
Pop,JID,Workin Out,69,226
Pop,Backstreet Boys,Larger Than Life,69,232
Pop,My Chemical Romance,I Don't Love You,69,238
Rap,2Pac,Ghetto Gospel,69,238
Pop,Hearts & Colors,LA On A Saturday Night,69,195
Pop,Sia,Never Give Up,69,221
Pop,One Direction,Live While We're Young,69,200
Rap,Run–D.M.C.,It's Tricky,69,183
Pop,Selena Gomez,Come & Get It,69,231
Rock,Arcade Fire,Everything Now,69,303
Rock,Nirvana,Lithium,69,257
Pop,Nipsey Hussle,Racks In The Middle (feat. Roddy Ricch and Hit-Boy),69,233
Pop,50 Cent,P.I.M.P.,69,249
Pop,Playboi Carti,R.I.P.,69,192
Pop,Quavo,BIGGEST ALLEY OOP,69,180
Pop,Shania Twain,That Don't Impress Me Much,69,238
Pop,Five For Fighting,Superman (It's Not Easy),69,221
Pop,NOTD,Been There Done That (feat. Tove Styrke),69,197
Pop,Moon Taxi,Two High,69,213
Dance,Hardwell,Power,69,148
Rock,Maná,Rayando El Sol,69,250
Rock,Boston,Peace of Mind,69,303
Pop,The National,I Need My Girl,69,245
Pop,Mipso,People Change,69,212
Pop,Rex Orange County,A Song About Being Sad,69,136
Rock,Jackson Browne,Running on Empty,69,298
Hip-Hop,Jacquees,At The Club,69,173
Pop,Kat Dahlia,I Think I'm In Love,69,202
Dance,Juan Magán,Muñequita Linda,69,210
Pop,Kina Grannis,For Now,69,198
Pop,Steve Acho,Let It Be (live Acoustic),69,172
Rock,Tom Walker,Just You and I - Acoustic,69,196
Folk,Birdtalker,Heavy,69,264
Rap,Usher,You Make Me Wanna...,69,219
Folk,Paul Simon,50 Ways to Leave Your Lover,69,217
Dance,Corona,The Rhythm of the Night,69,264
Pop,Beyoncé,Flawless Remix,69,234
Pop,The Fray,Never Say Never,69,256
Pop,Kendrick Lamar,Backseat Freestyle,69,212
Pop,EDEN,drugs,69,338
Pop,The B-52's,Love Shack,69,321
Hip-Hop,Ty Dolla $ign,Pineapple (feat. Gucci Mane & Quavo),69,218
Pop,A$AP Rocky,A$AP Forever REMIX,69,315
Pop,Marshmello,Rooftops,69,177
Pop,Au/Ra,Panic Room,69,237
Pop,Rex Orange County,Edition,69,115
Pop,Ellie Goulding,"Still Falling For You - From ""Bridget Jones's Baby""",69,240
Pop,Rich Gang,Lifestyle,69,269
Pop,A$AP Rocky,Bad Company (feat. BlocBoy JB),69,183
Rap,Kina,Baby You're Worth It,69,130
Pop,Nicki Minaj,Majesty (with Labrinth & feat. Eminem),69,295
Pop,ScHoolboy Q,THat Part,69,313
Pop,Bazanji,Fed Up,69,160
Pop,Robinson,Medicine,69,225
Dance,Kacey Musgraves,Happy & Sad,69,243
Pop,Cavetown,Lemon Boy,69,272
Rap,Eminem,White America,69,324
Rock,AJR,Weak,69,202
Rap,Killswitch Engage,My Curse,69,244
Pop,Drake,Peak,69,206
Pop,Ed Sheeran,Drunk,69,200
Pop,Red Velvet,빨간 맛 Red Flavor,69,191
Hip-Hop,THEY.,What I Know Now (feat. Wiz Khalifa),69,180
Pop,Houndmouth,Sedona,69,239
Pop,Juicy J,Let Me See (feat. Kevin Gates & Lil Skies),69,248
Pop,Flo Rida,Club Can't Handle Me (feat. David Guetta),69,234
Pop,Panic! At The Disco,The Overpass,69,177
Pop,Britney Spears,Sometimes,69,245
Pop,Martin Jensen,Solo Dance,69,174
Rock,Roy Orbison,You Got It,69,210
Rock,The Vaccines,All My Friends Are Falling In Love,69,210
Folk,Glen Campbell,Southern Nights,69,180
Electronic,Blur,Girls and Boys,69,259
Hip-Hop,Souls Of Mischief,93 'Til Infinity,69,286
Pop,Bruno Mars,Young Girls,69,228
Pop,Maroon 5,She Will Be Loved,69,257
Pop,Carly Rae Jepsen,Cut To The Feeling,69,207
Pop,Bruno Mars,Gorilla,69,244
Rock,Queen,Fat Bottomed Girls - Remastered 2011,69,255
Pop,Manu Rios,Riptide,69,208
Rock,Black Sabbath,Paranoid - Remastered Version,69,168
Pop,Ariel Camacho y Los Plebes Del Rancho,Te Metiste,69,209
Pop,Kanye West,Wolves,69,301
Pop,Destiny's Child,Soldier (feat. T.I. & Lil' Wayne),69,325
Pop,Kendrick Lamar,Poetic Justice,69,300
Rap,Justin Timberlake,Señorita,69,294
Pop,Macklemore & Ryan Lewis,Same Love - feat. Mary Lambert,69,318
Pop,Brent Faiyaz,Poison,69,212
Rock,George Michael,Freedom! '90 - Remastered,69,390
Rock,Pulp,Common People,69,351
Pop,Kanye West,Real Friends,69,251
Rock,Bee Gees,"Night Fever - From ""Saturday Night Fever"" Soundtrack",69,209
Hip-Hop,Scarlxrd,Heart Attack,69,193
Pop,R3HAB,Rumors (With Sofia Carson),69,138
Rock,Creedence Clearwater Revival,Bad Moon Rising,69,141
Hip-Hop,Iggy Azalea,Fancy,69,199
Hip-Hop,Drake,Get It Together,69,250
Pop,Ed Sheeran,Small Bump,69,259
Dance,Sia,Elastic Heart,69,257
Rock,Bee Gees,How Deep Is Your Love,69,245
Pop,Weezer,Africa,69,238
Pop,Troye Sivan,The Good Side,69,268
R&B,Fifth Harmony,Don't Say You Love Me,69,193
Dance,Dimitri Vegas & Like Mike,Unity,69,234
Rock,Nickelback,If Today Was Your Last Day,69,249
Rock,Hombres G,Devuelveme a mi chica,69,194
Rap,Luke Christopher,Lot to Learn,69,248
Pop,Simple Plan,I'm Just A Kid,69,198
Pop,Saba,Photosynthesis,69,201
Rap,J. Holiday,Bed,69,275
Pop,BTS,Best Of Me,69,227
Pop,The Weeknd,Rockin’,69,232
Pop,Getter Jaani,Rockefeller Street (New Nightcore) [#Rockefellerstreet Remix],69,155
Pop,Hozier,Someone New,69,222
Dance,Pretenders,I'll Stand by You,69,240
Pop,Lilly Wood and The Prick,Prayer in C - Robin Schulz Radio Edit,69,189
Pop,5 Seconds of Summer,She Looks So Perfect,69,202
Pop,A$AP Rocky,Tony Tone,69,208
Rock,The Marshall Tucker Band,Can't You See,69,365
Pop,Sia,Move Your Body - Alan Walker Remix,69,217
Rock,Caifanes,Viento,69,236
Pop,Twenty One Pilots,Guns For Hands,69,273
Pop,The Him,Nothing On Us,69,161
Pop,The Pussycat Dolls,Don't Cha,69,272
Rock,Rupert Holmes,Escape (The Pina Colada Song),69,276
Rock,Keane,Somewhere Only We Know,69,236
Pop,PSY,Gangnam Style (강남스타일),69,219
Pop,The Weeknd,False Alarm,69,220
Pop,Disclosure,Where Angels Fear To Tread,69,225
Pop,Niall Horan,On The Loose,69,223
Dance,Martin Solveig,Places,69,202
Pop,Chayín Rubio,Ya Me Enteré,69,189
Pop,Cheat Codes,Feeling of Falling,69,216
Pop,Gucci Mane,Curve (feat. The Weeknd),69,161
Pop,Lana Del Rey,Cherry,69,180
Pop,Bruno Mars,It Will Rain,69,257
Pop,Kehlani,The Way (feat. Chance the Rapper),69,262
Pop,Pusha T,If You Know You Know,69,202
Pop,Donny Osmond,"I'll Make a Man Out of You - From ""Mulan""/Soundtrack",69,201
Pop,Monsta X,Shoot Out,69,207
Pop,Ookay,Thief,69,239
Pop,Tee Grizzley,2 Vaults (feat. Lil Yachty),69,210
Hip-Hop,Trey Songz,Bottoms Up - feat. Nicki Minaj,69,242
Pop,Little Mix,Wasabi,69,154
Pop,Marc Anthony,Tu Vida en la Mía,69,373
Pop,Cage The Elephant,Cold Cold Cold,69,214
Pop,Logic,"Wu Tang Forever (ft. Ghostface Killah, Raekwon, RZA, Method Man, Inspectah Deck, Cappadonna, Jackpot Scotty Wotty, U-God, Masta Killa, GZA)",69,487
Rap,El Alfa,Suave (Remix),69,305
Pop,6LACK,Let Her Go,69,177
Rock,Tom Petty and the Heartbreakers,Mary Jane's Last Dance,69,273
Pop,Morgan Evans,Kiss Somebody,69,213
Pop,Carlie Hanson,Only One,69,190
Pop,Kendrick Lamar,XXX. FEAT. U2.,69,254
Pop,Marshmello,Flashbacks,69,165
Pop,J. Cole,FRIENDS (feat. kiLL edward),69,257
Pop,Taylor Swift,Call It What You Want,69,203
Hip-Hop,Lil Pump,D Rose,69,135
Pop,Shakira,Try Everything,69,196
Pop,Camila,Aléjate de Mí,69,258
Rap,SAINt JHN,Trap (feat. Lil Baby),69,184
Pop,Tinashe,Throw A Fit,69,158
Pop,All Time Low,"Dear Maria, Count Me In",69,182
Pop,2 Chainz,I Said Me,69,331
Pop,Drake,Uptown (feat. Bun B & Lil Wayne),69,382
Hip-Hop,GoldLink,Herside Story,69,183
Rap,XXXTENTACION,Pain = BESTFRIEND - feat. Travis Barker,69,101
Rap,Lil Peep,Sunlight On Your Skin - Bonus Track,69,200
Rap,Aminé,SHINE,69,150
Pop,Migos,BBO (Bad Bitches Only),69,251
Rap,J. Cole,Change,69,331
Pop,Metro Boomin,"Only You (feat. WizKid, Offset & J Balvin)",69,218
Rap,Mustard,Dangerous World (feat. Travis Scott & YG),69,165
Pop,Nickelback,Far Away,69,238
Pop,G-Eazy,Calm Down,69,127
Pop,Twenty One Pilots,Goner,69,236
Pop,Conan Gray,Lookalike,69,220
Pop,Drake,Blem,69,216
Folk,Dermot Kennedy,For Island Fires and Family,69,285
Dance,Paty Cantú,Cuenta Pendiente,69,192
Pop,Breathe Carolina,Sweet Dreams (feat. Kaleena Zanders),69,159
Pop,G.R.L.,Ugly Heart,69,198
Pop,Leslie Grace,Díganle - Tainy Remix,69,211
Pop,Quality Control,Bosses Don't Speak,69,241
Rock,Bastille,World Gone Mad,69,195
Pop,Kip Moore,Last Shot,69,228
Pop,Rascal Flatts,Bless The Broken Road,69,226
Pop,Metro Boomin,Lesbian (feat. Gunna & Young Thug),69,206
Rap,Drake,Fire & Desire,69,238
Pop,PRETTYMUCH,Blind,69,201
Pop,gianni & kyle,pop a pill,69,180
Pop,Halsey,Walls Could Talk,69,101
Dance,Jamie Foxx,Blame It,69,289
Rap,SZA,Supermodel,69,181
Pop,Kendrick Lamar,Money Trees,69,386
Hip-Hop,Lil Pump,Nu Uh,69,114
Pop,Fall Out Boy,"This Ain't A Scene, It's An Arms Race",69,212
Pop,LeAnn Rimes,How Do I Live,69,266
Blues,Otis Redding,(Sittin' On) the Dock of the Bay - Mono,69,163
Pop,BTS,Run,69,236
Pop,Nathaniel Rateliff & The Night Sweats,You Worry Me,69,214
Pop,ZAYN,No Candle No Light (feat. Nicki Minaj),69,195
Pop,Jason Isbell and the 400 Unit,If We Were Vampires,69,215
Rock,Journey,Faithfully,69,267
Rock,Gorillaz,Clint Eastwood,69,340
Pop,Harrison Storm,Sense of Home,69,265
Pop,DVBBS,IDWK,69,179
Pop,Wisin,"Escápate Conmigo (feat. Ozuna, Bad Bunny, De La Ghetto, Arcángel, Noriel & Almighty) - Remix",69,386
Pop,Jaymes Young,I'll Be Good,69,248
Pop,Stray Kids,My Pace,69,189
Pop,Jay & The Americans,Come A Little Bit Closer,69,166
Pop,Sam Smith,Pray,69,221
Pop,Lupe Fiasco,The Show Goes On,69,239
Pop,Michael Jackson,Black or White - Single Version,69,202
Pop,Pitbull,International Love,69,227
Pop,Avril Lavigne,My Happy Ending,69,242
Folk,Iron & Wine,"Flightless Bird, American Mouth",69,242
Pop,Denzel Curry,Ultimate,69,189
Pop,Yandel,Sólo Mía (feat. Maluma),69,203
Pop,Ellie Goulding,"Love Me Like You Do - From ""Fifty Shades Of Grey""",69,252
Pop,TOMORROW X TOGETHER,Nap of a star,69,243
Rock,Fall Out Boy,My Songs Know What You Did In The Dark (Light Em Up),69,186
Pop,Tee Grizzley,Jettski Grizzley (feat. Lil Pump),69,163
Pop,Tiësto,Red Lights,69,262
Pop,Julia Sheer,Little Talks,69,219
Pop,Akon,I Wanna Love You,69,247
Pop,BTS,Tear,69,284
Pop,Taylor Swift,Shake It Off,69,219
Rock,Barns Courtney,"""99""",69,199
Pop,The Romantics,What I Like About You,69,175
Hip-Hop,SZA,Drew Barrymore,69,231
Pop,Henry Jamison,Real Peach,69,233
Pop,Kodaline,Brother,69,201
Hip-Hop,mysticphonk,Haunt U,69,100
Pop,Sigrid,High Five,69,169
Dance,Culture Beat,Mr. Vain - Original Radio Edit,69,257
Rap,Dope,Die MF Die,69,186
Pop,Banda Los Recoditos,Mi Último Deseo,69,163
Pop,Rae Sremmurd,Perplexing Pegasus - From SR3MM,69,204
Pop,Dean Lewis,Lose My Mind,69,200
Pop,Bryce Vine,La La Land (feat. YG),69,177
Pop,Halloran & Kate,Capital Letters,69,222
Rock,Bring Me The Horizon,Throne,69,191
Pop,Yoke Lore,Truly Madly Deeply - Recorded at Spotify Studios NYC,69,190
Pop,Taylor Swift,September - Recorded at The Tracking Room Nashville,69,187
Pop,Next,Too Close,69,259
Rock,Michael Bolton,How Am I Supposed to Live Without You,69,255
Pop,Morgan Evans,Day Drunk,69,194
Rock,Bring Me The Horizon,ouch,69,109
Hip-Hop,Pretty Ricky,Grind With Me,69,237
Pop,Twenty One Pilots,Trees,69,267
Pop,Gavin Mikhail,"The Night We Met (from ""13 Reasons Why"")",69,177
Hip-Hop,Westside Connection,Gangsta Nation,69,293
Pop,Banda Los Recoditos,Me Sobrabas Tú,69,181
Pop,Peter Manos,You Don't Know Me,69,172
Pop,D12,My Band,69,298
Pop,BTS,Trivia 承 : Love,69,225
Pop,Lorde,Perfect Places,69,221
Pop,KIDS SEE GHOSTS,Cudi Montage,69,197
Pop,Ulices Chaidez,Que Bonito Es Querer,69,209
Pop,Snoop Dogg,Drop It Like It's Hot,69,266
Pop,Ab-Soul,Bloody Waters (with Anderson .Paak & James Blake),69,272
Pop,Ed Sheeran,Thinking out Loud,69,281
Rock,Van Halen,Runnin' with the Devil - 2015 Remaster,69,214
Pop,Wiz Khalifa,We Dem Boyz,69,224
Pop,Rihanna,SOS,69,238
Pop,M.I.A.,Bad Girls,69,227
Pop,Calvin Harris,Thinking About You (feat. Ayah Marar),69,247
Pop,Charlie Puth,One Call Away,69,194
Pop,Wisin,Todo Comienza en la Disco,69,268
Pop,Lady Gaga,Applause,69,212
Pop,J Boog,Let's Do It Again,69,192
Pop,Mike WiLL Made-It,23,69,252
Pop,BTS,Pied Piper,69,245
Pop,Borgeous,Make Me Yours,69,195
Pop,Shawn Mendes,Queen,69,204
Pop,Katy Perry,The One That Got Away - Acoustic,69,259
Pop,Bruno Mars,Straight Up & Down,69,198
Pop,Destiny's Child,"Independent Women, Pt. 1",69,221
Indie,Witt Lowry,HURT,68,260
Folk,Shannon Lay,Recording 15,68,242
Pop,Travis Scott,Maria I'm Drunk (feat. Justin Bieber & Young Thug),68,349
Hip-Hop,Mac Miller,Programs,68,190
Hip-Hop,Smokepurpp,123,68,170
Rock,Red Hot Chili Peppers,Around The World,68,238
Pop,Janet Jackson,Together Again,68,301
Pop,Aventura,Por un Segundo,68,255
Rap,Russ,Cherry Hill,68,222
R&B,The Weeknd,Tell Your Friends,68,334
Folk,Phillip Phillips,"Gone, Gone, Gone",68,209
R&B,The Weeknd,High For This,68,247
Rap,Trippie Redd,Diamond Minds,68,185
Rock,Placebo,Every You Every Me,68,213
Rock,Jewel,You Were Meant For Me,68,254
Folk,"Crosby, Stills, Nash & Young",Ohio,68,183
Rap,Chance the Rapper,Smoke Break (feat. Future),68,226
Rock,Audioslave,Be Yourself,68,278
Rap,Trippie Redd,Missing My Idols,68,146
Dance,Olivia Holt,History,68,203
Dance,Crowded House,Weather With You,68,224
Rap,gianni & kyle,5 shots,68,181
Reggaeton,J Balvin,Ahora,68,254
R&B,Demi Lovato,Skyscraper,68,221
Pop,Melii,HML,68,179
Rock,The Rolling Stones,"Paint It, Black - Mono",68,204
Rap,Kanye West,Blood On The Leaves,68,359
Pop,DREAMCATCHER,PIRI,68,206
Hip-Hop,Night Lovell,Joan of Arc,68,145
Hip-Hop,MC Davo,Desde Cero (feat. Santa Fe Klan),68,193
Indie,Elohim,Sleepy Eyes,68,202
Rap,Kanye West,Pt. 2,68,130
Hip-Hop,Meek Mill,Respect The Game,68,192
Pop,Drake,Started From the Bottom,68,174
Indie,Møme,Aloha,68,218
Pop,Jonas Brothers,Play My Music,68,197
Indie,Charlotte Day Wilson,Work,68,224
Rap,YG,SUU WHOOP,68,185
Dance,Julia Michaels,In This Place,68,201
Rock,Simple Plan,Perfect,68,277
Pop,BTS,Paradise,68,211
Reggaeton,Cauty,Ta To Gucci,68,174
Pop,P!nk,Just Like a Pill,68,237
Children’s Music,Thousand Foot Krutch,Courtesy Call,68,236
R&B,The Weeknd,Shameless,68,253
Pop,Skylar Grey,Everything I Need - Film Version,68,196
R&B,Demi Lovato,Really Don't Care,68,201
Dance,Ariana Grande,Leave Me Lonely,68,229
Folk,The Kinks,Lola - Coca Cola Version,68,241
Pop,Shawn Mendes,Mercy - Acoustic,68,219
Dance,Deorro,Bailar - Radio Edit,68,137
Dance,Prince Royce,Corazon Sin Cara,68,211
Jazz,Puerto Rican Power,Tu Cariñito,68,251
R&B,The Internet,Wanna Be,68,267
Rap,Childish Gambino,IV. Sweatpants,68,180
Pop,NCT 127,Cherry Bomb,68,236
Hip-Hop,Wiz Khalifa,Real Rich (feat. Gucci Mane),68,124
Pop,MNEK,Colour,68,201
Ska,Los Fabulosos Cadillacs,Siguiendo La Luna - Remasterizado 2008,68,291
R&B,Kelly Clarkson,Never Enough,68,204
Rap,Lil Baby,Never Needed No Help,68,195
Dance,Justice,D.A.N.C.E,68,242
Dance,Ace of Base,The Sign,68,191
Rap,Kanye West,Wouldn't Leave,68,205
Rock,Foo Fighters,Walk,68,255
Pop,BIGBANG,FXXK IT,68,231
Pop,Lenin Ramírez,Hierba de Receta,68,193
Pop,Katy Perry,Wide Awake,68,220
Pop,Taylor Swift,You Belong With Me,68,231
Dance,Robin Schulz,Unforgettable,68,225
Dance,PRETTYMUCH,"10,000 Hours",68,193
Ska,Los Fabulosos Cadillacs,Matador - Remasterizado 2008,68,275
Pop,Rita Ora,I Will Never Let You Down,68,203
Dance,Jeremy Zucker,better off - filous remix,68,176
Dance,Alesso,Is That For Me,68,169
Pop,Chris Burton,Love Letters,68,193
Pop,Maroon 5,One More Night,68,219
Rock,Welshly Arms,Learn To Let Go,68,214
Rock,Imagine Dragons,Mouth Of The River,68,221
Dance,Melanie Martinez,Soap,68,209
Country,Chris Stapleton,Fire Away,68,244
Dance,Ansel Elgort,All I Think About Is You,68,188
Indie,The Mayries,Back To You,68,219
Dance,Melanie Martinez,Mrs. Potato Head,68,217
Country,Florida Georgia Line,Anything Goes,68,218
Indie,Sleeping At Last,Turning Page,68,255
Hip-Hop,Lil Durk,No Label,68,144
Pop,Steve Aoki,Mayhem,68,157
Rock,Kate Bush,Wuthering Heights,68,269
Rock,Foals,Mountain At My Gates,68,244
Country,Morgan Wallen,The Way I Talk,68,208
Indie,Charlotte Lawrence,Just The Same,68,211
Hip-Hop,Lil Pump,Too Much Ice (feat. Quavo),68,172
Pop,Maroon 5,Harder To Breathe,68,173
Folk,Daryl Hall & John Oates,Rich Girl,68,142
Pop,One Direction,No Control,68,199
Dance,Ariana Grande,They Don't Know,68,197
Children’s Music,Glass Animals,Youth,68,230
Country,Kenny Chesney,American Kids,68,182
Indie,Oh Wonder,Drive,68,196
Hip-Hop,Lil Peep,Girls,68,240
Country,Chris Janson,Drunk Girl,68,207
Pop,Avril Lavigne,I'm with You,68,223
Hip-Hop,Farid Bang,INTERNATIONAL GANGSTAS,68,286
Hip-Hop,Rilès,Marijuana,68,162
Indie,Tom Misch,It Runs Through Me,68,261
Dance,Soft Cell,Tainted Love,68,153
Hip-Hop,Jalen Santoy,Foreplay,68,173
Pop,Galantis,Love On Me,68,205
Rock,Natalia Lafourcade,Lo Que Construimos,68,279
Rock,Muse,Time Is Running Out,68,237
Pop,Remmy Valenzuela,Mi Princesa,68,183
Rock,Mudvayne,Happy?,68,216
Rock,Juanes,Fotografía,68,238
Rock,Kabah,La Calle De Las Sirenas,68,236
Hip-Hop,Smooky MarGielaa,"Flight To Memphis (feat. Chris Brown, Juicy J & A$AP Rocky)",68,215
Pop,Tina Turner,What's Love Got to Do with It,68,226
Rock,ZZ Top,Gimme All Your Lovin',68,241
Indie,Craig Cardiff,Dirty Old Town,68,246
Reggaeton,Natti Natasha,Te Lo Dije,68,192
Hip-Hop,TLC,Creep,68,268
Indie,Honeywater,So Little Time,68,220
Dance,Carly Rae Jepsen,Call Me Maybe,68,193
Country,Walker Hayes,90's Country,68,172
Indie,Kiiara,Messy,68,169
Country,Dierks Bentley,Drunk On A Plane,68,254
Pop,Galantis,Peanut Butter Jelly,68,203
Indie,Blind Pilot,3 Rounds and a Sound,68,266
Pop,A$AP Rocky,Canal St.,68,227
Dance,Kehlani,Keep On,68,209
Folk,John Lennon,Happy Xmas (War Is Over) - Remastered,68,213
Country,Brooks & Dunn,Neon Moon,68,263
Country,Zac Brown Band,Homegrown,68,205
Reggaeton,Kevin Roldan,Pa Tu Casa,68,291
Children’s Music,The Strokes,Someday,68,183
Dance,Melanie Martinez,Pity Party,68,204
Country,Walker Hayes,You Broke Up with Me,68,197
Indie,Olivia O'Brien,Love Myself,68,213
Rock,Laura Branigan,Gloria - LP Single Version,68,295
Country,Billy Currington,It Don't Hurt Like It Used To,68,184
Rock,Kings of Leon,Waste A Moment,68,183
Country,Tim McGraw,Humble And Kind,68,259
Pop,Natti Natasha,Quien Sabe,68,271
Dance,Alec Benjamin,1994,68,184
Indie,Maisie Peters,Feels Like This,68,223
Country,Easton Corbin,A Girl Like You,68,217
Indie,Hey Violet,Hoodie,68,219
Children’s Music,Third Eye Blind,Jumper - 1998 Edit,68,272
Indie,Seafret,Oceans,68,216
Pop,The Beach Boys,Wouldn't It Be Nice - Remastered,68,145
Rap,Vigiland,Take This Ride,68,203
Pop,Dua Lipa,Hotter Than Hell,68,187
Country,George Strait,Check Yes Or No,68,200
Hip-Hop,Eminem,Bitch Please II,68,288
Rap,Lil Wayne,How To Love,68,240
Rap,Lil Uzi Vert,Top,68,236
Indie,Phum Viphurit,Lover Boy,68,236
Folk,Arcade Fire,Wake Up,68,335
Pop,Lana Del Rey,High By The Beach,68,257
Hip-Hop,Lil Peep,Leanin',68,206
Pop,Lauv,The Other,68,189
Rock,AC/DC,Rock N Roll Train,68,261
Rap,Blueface,Freak Bitch,68,105
Rap,2Pac,California Love - Original Version,68,284
Rock,Audioslave,Cochise,68,222
Rock,Faith No More,Epic,68,293
Pop,Matisse & Sadko,Don’t Tell Me,68,173
Pop,Wale,"My Love (feat. Major Lazer, WizKid, Dua Lipa)",68,228
Pop,Three Days Grace,Infra-Red,68,230
Rap,Lil Wayne,Mrs. Officer,68,286
Pop,The 1975,I Like America & America Likes Me,68,206
Indie,Radical Face,"Welcome Home, Son",68,287
Pop,Anne-Marie,Alarm,68,205
Pop,One Direction,If I Could Fly,68,230
Hip-Hop,Eminem,Legacy,68,296
Hip-Hop,La Factoria,Todavia,68,203
Dance,The Wanted,Glad You Came,68,198
Hip-Hop,Canserbero,Jeremías 17-5,68,318
Pop,David Guetta,Flames - Pink Panda Remix,68,228
Indie,Halsey,Eyes Closed,68,202
Rock,The Beatles,Revolution - Remastered 2009,68,205
Pop,Céline Dion,The Power of Love,68,342
Pop,James Bay,Slide,68,203
Indie,Halsey,New Americana,68,183
Rock,Hombres G,El Ataque De Las Chicas Cocodrilo,68,184
Rock,Ricardo Arjona,El Problema,68,330
Indie,Bazanji,2019,68,112
Children’s Music,KALEO,All The Pretty Girls,68,269
Hip-Hop,"Gotay ""El Autentiko""",Yo Me La Robé,68,221
Rock,The Beatles,Norwegian Wood (This Bird Has Flown) - Remastered 2009,68,124
Hip-Hop,Belly,Might Not,68,224
Rock,System Of A Down,Sugar,68,153
Hip-Hop,Wu-Tang Clan,Wu-Tang Clan Aint Nuthing ta F' Wit,68,216
Rock,Zoé,Love,68,203
Rock,James Bay,Wild Love,68,197
Indie,Rosie Carney,Thousand (feat. Lisa Hannigan),68,206
Pop,BTS,Let Go,68,299
Soul,Amy Winehouse,Love Is A Losing Game,68,154
Rock,Natalia Lafourcade,Tú Sí Sabes Quererme (feat. Los Macorinos),68,244
Pop,BTS,BTS Cypher 4,68,294
Pop,Kygo,Stranger Things (feat. OneRepublic) - Alan Walker Remix,68,178
Rock,Twenty One Pilots,Ode To Sleep,68,308
Pop,dodie,Monster,68,245
Pop,Sia,Helium (Sia vs. David Guetta & Afrojack),68,237
Dance,t.A.T.u.,All The Things She Said,68,214
Pop,Lady Gaga,Joanne,68,196
Dance,Deorro,Five Hours,68,326
Pop,Michael Jackson,Black or White,68,254
Rock,Fleetwood Mac,Rhiannon,68,252
Indie,John Roa,Oks Lang,68,336
Pop,Grey,Want You Back,68,176
Folk,Billy Joel,Vienna,68,214
Rock,Creedence Clearwater Revival,Lookin' Out My Back Door,68,152
Rock,Journey,Separate Ways (Worlds Apart),68,323
Rap,Timmies,Loosing Interest,68,117
Rock,Bon Jovi,Runaway,68,230
Rock,Metallica,One (Remastered),68,446
Pop,Tom Petty,I Won't Back Down,68,178
Rock,Crossfade,Cold,68,194
Rock,Wallows,Pleaser,68,187
Indie,Clementine Duo,2U - Acoustic Version,68,208
Pop,Mamamoo,Starry Night,68,211
Rock,Stevie Nicks,Edge of Seventeen,68,329
Dance,Tungevaag & Raaban,Bad Boy (feat. Luana Kiara),68,190
Rock,Neil Young,Old Man - 2009 Remaster,68,202
Pop,My Chemical Romance,Na Na Na [Na Na Na Na Na Na Na Na Na],68,205
Rock,Little Big Town,Girl Crush,68,193
Reggaeton,Karol G,Ahora Me Llama,68,235
Rap,The Weeknd,A Lonely Night,68,220
Pop,Pierce The Veil,King For A Day,68,236
Soul,Bill Withers,Lean on Me,68,258
Pop,Herencia de Patrones,Cosas De La Clica,68,140
Pop,Lukas Graham,Mama Said,68,206
Rock,The Black Crowes,Hard To Handle,68,188
Rock,Eve 6,Inside Out,68,219
Pop,BTS,Silver Spoon,68,233
Rock,Tame Impala,Eventually,68,318
Hip-Hop,DaBaby,Next Song,68,79
Soul,Verzache,Needs,68,177
Pop,Kero Kero Bonito,Flamingo,68,197
Rock,Eric Church,Drink In My Hand,68,191
Electronic,Valentino Khan,Lick It,68,216
Rock,Meredith Brooks,Bitch,68,252
Pop,Sabrina Carpenter,Paris,68,218
Rock,Michael Bolton,When a Man Loves a Woman,68,231
Pop,Taylor Swift,Dancing With Our Hands Tied,68,211
Pop,ASTRO,All Night,68,223
Soul,Seinabo Sey,Younger - Kygo Remix,68,351
Rock,Elton John,Crocodile Rock,68,235
Rap,Juice WRLD,Rider,68,192
Pop,Ed Sheeran,One,68,252
Pop,Cornelio Vega y su Dinastia,Fue un Error Amarte,68,164
Hip-Hop,"quickly, quickly",Getsomerest/sleepwell,68,332
Dance,Felix Jaehn,Hot2Touch,68,160
Reggaeton,Alex Rose,Darte,68,239
Pop,NCT 127,Regular - English Version,68,219
Indie,Peking Duk,Fire,68,226
Children’s Music,Avenged Sevenfold,Afterlife,68,352
Hip-Hop,Flyboy Tarantino,"Love Hard, Fall Fast",68,182
Pop,Spice Girls,2 Become 1,68,241
Dance,Don Diablo,You're Not Alone (feat. Kiiara),68,187
Pop,Shakira,"Ciega, Sordomuda",68,267
Reggaeton,Lyanno,Pa Mi,68,230
R&B,Rels B,Made In Taiwan,68,153
Pop,SUNMI,Heroine,68,195
Dance,OMI,Masterpiece (with Felix Jaehn),68,180
Rock,Toploader,Dancing in the Moonlight - 2001 Remix,68,233
Reggaeton,Alex Rose,More More,68,204
Rock,Mountain,Mississippi Queen,68,151
Rock,Metallica,Master of Puppets (Remastered),68,515
Folk,Dermot Kennedy,After Rain,68,294
Reggaeton,Alex Rose,Me Odias?,68,234
Pop,Sam Smith,Money On My Mind,68,192
Rock,The Doors,Soul Kitchen,68,213
Rock,John Mellencamp,Hurts So Good,68,218
Pop,Ariana Grande,Bad Decisions,68,226
Rap,Juice WRLD,Won’t Let Go,68,200
Pop,TWICE,Heart Shaker,68,186
Indie,Orange & Lemons,Hanggang Kailan - Umuwi Ka Na Baby,68,261
Pop,Justin Timberlake,Suit & Tie,68,326
Dance,Juan Magán,Le Encanta,68,188
Pop,Cuco,Drown,68,234
Dance,ALMA,Chasing Highs,68,195
Indie,Ben&Ben,Leaves,68,310
Dance,James Arthur,Naked - Acoustic Version,68,230
Soul,Barry White,"You're The First, The Last, My Everything",68,208
Rap,Rockie Fresh,Must Be,68,161
Alternative,Tierra Whack,Hungry Hippo,68,60
Children’s Music,Shinedown,Second Chance,68,222
Rock,Tame Impala,Yes I'm Changing,68,270
Indie,Paul Rey,Fool For You,68,196
Rock,David Lee Murphy,Dust On The Bottle,68,224
Pop,Shania Twain,Any Man Of Mine,68,246
World,Manu Chao,Bongo Bong,68,158
Children’s Music,Callalily,Magbalik,68,326
Hip-Hop,$uicideBoy$,LTE,68,133
Rock,Imagine Dragons,Roots,68,174
Rock,Imagine Dragons,I’ll Make It Up To You,68,262
Rock,grandson,Despicable,68,223
Pop,Stanaj,Romantic - NOTD Remix,68,184
Pop,Everclear,Santa Monica,68,191
Pop,Marc Anthony,Valió la Pena - Salsa Version,68,289
Alternative,Hombres G,Devuélveme a mi chica,68,194
Pop,Mary Wells,My Guy,68,174
Rap,Lil Pump,Vroom Vroom Vroom,68,113
Dance,Tujamo,Drop That Low (When I Dip),68,160
Children’s Music,Five Finger Death Punch,Wrong Side of Heaven,68,271
Rap,Tyga,Sip A Lil (feat. Gucci Mane),68,278
Rock,Scorpions,Send Me An Angel,68,273
Pop,Grace VanderWaal,Moonlight,68,174
Classical,Wolfgang Amadeus Mozart,"Piano Concerto No. 21 in C Major, K. 467 ""Elvira Madigan"": II. Andante",68,433
Rock,Queen,I Want To Break Free,68,223
Rock,Nickelback,When We Stand Together,68,190
Pop,Panic! At The Disco,"The Good, The Bad And The Dirty",68,171
Dance,Luis Fonsi,Apaga La Luz,68,212
Classical,Ludwig van Beethoven,"Sonata No. 14 ""Moonlight"" in C-Sharp Minor"", Op. 27 No. 2: I. Adagio sostenuto",68,315
Rap,Linkin Park,Given Up,68,189
Rap,Logic,Broken People (with Logic & Rag'n'Bone Man),68,212
Dance,Vicetone,Nevada (feat. Cozi Zuehlsdorff),68,208
Movie,Nathan Lane,"Hakuna Matata - From ""The Lion King""/Soundtrack",68,213
Pop,Sebastian Yatra,My Only One (No Hay Nadie Más),68,198
Rock,Stone Sour,Absolute Zero,68,229
Pop,Harry Styles,Meet Me in the Hallway,68,227
Pop,CHUNG HA,Roller Coaster,68,212
Alternative,Hombres G,Te quiero,68,225
Pop,NCT DREAM,We Go Up,68,183
Pop,Selena Gomez,Back To You - Joey Pecoraro Remix,68,226
Hip-Hop,Future,Last Breath,68,239
Pop,50 Cent,Disco Inferno,68,214
Rock,System Of A Down,Radio/Video,68,249
Rap,Disturbed,Are You Ready,68,261
Pop,WINNER,REALLY REALLY,68,203
Pop,Camila,Coleccionista de Canciones,68,306
Dance,Rudimental,"These Days (feat. Jess Glynne, Macklemore & Dan Caplen) - Acoustic",68,212
Dance,Bryan Ferry,Slave To Love,68,266
Reggaeton,Ozuna,Egoísta,68,247
Rock,Taking Back Sunday,Cute Without The 'E' (Cut From The Team),68,211
Rap,Linkin Park,A Place For My Head,68,184
Rap,G-Unit,Poppin' Them Thangs,68,240
Pop,Panic! At The Disco,Golden Days,68,254
Children’s Music,Vicentico,No Te Apartes de Mí,68,198
Pop,Calvin Harris,Faking It (feat. Kehlani & Lil Yachty),68,240
Pop,Bhad Bhabie,Hi Bich,68,104
Rock,Foghat,Slow Ride,68,232
Reggaeton,Mambo Kingz,Me Reclama,68,187
Pop,Irene Cara,What A Feeling,68,244
Rock,Imagine Dragons,On Top Of The World,68,189
Pop,The Zombies,Time Of The Season (Mono Version),68,214
Movie,Mandy Moore,"When Will My Life Begin? - From ""Tangled"" / Soundtrack Version",68,152
Soul,Amy Winehouse,"Valerie - Live At BBC Radio 1 Live Lounge, London / 2007",68,233
Rap,Nick Jonas,"Introducing Me - From ""Camp Rock 2: The Final Jam""",68,186
Children’s Music,Rob Zombie,Dragula,68,222
Rock,Travis Tritt,It's A Great Day To Be Alive,68,241
Pop,Dennis Lloyd,Leftovers,68,192
Rock,Tonic,If You Could Only See,68,261
Rock,Lou Reed,Perfect Day,68,225
Pop,Cheat Codes,Sex,68,228
Dance,Oliver Heldens,What The Funk (feat. Danny Shah) - Steve Aoki Remix,68,251
Dance,Timmy Trumpet,Mufasa,68,167
Pop,Granger Smith,Happens Like That,68,171
Rap,Theory of a Deadman,Angel,68,202
Pop,BTS,Butterfly,68,238
Rock,Gavin DeGraw,Not Over You,68,218
Pop,El Fantasma,Dolor y Amor,68,159
Hip-Hop,Kris Kross,Jump,68,195
Soul,The Staple Singers,I'll Take You There,68,196
Soul,Alicia Keys,Raise A Man,68,373
Electronic,Verbus,Trust in Me,68,163
Dance,Gigi D'Agostino,L'amour Toujours (Small Mix),68,242
Dance,Hardwell,Bella Ciao,68,203
Children’s Music,Nickelback,Rockstar,68,252
Rock,Muse,Thought Contagion,68,206
Children’s Music,Ozzy Osbourne,"Mama, I'm Coming Home",68,251
Pop,Banda Clave Nueva De Max Peraza,Cuál Adiós,68,209
Dance,CID,Werk,68,172
Folk,Bad Company,Feel Like Makin' Love - 2015 Remastered Version,68,313
Pop,Sigrid,Sucker Punch,68,194
Movie,Lea Salonga,"A Whole New World - From ""Aladdin"" / Soundtrack Version",68,160
Children’s Music,Alice In Chains,Rooster,68,374
Pop,Maddie & Tae,Die From A Broken Heart,68,188
Pop,The Goo Goo Dolls,Name,68,270
Movie,Mandy Moore,"I See the Light - From ""Tangled"" / Soundtrack Version",68,224
Movie,Joseph Williams,"Can You Feel the Love Tonight - From ""The Lion King"" / Soundtrack Version",68,177
Pop,Bruno Mars,Calling All My Lovelies,68,250
Reggaeton,Ozuna,Haciéndolo,68,232
Pop,NCT,Baby Don’t Stop,68,183
Rock,Guns N' Roses,Civil War,68,462
Children’s Music,Los Amigos Invisibles,Mentiras,68,201
Rock,Pink Floyd,Hey You,68,278
Pop,Lana Del Rey,West Coast,68,256
Rock,Twenty One Pilots,Truce,68,142
Pop,A$AP Rocky,Kids Turned Out Fine,68,183
Pop,Steve Aoki,Pretender (feat. Lil Yachty & AJR),68,188
Pop,Lulleaux,Contact,68,141
Pop,Kodaline,The One,68,232
Pop,Troye Sivan,Animal,68,265
Pop,Selena Gomez,Hands To Myself,68,200
Rap,OutKast,The Way You Move (feat. Sleepy Brown) - Club Mix,68,234
Indie,Radiohead,Exit Music (For a Film),68,267
Pop,H.I.N.P (Hot Issue of Ntl. Producers),Rumor,68,197
R&B,Still Woozy,Lucy,68,142
Rap,PnB Rock,TTM (feat. Wiz Khalifa & NGHTMRE),68,212
Rap,Migos,Kelly Price (feat. Travis Scott),68,363
Folk,Juke Ross,Colour Me,68,211
Hip-Hop,Metro Boomin,Up To Something (feat. Travis Scott & Young Thug),68,184
Hip-Hop,Big Sean,So Good (& Metro Boomin),68,268
Dance,The Chainsmokers,You Owe Me,68,190
Pop,Calvin Harris,Let's Go (feat. Ne-Yo),68,232
Rap,Drake,Childs Play,68,241
Rap,NF,My Life,68,215
Indie,The Band CAMINO,2 / 14,68,163
Hip-Hop,Hector & Tito,Baila Morena - Original Reggaeton Mix,68,187
Indie,The xx,Angels,68,171
Dance,Charlotte Lawrence,Psychopath - Recorded at Spotify Studios NYC,68,175
R&B,Joji,I Don't Wanna Waste My Time,68,164
R&B,Jorja Smith,Goodbyes,68,230
R&B,Jorja Smith,Teenage Fantasy,68,226
Rap,J. Cole,Can't Get Enough,68,225
Rock,Foo Fighters,Monkey Wrench,68,231
Children’s Music,Skillet,Awake and Alive,68,209
Rap,Drake,Feel No Ways,68,240
Jazz,The Pharcyde,Passin' Me By,68,303
Pop,BTS,Intro: Singularity,68,196
Rock,Scorpions,Rock You Like a Hurricane,68,255
Blues,The Black Keys,Walk Across The Water,68,235
Indie,The White Stripes,Icky Thump,68,254
Rap,Meek Mill,Millidelphia (feat. Swizz Beatz),68,215
Rock,Nirvana,About A Girl,68,166
R&B,Rihanna,S&M,68,243
Dance,Sabrina Carpenter,Thumbs,68,216
R&B,Kali Uchis,Just A Stranger (feat. Steve Lacy),68,177
Pop,BTS,Danger,68,245
Rock,Gerry Rafferty,Baker Street,68,365
Indie,Hoodie Allen,Surprise Party (feat. Blackbear),68,188
Rap,J. Cole,Forbidden Fruit,68,268
Hip-Hop,Nicky Jam,En La Cama (feat. Daddy Yankee),68,157
Rap,Post Malone,Hit This Hard,68,249
R&B,khai dreams,Lost in You,68,101
Jazz,Andy Williams,It's the Most Wonderful Time of the Year,68,151
Rap,Machine Gun Kelly,Till I Die,68,212
Rap,Young Thug,Digits,68,176
Dance,Bruno Mars,Too Good To Say Goodbye,68,281
Rap,2 Chainz,"I'm Not Crazy, Life Is (feat. Chance The Rapper, Kodak Black)",68,330
Hip-Hop,Logic,Indica Badu,68,260
Hip-Hop,Fetty Wap,My Way (feat. Monty),68,213
Folk,The Cars,Just What I Needed,68,225
Reggae,Los Cafres,Tus Ojos,68,254
Rap,Tee Grizzley,Pray For The Drip (feat. Offset),68,169
Indie,Fitz and The Tantrums,HandClap,68,193
Hip-Hop,Ja Rule,Mesmerize,68,278
Rock,Skid Row,I Remember You,68,313
Folk,Norah Jones,Turn Me On,68,154
World,Buena Vista Social Club,Chan Chan,68,257
Rap,Chris Brown,Party,68,220
Reggaeton,Nio Garcia,Mírame,68,317
Reggae,Bob Marley & The Wailers,Satisfy My Soul,68,271
Rock,The Neighbourhood,R.I.P. 2 My Youth,68,205
Dance,Don Diablo,Take Her Place (feat. A R I Z O N A),68,209
Rap,6ix9ine,DUMMY (feat. TrifeDrew),68,155
Rap,Boogie,Silent Ride,68,170
Rock,The Beatles,Day Tripper - Remastered 2015,68,169
Rock,Dixie Chicks,Landslide,68,230
Rock,The Score,Glory,68,166
Rock,The Beatles,Strawberry Fields Forever - Remastered 2009,68,247
Pop,Chris Brown,Privacy,68,220
Rap,Migos,Position To Win,68,185
Rock,George Thorogood & The Destroyers,Bad To The Bone,68,292
Hip-Hop,Lil Baby,Business Is Business (Lil Baby & Gunna),68,162
Rock,BANNERS,Someone To You,68,219
Folk,Vance Joy,Like Gold,68,224
Indie,Rhys Lewis,Be Your Man,68,203
Indie,Felix Cartal,Stop Being Yourself,68,249
Rap,Tory Lanez,B.I.D,68,164
R&B,Jason Derulo,Trumpets,68,217
Indie,Yoke Lore,Beige,68,204
R&B,Trevor Daniel,Falling,68,159
Rock,Egypt Central,Citizen Radio,68,226
Rock,Catfish and the Bottlemen,Cocoon,68,236
R&B,Sean Kingston,Fire Burning,68,239
Rock,Neil Young,"My My, Hey Hey (Out of the Blue)",68,227
Folk,The Monkees,Daydream Believer,68,179
Rap,Ski Mask The Slump God,Adults Swim,68,106
Rap,A$AP Ferg,Shabba,68,275
Pop,D12,Purple Pills,68,304
Country,Kacey Musgraves,Love Is A Wild Thing,68,256
Rock,The Beatles,Love Me Do - Remastered 2009,68,141
Rap,Rae Sremmurd,Throw Sum Mo,68,260
Pop,5 Seconds of Summer,Amnesia,68,237
Indie,Tyler Childers,Feathered Indians,68,224
Hip-Hop,Bone Thugs-N-Harmony,Tha Crossroads,68,223
Rap,JID,Westbrook (with A$AP Ferg),68,237
Pop,Khalid,Reasons,68,232
Indie,Klaxons,Golden Skans,68,165
Folk,David Gray,This Year's Love,68,245
Pop,Ed Sheeran,Castle on the Hill - Acoustic,68,226
R&B,Montell Jordan,This Is How We Do It,68,238
Rap,Jeremih,Love Don't Change,68,256
Pop,Troye Sivan,YOUTH,68,185
Hip-Hop,Lil Wayne,Famous (feat. Reginae Carter),68,242
R&B,Brent Faiyaz,Around Me,68,183
R&B,Ne-Yo,Sexy Love,68,220
Rock,Catfish and the Bottlemen,Kathleen,68,160
Rock,The Strokes,Under Cover of Darkness,68,235
Indie,Ruth B.,Slow Fade,68,211
Hip-Hop,NF,10 Feet Down,68,217
Rap,21 Savage,pad lock,68,191
R&B,Alessia Cara,Here,68,199
R&B,Summer Walker,Grave,68,185
R&B,Akon,Right Now (Na Na Na),68,240
Pop,Coldplay,Speed of Sound,68,287
R&B,Sonder,Too Fast,68,308
R&B,James Blake,Tell Them (feat. Moses Sumney & Metro Boomin),68,208
Rap,Big Sean,Living Single,68,276
Pop,The Black Eyed Peas,Pump It,68,213
Pop,Joss Favela,Me Hubieras Dicho,68,173
Rock,Three Days Grace,Pain,68,202
